Fecha;Equipo_name;Torneo;Alineacion;Alineacion_contrincante;equipo;equipo_contrincante;equipo_contrincante_name;tarjetas;tarjetas_contrincante;Remates;Remates_contrincante;Remates al arco;Remates al arco_contrincante;Posesión;Posesión_contrincante;Pases;Precisión de los pases;Faltas;Faltas_contrincante;Tarjetas amarillas;Tarjetas amarillas_contrincante;Tarjetas rojas;Tarjetas rojas_contrincante;Tiros de esquina;David Raya-Arsenal;Ben White-Arsenal;William Saliba-Arsenal;Jakub Kiwior-Arsenal;Oleksandr Zinchenko-Arsenal;Martin Ødegaard-Arsenal;Declan Rice-Arsenal;Mikel Merino-Arsenal;Bukayo Saka-Arsenal;Leandro Trossard-Arsenal;Gabriel Martinelli-Arsenal;Tiros de esquina_concedidos;Posesión_contra_por_remate;tarjetas_por_falta;pases_completados;faltas_por_pases;pases_por_posesion;tirosEsquina_por_remate;tirosEsquina_por_posesion;diff_remates;diff_posesion;diff_Tiros de esquina;diff_tarjetas;diff_faltas;remates_por_pase;posesion_por_remate;posesion_por_gol;tirosEsquina_por_gol;goles_primera_mitad;goles_segunda_mitad;goles_totales;gano;empato;perdio;visitante;local;conversion_goles;conversion_arco;goles_por_pase;remates_al_arco_por_gol;Jurriën Timber-Arsenal;Myles Lewis-Skelly-Arsenal;Yakubu Partey-Arsenal;Kieran Tierney-Arsenal;Jorge Luiz Frello-Arsenal;Ethan Nwaneri-Arsenal;Raheem Sterling-Arsenal;Gabriel Magalhães-Arsenal;Riccardo Calafiori-Arsenal;Kai Havertz-Arsenal;Norberto Murara-Arsenal;Gabriel Jesus-Arsenal;Tommy Setford-Arsenal;Jack Porter-Arsenal;Joshua Nichols-Arsenal;Fábio Vieira-Arsenal;Karl Jakob Hein-Arsenal;Reiss Nelson-Arsenal;Ayden Heaven-Arsenal;Salah-Eddine Oulad M'Hand-Arsenal;Eddie Nketiah-Arsenal;Takehiro Tomiyasu-Arsenal;Emile Smith Rowe-Arsenal;Aaron Ramsdale-Arsenal;Cédric Soares-Arsenal;Mohamed Elneny-Arsenal;Charles Sagoe Jr-Arsenal;Granit Xhaka-Arsenal;Rob Holding-Arsenal
2025-05-11;Arsenal;3;0;3;9;2;Liverpool;2;1;15;14;7;5;0.56;0.44;447;0.85;10;13;1;1;1;0;1;1.0;1.0;1.0;1.0;0.0;1.0;0.0;1.0;1.0;1.0;1.0;3;0.0314285714285714;0.2;380;0.0263157894736842;678.5714285714286;0.0666666666666666;1.7857142857142856;1;0.12;-2;1;-3;0.0335570469798657;0.1333333333333333;0.28;0.5;0;2;2;0;1;0;1;0;0.1333333333333333;0.2857142857142857;0.0044742729306487;7.5;0.0;1.0;1.0;0.0;0.0;0.0;0.0;0.0;0.0;0.0;0.0;0.0;0.0;0.0;0.0;0.0;0.0;0.0;0.0;0.0;0.0;0.0;0.0;0.0;0.0;0.0;0.0;0.0;0.0
2025-05-07;Arsenal;0;0;0;9;19;PSG;4;2;19;11;4;6;0.55;0.45;355;0.79;11;11;4;2;0;0;6;1.0;0.0;1.0;1.0;0.0;1.0;1.0;1.0;1.0;0.0;1.0;2;0.0409090909090909;0.3636363636363636;280;0.0392857142857142;509.09090909090907;0.3157894736842105;10.909090909090908;8;0.1;4;2;0;0.0535211267605633;0.0526315789473684;0.55;6.0;0;1;1;0;0;1;1;0;0.0526315789473684;0.25;0.0028169014084507;19.0;1.0;1.0;1.0;0.0;0.0;0.0;0.0;0.0;0.0;0.0;0.0;0.0;0.0;0.0;0.0;0.0;0.0;0.0;0.0;0.0;0.0;0.0;0.0;0.0;0.0;0.0;0.0;0.0;0.0
2025-05-03;Arsenal;3;0;3;9;59;Bournemouth;0;2;13;9;4;2;0.51;0.49;427;0.85;7;16;0;2;0;0;2;1.0;1.0;1.0;1.0;0.0;1.0;1.0;0.0;1.0;1.0;1.0;3;0.0544444444444444;0.0;363;0.0192837465564738;711.7647058823529;0.1538461538461538;3.92156862745098;4;0.02;-1;-2;-9;0.0304449648711943;0.0769230769230769;0.51;2.0;1;0;1;0;0;1;0;1;0.0769230769230769;0.25;0.0023419203747072;13.0;0.0;1.0;1.0;0.0;0.0;0.0;0.0;0.0;0.0;0.0;0.0;0.0;0.0;0.0;0.0;0.0;0.0;0.0;0.0;0.0;0.0;0.0;0.0;0.0;0.0;0.0;0.0;0.0;0.0
2025-04-29;Arsenal;0;0;0;9;19;PSG;2;2;10;11;5;4;0.47;0.53;389;0.83;15;15;2;2;0;0;3;1.0;0.0;1.0;1.0;0.0;1.0;1.0;1.0;1.0;1.0;1.0;1;0.0481818181818181;0.1333333333333333;323;0.0464396284829721;687.2340425531916;0.3;6.382978723404256;-1;-0.06;2;0;0;0.0257069408740359;0.0;0.0;0.0;0;0;0;0;0;1;0;1;0.0;0.0;0.0;0.0;1.0;1.0;0.0;0.0;0.0;0.0;0.0;0.0;0.0;0.0;0.0;0.0;0.0;0.0;0.0;0.0;0.0;0.0;0.0;0.0;0.0;0.0;0.0;0.0;0.0;0.0;0.0;0.0;0.0
2025-04-23;Arsenal;3;0;17;9;65;Crystal Palace;1;1;12;15;6;4;0.68;0.32;711;0.92;4;6;1;1;0;0;3;1.0;0.0;1.0;1.0;0.0;1.0;1.0;0.0;0.0;1.0;1.0;6;0.0213333333333333;0.25;654;0.0061162079510703;961.7647058823528;0.25;4.411764705882352;-3;0.36;-3;0;-2;0.0168776371308016;0.1666666666666666;0.34;1.5;2;0;2;0;1;0;0;1;0.1666666666666666;0.3333333333333333;0.0028129395218002;6.0;1.0;1.0;1.0;0.0;0.0;0.0;1.0;0.0;0.0;0.0;0.0;0.0;0.0;0.0;0.0;0.0;0.0;0.0;0.0;0.0;0.0;0.0;0.0;0.0;0.0;0.0;0.0;0.0;0.0
2025-04-20;Arsenal;3;0;8;9;66;Ipswich;0;1;24;4;7;0;0.75;0.25;752;0.91;7;10;0;0;0;1;12;1.0;1.0;1.0;1.0;1.0;1.0;1.0;1.0;1.0;1.0;1.0;0;0.0625;0.0;684;0.0102339181286549;912.0;0.5;16.0;20;0.5;12;-1;-3;0.0319148936170212;0.1666666666666666;0.1875;3.0;2;2;4;1;0;0;1;0;0.1666666666666666;0.5714285714285714;0.0053191489361702;6.0;0.0;0.0;0.0;0.0;0.0;0.0;0.0;0.0;0.0;0.0;0.0;0.0;0.0;0.0;0.0;0.0;0.0;0.0;0.0;0.0;0.0;0.0;0.0;0.0;0.0;0.0;0.0;0.0;0.0
2025-04-16;Arsenal;0;0;3;9;12;Real Madrid;2;3;12;18;6;3;0.33;0.67;233;0.76;15;18;2;3;0;0;4;1.0;0.0;1.0;1.0;0.0;1.0;1.0;1.0;1.0;0.0;1.0;10;0.0372222222222222;0.1333333333333333;177;0.0847457627118644;536.3636363636364;0.3333333333333333;12.12121212121212;-6;-0.34;-6;-1;-3;0.0515021459227467;0.1666666666666666;0.165;2.0;0;2;2;1;0;0;1;0;0.1666666666666666;0.3333333333333333;0.0085836909871244;6.0;1.0;1.0;1.0;0.0;0.0;0.0;0.0;0.0;0.0;0.0;0.0;0.0;0.0;0.0;0.0;0.0;0.0;0.0;0.0;0.0;0.0;0.0;0.0;0.0;0.0;0.0;0.0;0.0;0.0
2025-04-12;Arsenal;3;0;1;9;57;Brentford;1;3;14;3;3;2;0.64;0.36;480;0.87;7;9;1;3;0;0;13;1.0;0.0;1.0;1.0;1.0;0.0;1.0;0.0;0.0;1.0;1.0;5;0.12;0.1428571428571428;418;0.0167464114832535;653.125;0.9285714285714286;20.3125;11;0.28;8;-2;-2;0.0291666666666666;0.0714285714285714;0.64;13.0;0;1;1;0;1;0;0;1;0.0714285714285714;0.3333333333333333;0.0020833333333333;14.0;0.0;0.0;1.0;1.0;1.0;1.0;0.0;0.0;0.0;0.0;0.0;0.0;0.0;0.0;0.0;0.0;0.0;0.0;0.0;0.0;0.0;0.0;0.0;0.0;0.0;0.0;0.0;0.0;0.0
2025-04-08;Arsenal;0;0;1;9;12;Real Madrid;1;1;12;9;11;3;0.54;0.46;489;0.89;8;9;1;0;0;1;5;1.0;0.0;1.0;1.0;0.0;1.0;1.0;1.0;1.0;0.0;1.0;3;0.0511111111111111;0.125;435;0.0183908045977011;805.5555555555555;0.4166666666666667;9.25925925925926;3;0.08;2;0;-1;0.0245398773006134;0.25;0.18;1.6666666666666667;0;3;3;1;0;0;0;1;0.25;0.2727272727272727;0.0061349693251533;4.0;1.0;1.0;1.0;0.0;0.0;0.0;0.0;0.0;0.0;0.0;0.0;0.0;0.0;0.0;0.0;0.0;0.0;0.0;0.0;0.0;0.0;0.0;0.0;0.0;0.0;0.0;0.0;0.0;0.0
2025-04-05;Arsenal;3;0;3;9;64;Everton;1;3;14;5;5;2;0.71;0.29;459;0.86;13;17;1;3;0;0;8;1.0;1.0;1.0;1.0;0.0;0.0;1.0;1.0;0.0;1.0;0.0;3;0.0579999999999999;0.0769230769230769;395;0.0329113924050632;556.3380281690141;0.5714285714285714;11.267605633802818;9;0.42;5;-2;-4;0.0305010893246187;0.0714285714285714;0.71;8.0;1;0;1;0;1;0;1;0;0.0714285714285714;0.2;0.0021786492374727;14.0;0.0;1.0;0.0;0.0;1.0;1.0;1.0;0.0;0.0;0.0;0.0;0.0;0.0;0.0;0.0;0.0;0.0;0.0;0.0;0.0;0.0;0.0;0.0;0.0;0.0;0.0;0.0;0.0;0.0
2025-04-01;Arsenal;3;0;17;9;58;Fulham;1;3;17;9;4;3;0.51;0.49;479;0.89;2;10;1;3;0;0;5;1.0;0.0;1.0;0.0;0.0;1.0;1.0;1.0;0.0;0.0;1.0;4;0.0544444444444444;0.5;426;0.0046948356807511;835.2941176470588;0.2941176470588235;9.803921568627452;8;0.02;1;-2;-8;0.0354906054279749;0.1176470588235294;0.255;2.5;1;1;2;1;0;0;0;1;0.1176470588235294;0.5;0.0041753653444676;8.5;1.0;1.0;1.0;0.0;0.0;1.0;0.0;1.0;0.0;0.0;0.0;0.0;0.0;0.0;0.0;0.0;0.0;0.0;0.0;0.0;0.0;0.0;0.0;0.0;0.0;0.0;0.0;0.0;0.0
2025-03-16;Arsenal;3;0;3;9;53;Chelsea;3;3;12;8;4;2;0.4;0.6;348;0.84;10;13;3;3;0;0;5;1.0;0.0;1.0;0.0;0.0;1.0;1.0;1.0;0.0;1.0;1.0;4;0.075;0.3;292;0.0342465753424657;730.0;0.4166666666666667;12.5;4;-0.1999999999999999;1;0;-3;0.0344827586206896;0.0833333333333333;0.4;5.0;1;0;1;1;0;0;0;1;0.0833333333333333;0.25;0.0028735632183908;12.0;1.0;1.0;1.0;0.0;0.0;0.0;0.0;1.0;0.0;0.0;0.0;0.0;0.0;0.0;0.0;0.0;0.0;0.0;0.0;0.0;0.0;0.0;0.0;0.0;0.0;0.0;0.0;0.0;0.0
2025-03-12;Arsenal;0;0;0;9;28;PSV;3;1;9;13;7;5;0.52;0.48;485;0.87;9;9;3;1;0;0;5;1.0;1.0;0.0;1.0;1.0;0.0;1.0;1.0;0.0;0.0;0.0;4;0.0369230769230769;0.3333333333333333;422;0.0213270142180094;811.5384615384615;0.5555555555555556;9.615384615384617;-4;0.04;1;2;0;0.0185567010309278;0.2222222222222222;0.26;2.5;2;0;2;0;1;0;0;1;0.2222222222222222;0.2857142857142857;0.0041237113402061;4.5;0.0;1.0;0.0;1.0;1.0;0.0;1.0;1.0;0.0;0.0;0.0;0.0;0.0;0.0;0.0;0.0;0.0;0.0;0.0;0.0;0.0;0.0;0.0;0.0;0.0;0.0;0.0;0.0;0.0
2025-03-09;Arsenal;3;0;17;9;62;Manchester United;1;0;17;10;6;6;0.69;0.31;587;0.89;11;8;1;0;0;0;9;1.0;0.0;1.0;0.0;0.0;1.0;1.0;1.0;0.0;1.0;0.0;2;0.031;0.0909090909090909;522;0.0210727969348659;756.5217391304349;0.5294117647058824;13.043478260869566;7;0.3799999999999999;7;1;3;0.0289608177172061;0.0588235294117647;0.69;9.0;0;1;1;0;1;0;1;0;0.0588235294117647;0.1666666666666666;0.0017035775127768;17.0;1.0;0.0;1.0;0.0;0.0;1.0;0.0;1.0;1.0;0.0;0.0;0.0;0.0;0.0;0.0;0.0;0.0;0.0;0.0;0.0;0.0;0.0;0.0;0.0;0.0;0.0;0.0;0.0;0.0
2025-03-04;Arsenal;0;0;3;9;28;PSV;3;1;15;12;8;2;0.46;0.54;400;0.82;10;9;3;1;0;0;3;1.0;0.0;1.0;0.0;0.0;1.0;1.0;1.0;0.0;1.0;0.0;5;0.045;0.3;328;0.0304878048780487;713.0434782608695;0.2;6.521739130434782;3;-0.08;-2;2;1;0.0375;0.4666666666666667;0.0657142857142857;0.4285714285714285;3;4;7;1;0;0;1;0;0.4666666666666667;0.875;0.0175;2.142857142857143;1.0;1.0;1.0;0.0;0.0;1.0;0.0;1.0;0.0;0.0;0.0;0.0;0.0;0.0;0.0;0.0;0.0;0.0;0.0;0.0;0.0;0.0;0.0;0.0;0.0;0.0;0.0;0.0;0.0
2025-02-26;Arsenal;3;0;3;9;55;Nottingham Forest;1;1;13;6;1;2;0.66;0.34;502;0.87;17;10;1;1;0;0;11;1.0;0.0;1.0;0.0;0.0;1.0;1.0;1.0;0.0;1.0;0.0;3;0.0566666666666666;0.0588235294117647;437;0.0389016018306636;662.1212121212121;0.8461538461538461;16.666666666666664;7;0.32;8;0;7;0.0258964143426294;0.0;0.0;0.0;0;0;0;0;1;0;1;0;0.0;0.0;0.0;0.0;1.0;0.0;0.0;0.0;1.0;1.0;0.0;1.0;1.0;0.0;0.0;0.0;0.0;0.0;0.0;0.0;0.0;0.0;0.0;0.0;0.0;0.0;0.0;0.0;0.0;0.0;0.0;0.0;0.0
2025-02-22;Arsenal;3;0;4;9;61;West Ham;2;3;20;5;2;2;0.68;0.32;642;0.89;16;15;1;3;1;0;2;1.0;0.0;1.0;0.0;0.0;1.0;1.0;1.0;0.0;1.0;0.0;0;0.064;0.125;571;0.0280210157618213;839.7058823529411;0.1;2.941176470588235;15;0.36;2;-1;1;0.0311526479750778;0.0;0.0;0.0;0;0;0;0;0;1;0;1;0.0;0.0;0.0;0.0;1.0;0.0;1.0;0.0;0.0;1.0;0.0;1.0;1.0;0.0;0.0;0.0;0.0;0.0;0.0;0.0;0.0;0.0;0.0;0.0;0.0;0.0;0.0;0.0;0.0;0.0;0.0;0.0;0.0
2025-02-05;Arsenal;14;0;9;9;60;Newcastle;3;2;11;10;3;3;0.69;0.31;423;0.82;12;12;3;2;0;0;13;1.0;0.0;1.0;0.0;0.0;1.0;1.0;0.0;0.0;1.0;1.0;1;0.031;0.25;347;0.0345821325648415;502.89855072463774;1.181818181818182;18.84057971014493;1;0.3799999999999999;12;1;0;0.0260047281323877;0.0;0.0;0.0;0;0;0;0;0;1;1;0;0.0;0.0;0.0;0.0;1.0;1.0;1.0;0.0;0.0;0.0;0.0;1.0;0.0;1.0;0.0;0.0;0.0;0.0;0.0;0.0;0.0;0.0;0.0;0.0;0.0;0.0;0.0;0.0;0.0;0.0;0.0;0.0;0.0
2025-02-02;Arsenal;3;0;3;9;3;Manchester City;2;0;12;7;7;4;0.45;0.55;398;0.87;6;7;2;0;0;0;5;1.0;0.0;1.0;0.0;0.0;1.0;1.0;0.0;0.0;1.0;1.0;2;0.0785714285714285;0.3333333333333333;346;0.0173410404624277;768.8888888888889;0.4166666666666667;11.11111111111111;5;-0.1;3;2;-1;0.0301507537688442;0.4166666666666667;0.09;1.0;1;4;5;1;0;0;0;1;0.4166666666666667;0.7142857142857143;0.0125628140703517;2.4;1.0;1.0;1.0;0.0;0.0;0.0;0.0;1.0;0.0;1.0;0.0;0.0;0.0;0.0;0.0;0.0;0.0;0.0;0.0;0.0;0.0;0.0;0.0;0.0;0.0;0.0;0.0;0.0;0.0
2025-01-29;Arsenal;0;0;3;9;24;Girona;2;4;16;7;6;3;0.61;0.39;474;0.85;13;13;2;4;0;0;13;0.0;0.0;0.0;1.0;0.0;1.0;0.0;1.0;0.0;1.0;0.0;3;0.0557142857142857;0.1538461538461538;403;0.032258064516129;660.655737704918;0.8125;21.311475409836067;9;0.2199999999999999;10;-2;0;0.0337552742616033;0.125;0.305;6.5;2;0;2;1;0;0;1;0;0.125;0.3333333333333333;0.0042194092827004;8.0;0.0;0.0;1.0;0.0;1.0;1.0;1.0;1.0;1.0;0.0;1.0;0.0;0.0;0.0;0.0;0.0;0.0;0.0;0.0;0.0;0.0;0.0;0.0;0.0;0.0;0.0;0.0;0.0;0.0
2025-01-25;Arsenal;3;0;17;9;67;Wolves;2;1;9;9;3;4;0.48;0.52;397;0.82;10;20;1;0;1;1;5;1.0;0.0;1.0;0.0;0.0;0.0;1.0;0.0;0.0;1.0;1.0;1;0.0577777777777777;0.2;326;0.0306748466257668;679.1666666666667;0.5555555555555556;10.416666666666668;0;-0.04;4;1;-10;0.0226700251889168;0.1111111111111111;0.48;5.0;0;1;1;1;0;0;1;0;0.1111111111111111;0.3333333333333333;0.0025188916876574;9.0;1.0;1.0;1.0;0.0;0.0;1.0;0.0;1.0;0.0;1.0;0.0;0.0;0.0;0.0;0.0;0.0;0.0;0.0;0.0;0.0;0.0;0.0;0.0;0.0;0.0;0.0;0.0;0.0;0.0
2025-01-22;Arsenal;0;0;9;9;22;Dinamo Zagreb;2;2;17;5;4;0;0.63;0.37;526;0.9;9;7;2;2;0;0;11;1.0;0.0;0.0;1.0;1.0;1.0;1.0;0.0;0.0;0.0;1.0;3;0.074;0.2222222222222222;473;0.0190274841437632;750.7936507936508;0.6470588235294118;17.46031746031746;12;0.26;8;0;2;0.0323193916349809;0.1764705882352941;0.21;3.6666666666666665;1;2;3;1;0;0;0;1;0.1764705882352941;0.75;0.0057034220532319;5.666666666666667;1.0;0.0;0.0;0.0;1.0;0.0;1.0;1.0;0.0;1.0;0.0;0.0;0.0;0.0;0.0;0.0;0.0;0.0;0.0;0.0;0.0;0.0;0.0;0.0;0.0;0.0;0.0;0.0;0.0
2025-01-18;Arsenal;3;0;3;9;1;Aston Villa;2;3;18;8;6;4;0.66;0.34;483;0.88;10;18;2;3;0;0;10;1.0;0.0;0.0;0.0;0.0;1.0;1.0;1.0;0.0;1.0;1.0;1;0.0425;0.2;425;0.0235294117647058;643.9393939393939;0.5555555555555556;15.15151515151515;10;0.32;9;-1;-8;0.0372670807453416;0.1111111111111111;0.33;5.0;1;1;2;0;1;0;0;1;0.1111111111111111;0.3333333333333333;0.0041407867494824;9.0;1.0;1.0;1.0;0.0;0.0;0.0;0.0;1.0;0.0;1.0;0.0;0.0;0.0;0.0;0.0;0.0;0.0;0.0;0.0;0.0;0.0;0.0;0.0;0.0;0.0;0.0;0.0;0.0;0.0
2025-01-15;Arsenal;3;0;0;9;56;Tottenham;3;1;14;10;4;2;0.54;0.46;426;0.83;16;9;3;1;0;0;10;1.0;0.0;1.0;0.0;0.0;1.0;1.0;0.0;0.0;1.0;0.0;4;0.046;0.1875;354;0.0451977401129943;655.5555555555555;0.7142857142857143;18.51851851851852;4;0.08;6;2;7;0.0328638497652582;0.1428571428571428;0.27;5.0;2;0;2;1;0;0;0;1;0.1428571428571428;0.5;0.0046948356807511;7.0;1.0;1.0;1.0;0.0;0.0;0.0;1.0;1.0;0.0;1.0;0.0;0.0;0.0;0.0;0.0;0.0;0.0;0.0;0.0;0.0;0.0;0.0;0.0;0.0;0.0;0.0;0.0;0.0;0.0
2025-01-12;Arsenal;15;0;17;9;62;Manchester United;2;5;26;7;7;4;0.71;0.29;657;0.87;10;25;2;4;0;1;12;1.0;0.0;1.0;0.0;0.0;1.0;0.0;1.0;0.0;0.0;1.0;2;0.0414285714285714;0.2;572;0.0174825174825174;805.6338028169015;0.4615384615384615;16.901408450704228;19;0.42;10;-3;-15;0.0395738203957382;0.0384615384615384;0.71;12.0;0;1;1;0;1;0;0;1;0.0384615384615384;0.1428571428571428;0.0015220700152207;26.0;1.0;1.0;0.0;0.0;1.0;0.0;0.0;1.0;0.0;1.0;0.0;1.0;0.0;0.0;0.0;0.0;0.0;0.0;0.0;0.0;0.0;0.0;0.0;0.0;0.0;0.0;0.0;0.0;0.0
2025-01-07;Arsenal;14;0;0;9;60;Newcastle;1;3;23;7;3;4;0.7;0.3;572;0.87;6;12;1;3;0;0;11;1.0;0.0;1.0;0.0;0.0;1.0;1.0;0.0;0.0;1.0;1.0;1;0.0428571428571428;0.1666666666666666;498;0.0120481927710843;711.4285714285714;0.4782608695652174;15.714285714285715;16;0.3999999999999999;10;-2;-6;0.0402097902097902;0.0;0.0;0.0;0;0;0;0;0;1;0;1;0.0;0.0;0.0;0.0;1.0;1.0;1.0;0.0;0.0;0.0;0.0;1.0;0.0;1.0;0.0;0.0;0.0;0.0;0.0;0.0;0.0;0.0;0.0;0.0;0.0;0.0;0.0;0.0;0.0;0.0;0.0;0.0;0.0
2025-01-04;Arsenal;3;0;3;9;54;Brighton;3;2;9;11;3;4;0.56;0.44;519;0.87;14;17;3;2;0;0;5;1.0;0.0;1.0;0.0;0.0;0.0;1.0;1.0;0.0;1.0;0.0;2;0.04;0.2142857142857142;452;0.0309734513274336;807.1428571428571;0.5555555555555556;8.928571428571427;-2;0.12;3;1;-3;0.0173410404624277;0.1111111111111111;0.56;5.0;1;0;1;0;1;0;1;0;0.1111111111111111;0.3333333333333333;0.001926782273603;9.0;0.0;0.0;1.0;0.0;1.0;1.0;0.0;1.0;1.0;0.0;0.0;1.0;0.0;0.0;0.0;0.0;0.0;0.0;0.0;0.0;0.0;0.0;0.0;0.0;0.0;0.0;0.0;0.0;0.0
2025-01-01;Arsenal;3;0;28;9;57;Brentford;2;1;14;5;5;2;0.49;0.51;465;0.83;8;6;2;1;0;0;3;1.0;0.0;1.0;0.0;0.0;1.0;0.0;1.0;0.0;0.0;1.0;4;0.102;0.25;386;0.0207253886010362;787.7551020408164;0.2142857142857142;6.122448979591836;9;-0.02;-1;1;2;0.0301075268817204;0.2142857142857142;0.1633333333333333;1.0;1;2;3;1;0;0;1;0;0.2142857142857142;0.6;0.0064516129032258;4.666666666666667;1.0;0.0;1.0;0.0;0.0;1.0;0.0;1.0;1.0;0.0;0.0;1.0;0.0;0.0;0.0;0.0;0.0;0.0;0.0;0.0;0.0;0.0;0.0;0.0;0.0;0.0;0.0;0.0;0.0
2024-12-27;Arsenal;3;0;9;9;66;Ipswich;1;1;13;3;5;0;0.68;0.32;670;0.9;7;12;1;1;0;0;5;1.0;0.0;1.0;0.0;0.0;1.0;1.0;0.0;0.0;1.0;1.0;1;0.1066666666666666;0.1428571428571428;603;0.011608623548922;886.7647058823529;0.3846153846153846;7.352941176470588;10;0.36;4;0;-5;0.0194029850746268;0.0769230769230769;0.68;5.0;1;0;1;1;0;0;0;1;0.0769230769230769;0.2;0.0014925373134328;13.0;1.0;1.0;0.0;0.0;0.0;0.0;0.0;1.0;0.0;1.0;0.0;1.0;0.0;0.0;0.0;0.0;0.0;0.0;0.0;0.0;0.0;0.0;0.0;0.0;0.0;0.0;0.0;0.0;0.0
2024-12-21;Arsenal;3;0;17;9;65;Crystal Palace;2;2;14;15;6;6;0.59;0.41;552;0.86;8;9;2;2;0;0;3;1.0;0.0;1.0;0.0;0.0;1.0;0.0;0.0;1.0;0.0;1.0;3;0.0273333333333333;0.25;475;0.0168421052631578;805.0847457627119;0.2142857142857142;5.084745762711865;-1;0.18;0;0;-1;0.0253623188405797;0.3571428571428571;0.118;0.6;3;2;5;1;0;0;1;0;0.3571428571428571;0.8333333333333334;0.0090579710144927;2.8;1.0;1.0;1.0;0.0;0.0;0.0;0.0;1.0;0.0;1.0;0.0;1.0;0.0;0.0;0.0;0.0;0.0;0.0;0.0;0.0;0.0;0.0;0.0;0.0;0.0;0.0;0.0;0.0;0.0
2024-12-18;Arsenal;14;0;17;9;65;Crystal Palace;1;1;12;8;9;4;0.71;0.29;550;0.87;7;12;1;1;0;0;4;1.0;0.0;0.0;1.0;0.0;0.0;0.0;1.0;0.0;1.0;0.0;2;0.03625;0.1428571428571428;478;0.0146443514644351;673.2394366197184;0.3333333333333333;5.633802816901409;4;0.42;2;0;-5;0.0218181818181818;0.25;0.2366666666666666;1.3333333333333333;0;3;3;1;0;0;0;1;0.25;0.3333333333333333;0.0054545454545454;4.0;1.0;0.0;1.0;1.0;1.0;1.0;1.0;0.0;0.0;0.0;0.0;1.0;0.0;0.0;0.0;0.0;0.0;0.0;0.0;0.0;0.0;0.0;0.0;0.0;0.0;0.0;0.0;0.0;0.0
2024-12-14;Arsenal;3;0;0;9;64;Everton;0;3;13;2;5;0;0.77;0.23;684;0.92;6;9;0;3;0;0;8;1.0;0.0;1.0;0.0;0.0;1.0;1.0;1.0;1.0;0.0;1.0;2;0.115;0.0;629;0.0095389507154213;816.8831168831168;0.6153846153846154;10.38961038961039;11;0.54;6;-3;-3;0.0190058479532163;0.0;0.0;0.0;0;0;0;0;1;0;0;1;0.0;0.0;0.0;0.0;1.0;1.0;0.0;0.0;0.0;0.0;0.0;1.0;0.0;1.0;0.0;0.0;0.0;0.0;0.0;0.0;0.0;0.0;0.0;0.0;0.0;0.0;0.0;0.0;0.0;0.0;0.0;0.0;0.0
2024-12-11;Arsenal;0;0;3;9;4;Mónaco;2;1;16;7;8;2;0.55;0.45;530;0.88;12;7;2;1;0;0;3;1.0;0.0;1.0;1.0;0.0;1.0;1.0;1.0;1.0;0.0;1.0;1;0.0642857142857143;0.1666666666666666;466;0.0257510729613733;847.2727272727273;0.1875;5.454545454545454;9;0.1;2;1;5;0.030188679245283;0.1875;0.1833333333333333;1.0;1;2;3;1;0;0;0;1;0.1875;0.375;0.0056603773584905;5.333333333333333;0.0;1.0;1.0;0.0;0.0;0.0;0.0;0.0;0.0;0.0;0.0;1.0;0.0;0.0;0.0;0.0;0.0;0.0;0.0;0.0;0.0;0.0;0.0;0.0;0.0;0.0;0.0;0.0;0.0
2024-12-08;Arsenal;3;0;3;9;58;Fulham;2;4;12;2;4;2;0.67;0.33;587;0.88;9;10;2;4;0;0;6;1.0;0.0;1.0;1.0;0.0;1.0;1.0;0.0;1.0;1.0;0.0;0;0.165;0.2222222222222222;517;0.0174081237911025;771.641791044776;0.5;8.955223880597014;10;0.34;6;-2;-1;0.0204429301533219;0.0833333333333333;0.67;6.0;0;1;1;0;1;0;1;0;0.0833333333333333;0.25;0.0017035775127768;12.0;1.0;0.0;1.0;0.0;1.0;0.0;0.0;0.0;0.0;1.0;0.0;0.0;0.0;0.0;0.0;0.0;0.0;0.0;0.0;0.0;0.0;0.0;0.0;0.0;0.0;0.0;0.0;0.0;0.0
2024-12-04;Arsenal;3;0;17;9;62;Manchester United;1;3;14;5;6;2;0.51;0.49;463;0.87;12;8;1;3;0;0;13;1.0;0.0;1.0;1.0;1.0;1.0;1.0;0.0;1.0;0.0;1.0;0;0.098;0.0833333333333333;403;0.0297766749379652;790.1960784313725;0.9285714285714286;25.49019607843137;9;0.02;13;-2;4;0.0302375809935205;0.1428571428571428;0.255;6.5;0;2;2;1;0;0;0;1;0.1428571428571428;0.3333333333333333;0.0043196544276457;7.0;1.0;0.0;1.0;0.0;0.0;0.0;0.0;0.0;0.0;1.0;0.0;0.0;0.0;0.0;0.0;0.0;0.0;0.0;0.0;0.0;0.0;0.0;0.0;0.0;0.0;0.0;0.0;0.0;0.0
2024-11-30;Arsenal;3;0;3;9;61;West Ham;1;4;16;12;7;5;0.6;0.4;479;0.83;13;10;1;4;0;0;10;1.0;0.0;1.0;0.0;0.0;1.0;1.0;0.0;1.0;1.0;0.0;2;0.0333333333333333;0.0769230769230769;398;0.0326633165829145;663.3333333333334;0.625;16.666666666666668;4;0.1999999999999999;8;-3;3;0.0334029227557411;0.3125;0.12;2.0;5;0;5;1;0;0;1;0;0.3125;0.7142857142857143;0.0104384133611691;3.2;1.0;0.0;0.0;0.0;1.0;0.0;0.0;1.0;1.0;1.0;0.0;0.0;0.0;0.0;0.0;0.0;0.0;0.0;0.0;0.0;0.0;0.0;0.0;0.0;0.0;0.0;0.0;0.0;0.0
2024-11-26;Arsenal;0;0;17;9;8;Sporting Lisboa;1;1;13;19;9;8;0.47;0.53;458;0.87;8;6;1;1;0;0;3;1.0;0.0;1.0;0.0;0.0;1.0;1.0;0.0;1.0;0.0;1.0;8;0.0278947368421052;0.125;398;0.0201005025125628;846.8085106382979;0.2307692307692307;6.382978723404256;-6;-0.06;-5;0;2;0.0283842794759825;0.3846153846153846;0.094;0.6;3;2;5;1;0;0;1;0;0.3846153846153846;0.5555555555555556;0.0109170305676855;2.6;1.0;0.0;1.0;0.0;0.0;0.0;0.0;1.0;1.0;1.0;0.0;0.0;0.0;0.0;0.0;0.0;0.0;0.0;0.0;0.0;0.0;0.0;0.0;0.0;0.0;0.0;0.0;0.0;0.0
2024-11-23;Arsenal;3;0;3;9;55;Nottingham Forest;3;2;19;7;7;0;0.67;0.33;587;0.91;10;11;3;2;0;0;8;1.0;0.0;1.0;0.0;0.0;1.0;0.0;1.0;1.0;1.0;0.0;1;0.0471428571428571;0.3;534;0.0187265917602996;797.0149253731342;0.4210526315789473;11.940298507462686;12;0.34;7;1;-1;0.0323679727427597;0.1578947368421052;0.2233333333333333;2.6666666666666665;1;2;3;1;0;0;0;1;0.1578947368421052;0.4285714285714285;0.0051107325383304;6.333333333333333;1.0;0.0;0.0;0.0;1.0;0.0;0.0;1.0;1.0;0.0;0.0;1.0;0.0;0.0;0.0;0.0;0.0;0.0;0.0;0.0;0.0;0.0;0.0;0.0;0.0;0.0;0.0;0.0;0.0
2024-11-10;Arsenal;3;0;3;9;53;Chelsea;2;4;13;17;3;3;0.51;0.49;425;0.88;12;12;2;4;0;0;3;1.0;1.0;1.0;0.0;0.0;1.0;1.0;0.0;1.0;0.0;1.0;4;0.0288235294117647;0.1666666666666666;374;0.0320855614973262;733.3333333333334;0.2307692307692307;5.88235294117647;-4;0.02;-1;-2;0;0.0305882352941176;0.0769230769230769;0.51;3.0;0;1;1;0;1;0;1;0;0.0769230769230769;0.3333333333333333;0.0023529411764705;13.0;1.0;0.0;1.0;0.0;0.0;0.0;0.0;1.0;0.0;1.0;0.0;0.0;0.0;0.0;0.0;0.0;0.0;0.0;0.0;0.0;0.0;0.0;0.0;0.0;0.0;0.0;0.0;0.0;0.0
2024-11-06;Arsenal;0;1;2;9;7;Inter;2;2;20;7;4;1;0.63;0.37;507;0.86;21;12;2;2;0;0;13;1.0;1.0;1.0;0.0;0.0;0.0;0.0;1.0;1.0;1.0;1.0;0;0.0528571428571428;0.0952380952380952;436;0.0481651376146789;692.063492063492;0.65;20.63492063492064;13;0.26;13;0;9;0.039447731755424;0.0;0.0;0.0;0;0;0;0;0;1;1;0;0.0;0.0;0.0;0.0;1.0;0.0;1.0;0.0;0.0;0.0;0.0;1.0;0.0;1.0;0.0;0.0;0.0;0.0;0.0;0.0;0.0;0.0;0.0;0.0;0.0;0.0;0.0;0.0;0.0;0.0;0.0;0.0;0.0
2024-11-02;Arsenal;3;1;0;9;60;Newcastle;4;4;10;9;1;4;0.64;0.36;502;0.86;18;16;4;4;0;0;6;1.0;0.0;1.0;0.0;0.0;0.0;1.0;1.0;1.0;1.0;1.0;4;0.04;0.2222222222222222;432;0.0416666666666666;675.0;0.6;9.375;1;0.28;2;0;2;0.0199203187250996;0.0;0.0;0.0;0;0;0;0;0;1;1;0;0.0;0.0;0.0;0.0;1.0;0.0;1.0;0.0;0.0;0.0;0.0;1.0;0.0;1.0;0.0;0.0;0.0;0.0;0.0;0.0;0.0;0.0;0.0;0.0;0.0;0.0;0.0;0.0;0.0;0.0;0.0;0.0;0.0
2024-10-30;Arsenal;14;0;3;9;835;Preston;0;4;18;7;10;2;0.75;0.25;719;0.92;4;11;0;4;0;0;6;0.0;0.0;1.0;1.0;1.0;0.0;0.0;1.0;0.0;0.0;1.0;1;0.0357142857142857;0.0;661;0.0060514372163388;881.3333333333334;0.3333333333333333;8.0;11;0.5;5;-4;-7;0.0250347705146036;0.1666666666666666;0.25;2.0;2;1;3;1;0;0;1;0;0.1666666666666666;0.3;0.0041724617524339;6.0;1.0;0.0;0.0;0.0;1.0;1.0;1.0;0.0;0.0;0.0;0.0;1.0;1.0;0.0;0.0;0.0;0.0;0.0;0.0;0.0;0.0;0.0;0.0;0.0;0.0;0.0;0.0;0.0;0.0
2024-10-27;Arsenal;3;1;3;9;2;Liverpool;2;2;9;9;3;4;0.44;0.56;383;0.79;14;14;2;2;0;0;1;1.0;1.0;0.0;0.0;0.0;0.0;1.0;1.0;1.0;1.0;1.0;3;0.0622222222222222;0.1428571428571428;303;0.0462046204620462;688.6363636363636;0.1111111111111111;2.272727272727273;0;-0.12;-2;0;0;0.0234986945169712;0.2222222222222222;0.22;0.5;2;0;2;0;1;0;0;1;0.2222222222222222;0.6666666666666666;0.0052219321148825;4.5;1.0;0.0;1.0;0.0;0.0;0.0;0.0;1.0;0.0;1.0;0.0;0.0;0.0;0.0;0.0;0.0;0.0;0.0;0.0;0.0;0.0;0.0;0.0;0.0;0.0;0.0;0.0;0.0;0.0
2024-10-22;Arsenal;0;1;3;9;30;Shakhtar;2;1;13;9;5;1;0.56;0.44;603;0.9;7;10;2;1;0;0;5;1.0;1.0;1.0;0.0;0.0;0.0;1.0;0.0;0.0;1.0;1.0;3;0.0488888888888888;0.2857142857142857;543;0.012891344383057;969.642857142857;0.3846153846153846;8.928571428571427;4;0.12;2;1;-3;0.0215588723051409;0.0769230769230769;0.56;5.0;1;0;1;1;0;0;0;1;0.0769230769230769;0.2;0.0016583747927031;13.0;0.0;0.0;1.0;0.0;0.0;0.0;0.0;1.0;1.0;1.0;0.0;1.0;0.0;0.0;0.0;0.0;0.0;0.0;0.0;0.0;0.0;0.0;0.0;0.0;0.0;0.0;0.0;0.0;0.0
2024-10-19;Arsenal;3;3;3;9;59;Bournemouth;2;1;6;13;1;4;0.52;0.48;439;0.79;11;12;1;1;1;0;4;1.0;1.0;1.0;0.0;0.0;0.0;1.0;1.0;0.0;1.0;0.0;7;0.0369230769230769;0.1818181818181818;347;0.031700288184438;667.3076923076923;0.6666666666666666;7.692307692307692;-7;0.04;-3;1;-1;0.0136674259681093;0.0;0.0;0.0;0;0;0;0;0;1;1;0;0.0;0.0;0.0;0.0;0.0;0.0;1.0;0.0;0.0;0.0;1.0;1.0;1.0;1.0;0.0;0.0;0.0;0.0;0.0;0.0;0.0;0.0;0.0;0.0;0.0;0.0;0.0;0.0;0.0;0.0;0.0;0.0;0.0
2024-10-05;Arsenal;3;1;9;9;68;Southampton;0;3;29;8;6;2;0.59;0.41;536;0.9;10;9;0;3;0;0;13;1.0;0.0;1.0;0.0;0.0;0.0;1.0;0.0;1.0;0.0;0.0;1;0.05125;0.0;482;0.0207468879668049;816.9491525423729;0.4482758620689655;22.033898305084747;21;0.18;12;-3;1;0.0541044776119402;0.1034482758620689;0.1966666666666666;4.333333333333333;0;3;3;1;0;0;0;1;0.1034482758620689;0.5;0.0055970149253731;9.666666666666666;0.0;0.0;1.0;0.0;1.0;0.0;1.0;1.0;1.0;1.0;0.0;1.0;0.0;0.0;0.0;0.0;0.0;0.0;0.0;0.0;0.0;0.0;0.0;0.0;0.0;0.0;0.0;0.0;0.0
2024-10-01;Arsenal;0;1;0;9;19;PSG;1;1;6;10;5;2;0.35;0.65;354;0.81;8;8;1;1;0;0;1;1.0;0.0;1.0;0.0;0.0;0.0;1.0;0.0;1.0;1.0;1.0;5;0.065;0.125;287;0.0278745644599303;820.0;0.1666666666666666;2.857142857142857;-4;-0.3;-4;0;0;0.0169491525423728;0.3333333333333333;0.175;0.5;2;0;2;1;0;0;0;1;0.3333333333333333;0.4;0.0056497175141242;3.0;1.0;0.0;1.0;0.0;0.0;0.0;0.0;1.0;1.0;1.0;0.0;0.0;0.0;0.0;0.0;0.0;0.0;0.0;0.0;0.0;0.0;0.0;0.0;0.0;0.0;0.0;0.0;0.0;0.0
2024-09-28;Arsenal;3;1;3;9;63;Leicester City;2;4;35;5;16;3;0.75;0.25;664;0.89;11;6;2;4;0;0;17;1.0;0.0;1.0;0.0;0.0;0.0;1.0;0.0;1.0;1.0;1.0;0;0.05;0.1818181818181818;591;0.0186125211505922;788.0;0.4857142857142857;22.666666666666668;30;0.5;17;-2;5;0.0527108433734939;0.1142857142857142;0.1875;4.25;2;2;4;1;0;0;0;1;0.1142857142857142;0.25;0.0060240963855421;8.75;1.0;0.0;1.0;0.0;0.0;0.0;0.0;1.0;1.0;1.0;0.0;0.0;0.0;0.0;0.0;0.0;0.0;0.0;0.0;0.0;0.0;0.0;0.0;0.0;0.0;0.0;0.0;0.0;0.0
2024-09-25;Arsenal;14;0;2;9;248;Bolton Wanderers;1;0;21;4;8;1;0.77;0.23;642;0.89;5;8;1;0;0;0;10;0.0;0.0;0.0;1.0;0.0;0.0;1.0;0.0;1.0;0.0;0.0;4;0.0575;0.2;571;0.0087565674255691;741.5584415584416;0.4761904761904761;12.987012987012989;17;0.54;6;1;-3;0.0327102803738317;0.238095238095238;0.154;2.0;2;3;5;1;0;0;0;1;0.238095238095238;0.625;0.0077881619937694;4.2;0.0;1.0;0.0;0.0;1.0;1.0;1.0;0.0;1.0;0.0;0.0;1.0;0.0;1.0;1.0;0.0;0.0;0.0;0.0;0.0;0.0;0.0;0.0;0.0;0.0;0.0;0.0;0.0;0.0
2024-09-22;Arsenal;3;1;0;9;3;Manchester City;5;3;5;33;3;11;0.22;0.78;208;0.71;10;7;4;3;1;0;2;1.0;0.0;1.0;0.0;0.0;0.0;1.0;0.0;1.0;1.0;1.0;8;0.0236363636363636;0.5;148;0.0675675675675675;672.7272727272727;0.4;9.090909090909092;-28;-0.56;-6;2;3;0.0240384615384615;0.4;0.11;1.0;2;0;2;0;1;0;1;0;0.4;0.6666666666666666;0.0096153846153846;2.5;1.0;0.0;1.0;0.0;0.0;0.0;0.0;1.0;1.0;1.0;0.0;0.0;0.0;0.0;0.0;0.0;0.0;0.0;0.0;0.0;0.0;0.0;0.0;0.0;0.0;0.0;0.0;0.0;0.0
2024-09-19;Arsenal;0;0;17;9;17;Atalanta;0;1;6;8;2;2;0.46;0.54;433;0.83;10;7;0;1;0;0;2;1.0;1.0;1.0;0.0;0.0;0.0;1.0;0.0;1.0;0.0;1.0;4;0.0675;0.0;359;0.0278551532033426;780.4347826086956;0.3333333333333333;4.3478260869565215;-2;-0.08;-2;-1;3;0.0138568129330254;0.0;0.0;0.0;0;0;0;0;1;0;1;0;0.0;0.0;0.0;0.0;1.0;0.0;1.0;0.0;0.0;0.0;0.0;1.0;0.0;1.0;0.0;1.0;0.0;0.0;0.0;0.0;0.0;0.0;0.0;0.0;0.0;0.0;0.0;0.0;0.0;0.0;0.0;0.0;0.0
2024-09-15;Arsenal;3;1;0;9;56;Tottenham;3;5;7;15;4;5;0.36;0.64;282;0.75;10;13;3;5;0;0;6;1.0;1.0;1.0;0.0;0.0;0.0;0.0;0.0;1.0;1.0;1.0;7;0.0426666666666666;0.3;212;0.0471698113207547;588.8888888888889;0.8571428571428571;16.666666666666668;-8;-0.28;-1;-2;-3;0.0248226950354609;0.1428571428571428;0.36;6.0;0;1;1;1;0;0;1;0;0.1428571428571428;0.25;0.0035460992907801;7.0;1.0;0.0;1.0;0.0;1.0;0.0;0.0;1.0;0.0;1.0;0.0;0.0;0.0;0.0;0.0;0.0;0.0;0.0;0.0;0.0;0.0;0.0;0.0;0.0;0.0;0.0;0.0;0.0;0.0
2024-08-31;Arsenal;3;0;3;9;54;Brighton;4;2;11;22;7;4;0.35;0.65;270;0.74;12;7;3;2;1;0;3;1.0;1.0;1.0;0.0;0.0;1.0;1.0;0.0;1.0;1.0;0.0;7;0.0295454545454545;0.3333333333333333;200;0.06;571.4285714285714;0.2727272727272727;8.571428571428571;-11;-0.3;-4;2;5;0.0407407407407407;0.0909090909090909;0.35;3.0;1;0;1;0;1;0;0;1;0.0909090909090909;0.1428571428571428;0.0037037037037037;11.0;1.0;0.0;1.0;0.0;0.0;0.0;0.0;1.0;0.0;1.0;0.0;0.0;0.0;0.0;0.0;0.0;0.0;0.0;0.0;0.0;0.0;0.0;0.0;0.0;0.0;0.0;0.0;0.0;0.0
2024-08-24;Arsenal;3;0;1;9;1;Aston Villa;3;1;9;11;4;3;0.61;0.39;514;0.91;16;8;3;1;0;0;1;1.0;1.0;1.0;0.0;0.0;1.0;1.0;0.0;1.0;0.0;1.0;4;0.0354545454545454;0.1875;468;0.0341880341880341;767.2131147540983;0.1111111111111111;1.639344262295082;-2;0.2199999999999999;-3;2;8;0.0175097276264591;0.2222222222222222;0.305;0.5;0;2;2;1;0;0;1;0;0.2222222222222222;0.5;0.0038910505836575;4.5;1.0;0.0;1.0;0.0;0.0;0.0;0.0;1.0;0.0;1.0;0.0;0.0;0.0;0.0;0.0;0.0;0.0;0.0;0.0;0.0;0.0;0.0;0.0;0.0;0.0;0.0;0.0;0.0;0.0
2024-08-17;Arsenal;3;0;3;9;67;Wolves;2;2;18;9;6;3;0.53;0.47;420;0.85;17;14;2;2;0;0;8;1.0;1.0;1.0;0.0;1.0;1.0;1.0;0.0;1.0;0.0;1.0;2;0.0522222222222222;0.1176470588235294;357;0.0476190476190476;673.5849056603773;0.4444444444444444;15.094339622641508;9;0.06;6;0;3;0.0428571428571428;0.1111111111111111;0.265;4.0;1;1;2;1;0;0;0;1;0.1111111111111111;0.3333333333333333;0.0047619047619047;9.0;0.0;0.0;1.0;0.0;0.0;0.0;0.0;1.0;0.0;1.0;0.0;0.0;0.0;0.0;0.0;0.0;0.0;0.0;0.0;0.0;0.0;0.0;0.0;0.0;0.0;0.0;0.0;0.0;0.0
2024-08-11;Arsenal;25;0;0;9;90;Lyon;0;0;16;8;6;2;0.56;0.44;422;0.88;4;5;0;0;0;0;12;1.0;1.0;1.0;0.0;1.0;1.0;1.0;0.0;1.0;0.0;1.0;2;0.055;0.0;371;0.0107816711590296;662.4999999999999;0.75;21.428571428571427;8;0.12;10;0;-1;0.0379146919431279;0.125;0.28;6.0;2;0;2;1;0;0;0;1;0.125;0.3333333333333333;0.0047393364928909;8.0;0.0;0.0;1.0;0.0;0.0;0.0;0.0;1.0;0.0;1.0;0.0;0.0;0.0;0.0;0.0;0.0;0.0;0.0;0.0;0.0;0.0;0.0;0.0;0.0;0.0;0.0;0.0;0.0;0.0
2024-08-07;Arsenal;6;0;17;9;6;Leverkusen;0;1;9;7;6;2;0.44;0.56;421;0.84;5;8;0;1;0;0;4;1.0;1.0;1.0;0.0;1.0;1.0;0.0;0.0;0.0;1.0;0.0;2;0.08;0.0;354;0.0141242937853107;804.5454545454545;0.4444444444444444;9.090909090909092;2;-0.12;2;-1;-3;0.0213776722090261;0.4444444444444444;0.11;1.0;3;1;4;1;0;0;0;1;0.4444444444444444;0.6666666666666666;0.009501187648456;2.25;0.0;0.0;0.0;0.0;1.0;0.0;0.0;1.0;0.0;1.0;0.0;1.0;0.0;0.0;0.0;1.0;0.0;0.0;0.0;0.0;0.0;0.0;0.0;0.0;0.0;0.0;0.0;0.0;0.0
2024-07-31;Arsenal;6;0;0;9;2;Liverpool;0;1;13;10;2;4;0.61;0.39;568;0.88;6;14;0;1;0;0;6;0.0;1.0;0.0;1.0;1.0;1.0;0.0;0.0;0.0;0.0;1.0;1;0.039;0.0;500;0.012;819.672131147541;0.4615384615384615;9.836065573770492;3;0.2199999999999999;5;-1;-8;0.0228873239436619;0.0769230769230769;0.61;6.0;1;0;1;0;0;1;1;0;0.0769230769230769;0.5;0.0017605633802816;13.0;0.0;0.0;1.0;0.0;0.0;0.0;0.0;1.0;0.0;1.0;0.0;1.0;0.0;0.0;0.0;0.0;1.0;1.0;0.0;0.0;0.0;0.0;0.0;0.0;0.0;0.0;0.0;0.0;0.0
2024-07-27;Arsenal;6;0;3;9;62;Manchester United;0;0;6;10;3;3;0.58;0.42;449;0.84;10;11;0;0;0;0;3;0.0;1.0;0.0;0.0;1.0;1.0;0.0;0.0;0.0;1.0;0.0;6;0.0419999999999999;0.0;377;0.026525198938992;650.0;0.5;5.172413793103448;-4;0.1599999999999999;-3;0;-1;0.0133630289532293;0.3333333333333333;0.29;1.5;1;1;2;1;0;0;0;1;0.3333333333333333;0.6666666666666666;0.0044543429844097;3.0;1.0;0.0;0.0;0.0;1.0;1.0;0.0;0.0;0.0;0.0;0.0;1.0;0.0;0.0;0.0;0.0;1.0;1.0;1.0;0.0;0.0;0.0;0.0;0.0;0.0;0.0;0.0;0.0;0.0
2024-07-24;Arsenal;6;0;3;9;59;Bournemouth;1;2;9;11;4;4;0.56;0.44;511;0.89;15;21;1;2;0;0;3;0.0;1.0;0.0;0.0;0.0;0.0;0.0;0.0;0.0;0.0;0.0;2;0.04;0.0666666666666666;455;0.0329670329670329;812.4999999999999;0.3333333333333333;5.357142857142857;-2;0.12;1;-1;-6;0.0176125244618395;0.1111111111111111;0.56;3.0;1;0;1;0;1;0;0;1;0.1111111111111111;0.25;0.0019569471624266;9.0;1.0;1.0;1.0;0.0;0.0;1.0;0.0;0.0;0.0;0.0;0.0;0.0;0.0;0.0;0.0;1.0;1.0;1.0;1.0;1.0;1.0;0.0;0.0;0.0;0.0;0.0;0.0;0.0;0.0
2024-05-12;Arsenal;3;0;3;9;62;Manchester United;2;0;11;14;5;2;0.45;0.55;434;0.82;6;5;2;0;0;0;7;1.0;1.0;1.0;0.0;0.0;1.0;1.0;0.0;1.0;1.0;0.0;4;0.0392857142857142;0.3333333333333333;356;0.0168539325842696;791.1111111111111;0.6363636363636364;15.555555555555555;-3;-0.1;3;2;1;0.0253456221198156;0.0909090909090909;0.45;7.0;1;0;1;1;0;0;1;0;0.0909090909090909;0.2;0.0023041474654377;11.0;0.0;0.0;1.0;0.0;0.0;0.0;0.0;1.0;0.0;1.0;0.0;0.0;0.0;0.0;0.0;0.0;0.0;0.0;0.0;0.0;0.0;1.0;0.0;0.0;0.0;0.0;0.0;0.0;0.0
2024-05-04;Arsenal;3;0;0;9;59;Bournemouth;2;3;25;7;9;2;0.56;0.44;459;0.83;16;12;2;3;0;0;6;1.0;1.0;1.0;0.0;0.0;1.0;1.0;0.0;1.0;1.0;0.0;1;0.0628571428571428;0.125;381;0.0419947506561679;680.3571428571428;0.24;10.714285714285714;18;0.12;5;-1;4;0.0544662309368191;0.12;0.1866666666666666;2.0;1;2;3;1;0;0;0;1;0.12;0.3333333333333333;0.0065359477124183;8.333333333333334;0.0;0.0;1.0;0.0;0.0;0.0;0.0;1.0;0.0;1.0;0.0;0.0;0.0;0.0;0.0;0.0;0.0;0.0;0.0;0.0;0.0;1.0;0.0;0.0;0.0;0.0;0.0;0.0;0.0
2024-04-28;Arsenal;3;0;3;9;56;Tottenham;1;2;9;15;3;2;0.37;0.63;344;0.81;16;12;1;2;0;0;6;1.0;1.0;1.0;0.0;0.0;1.0;1.0;0.0;1.0;1.0;0.0;8;0.042;0.0625;279;0.057347670250896;754.0540540540541;0.6666666666666666;16.216216216216218;-6;-0.26;-2;-1;4;0.0261627906976744;0.3333333333333333;0.1233333333333333;2.0;3;0;3;1;0;0;1;0;0.3333333333333333;1.0;0.0087209302325581;3.0;0.0;0.0;1.0;0.0;0.0;0.0;0.0;1.0;0.0;1.0;0.0;0.0;0.0;0.0;0.0;0.0;0.0;0.0;0.0;0.0;0.0;1.0;0.0;0.0;0.0;0.0;0.0;0.0;0.0
2024-04-23;Arsenal;3;0;3;9;53;Chelsea;2;2;27;7;10;1;0.44;0.56;497;0.88;12;11;2;2;0;0;4;1.0;1.0;1.0;0.0;0.0;1.0;1.0;0.0;1.0;1.0;0.0;2;0.08;0.1666666666666666;437;0.0274599542334096;993.181818181818;0.1481481481481481;9.090909090909092;20;-0.12;2;0;1;0.0543259557344064;0.1851851851851851;0.088;0.8;1;4;5;1;0;0;0;1;0.1851851851851851;0.5;0.0100603621730382;5.4;0.0;0.0;1.0;0.0;0.0;0.0;0.0;1.0;0.0;1.0;0.0;0.0;0.0;0.0;0.0;0.0;0.0;0.0;0.0;0.0;0.0;1.0;0.0;0.0;0.0;0.0;0.0;0.0;0.0
2024-04-20;Arsenal;3;0;1;9;67;Wolves;2;3;24;5;9;3;0.54;0.46;537;0.87;9;14;2;3;0;0;2;1.0;1.0;1.0;1.0;0.0;1.0;1.0;0.0;1.0;1.0;0.0;1;0.092;0.2222222222222222;467;0.019271948608137;864.8148148148148;0.0833333333333333;3.7037037037037033;19;0.08;1;-1;-5;0.0446927374301676;0.0833333333333333;0.27;1.0;1;1;2;1;0;0;1;0;0.0833333333333333;0.2222222222222222;0.0037243947858473;12.0;0.0;0.0;0.0;0.0;0.0;0.0;0.0;1.0;0.0;1.0;0.0;1.0;0.0;0.0;0.0;0.0;0.0;0.0;0.0;0.0;0.0;0.0;0.0;0.0;0.0;0.0;0.0;0.0;0.0
2024-04-17;Arsenal;0;0;3;9;23;Bayern;2;2;8;15;3;3;0.48;0.52;455;0.89;13;10;2;2;0;0;3;1.0;1.0;1.0;0.0;0.0;1.0;1.0;0.0;1.0;0.0;1.0;8;0.0346666666666666;0.1538461538461538;405;0.0320987654320987;843.75;0.375;6.25;-7;-0.04;-5;0;3;0.0175824175824175;0.0;0.0;0.0;0;0;0;0;0;1;1;0;0.0;0.0;0.0;0.0;0.0;0.0;0.0;0.0;1.0;0.0;0.0;1.0;0.0;1.0;0.0;0.0;0.0;0.0;0.0;0.0;0.0;0.0;0.0;0.0;0.0;1.0;0.0;0.0;0.0;0.0;0.0;0.0;0.0
2024-04-14;Arsenal;3;0;3;9;1;Aston Villa;3;1;18;11;4;2;0.52;0.48;450;0.86;12;7;3;1;0;0;4;1.0;1.0;1.0;0.0;1.0;1.0;1.0;0.0;1.0;1.0;0.0;6;0.0436363636363636;0.25;387;0.0310077519379844;744.2307692307692;0.2222222222222222;7.692307692307692;7;0.04;-2;2;5;0.04;0.0;0.0;0.0;0;0;0;0;0;1;0;1;0.0;0.0;0.0;0.0;0.0;0.0;0.0;0.0;0.0;0.0;0.0;1.0;0.0;1.0;0.0;1.0;0.0;0.0;0.0;0.0;0.0;0.0;0.0;0.0;0.0;0.0;0.0;0.0;0.0;0.0;0.0;0.0;0.0
2024-04-09;Arsenal;0;0;3;9;23;Bayern;1;2;13;8;4;2;0.6;0.4;527;0.88;13;12;1;2;0;0;2;1.0;1.0;1.0;1.0;0.0;1.0;1.0;0.0;1.0;0.0;1.0;1;0.05;0.0769230769230769;464;0.0280172413793103;773.3333333333334;0.1538461538461538;3.333333333333333;5;0.1999999999999999;1;-1;1;0.0246679316888045;0.1538461538461538;0.3;1.0;1;1;2;0;1;0;0;1;0.1538461538461538;0.5;0.0037950664136622;6.5;0.0;0.0;0.0;0.0;1.0;0.0;0.0;1.0;0.0;1.0;0.0;0.0;0.0;0.0;0.0;0.0;0.0;0.0;0.0;0.0;0.0;0.0;0.0;0.0;0.0;0.0;0.0;0.0;0.0
2024-04-06;Arsenal;3;0;3;9;54;Brighton;2;1;20;10;7;2;0.45;0.55;439;0.82;13;14;2;1;0;0;7;1.0;1.0;1.0;0.0;1.0;1.0;1.0;0.0;1.0;0.0;0.0;8;0.055;0.1538461538461538;360;0.0361111111111111;800.0;0.35;15.555555555555555;10;-0.1;-1;1;-1;0.0455580865603644;0.15;0.15;2.333333333333333;1;2;3;1;0;0;1;0;0.15;0.4285714285714285;0.0068337129840546;6.666666666666667;0.0;0.0;0.0;0.0;1.0;0.0;0.0;1.0;0.0;1.0;0.0;1.0;0.0;0.0;0.0;0.0;0.0;0.0;0.0;0.0;0.0;0.0;0.0;0.0;0.0;0.0;0.0;0.0;0.0
2024-04-03;Arsenal;3;0;17;9;832;Luton;1;1;13;5;4;1;0.58;0.42;614;0.88;12;8;1;1;0;0;3;1.0;1.0;1.0;0.0;1.0;1.0;0.0;0.0;0.0;1.0;0.0;1;0.0839999999999999;0.0833333333333333;540;0.0222222222222222;931.0344827586208;0.2307692307692307;5.172413793103448;8;0.1599999999999999;2;0;4;0.021172638436482;0.1538461538461538;0.29;1.5;2;0;2;1;0;0;0;1;0.1538461538461538;0.5;0.003257328990228;6.5;0.0;0.0;1.0;0.0;0.0;0.0;0.0;1.0;0.0;1.0;0.0;0.0;0.0;0.0;0.0;0.0;0.0;1.0;0.0;0.0;0.0;0.0;1.0;0.0;0.0;0.0;0.0;0.0;0.0
2024-03-31;Arsenal;3;0;7;9;3;Manchester City;2;0;6;12;2;1;0.27;0.73;269;0.71;20;9;2;0;0;0;4;1.0;1.0;1.0;1.0;0.0;1.0;1.0;0.0;1.0;0.0;0.0;7;0.0608333333333333;0.1;191;0.1047120418848167;707.4074074074074;0.6666666666666666;14.814814814814811;-6;-0.4599999999999999;-3;2;11;0.0223048327137546;0.0;0.0;0.0;0;0;0;0;1;0;1;0;0.0;0.0;0.0;0.0;0.0;0.0;0.0;0.0;1.0;0.0;0.0;1.0;0.0;1.0;0.0;1.0;0.0;0.0;0.0;0.0;0.0;0.0;0.0;0.0;0.0;0.0;0.0;0.0;0.0;0.0;0.0;0.0;0.0
2024-03-12;Arsenal;0;0;3;9;95;Porto;2;1;13;10;4;3;0.58;0.42;570;0.81;18;20;2;1;0;0;9;1.0;1.0;1.0;1.0;0.0;1.0;1.0;0.0;1.0;1.0;0.0;1;0.0419999999999999;0.1111111111111111;462;0.0389610389610389;796.551724137931;0.6923076923076923;15.517241379310343;3;0.1599999999999999;8;1;-2;0.0228070175438596;0.0769230769230769;0.58;9.0;1;0;1;1;0;0;0;1;0.0769230769230769;0.25;0.0017543859649122;13.0;0.0;0.0;0.0;0.0;1.0;0.0;0.0;1.0;0.0;1.0;0.0;0.0;0.0;0.0;0.0;0.0;0.0;0.0;0.0;0.0;0.0;0.0;0.0;0.0;0.0;0.0;0.0;0.0;0.0
2024-03-09;Arsenal;3;0;2;9;57;Brentford;2;4;17;9;6;4;0.72;0.28;564;0.82;9;10;2;4;0;0;10;0.0;1.0;1.0;1.0;0.0;1.0;1.0;0.0;1.0;1.0;0.0;4;0.0311111111111111;0.2222222222222222;462;0.0194805194805194;641.6666666666667;0.5882352941176471;13.88888888888889;8;0.4399999999999999;6;-2;-1;0.0301418439716312;0.1176470588235294;0.36;5.0;1;1;2;1;0;0;0;1;0.1176470588235294;0.3333333333333333;0.0035460992907801;8.5;0.0;0.0;0.0;0.0;1.0;0.0;0.0;1.0;0.0;1.0;0.0;0.0;0.0;0.0;0.0;0.0;0.0;0.0;0.0;0.0;0.0;0.0;0.0;1.0;0.0;0.0;0.0;0.0;0.0
2024-03-04;Arsenal;3;0;5;9;818;Sheffield United;0;1;22;4;10;0;0.81;0.19;895;0.92;4;11;0;1;0;0;7;1.0;1.0;1.0;1.0;0.0;1.0;1.0;0.0;1.0;0.0;1.0;0;0.0475;0.0;823;0.0048602673147023;1016.0493827160492;0.3181818181818182;8.641975308641975;18;0.6200000000000001;7;-1;-7;0.0245810055865921;0.2727272727272727;0.135;1.1666666666666667;5;1;6;1;0;0;1;0;0.2727272727272727;0.6;0.0067039106145251;3.6666666666666665;0.0;0.0;0.0;0.0;1.0;0.0;0.0;1.0;0.0;1.0;0.0;0.0;0.0;0.0;0.0;0.0;0.0;0.0;0.0;0.0;0.0;0.0;0.0;0.0;0.0;0.0;0.0;0.0;0.0
2024-02-24;Arsenal;3;0;0;9;60;Newcastle;1;0;18;3;8;2;0.55;0.45;557;0.84;15;6;1;0;0;0;9;1.0;1.0;1.0;1.0;0.0;1.0;1.0;0.0;1.0;0.0;1.0;0;0.15;0.0666666666666666;468;0.032051282051282;850.9090909090909;0.5;16.363636363636363;15;0.1;9;1;9;0.0323159784560143;0.2222222222222222;0.1375;2.25;2;2;4;1;0;0;0;1;0.2222222222222222;0.5;0.0071813285457809;4.5;0.0;0.0;0.0;0.0;1.0;0.0;0.0;1.0;0.0;1.0;0.0;0.0;0.0;0.0;0.0;0.0;0.0;0.0;0.0;0.0;0.0;0.0;0.0;0.0;0.0;0.0;0.0;0.0;0.0
2024-02-21;Arsenal;0;0;3;9;95;Porto;3;2;7;8;0;2;0.65;0.35;495;0.87;22;14;3;2;0;0;10;1.0;1.0;1.0;1.0;0.0;1.0;1.0;0.0;1.0;1.0;1.0;1;0.04375;0.1363636363636363;431;0.0510440835266821;663.0769230769231;1.4285714285714286;15.384615384615383;-1;0.3;9;1;8;0.0141414141414141;0.0;0.0;0.0;0;0;0;0;0;1;1;0;0.0;0.0;0.0;0.0;0.0;0.0;0.0;0.0;0.0;0.0;0.0;1.0;0.0;1.0;0.0;0.0;0.0;0.0;0.0;0.0;0.0;0.0;0.0;0.0;0.0;0.0;0.0;0.0;0.0;0.0;0.0;0.0;0.0
2024-02-17;Arsenal;3;0;1;9;819;Burnley;1;2;16;8;7;0;0.66;0.34;603;0.86;8;11;1;2;0;0;6;1.0;1.0;1.0;1.0;0.0;1.0;1.0;0.0;1.0;1.0;1.0;4;0.0425;0.125;519;0.0154142581888246;786.3636363636364;0.375;9.09090909090909;8;0.32;2;-1;-3;0.0265339966832504;0.3125;0.132;1.2;2;3;5;1;0;0;1;0;0.3125;0.7142857142857143;0.0082918739635157;3.2;0.0;0.0;0.0;0.0;0.0;0.0;0.0;1.0;0.0;1.0;0.0;0.0;0.0;0.0;0.0;0.0;0.0;0.0;0.0;0.0;0.0;0.0;0.0;0.0;0.0;0.0;0.0;0.0;0.0
2024-02-11;Arsenal;3;0;3;9;61;West Ham;0;4;25;5;12;1;0.71;0.29;692;0.93;11;17;0;4;0;0;6;1.0;1.0;1.0;1.0;0.0;1.0;1.0;0.0;1.0;1.0;1.0;2;0.0579999999999999;0.0;644;0.0170807453416149;907.0422535211268;0.24;8.450704225352114;20;0.42;4;-4;-6;0.0361271676300578;0.24;0.1183333333333333;1.0;4;2;6;1;0;0;1;0;0.24;0.5;0.0086705202312138;4.166666666666667;0.0;0.0;0.0;0.0;0.0;0.0;0.0;1.0;0.0;1.0;0.0;0.0;0.0;0.0;0.0;0.0;0.0;0.0;0.0;0.0;0.0;0.0;0.0;0.0;0.0;0.0;0.0;0.0;0.0
2024-02-04;Arsenal;3;0;0;9;2;Liverpool;6;3;15;10;7;1;0.42;0.58;390;0.77;11;11;6;2;0;1;2;1.0;1.0;1.0;0.0;1.0;1.0;1.0;0.0;1.0;0.0;1.0;4;0.0579999999999999;0.5454545454545454;300;0.0366666666666666;714.2857142857143;0.1333333333333333;4.761904761904762;5;-0.1599999999999999;-2;3;0;0.0384615384615384;0.2;0.1399999999999999;0.6666666666666666;1;2;3;1;0;0;0;1;0.2;0.4285714285714285;0.0076923076923076;5.0;0.0;0.0;0.0;0.0;1.0;0.0;0.0;1.0;0.0;1.0;0.0;0.0;0.0;0.0;0.0;0.0;0.0;0.0;0.0;0.0;0.0;0.0;0.0;0.0;0.0;0.0;0.0;0.0;0.0
2024-01-30;Arsenal;3;0;3;9;55;Nottingham Forest;1;0;19;9;3;3;0.74;0.26;759;0.89;7;6;1;0;0;0;10;1.0;1.0;1.0;0.0;1.0;1.0;1.0;0.0;1.0;0.0;1.0;2;0.0288888888888888;0.1428571428571428;676;0.0103550295857988;913.5135135135135;0.5263157894736842;13.513513513513514;10;0.48;8;1;1;0.0250329380764163;0.1052631578947368;0.37;5.0;0;2;2;1;0;0;1;0;0.1052631578947368;0.6666666666666666;0.0026350461133069;9.5;0.0;0.0;0.0;0.0;0.0;0.0;0.0;1.0;0.0;0.0;0.0;1.0;0.0;0.0;0.0;0.0;0.0;0.0;0.0;0.0;0.0;0.0;1.0;0.0;0.0;0.0;0.0;0.0;0.0
2024-01-20;Arsenal;3;0;6;9;65;Crystal Palace;0;0;21;12;7;5;0.61;0.39;561;0.86;8;12;0;0;0;0;6;1.0;1.0;1.0;0.0;1.0;1.0;1.0;0.0;1.0;1.0;0.0;7;0.0325;0.0;482;0.0165975103734439;790.1639344262295;0.2857142857142857;9.836065573770492;9;0.2199999999999999;-1;0;-4;0.0374331550802139;0.238095238095238;0.122;1.2;2;3;5;1;0;0;0;1;0.238095238095238;0.7142857142857143;0.0089126559714795;4.2;0.0;0.0;0.0;0.0;0.0;0.0;0.0;1.0;0.0;1.0;0.0;1.0;0.0;0.0;0.0;0.0;0.0;0.0;0.0;0.0;0.0;0.0;0.0;0.0;0.0;0.0;0.0;0.0;0.0
2024-01-07;Arsenal;15;0;0;9;2;Liverpool;1;4;18;12;5;3;0.55;0.45;482;0.81;12;15;1;4;0;0;5;0.0;1.0;1.0;1.0;0.0;1.0;1.0;0.0;1.0;0.0;0.0;2;0.0375;0.0833333333333333;390;0.0307692307692307;709.090909090909;0.2777777777777778;9.09090909090909;6;0.1;3;-3;-3;0.0373443983402489;0.0;0.0;0.0;0;0;0;0;0;1;0;1;0.0;0.0;0.0;0.0;0.0;0.0;0.0;0.0;1.0;0.0;0.0;1.0;0.0;1.0;0.0;0.0;0.0;0.0;0.0;0.0;0.0;1.0;0.0;0.0;0.0;0.0;0.0;1.0;0.0;0.0;0.0;0.0;0.0
2023-12-31;Arsenal;3;0;3;9;58;Fulham;1;4;13;15;3;4;0.61;0.39;637;0.88;10;11;1;4;0;0;4;1.0;1.0;1.0;1.0;0.0;1.0;1.0;0.0;1.0;0.0;1.0;5;0.026;0.1;561;0.017825311942959;919.672131147541;0.3076923076923077;6.557377049180328;-2;0.2199999999999999;-1;-3;-1;0.0204081632653061;0.0769230769230769;0.61;4.0;1;0;1;0;0;1;1;0;0.0769230769230769;0.3333333333333333;0.0015698587127158;13.0;0.0;0.0;0.0;0.0;0.0;0.0;0.0;1.0;0.0;1.0;0.0;0.0;0.0;0.0;0.0;0.0;0.0;0.0;0.0;0.0;1.0;0.0;0.0;0.0;0.0;0.0;0.0;0.0;0.0
2023-12-28;Arsenal;3;0;3;9;61;West Ham;2;0;30;6;8;3;0.75;0.25;749;0.9;8;8;2;0;0;0;10;1.0;1.0;1.0;0.0;1.0;1.0;1.0;0.0;1.0;1.0;1.0;3;0.0416666666666666;0.25;674;0.0118694362017804;898.6666666666666;0.3333333333333333;13.333333333333334;24;0.5;7;2;0;0.0400534045393858;0.0;0.0;0.0;0;0;0;0;0;1;0;1;0.0;0.0;0.0;0.0;0.0;0.0;0.0;0.0;0.0;0.0;0.0;1.0;0.0;0.0;0.0;1.0;0.0;0.0;0.0;0.0;0.0;0.0;0.0;0.0;0.0;0.0;0.0;0.0;0.0;0.0;0.0;0.0;0.0
2023-12-23;Arsenal;3;0;0;9;2;Liverpool;5;2;13;13;2;3;0.49;0.51;423;0.79;14;13;5;2;0;0;5;1.0;1.0;1.0;0.0;1.0;1.0;1.0;0.0;1.0;0.0;1.0;4;0.0392307692307692;0.3571428571428571;334;0.0419161676646706;681.6326530612245;0.3846153846153846;10.20408163265306;0;-0.02;1;3;1;0.0307328605200945;0.0769230769230769;0.49;5.0;1;0;1;0;1;0;1;0;0.0769230769230769;0.5;0.0023640661938534;13.0;0.0;0.0;0.0;0.0;0.0;0.0;0.0;1.0;0.0;1.0;0.0;1.0;0.0;0.0;0.0;0.0;0.0;0.0;0.0;0.0;0.0;0.0;0.0;0.0;0.0;0.0;0.0;0.0;0.0
2023-12-17;Arsenal;3;0;3;9;54;Brighton;1;3;26;6;9;1;0.48;0.52;516;0.89;11;9;1;3;0;0;10;1.0;1.0;1.0;0.0;1.0;1.0;1.0;0.0;1.0;0.0;1.0;1;0.0866666666666666;0.0909090909090909;459;0.0239651416122004;956.25;0.3846153846153846;20.833333333333336;20;-0.04;9;-2;2;0.0503875968992248;0.0769230769230769;0.24;5.0;0;2;2;1;0;0;0;1;0.0769230769230769;0.2222222222222222;0.003875968992248;13.0;0.0;0.0;0.0;0.0;0.0;0.0;0.0;1.0;0.0;1.0;0.0;1.0;0.0;0.0;0.0;0.0;0.0;0.0;0.0;0.0;0.0;0.0;0.0;0.0;0.0;0.0;0.0;0.0;0.0
2023-12-12;Arsenal;0;0;0;9;28;PSV;0;0;12;17;3;6;0.59;0.41;565;0.88;6;9;0;0;0;0;2;0.0;0.0;1.0;1.0;0.0;0.0;0.0;0.0;0.0;1.0;0.0;4;0.0241176470588235;0.0;497;0.0120724346076458;842.3728813559322;0.1666666666666666;3.389830508474577;-5;0.18;-2;0;-3;0.0212389380530973;0.0833333333333333;0.59;2.0;1;0;1;0;1;0;1;0;0.0833333333333333;0.3333333333333333;0.0017699115044247;12.0;0.0;0.0;0.0;0.0;1.0;0.0;0.0;1.0;0.0;1.0;0.0;0.0;0.0;0.0;0.0;0.0;0.0;1.0;0.0;0.0;1.0;0.0;0.0;1.0;1.0;1.0;0.0;0.0;0.0
2023-12-09;Arsenal;3;0;8;9;1;Aston Villa;2;4;12;10;5;3;0.62;0.38;462;0.84;11;16;2;4;0;0;3;1.0;1.0;1.0;0.0;1.0;1.0;1.0;0.0;1.0;0.0;1.0;3;0.038;0.1818181818181818;388;0.0283505154639175;625.8064516129032;0.25;4.838709677419355;2;0.24;0;-2;-5;0.0259740259740259;0.0;0.0;0.0;0;0;0;0;0;1;1;0;0.0;0.0;0.0;0.0;0.0;0.0;0.0;0.0;0.0;0.0;0.0;1.0;0.0;1.0;0.0;1.0;0.0;0.0;0.0;0.0;0.0;0.0;0.0;0.0;0.0;0.0;0.0;0.0;0.0;0.0;0.0;0.0;0.0
2023-12-05;Arsenal;3;0;17;9;832;Luton;1;2;23;6;9;4;0.67;0.33;589;0.84;7;14;1;2;0;0;8;1.0;1.0;1.0;1.0;0.0;1.0;1.0;0.0;1.0;0.0;1.0;3;0.055;0.1428571428571428;495;0.0141414141414141;738.8059701492537;0.3478260869565217;11.940298507462686;17;0.34;5;-1;-7;0.0390492359932088;0.1739130434782608;0.1675;2.0;2;2;4;1;0;0;1;0;0.1739130434782608;0.4444444444444444;0.0067911714770797;5.75;0.0;0.0;0.0;0.0;0.0;0.0;0.0;1.0;0.0;1.0;0.0;1.0;0.0;0.0;0.0;0.0;0.0;0.0;0.0;0.0;0.0;0.0;0.0;0.0;0.0;0.0;0.0;0.0;0.0
2023-12-02;Arsenal;3;0;2;9;67;Wolves;1;2;19;6;6;3;0.57;0.43;617;0.88;10;10;1;2;0;0;4;1.0;0.0;1.0;0.0;1.0;1.0;1.0;0.0;1.0;1.0;1.0;0;0.0716666666666666;0.1;543;0.0184162062615101;952.6315789473686;0.2105263157894736;7.017543859649123;13;0.1399999999999999;4;-1;0;0.0307941653160453;0.1052631578947368;0.285;2.0;2;0;2;1;0;0;0;1;0.1052631578947368;0.3333333333333333;0.0032414910858995;9.5;0.0;0.0;0.0;0.0;0.0;0.0;0.0;1.0;0.0;0.0;0.0;1.0;0.0;0.0;0.0;0.0;0.0;0.0;0.0;0.0;0.0;1.0;0.0;0.0;0.0;0.0;0.0;0.0;0.0
2023-11-29;Arsenal;0;0;17;9;765;Lens;0;3;14;6;8;3;0.47;0.53;450;0.87;14;11;0;3;0;0;4;1.0;0.0;1.0;0.0;1.0;1.0;1.0;0.0;1.0;0.0;1.0;0;0.0883333333333333;0.0;392;0.0357142857142857;834.0425531914894;0.2857142857142857;8.51063829787234;8;-0.06;4;-3;3;0.0311111111111111;0.4285714285714285;0.0783333333333333;0.6666666666666666;5;1;6;1;0;0;0;1;0.4285714285714285;0.75;0.0133333333333333;2.333333333333333;0.0;0.0;0.0;0.0;0.0;0.0;0.0;1.0;0.0;1.0;0.0;1.0;0.0;0.0;0.0;0.0;0.0;0.0;0.0;0.0;0.0;1.0;0.0;0.0;0.0;0.0;0.0;0.0;0.0
2023-11-25;Arsenal;3;0;4;9;57;Brentford;1;1;15;9;4;3;0.64;0.36;508;0.81;7;9;1;1;0;0;8;0.0;0.0;1.0;0.0;1.0;1.0;1.0;0.0;1.0;1.0;1.0;1;0.04;0.1428571428571428;411;0.0170316301703163;642.1875;0.5333333333333333;12.5;6;0.28;7;0;-2;0.0295275590551181;0.0666666666666666;0.64;8.0;0;1;1;1;0;0;1;0;0.0666666666666666;0.25;0.0019685039370078;15.0;0.0;0.0;0.0;0.0;0.0;0.0;0.0;1.0;0.0;0.0;0.0;1.0;0.0;0.0;0.0;0.0;0.0;0.0;0.0;0.0;0.0;1.0;0.0;1.0;0.0;0.0;0.0;0.0;0.0
2023-11-11;Arsenal;3;0;1;9;819;Burnley;1;1;16;8;6;5;0.64;0.36;561;0.85;8;9;0;1;1;0;13;1.0;0.0;1.0;0.0;1.0;0.0;1.0;0.0;1.0;1.0;1.0;3;0.045;0.125;477;0.0167714884696016;745.3125;0.8125;20.3125;8;0.28;10;0;-1;0.0285204991087344;0.1875;0.2133333333333333;4.333333333333333;1;2;3;1;0;0;0;1;0.1875;0.5;0.0053475935828877;5.333333333333333;0.0;0.0;0.0;0.0;1.0;0.0;0.0;1.0;0.0;1.0;0.0;0.0;0.0;0.0;0.0;0.0;0.0;0.0;0.0;0.0;0.0;1.0;0.0;0.0;0.0;0.0;0.0;0.0;0.0
2023-11-08;Arsenal;0;0;3;9;43;Sevilla;2;3;11;1;3;1;0.62;0.38;539;0.87;12;15;2;3;0;0;4;1.0;1.0;1.0;0.0;0.0;0.0;1.0;0.0;1.0;1.0;1.0;1;0.38;0.1666666666666666;469;0.0255863539445629;756.4516129032259;0.3636363636363636;6.451612903225807;10;0.24;3;-1;-3;0.0204081632653061;0.1818181818181818;0.31;2.0;1;1;2;1;0;0;0;1;0.1818181818181818;0.6666666666666666;0.0037105751391465;5.5;0.0;0.0;0.0;0.0;1.0;0.0;0.0;1.0;0.0;1.0;0.0;0.0;0.0;0.0;0.0;0.0;0.0;0.0;0.0;0.0;0.0;1.0;0.0;0.0;0.0;0.0;0.0;0.0;0.0
2023-11-04;Arsenal;3;0;0;9;60;Newcastle;1;5;14;9;1;2;0.6;0.4;484;0.84;9;14;1;5;0;0;11;1.0;1.0;1.0;0.0;0.0;0.0;1.0;0.0;1.0;0.0;1.0;0;0.0444444444444444;0.1111111111111111;407;0.0221130221130221;678.3333333333334;0.7857142857142857;18.333333333333336;5;0.1999999999999999;11;-4;-5;0.0289256198347107;0.0;0.0;0.0;0;0;0;0;0;1;1;0;0.0;0.0;0.0;0.0;0.0;0.0;0.0;0.0;1.0;0.0;0.0;1.0;0.0;1.0;0.0;0.0;0.0;0.0;0.0;0.0;0.0;0.0;0.0;0.0;1.0;1.0;0.0;0.0;0.0;0.0;0.0;0.0;0.0
2023-11-01;Arsenal;14;0;3;9;61;West Ham;0;0;14;5;3;3;0.72;0.28;678;0.89;12;12;0;0;0;0;6;0.0;1.0;0.0;1.0;1.0;0.0;0.0;0.0;0.0;1.0;0.0;4;0.056;0.0;603;0.0199004975124378;837.5;0.4285714285714285;8.333333333333334;9;0.4399999999999999;2;0;0;0.0206489675516224;0.0714285714285714;0.72;6.0;0;1;1;0;0;1;1;0;0.0714285714285714;0.3333333333333333;0.0014749262536873;14.0;0.0;0.0;0.0;0.0;1.0;0.0;0.0;1.0;0.0;1.0;0.0;0.0;0.0;0.0;0.0;1.0;0.0;1.0;0.0;0.0;1.0;0.0;0.0;1.0;0.0;0.0;0.0;0.0;0.0
2023-10-28;Arsenal;3;0;1;9;818;Sheffield United;0;3;13;2;8;0;0.68;0.32;659;0.9;9;13;0;3;0;0;6;1.0;1.0;1.0;1.0;1.0;0.0;1.0;0.0;1.0;0.0;1.0;1;0.16;0.0;593;0.0151770657672849;872.0588235294117;0.4615384615384615;8.823529411764705;11;0.36;5;-3;-4;0.0197268588770864;0.3846153846153846;0.136;1.2;1;4;5;1;0;0;0;1;0.3846153846153846;0.625;0.007587253414264;2.6;0.0;0.0;0.0;0.0;0.0;0.0;0.0;0.0;0.0;1.0;0.0;0.0;0.0;0.0;0.0;0.0;0.0;0.0;0.0;0.0;1.0;0.0;1.0;0.0;0.0;0.0;0.0;0.0;0.0
2023-10-24;Arsenal;0;0;3;9;43;Sevilla;1;2;14;11;4;2;0.43;0.57;421;0.8;13;7;1;2;0;0;5;1.0;1.0;1.0;0.0;0.0;1.0;1.0;0.0;1.0;0.0;1.0;4;0.0518181818181818;0.0769230769230769;337;0.0385756676557863;783.7209302325582;0.3571428571428571;11.627906976744184;3;-0.1399999999999999;1;-1;6;0.0332541567695962;0.1428571428571428;0.215;2.5;1;1;2;1;0;0;1;0;0.1428571428571428;0.5;0.004750593824228;7.0;0.0;0.0;0.0;0.0;1.0;0.0;0.0;1.0;0.0;0.0;0.0;1.0;0.0;0.0;0.0;0.0;0.0;0.0;0.0;0.0;0.0;1.0;0.0;0.0;0.0;0.0;0.0;0.0;0.0
2023-10-21;Arsenal;3;0;3;9;53;Chelsea;3;3;13;11;3;5;0.57;0.43;570;0.84;14;7;3;3;0;0;7;1.0;1.0;1.0;0.0;1.0;1.0;1.0;0.0;1.0;0.0;1.0;2;0.039090909090909;0.2142857142857142;479;0.0292275574112734;840.3508771929826;0.5384615384615384;12.280701754385966;2;0.1399999999999999;5;0;7;0.0228070175438596;0.1538461538461538;0.285;3.5;0;2;2;0;1;0;1;0;0.1538461538461538;0.6666666666666666;0.0035087719298245;6.5;0.0;0.0;0.0;0.0;1.0;0.0;0.0;1.0;0.0;0.0;0.0;1.0;0.0;0.0;0.0;0.0;0.0;0.0;0.0;0.0;0.0;0.0;0.0;0.0;0.0;0.0;0.0;0.0;0.0
2023-10-03;Arsenal;0;0;17;9;765;Lens;1;1;11;10;6;3;0.67;0.33;703;0.89;10;8;1;1;0;0;5;1.0;0.0;1.0;0.0;1.0;1.0;1.0;0.0;1.0;1.0;0.0;3;0.033;0.1;626;0.0159744408945686;934.3283582089553;0.4545454545454545;7.462686567164178;1;0.34;2;0;2;0.0156472261735419;0.0909090909090909;0.67;5.0;1;0;1;0;0;1;1;0;0.0909090909090909;0.1666666666666666;0.0014224751066856;11.0;0.0;0.0;0.0;0.0;0.0;0.0;0.0;1.0;0.0;1.0;0.0;1.0;0.0;0.0;0.0;0.0;0.0;0.0;0.0;0.0;0.0;1.0;0.0;0.0;0.0;0.0;0.0;0.0;0.0
2023-09-30;Arsenal;3;0;3;9;59;Bournemouth;1;0;15;8;8;1;0.58;0.42;545;0.88;10;11;1;0;0;0;6;1.0;1.0;1.0;0.0;1.0;1.0;1.0;0.0;1.0;0.0;0.0;6;0.0525;0.1;480;0.0208333333333333;827.5862068965517;0.4;10.344827586206897;7;0.1599999999999999;0;1;-1;0.0275229357798165;0.2666666666666666;0.145;1.5;2;2;4;1;0;0;1;0;0.2666666666666666;0.5;0.0073394495412844;3.75;0.0;0.0;0.0;0.0;0.0;0.0;0.0;1.0;0.0;1.0;0.0;1.0;0.0;0.0;0.0;0.0;0.0;0.0;0.0;0.0;1.0;0.0;0.0;0.0;0.0;0.0;0.0;0.0;0.0
2023-09-27;Arsenal;14;0;2;9;57;Brentford;2;2;10;18;3;4;0.6;0.4;612;0.85;10;7;2;2;0;0;3;0.0;1.0;0.0;1.0;0.0;0.0;0.0;0.0;0.0;0.0;0.0;1;0.0222222222222222;0.2;520;0.0192307692307692;866.6666666666667;0.3;5.0;-8;0.1999999999999999;2;0;3;0.0163398692810457;0.1;0.6;3.0;1;0;1;1;0;0;1;0;0.1;0.3333333333333333;0.0016339869281045;10.0;0.0;0.0;0.0;0.0;1.0;0.0;0.0;1.0;0.0;1.0;0.0;0.0;0.0;0.0;0.0;0.0;0.0;1.0;0.0;0.0;1.0;1.0;1.0;1.0;0.0;0.0;1.0;0.0;0.0
2023-09-24;Arsenal;3;0;3;9;56;Tottenham;3;4;13;13;6;5;0.46;0.54;377;0.84;12;19;3;4;0;0;11;1.0;1.0;1.0;0.0;1.0;1.0;1.0;0.0;1.0;0.0;0.0;4;0.0415384615384615;0.25;317;0.0378548895899053;689.1304347826086;0.8461538461538461;23.913043478260867;0;-0.08;7;-1;-7;0.0344827586206896;0.1538461538461538;0.23;5.5;1;1;2;0;1;0;0;1;0.1538461538461538;0.3333333333333333;0.0053050397877984;6.5;0.0;0.0;0.0;0.0;0.0;0.0;0.0;1.0;0.0;0.0;0.0;1.0;0.0;0.0;0.0;1.0;0.0;0.0;0.0;0.0;1.0;0.0;0.0;0.0;0.0;0.0;0.0;0.0;0.0
2023-09-20;Arsenal;0;0;3;9;28;PSV;1;3;18;12;8;4;0.59;0.41;584;0.88;9;8;1;3;0;0;4;1.0;1.0;1.0;0.0;1.0;1.0;1.0;0.0;1.0;1.0;0.0;4;0.0341666666666666;0.1111111111111111;514;0.0175097276264591;871.1864406779662;0.2222222222222222;6.779661016949153;6;0.18;0;-2;1;0.0308219178082191;0.2222222222222222;0.1475;1.0;3;1;4;1;0;0;0;1;0.2222222222222222;0.5;0.0068493150684931;4.5;0.0;0.0;0.0;0.0;0.0;0.0;0.0;1.0;0.0;1.0;0.0;1.0;0.0;0.0;0.0;0.0;0.0;0.0;0.0;0.0;0.0;0.0;0.0;0.0;0.0;0.0;0.0;0.0;0.0
2023-09-17;Arsenal;3;0;5;9;64;Everton;1;1;13;8;4;1;0.74;0.26;668;0.89;10;12;1;1;0;0;11;1.0;1.0;1.0;0.0;1.0;1.0;1.0;0.0;1.0;0.0;1.0;1;0.0325;0.1;595;0.0168067226890756;804.0540540540541;0.8461538461538461;14.864864864864863;5;0.48;10;0;-2;0.0194610778443113;0.0769230769230769;0.74;11.0;0;1;1;1;0;0;1;0;0.0769230769230769;0.25;0.0014970059880239;13.0;0.0;0.0;0.0;0.0;0.0;0.0;0.0;1.0;0.0;0.0;0.0;0.0;0.0;0.0;0.0;1.0;0.0;0.0;0.0;0.0;1.0;0.0;0.0;0.0;0.0;0.0;0.0;0.0;0.0
2023-09-03;Arsenal;3;0;3;9;62;Manchester United;2;3;17;10;5;2;0.55;0.45;532;0.87;8;7;2;3;0;0;12;0.0;1.0;1.0;0.0;1.0;1.0;1.0;0.0;1.0;0.0;1.0;3;0.045;0.25;463;0.0172786177105831;841.8181818181818;0.7058823529411765;21.818181818181817;7;0.1;9;-1;1;0.0319548872180451;0.1764705882352941;0.1833333333333333;4.0;1;2;3;1;0;0;0;1;0.1764705882352941;0.6;0.0056390977443609;5.666666666666667;0.0;0.0;0.0;0.0;0.0;0.0;0.0;1.0;0.0;1.0;0.0;0.0;0.0;0.0;0.0;0.0;0.0;0.0;0.0;0.0;1.0;0.0;0.0;1.0;0.0;0.0;0.0;0.0;0.0
2023-08-26;Arsenal;3;0;0;9;58;Fulham;0;5;19;8;11;3;0.72;0.28;680;0.9;6;5;0;4;0;1;8;0.0;1.0;1.0;1.0;0.0;1.0;1.0;0.0;1.0;1.0;1.0;3;0.035;0.0;612;0.0098039215686274;850.0;0.4210526315789473;11.11111111111111;11;0.4399999999999999;5;-5;1;0.0279411764705882;0.1052631578947368;0.36;4.0;0;2;2;0;1;0;0;1;0.1052631578947368;0.1818181818181818;0.0029411764705882;9.5;0.0;0.0;1.0;0.0;0.0;0.0;0.0;0.0;0.0;1.0;0.0;0.0;0.0;0.0;0.0;0.0;0.0;0.0;0.0;0.0;0.0;0.0;0.0;1.0;0.0;0.0;0.0;0.0;0.0
2023-08-21;Arsenal;3;0;3;9;65;Crystal Palace;2;2;14;14;3;2;0.54;0.46;489;0.86;10;14;1;2;1;0;8;0.0;1.0;1.0;0.0;0.0;1.0;1.0;0.0;1.0;0.0;1.0;1;0.0328571428571428;0.2;421;0.0237529691211401;779.6296296296296;0.5714285714285714;14.814814814814811;0;0.08;7;0;-4;0.0286298568507157;0.0714285714285714;0.54;8.0;0;1;1;1;0;0;1;0;0.0714285714285714;0.3333333333333333;0.0020449897750511;14.0;0.0;0.0;1.0;0.0;0.0;0.0;0.0;0.0;0.0;1.0;0.0;0.0;0.0;0.0;0.0;0.0;0.0;0.0;0.0;0.0;1.0;1.0;0.0;1.0;0.0;0.0;0.0;0.0;0.0
2023-08-12;Arsenal;3;0;6;9;55;Nottingham Forest;2;2;15;6;7;2;0.79;0.21;769;0.9;12;12;2;2;0;0;8;0.0;1.0;1.0;0.0;0.0;1.0;1.0;0.0;1.0;0.0;1.0;3;0.0349999999999999;0.1666666666666666;692;0.0173410404624277;875.9493670886076;0.5333333333333333;10.126582278481012;9;0.5800000000000001;5;0;0;0.0195058517555266;0.1333333333333333;0.395;4.0;2;0;2;1;0;0;0;1;0.1333333333333333;0.2857142857142857;0.0026007802340702;7.5;1.0;0.0;1.0;0.0;0.0;0.0;0.0;0.0;0.0;1.0;0.0;0.0;0.0;0.0;0.0;0.0;0.0;0.0;0.0;0.0;1.0;0.0;0.0;1.0;0.0;0.0;0.0;0.0;0.0
2023-08-06;Arsenal;-1;0;3;9;3;Manchester City;3;1;7;8;3;4;0.45;0.55;485;0.88;6;11;3;1;0;0;5;0.0;1.0;1.0;0.0;0.0;1.0;1.0;0.0;1.0;0.0;1.0;6;0.06875;0.5;427;0.0140515222482435;948.8888888888888;0.7142857142857143;11.11111111111111;-1;-0.1;-1;2;-5;0.0144329896907216;0.1428571428571428;0.45;5.0;0;1;1;0;1;0;0;1;0.1428571428571428;0.3333333333333333;0.002061855670103;7.0;1.0;0.0;1.0;0.0;0.0;0.0;0.0;1.0;0.0;1.0;0.0;0.0;0.0;0.0;0.0;0.0;0.0;0.0;0.0;0.0;0.0;0.0;0.0;1.0;0.0;0.0;0.0;0.0;0.0
2023-08-02;Arsenal;25;3;17;9;4;Mónaco;2;1;11;9;5;4;0.53;0.47;510;0.86;11;11;2;1;0;0;9;0.0;0.0;1.0;1.0;0.0;0.0;1.0;0.0;0.0;0.0;1.0;4;0.0522222222222222;0.1818181818181818;439;0.0250569476082004;828.3018867924528;0.8181818181818182;16.9811320754717;2;0.06;5;1;0;0.0215686274509803;0.0909090909090909;0.53;9.0;1;0;1;0;1;0;0;1;0.0909090909090909;0.2;0.0019607843137254;11.0;1.0;0.0;1.0;0.0;0.0;0.0;0.0;0.0;0.0;0.0;0.0;0.0;0.0;0.0;0.0;1.0;0.0;0.0;0.0;0.0;1.0;1.0;1.0;1.0;0.0;0.0;0.0;0.0;0.0
2023-07-26;Arsenal;6;0;0;9;10;Barcelona;3;1;20;9;9;4;0.4;0.6;285;0.82;22;12;3;1;0;0;5;0.0;1.0;1.0;0.0;0.0;1.0;0.0;0.0;1.0;1.0;0.0;2;0.0666666666666666;0.1363636363636363;234;0.094017094017094;585.0;0.25;12.5;11;-0.1999999999999999;3;2;10;0.0701754385964912;0.25;0.08;1.0;2;3;5;1;0;0;0;1;0.25;0.5555555555555556;0.0175438596491228;4.0;1.0;0.0;1.0;0.0;0.0;0.0;0.0;1.0;0.0;1.0;0.0;1.0;0.0;0.0;0.0;0.0;0.0;0.0;0.0;0.0;0.0;0.0;0.0;1.0;0.0;0.0;0.0;0.0;0.0
2023-07-22;Arsenal;6;0;3;9;62;Manchester United;1;2;8;10;4;3;0.55;0.45;453;0.87;15;22;1;2;0;0;4;0.0;0.0;1.0;0.0;0.0;1.0;1.0;0.0;1.0;0.0;1.0;1;0.045;0.0666666666666666;394;0.0380710659898477;716.3636363636363;0.5;7.272727272727272;-2;0.1;3;-1;-7;0.0176600441501103;0.0;0.0;0.0;0;0;0;0;0;1;0;1;0.0;0.0;0.0;0.0;1.0;0.0;0.0;0.0;0.0;0.0;0.0;1.0;0.0;1.0;0.0;0.0;0.0;0.0;0.0;0.0;0.0;0.0;0.0;0.0;1.0;1.0;0.0;1.0;0.0;0.0;0.0;0.0;0.0
2023-07-19;Arsenal;-1;0;0;9;-1;MLS All-Stars;2;4;16;7;5;1;0.56;0.44;461;0.87;12;18;2;4;0;0;3;0.0;1.0;1.0;1.0;0.0;0.0;0.0;0.0;1.0;1.0;0.0;2;0.0628571428571428;0.1666666666666666;401;0.0299251870324189;716.0714285714286;0.1875;5.357142857142857;9;0.12;1;-2;-6;0.0347071583514099;0.3125;0.112;0.6;2;3;5;1;0;0;1;0;0.3125;1.0;0.0108459869848156;3.2;0.0;0.0;0.0;0.0;1.0;0.0;0.0;1.0;0.0;0.0;0.0;1.0;0.0;0.0;0.0;1.0;0.0;0.0;0.0;0.0;1.0;0.0;0.0;1.0;0.0;0.0;0.0;0.0;0.0
2023-07-13;Arsenal;6;0;3;9;186;Nürnberg;1;2;17;12;4;2;0.66;0.34;624;0.9;11;7;1;2;0;0;3;0.0;1.0;1.0;1.0;0.0;0.0;0.0;0.0;1.0;1.0;0.0;3;0.0283333333333333;0.0909090909090909;562;0.0195729537366548;851.5151515151515;0.1764705882352941;4.545454545454545;5;0.32;0;-1;4;0.0272435897435897;0.0588235294117647;0.66;3.0;1;0;1;0;1;0;1;0;0.0588235294117647;0.25;0.0016025641025641;17.0;0.0;0.0;1.0;0.0;0.0;0.0;0.0;1.0;0.0;0.0;0.0;0.0;0.0;0.0;0.0;1.0;0.0;1.0;0.0;0.0;1.0;0.0;0.0;1.0;0.0;0.0;0.0;0.0;0.0
2023-05-28;Arsenal;3;0;0;9;67;Wolves;0;0;14;6;8;0;0.51;0.49;456;0.89;8;11;0;0;0;0;8;0.0;1.0;0.0;1.0;0.0;1.0;0.0;0.0;1.0;1.0;0.0;4;0.0816666666666666;0.0;406;0.0197044334975369;796.0784313725491;0.5714285714285714;15.68627450980392;8;0.02;4;0;-3;0.0307017543859649;0.3571428571428571;0.102;1.6;3;2;5;1;0;0;0;1;0.3571428571428571;0.625;0.0109649122807017;2.8;0.0;0.0;1.0;0.0;1.0;0.0;0.0;1.0;0.0;0.0;0.0;1.0;0.0;0.0;0.0;0.0;0.0;0.0;0.0;0.0;0.0;0.0;0.0;1.0;0.0;0.0;0.0;1.0;0.0
2023-05-20;Arsenal;3;0;17;9;55;Nottingham Forest;2;3;11;6;3;2;0.82;0.18;724;0.88;12;11;2;3;0;0;6;0.0;1.0;0.0;1.0;0.0;1.0;0.0;0.0;1.0;1.0;0.0;3;0.03;0.1666666666666666;637;0.0188383045525902;776.829268292683;0.5454545454545454;7.317073170731708;5;0.6399999999999999;3;-1;1;0.0151933701657458;0.0;0.0;0.0;0;0;0;0;0;1;1;0;0.0;0.0;0.0;0.0;0.0;0.0;1.0;0.0;1.0;0.0;0.0;1.0;0.0;0.0;0.0;1.0;0.0;0.0;0.0;0.0;0.0;0.0;0.0;0.0;0.0;0.0;0.0;1.0;0.0;0.0;0.0;1.0;0.0
2023-05-14;Arsenal;3;0;3;9;54;Brighton;1;2;14;12;2;6;0.4;0.6;360;0.76;13;17;1;2;0;0;5;0.0;1.0;0.0;1.0;0.0;1.0;0.0;0.0;1.0;0.0;1.0;2;0.0499999999999999;0.0769230769230769;274;0.0474452554744525;685.0;0.3571428571428571;12.5;2;-0.1999999999999999;3;-1;-4;0.0388888888888888;0.0;0.0;0.0;0;0;0;0;0;1;0;1;0.0;0.0;0.0;0.0;0.0;0.0;0.0;1.0;1.0;0.0;0.0;1.0;0.0;0.0;0.0;1.0;0.0;0.0;0.0;0.0;0.0;0.0;0.0;0.0;0.0;0.0;0.0;1.0;0.0;0.0;0.0;1.0;0.0
2023-05-07;Arsenal;3;0;0;9;60;Newcastle;1;2;10;12;6;5;0.45;0.55;346;0.79;12;16;1;2;0;0;4;0.0;1.0;0.0;1.0;1.0;1.0;0.0;0.0;1.0;0.0;1.0;9;0.0458333333333333;0.0833333333333333;273;0.0439560439560439;606.6666666666666;0.4;8.88888888888889;-2;-0.1;-5;-1;-4;0.0289017341040462;0.2;0.225;2.0;1;1;2;1;0;0;1;0;0.2;0.3333333333333333;0.0057803468208092;5.0;0.0;0.0;0.0;0.0;1.0;0.0;0.0;1.0;0.0;0.0;0.0;1.0;0.0;0.0;0.0;0.0;0.0;0.0;0.0;0.0;0.0;0.0;0.0;1.0;0.0;0.0;0.0;1.0;0.0
2023-04-26;Arsenal;3;0;0;9;3;Manchester City;1;3;8;14;2;9;0.48;0.52;457;0.84;13;13;1;3;0;0;3;0.0;1.0;0.0;0.0;1.0;1.0;0.0;0.0;1.0;0.0;1.0;1;0.0371428571428571;0.0769230769230769;384;0.0338541666666666;800.0;0.375;6.25;-6;-0.04;2;-2;0;0.0175054704595186;0.125;0.48;3.0;0;1;1;0;0;1;1;0;0.125;0.5;0.0021881838074398;8.0;0.0;0.0;1.0;0.0;0.0;0.0;0.0;1.0;0.0;0.0;0.0;1.0;0.0;0.0;0.0;0.0;0.0;0.0;0.0;0.0;0.0;0.0;0.0;1.0;0.0;0.0;0.0;1.0;1.0
2023-04-21;Arsenal;3;0;1;9;68;Southampton;1;5;25;8;6;6;0.75;0.25;670;0.86;10;14;1;5;0;0;7;0.0;1.0;0.0;0.0;1.0;1.0;0.0;0.0;1.0;0.0;1.0;2;0.03125;0.1;576;0.0173611111111111;768.0;0.28;9.333333333333334;17;0.5;5;-4;-4;0.0373134328358208;0.12;0.25;2.333333333333333;1;2;3;0;1;0;0;1;0.12;0.5;0.0044776119402985;8.333333333333334;0.0;0.0;1.0;0.0;0.0;0.0;0.0;1.0;0.0;0.0;0.0;1.0;0.0;0.0;0.0;1.0;0.0;0.0;0.0;0.0;0.0;0.0;0.0;1.0;0.0;0.0;0.0;0.0;1.0
2023-04-16;Arsenal;3;0;0;9;61;West Ham;2;1;11;16;5;3;0.72;0.28;601;0.87;8;11;2;1;0;0;2;0.0;1.0;0.0;0.0;0.0;1.0;0.0;0.0;1.0;0.0;1.0;7;0.0175;0.25;523;0.0152963671128107;726.3888888888889;0.1818181818181818;2.7777777777777777;-5;0.4399999999999999;-5;1;-3;0.0183028286189683;0.1818181818181818;0.36;1.0;2;0;2;0;1;0;1;0;0.1818181818181818;0.4;0.0033277870216306;5.5;0.0;0.0;1.0;1.0;0.0;0.0;0.0;1.0;0.0;0.0;0.0;1.0;0.0;0.0;0.0;0.0;0.0;0.0;0.0;0.0;0.0;0.0;0.0;1.0;0.0;0.0;0.0;1.0;1.0
2023-04-09;Arsenal;3;0;0;9;2;Liverpool;4;4;9;21;5;6;0.41;0.59;372;0.76;11;11;4;4;0;0;4;0.0;1.0;0.0;0.0;1.0;1.0;0.0;0.0;1.0;0.0;1.0;5;0.028095238095238;0.3636363636363636;283;0.03886925795053;690.2439024390244;0.4444444444444444;9.75609756097561;-12;-0.18;-1;0;0;0.0241935483870967;0.2222222222222222;0.205;2.0;2;0;2;0;1;0;1;0;0.2222222222222222;0.4;0.0053763440860215;4.5;0.0;0.0;1.0;0.0;0.0;0.0;0.0;1.0;0.0;0.0;0.0;1.0;0.0;0.0;0.0;0.0;0.0;0.0;0.0;0.0;0.0;0.0;0.0;1.0;0.0;0.0;0.0;1.0;1.0
2023-04-01;Arsenal;3;0;0;9;817;Leeds;0;2;13;7;6;5;0.68;0.32;636;0.85;11;13;0;2;0;0;4;0.0;1.0;0.0;0.0;1.0;1.0;0.0;0.0;0.0;1.0;1.0;3;0.0457142857142857;0.0;541;0.0203327171903881;795.5882352941176;0.3076923076923077;5.88235294117647;6;0.36;1;-2;-2;0.020440251572327;0.3076923076923077;0.17;1.0;1;3;4;1;0;0;0;1;0.3076923076923077;0.6666666666666666;0.0062893081761006;3.25;0.0;0.0;1.0;0.0;0.0;0.0;0.0;1.0;0.0;0.0;0.0;1.0;0.0;0.0;0.0;0.0;0.0;0.0;0.0;0.0;0.0;0.0;0.0;1.0;0.0;0.0;0.0;1.0;1.0
2023-03-19;Arsenal;3;0;3;9;65;Crystal Palace;0;1;15;9;5;5;0.63;0.37;587;0.86;8;10;0;1;0;0;5;0.0;1.0;0.0;0.0;1.0;1.0;0.0;0.0;1.0;1.0;1.0;4;0.0411111111111111;0.0;505;0.0158415841584158;801.5873015873016;0.3333333333333333;7.936507936507937;6;0.26;1;-1;-2;0.0255536626916524;0.2666666666666666;0.1575;1.25;2;2;4;1;0;0;0;1;0.2666666666666666;0.8;0.0068143100511073;3.75;0.0;0.0;1.0;0.0;0.0;0.0;0.0;1.0;0.0;0.0;0.0;0.0;0.0;0.0;0.0;0.0;0.0;0.0;0.0;0.0;0.0;0.0;0.0;1.0;0.0;0.0;0.0;1.0;1.0
2023-03-16;Arsenal;5;0;6;9;8;Sporting Lisboa;3;2;13;15;9;2;0.53;0.47;647;0.83;10;13;3;1;0;1;5;0.0;0.0;1.0;0.0;1.0;0.0;0.0;0.0;0.0;0.0;1.0;7;0.0313333333333333;0.3;537;0.0186219739292365;1013.2075471698112;0.3846153846153846;9.433962264150942;-2;0.06;-2;1;-3;0.0200927357032457;0.0769230769230769;0.53;5.0;1;0;1;0;1;0;0;1;0.0769230769230769;0.1111111111111111;0.0015455950540958;13.0;0.0;0.0;0.0;0.0;1.0;0.0;0.0;1.0;0.0;0.0;0.0;1.0;0.0;0.0;0.0;1.0;0.0;1.0;0.0;0.0;0.0;1.0;0.0;1.0;0.0;0.0;0.0;1.0;0.0
