Fecha;Equipo_name;Torneo;Alineacion;Alineacion_contrincante;equipo;equipo_contrincante;equipo_contrincante_name;tarjetas;tarjetas_contrincante;Remates;Remates_contrincante;Remates al arco;Remates al arco_contrincante;Posesión;Posesión_contrincante;Pases;Precisión de los pases;Faltas;Faltas_contrincante;Tarjetas amarillas;Tarjetas amarillas_contrincante;Tarjetas rojas;Tarjetas rojas_contrincante;Tiros de esquina;Damián Emiliano Martínez-Aston Villa;Matty Cash-Aston Villa;Ezri Konsa-Aston Villa;Tyrone Mings-Aston Villa;Ian Maatsen-Aston Villa;Boubacar Kamara-Aston Villa;Youri Tielemans-Aston Villa;Morgan Rogers-Aston Villa;Marco Asensio-Aston Villa;John McGinn-Aston Villa;Ollie Watkins-Aston Villa;Tiros de esquina_concedidos;Posesión_contra_por_remate;tarjetas_por_falta;pases_completados;faltas_por_pases;pases_por_posesion;tirosEsquina_por_remate;tirosEsquina_por_posesion;diff_remates;diff_posesion;diff_Tiros de esquina;diff_tarjetas;diff_faltas;remates_por_pase;posesion_por_remate;posesion_por_gol;tirosEsquina_por_gol;goles_primera_mitad;goles_segunda_mitad;goles_totales;gano;empato;perdio;visitante;local;conversion_goles;conversion_arco;goles_por_pase;remates_al_arco_por_gol;Pau Torres-Aston Villa;Lucas Digne-Aston Villa;Amadou Onana-Aston Villa;Marcus Rashford-Aston Villa;Jacob Ramsey-Aston Villa;Andrés García Robledo-Aston Villa;Axel Disasi-Aston Villa;Donyell Malen-Aston Villa;Robin Olsen-Aston Villa;Leon Bailey-Aston Villa;Lamare Bogarde-Aston Villa;Emiliano Buendía-Aston Villa;Ross Barkley-Aston Villa;Diego Carlos-Aston Villa;Jhon Durán-Aston Villa;Jaden Philogene-Aston Villa;Joe Gauci-Aston Villa;Kosta Nedeljković-Aston Villa;Sil Swinkels-Aston Villa;Kadan Young-Aston Villa;Douglas Luiz-Aston Villa;Moussa Diaby-Aston Villa;Clément Lenglet-Aston Villa;Nicolò Zaniolo-Aston Villa;Tim Iroegbunam-Aston Villa;Alexandre Moreno Lopera-Aston Villa;Leander Dendoncker-Aston Villa;Filip Marschall-Aston Villa;Calum Chambers-Aston Villa
2025-04-19;Aston Villa;3;3;0;1;60;Newcastle;1;3;23;10;9;3;0.48;0.52;409;0.84;9;12;1;3;0;0;7;1.0;1.0;1.0;1.0;1.0;1.0;1.0;1.0;1.0;1.0;1.0;7;0.052000000000000005;0.1111111111111111;344;0.02616279069767442;716.6666666666667;0.30434782608695654;14.583333333333334;13;-0.040000000000000036;0;-2;-3;0.05623471882640587;0.17391304347826086;0.12;1.75;1;3;4;1;0;0;0;1;0.17391304347826086;0.4444444444444444;0.009779951100244499;5.75;0.0;0.0;0.0;0.0;0.0;0.0;0.0;0.0;0.0;0.0;0.0;0.0;0.0;0.0;0.0;0.0;0.0;0.0;0.0;0.0;0.0;0.0;0.0;0.0;0.0;0.0;0.0;0.0;0.0
2025-04-15;Aston Villa;0;3;0;1;19;PSG;1;0;17;14;9;7;0.34;0.66;301;0.76;15;3;1;0;0;0;5;1.0;1.0;1.0;0.0;0.0;1.0;1.0;1.0;0.0;1.0;0.0;5;0.047142857142857146;0.06666666666666667;229;0.06550218340611354;673.5294117647059;0.29411764705882354;14.705882352941176;3;-0.32;0;1;12;0.05647840531561462;0.17647058823529413;0.11333333333333334;1.6666666666666667;1;2;3;1;0;0;0;1;0.17647058823529413;0.3333333333333333;0.009966777408637873;5.666666666666667;1.0;1.0;1.0;1.0;0.0;0.0;0.0;0.0;0.0;0.0;0.0;0.0;0.0;0.0;0.0;0.0;0.0;0.0;0.0;0.0;0.0;0.0;0.0;0.0;0.0;0.0;0.0;0.0;0.0
2025-04-12;Aston Villa;3;3;6;1;68;Southampton;1;3;25;7;10;2;0.61;0.39;537;0.92;4;11;1;3;0;0;13;1.0;1.0;1.0;1.0;1.0;0.0;1.0;1.0;1.0;0.0;0.0;2;0.055714285714285716;0.25;494;0.008097165991902834;809.8360655737705;0.52;21.311475409836067;18;0.21999999999999997;11;-2;-7;0.04655493482309125;0.12;0.20333333333333334;4.333333333333333;0;3;3;1;0;0;1;0;0.12;0.3;0.00558659217877095;8.333333333333334;0.0;0.0;1.0;1.0;1.0;0.0;0.0;0.0;0.0;0.0;0.0;0.0;0.0;0.0;0.0;0.0;0.0;0.0;0.0;0.0;0.0;0.0;0.0;0.0;0.0;0.0;0.0;0.0;0.0
2025-04-09;Aston Villa;0;3;0;1;19;PSG;1;0;7;29;2;10;0.24;0.76;271;0.75;8;9;1;0;0;0;1;1.0;1.0;1.0;0.0;0.0;1.0;1.0;1.0;0.0;1.0;0.0;9;0.02620689655172414;0.125;203;0.03940886699507389;845.8333333333334;0.14285714285714285;4.166666666666667;-22;-0.52;-8;1;-1;0.025830258302583026;0.14285714285714285;0.24;1.0;1;0;1;0;0;1;1;0;0.14285714285714285;0.5;0.0036900369003690036;7.0;1.0;1.0;0.0;1.0;1.0;0.0;0.0;0.0;0.0;0.0;0.0;0.0;0.0;0.0;0.0;0.0;0.0;0.0;0.0;0.0;0.0;0.0;0.0;0.0;0.0;0.0;0.0;0.0;0.0
2025-04-05;Aston Villa;3;3;29;1;55;Nottingham Forest;2;2;17;19;8;3;0.53;0.47;429;0.84;7;15;2;2;0;0;4;1.0;0.0;0.0;1.0;1.0;0.0;1.0;1.0;1.0;0.0;1.0;4;0.024736842105263158;0.2857142857142857;360;0.019444444444444445;679.2452830188679;0.23529411764705882;7.547169811320754;-2;0.06000000000000005;0;0;-8;0.039627039627039624;0.11764705882352941;0.265;2.0;2;0;2;1;0;0;0;1;0.11764705882352941;0.25;0.004662004662004662;8.5;0.0;0.0;1.0;0.0;0.0;1.0;1.0;1.0;0.0;0.0;0.0;0.0;0.0;0.0;0.0;0.0;0.0;0.0;0.0;0.0;0.0;0.0;0.0;0.0;0.0;0.0;0.0;0.0;0.0
2025-04-02;Aston Villa;3;3;3;1;54;Brighton;3;2;8;11;5;4;0.44;0.56;383;0.83;11;16;3;2;0;0;0;1.0;1.0;1.0;0.0;0.0;1.0;1.0;1.0;0.0;1.0;0.0;4;0.05090909090909091;0.2727272727272727;318;0.03459119496855346;722.7272727272727;0.0;0.0;-3;-0.12000000000000005;-4;1;-5;0.020887728459530026;0.375;0.14666666666666667;0.0;0;3;3;1;0;0;1;0;0.375;0.6;0.007832898172323759;2.6666666666666665;1.0;1.0;0.0;1.0;1.0;0.0;0.0;0.0;0.0;0.0;0.0;0.0;0.0;0.0;0.0;0.0;0.0;0.0;0.0;0.0;0.0;0.0;0.0;0.0;0.0;0.0;0.0;0.0;0.0
2025-03-30;Aston Villa;15;3;2;1;835;Preston;0;2;16;4;7;1;0.72;0.28;516;0.88;7;17;0;2;0;0;9;1.0;1.0;1.0;1.0;0.0;1.0;1.0;1.0;1.0;0.0;0.0;0;0.07;0.0;454;0.015418502202643172;630.5555555555555;0.5625;12.5;12;0.43999999999999995;9;-2;-10;0.031007751937984496;0.1875;0.24;3.0;0;3;3;1;0;0;1;0;0.1875;0.42857142857142855;0.005813953488372093;5.333333333333333;0.0;1.0;0.0;1.0;1.0;0.0;0.0;0.0;0.0;0.0;0.0;0.0;0.0;0.0;0.0;0.0;0.0;0.0;0.0;0.0;0.0;0.0;0.0;0.0;0.0;0.0;0.0;0.0;0.0
2025-03-12;Aston Villa;0;3;3;1;26;Club Brujas;0;2;14;4;10;1;0.54;0.46;543;0.93;7;8;0;1;0;1;3;1.0;1.0;1.0;1.0;1.0;1.0;1.0;1.0;0.0;1.0;1.0;1;0.115;0.0;505;0.013861386138613862;935.1851851851851;0.21428571428571427;5.555555555555555;10;0.08000000000000002;2;-2;-1;0.02578268876611418;0.21428571428571427;0.18000000000000002;1.0;0;3;3;1;0;0;0;1;0.21428571428571427;0.3;0.0055248618784530384;4.666666666666667;0.0;0.0;0.0;1.0;0.0;0.0;0.0;0.0;0.0;0.0;0.0;0.0;0.0;0.0;0.0;0.0;0.0;0.0;0.0;0.0;0.0;0.0;0.0;0.0;0.0;0.0;0.0;0.0;0.0
2025-03-08;Aston Villa;3;3;3;1;57;Brentford;2;2;12;13;4;3;0.4;0.6;316;0.75;5;10;2;2;0;0;5;0.0;0.0;1.0;1.0;0.0;0.0;1.0;1.0;0.0;1.0;1.0;6;0.04615384615384615;0.4;237;0.02109704641350211;592.5;0.4166666666666667;12.5;-1;-0.19999999999999996;-1;0;-5;0.0379746835443038;0.08333333333333333;0.4;5.0;0;1;1;1;0;0;1;0;0.08333333333333333;0.25;0.0031645569620253164;12.0;0.0;1.0;0.0;0.0;1.0;0.0;1.0;0.0;1.0;1.0;0.0;0.0;0.0;0.0;0.0;0.0;0.0;0.0;0.0;0.0;0.0;0.0;0.0;0.0;0.0;0.0;0.0;0.0;0.0
2025-03-04;Aston Villa;0;3;3;1;26;Club Brujas;0;0;7;11;4;3;0.44;0.56;409;0.86;10;8;0;0;0;0;1;1.0;0.0;1.0;1.0;0.0;0.0;1.0;1.0;0.0;1.0;1.0;3;0.05090909090909091;0.0;352;0.028409090909090908;800.0;0.14285714285714285;2.272727272727273;-4;-0.12000000000000005;-2;0;2;0.017114914425427872;0.42857142857142855;0.14666666666666667;0.3333333333333333;1;2;3;1;0;0;1;0;0.42857142857142855;0.75;0.007334963325183374;2.3333333333333335;0.0;1.0;0.0;1.0;0.0;0.0;1.0;0.0;0.0;1.0;0.0;0.0;0.0;0.0;0.0;0.0;0.0;0.0;0.0;0.0;0.0;0.0;0.0;0.0;0.0;0.0;0.0;0.0;0.0
2025-02-28;Aston Villa;15;3;17;1;837;Cardiff;0;0;25;4;10;1;0.68;0.32;604;0.92;10;9;0;0;0;0;12;1.0;0.0;1.0;0.0;1.0;0.0;1.0;0.0;1.0;1.0;1.0;0;0.08;0.0;556;0.017985611510791366;817.6470588235294;0.48;17.64705882352941;21;0.36000000000000004;12;0;1;0.041390728476821195;0.08;0.34;6.0;0;2;2;1;0;0;0;1;0.08;0.2;0.0033112582781456954;12.5;0.0;0.0;0.0;1.0;0.0;1.0;0.0;0.0;0.0;1.0;1.0;0.0;0.0;0.0;0.0;0.0;0.0;0.0;0.0;0.0;0.0;0.0;0.0;0.0;0.0;0.0;0.0;0.0;0.0
2025-02-25;Aston Villa;3;6;17;1;65;Crystal Palace;1;3;6;19;2;6;0.65;0.35;468;0.86;10;19;1;3;0;0;8;1.0;0.0;1.0;0.0;0.0;0.0;1.0;1.0;0.0;1.0;1.0;3;0.018421052631578946;0.1;402;0.024875621890547265;618.4615384615385;1.3333333333333333;12.307692307692307;-13;0.30000000000000004;5;-2;-9;0.01282051282051282;0.16666666666666666;0.65;8.0;0;1;1;0;0;1;1;0;0.16666666666666666;0.5;0.002136752136752137;6.0;0.0;1.0;0.0;0.0;1.0;1.0;1.0;0.0;0.0;0.0;1.0;0.0;0.0;0.0;0.0;0.0;0.0;0.0;0.0;0.0;0.0;0.0;0.0;0.0;0.0;0.0;0.0;0.0;0.0
2025-02-22;Aston Villa;3;3;3;1;53;Chelsea;1;3;12;15;6;7;0.53;0.47;484;0.86;15;16;1;3;0;0;2;1.0;1.0;1.0;1.0;1.0;0.0;1.0;1.0;1.0;1.0;1.0;3;0.03133333333333333;0.06666666666666667;416;0.036057692307692304;784.9056603773585;0.16666666666666666;3.773584905660377;-3;0.06000000000000005;-1;-2;-1;0.024793388429752067;0.16666666666666666;0.265;1.0;0;2;2;1;0;0;0;1;0.16666666666666666;0.3333333333333333;0.004132231404958678;6.0;0.0;0.0;0.0;0.0;1.0;0.0;0.0;0.0;0.0;0.0;0.0;0.0;0.0;0.0;0.0;0.0;0.0;0.0;0.0;0.0;0.0;0.0;0.0;0.0;0.0;0.0;0.0;0.0;0.0
2025-02-19;Aston Villa;3;3;3;1;2;Liverpool;1;0;9;17;4;3;0.53;0.47;449;0.84;8;6;1;0;0;0;6;1.0;0.0;0.0;1.0;0.0;0.0;1.0;1.0;1.0;1.0;1.0;8;0.02764705882352941;0.125;377;0.021220159151193633;711.3207547169811;0.6666666666666666;11.320754716981131;-8;0.06000000000000005;-2;1;2;0.0200445434298441;0.2222222222222222;0.265;3.0;2;0;2;0;1;0;0;1;0.2222222222222222;0.5;0.004454342984409799;4.5;0.0;1.0;0.0;1.0;0.0;1.0;1.0;0.0;0.0;0.0;0.0;0.0;0.0;0.0;0.0;0.0;0.0;0.0;0.0;0.0;0.0;0.0;0.0;0.0;0.0;0.0;0.0;0.0;0.0
2025-02-15;Aston Villa;3;3;3;1;66;Ipswich;0;4;25;4;6;3;0.76;0.24;666;0.9;7;11;0;3;0;1;16;1.0;0.0;0.0;0.0;0.0;1.0;1.0;1.0;0.0;1.0;1.0;1;0.06;0.0;599;0.011686143572621035;788.1578947368421;0.64;21.05263157894737;21;0.52;15;-4;-4;0.03753753753753754;0.04;0.76;16.0;0;1;1;0;1;0;0;1;0.04;0.16666666666666666;0.0015015015015015015;25.0;0.0;1.0;0.0;0.0;1.0;1.0;1.0;1.0;0.0;0.0;0.0;0.0;0.0;0.0;0.0;0.0;0.0;0.0;0.0;0.0;0.0;0.0;0.0;0.0;0.0;0.0;0.0;0.0;0.0
2025-02-09;Aston Villa;15;3;3;1;56;Tottenham;0;3;16;11;7;5;0.52;0.48;441;0.87;11;17;0;3;0;0;4;1.0;0.0;1.0;0.0;0.0;1.0;1.0;1.0;0.0;1.0;0.0;5;0.04363636363636363;0.0;384;0.028645833333333332;738.4615384615385;0.25;7.692307692307692;5;0.040000000000000036;-1;-3;-6;0.036281179138321996;0.125;0.26;2.0;1;1;2;1;0;0;0;1;0.125;0.2857142857142857;0.0045351473922902496;8.0;0.0;1.0;0.0;0.0;1.0;1.0;0.0;1.0;0.0;1.0;0.0;0.0;0.0;0.0;0.0;0.0;0.0;0.0;0.0;0.0;0.0;0.0;0.0;0.0;0.0;0.0;0.0;0.0;0.0
2025-02-01;Aston Villa;3;3;17;1;67;Wolves;3;2;10;8;3;5;0.69;0.31;554;0.88;13;20;3;2;0;0;8;1.0;0.0;1.0;0.0;0.0;1.0;1.0;1.0;0.0;1.0;1.0;5;0.03875;0.23076923076923078;488;0.02663934426229508;707.2463768115942;0.8;11.594202898550726;2;0.37999999999999995;3;1;-7;0.018050541516245487;0.0;0.0;0.0;0;0;0;0;0;1;1;0;0.0;0.0;0.0;0.0;0.0;1.0;0.0;0.0;1.0;1.0;0.0;0.0;0.0;0.0;1.0;0.0;0.0;0.0;0.0;0.0;0.0;0.0;0.0;0.0;0.0;0.0;0.0;0.0;0.0;0.0;0.0;0.0;0.0
2025-01-29;Aston Villa;0;3;0;1;20;Celtic F. C.;0;0;20;6;8;4;0.59;0.41;507;0.88;4;15;0;0;0;0;4;1.0;1.0;1.0;0.0;0.0;1.0;1.0;1.0;0.0;0.0;1.0;4;0.06833333333333333;0.0;446;0.008968609865470852;755.9322033898305;0.2;6.779661016949153;14;0.18;0;0;-11;0.03944773175542406;0.2;0.1475;1.0;2;2;4;1;0;0;0;1;0.2;0.5;0.007889546351084813;5.0;0.0;1.0;0.0;0.0;1.0;0.0;0.0;0.0;0.0;1.0;1.0;0.0;0.0;0.0;0.0;0.0;0.0;0.0;0.0;0.0;0.0;0.0;0.0;0.0;0.0;0.0;0.0;0.0;0.0
2025-01-26;Aston Villa;3;3;17;1;61;West Ham;2;3;14;14;4;4;0.45;0.55;378;0.81;13;16;2;3;0;0;4;1.0;1.0;1.0;1.0;0.0;1.0;1.0;1.0;0.0;0.0;1.0;3;0.03928571428571429;0.15384615384615385;306;0.042483660130718956;680.0;0.2857142857142857;8.88888888888889;0;-0.10000000000000003;1;-1;-3;0.037037037037037035;0.07142857142857142;0.45;4.0;1;0;1;0;1;0;0;1;0.07142857142857142;0.25;0.0026455026455026454;14.0;0.0;1.0;0.0;0.0;1.0;0.0;0.0;0.0;0.0;1.0;0.0;0.0;0.0;0.0;0.0;0.0;0.0;0.0;0.0;0.0;0.0;0.0;0.0;0.0;0.0;0.0;0.0;0.0;0.0
2025-01-21;Aston Villa;0;3;3;1;4;Mónaco;3;1;10;12;5;4;0.61;0.39;508;0.83;14;14;3;1;0;0;7;1.0;1.0;1.0;1.0;0.0;1.0;1.0;1.0;0.0;0.0;1.0;4;0.0325;0.21428571428571427;422;0.03317535545023697;691.8032786885246;0.7;11.475409836065573;-2;0.21999999999999997;3;2;0;0.01968503937007874;0.0;0.0;0.0;0;0;0;0;0;1;1;0;0.0;0.0;0.0;0.0;0.0;1.0;0.0;0.0;0.0;0.0;0.0;0.0;0.0;1.0;0.0;1.0;0.0;0.0;0.0;0.0;0.0;0.0;0.0;0.0;0.0;0.0;0.0;0.0;0.0;0.0;0.0;0.0;0.0
2025-01-18;Aston Villa;3;3;0;1;9;Arsenal;3;2;8;18;4;6;0.34;0.66;262;0.73;18;10;3;2;0;0;1;1.0;1.0;1.0;1.0;1.0;1.0;1.0;1.0;0.0;0.0;1.0;10;0.03666666666666667;0.16666666666666666;191;0.09424083769633508;561.7647058823529;0.125;2.941176470588235;-10;-0.32;-9;1;8;0.030534351145038167;0.25;0.17;0.5;0;2;2;0;1;0;1;0;0.25;0.5;0.007633587786259542;4.0;0.0;0.0;1.0;0.0;1.0;0.0;0.0;0.0;0.0;0.0;0.0;0.0;0.0;0.0;0.0;0.0;0.0;0.0;0.0;0.0;0.0;0.0;0.0;0.0;0.0;0.0;0.0;0.0;0.0
2025-01-15;Aston Villa;3;3;3;1;64;Everton;1;2;11;10;3;3;0.51;0.49;436;0.82;10;17;1;2;0;0;5;1.0;1.0;1.0;1.0;0.0;1.0;1.0;1.0;0.0;0.0;1.0;8;0.049;0.1;358;0.027932960893854747;701.9607843137255;0.45454545454545453;9.803921568627452;1;0.020000000000000018;-3;-1;-7;0.02522935779816514;0.09090909090909091;0.51;5.0;0;1;1;1;0;0;1;0;0.09090909090909091;0.3333333333333333;0.0022935779816513763;11.0;0.0;1.0;1.0;0.0;1.0;0.0;0.0;0.0;0.0;0.0;0.0;0.0;0.0;0.0;0.0;0.0;0.0;0.0;0.0;0.0;0.0;0.0;0.0;0.0;0.0;0.0;0.0;0.0;0.0
2025-01-10;Aston Villa;15;3;3;1;61;West Ham;1;1;16;11;5;2;0.6;0.4;477;0.87;14;6;1;1;0;0;9;0.0;1.0;1.0;1.0;1.0;1.0;1.0;1.0;0.0;0.0;1.0;4;0.03636363636363637;0.07142857142857142;415;0.033734939759036145;691.6666666666667;0.5625;15.0;5;0.19999999999999996;5;0;8;0.033542976939203356;0.125;0.3;4.5;0;2;2;1;0;0;0;1;0.125;0.4;0.0041928721174004195;8.0;0.0;0.0;0.0;0.0;0.0;0.0;0.0;0.0;1.0;1.0;0.0;0.0;1.0;0.0;0.0;0.0;0.0;0.0;0.0;0.0;0.0;0.0;0.0;0.0;0.0;0.0;0.0;0.0;0.0
2025-01-04;Aston Villa;3;3;3;1;63;Leicester City;0;1;13;4;5;2;0.61;0.39;616;0.89;10;11;0;1;0;0;6;1.0;1.0;1.0;1.0;0.0;1.0;1.0;0.0;0.0;1.0;1.0;2;0.0975;0.0;548;0.01824817518248175;898.360655737705;0.46153846153846156;9.836065573770492;9;0.21999999999999997;4;-1;-1;0.021103896103896104;0.15384615384615385;0.305;3.0;0;2;2;1;0;0;0;1;0.15384615384615385;0.4;0.003246753246753247;6.5;0.0;1.0;0.0;0.0;0.0;0.0;0.0;0.0;0.0;1.0;0.0;0.0;1.0;0.0;0.0;0.0;0.0;0.0;0.0;0.0;0.0;0.0;0.0;0.0;0.0;0.0;0.0;0.0;0.0
2024-12-30;Aston Villa;3;3;3;1;54;Brighton;2;3;20;13;4;4;0.6;0.4;486;0.84;9;14;2;3;0;0;12;1.0;0.0;1.0;0.0;0.0;1.0;1.0;1.0;0.0;1.0;1.0;3;0.03076923076923077;0.2222222222222222;408;0.022058823529411766;680.0;0.6;20.0;7;0.19999999999999996;9;-1;-5;0.0411522633744856;0.1;0.3;6.0;1;1;2;0;1;0;0;1;0.1;0.5;0.00411522633744856;10.0;1.0;1.0;0.0;0.0;0.0;0.0;0.0;0.0;0.0;1.0;0.0;0.0;0.0;1.0;0.0;0.0;0.0;0.0;0.0;0.0;0.0;0.0;0.0;0.0;0.0;0.0;0.0;0.0;0.0
2024-12-26;Aston Villa;3;3;0;1;60;Newcastle;2;2;4;22;1;8;0.37;0.63;316;0.8;10;15;1;2;1;0;6;1.0;1.0;1.0;0.0;0.0;1.0;1.0;1.0;0.0;1.0;0.0;9;0.028636363636363637;0.2;253;0.039525691699604744;683.7837837837837;1.5;16.216216216216218;-18;-0.26;-3;0;-5;0.012658227848101266;0.0;0.0;0.0;0;0;0;0;0;1;1;0;0.0;0.0;0.0;0.0;1.0;1.0;1.0;0.0;0.0;0.0;0.0;0.0;0.0;0.0;0.0;0.0;0.0;0.0;1.0;0.0;0.0;0.0;0.0;0.0;0.0;0.0;0.0;0.0;0.0;0.0;0.0;0.0;0.0
2024-12-21;Aston Villa;3;3;3;1;3;Manchester City;3;3;11;12;6;6;0.43;0.57;428;0.86;14;7;3;3;0;0;5;1.0;1.0;1.0;0.0;0.0;1.0;1.0;1.0;0.0;1.0;0.0;4;0.047499999999999994;0.21428571428571427;368;0.03804347826086957;855.8139534883721;0.45454545454545453;11.627906976744185;-1;-0.13999999999999996;1;0;7;0.02570093457943925;0.18181818181818182;0.215;2.5;1;1;2;1;0;0;0;1;0.18181818181818182;0.3333333333333333;0.004672897196261682;5.5;1.0;1.0;1.0;0.0;0.0;0.0;0.0;0.0;0.0;0.0;0.0;0.0;0.0;0.0;1.0;0.0;0.0;0.0;0.0;0.0;0.0;0.0;0.0;0.0;0.0;0.0;0.0;0.0;0.0
2024-12-14;Aston Villa;3;3;3;1;55;Nottingham Forest;1;0;8;17;2;6;0.49;0.51;468;0.88;6;12;1;0;0;0;3;1.0;1.0;1.0;0.0;0.0;1.0;1.0;1.0;0.0;1.0;0.0;4;0.03;0.16666666666666666;412;0.014563106796116505;840.8163265306123;0.375;6.122448979591836;-9;-0.020000000000000018;-1;1;-6;0.017094017094017096;0.125;0.49;3.0;0;1;1;0;0;1;1;0;0.125;0.5;0.002136752136752137;8.0;1.0;1.0;0.0;0.0;0.0;0.0;0.0;0.0;0.0;0.0;0.0;0.0;0.0;1.0;1.0;0.0;0.0;0.0;0.0;0.0;0.0;0.0;0.0;0.0;0.0;0.0;0.0;0.0;0.0
2024-12-10;Aston Villa;0;3;1;1;31;RB Leipzig;2;1;19;17;8;6;0.54;0.46;509;0.85;7;12;2;1;0;0;7;1.0;1.0;1.0;0.0;0.0;1.0;1.0;1.0;0.0;1.0;1.0;5;0.027058823529411767;0.2857142857142857;433;0.016166281755196306;801.8518518518518;0.3684210526315789;12.962962962962962;2;0.08000000000000002;2;1;-5;0.03732809430255403;0.15789473684210525;0.18000000000000002;2.3333333333333335;1;2;3;1;0;0;1;0;0.15789473684210525;0.375;0.005893909626719057;6.333333333333333;1.0;1.0;0.0;0.0;0.0;0.0;0.0;0.0;0.0;0.0;0.0;0.0;0.0;1.0;0.0;0.0;0.0;0.0;0.0;0.0;0.0;0.0;0.0;0.0;0.0;0.0;0.0;0.0;0.0
2024-12-07;Aston Villa;3;3;4;1;68;Southampton;1;3;18;4;5;0;0.47;0.53;421;0.86;18;15;1;3;0;0;14;1.0;0.0;1.0;0.0;1.0;1.0;1.0;1.0;0.0;1.0;0.0;1;0.1325;0.05555555555555555;362;0.049723756906077346;770.2127659574469;0.7777777777777778;29.787234042553195;14;-0.06000000000000005;13;-2;3;0.04275534441805225;0.05555555555555555;0.47;14.0;1;0;1;1;0;0;0;1;0.05555555555555555;0.2;0.0023752969121140144;18.0;1.0;0.0;0.0;0.0;0.0;0.0;0.0;0.0;0.0;1.0;0.0;0.0;0.0;1.0;1.0;0.0;0.0;0.0;0.0;0.0;0.0;0.0;0.0;0.0;0.0;0.0;0.0;0.0;0.0
2024-12-01;Aston Villa;3;3;3;1;53;Chelsea;2;2;10;17;4;8;0.35;0.65;352;0.84;6;21;2;2;0;0;4;1.0;1.0;1.0;0.0;0.0;1.0;1.0;1.0;0.0;1.0;1.0;3;0.03823529411764706;0.3333333333333333;296;0.02027027027027027;845.7142857142858;0.4;11.428571428571429;-7;-0.30000000000000004;1;0;-15;0.028409090909090908;0.0;0.0;0.0;0;0;0;0;0;1;1;0;0.0;0.0;0.0;0.0;1.0;1.0;0.0;0.0;0.0;0.0;0.0;0.0;0.0;0.0;0.0;0.0;0.0;0.0;0.0;1.0;0.0;0.0;0.0;0.0;0.0;0.0;0.0;0.0;0.0;0.0;0.0;0.0;0.0
2024-11-27;Aston Villa;0;3;3;1;14;Juventus;3;3;11;8;3;2;0.45;0.55;410;0.87;13;14;3;3;0;0;3;1.0;1.0;0.0;0.0;0.0;1.0;1.0;1.0;0.0;1.0;1.0;3;0.06875;0.23076923076923078;357;0.036414565826330535;793.3333333333333;0.2727272727272727;6.666666666666666;3;-0.10000000000000003;0;0;-1;0.026829268292682926;0.0;0.0;0.0;0;0;0;0;1;0;0;1;0.0;0.0;0.0;0.0;1.0;1.0;0.0;0.0;0.0;0.0;0.0;0.0;0.0;1.0;0.0;0.0;0.0;1.0;0.0;0.0;0.0;0.0;0.0;0.0;0.0;0.0;0.0;0.0;0.0;0.0;0.0;0.0;0.0
2024-11-23;Aston Villa;3;3;17;1;65;Crystal Palace;3;2;17;13;5;6;0.7;0.3;617;0.86;10;11;3;2;0;0;10;1.0;0.0;0.0;0.0;1.0;0.0;1.0;1.0;0.0;1.0;1.0;1;0.023076923076923075;0.3;531;0.018832391713747645;758.5714285714287;0.5882352941176471;14.285714285714286;4;0.39999999999999997;9;1;-1;0.027552674230145867;0.11764705882352941;0.35;5.0;1;1;2;0;1;0;0;1;0.11764705882352941;0.4;0.0032414910858995136;8.5;1.0;0.0;0.0;0.0;0.0;0.0;0.0;0.0;0.0;1.0;1.0;0.0;1.0;1.0;0.0;0.0;0.0;0.0;0.0;0.0;0.0;0.0;0.0;0.0;0.0;0.0;0.0;0.0;0.0
2024-11-06;Aston Villa;0;3;3;1;26;Club Brujas;4;2;8;13;1;7;0.57;0.43;545;0.9;12;12;4;2;0;0;3;1.0;0.0;1.0;1.0;1.0;1.0;1.0;1.0;0.0;1.0;1.0;2;0.03307692307692307;0.3333333333333333;490;0.024489795918367346;859.6491228070176;0.375;5.2631578947368425;-5;0.13999999999999996;1;2;0;0.014678899082568808;0.0;0.0;0.0;0;0;0;0;0;1;1;0;0.0;0.0;0.0;0.0;0.0;0.0;0.0;0.0;0.0;0.0;0.0;0.0;0.0;1.0;0.0;0.0;0.0;1.0;0.0;0.0;0.0;0.0;0.0;0.0;0.0;0.0;0.0;0.0;0.0;0.0;0.0;0.0;0.0
2024-11-03;Aston Villa;3;3;0;1;56;Tottenham;0;2;12;16;1;6;0.48;0.52;386;0.83;14;14;0;2;0;0;4;1.0;1.0;1.0;0.0;0.0;0.0;1.0;1.0;0.0;1.0;1.0;6;0.0325;0.0;320;0.04375;666.6666666666667;0.3333333333333333;8.333333333333334;-4;-0.040000000000000036;-2;-2;0;0.031088082901554404;0.08333333333333333;0.48;4.0;1;0;1;0;0;1;1;0;0.08333333333333333;1.0;0.0025906735751295338;12.0;1.0;1.0;1.0;0.0;1.0;0.0;0.0;0.0;0.0;0.0;0.0;0.0;0.0;0.0;0.0;0.0;0.0;0.0;0.0;0.0;0.0;0.0;0.0;0.0;0.0;0.0;0.0;0.0;0.0
2024-10-30;Aston Villa;14;3;17;1;65;Crystal Palace;2;4;17;12;9;2;0.63;0.37;510;0.86;6;15;2;4;0;0;5;0.0;0.0;0.0;1.0;1.0;1.0;0.0;0.0;0.0;1.0;0.0;6;0.030833333333333334;0.3333333333333333;439;0.01366742596810934;696.8253968253969;0.29411764705882354;7.936507936507937;5;0.26;-1;-2;-9;0.03333333333333333;0.058823529411764705;0.63;5.0;1;0;1;0;0;1;0;1;0.058823529411764705;0.1111111111111111;0.00196078431372549;17.0;0.0;0.0;0.0;0.0;0.0;0.0;0.0;0.0;0.0;1.0;0.0;1.0;0.0;1.0;1.0;1.0;1.0;1.0;0.0;0.0;0.0;0.0;0.0;0.0;0.0;0.0;0.0;0.0;0.0
2024-10-26;Aston Villa;3;8;3;1;59;Bournemouth;7;6;18;10;8;3;0.57;0.43;438;0.82;12;14;7;6;0;0;9;1.0;1.0;1.0;0.0;0.0;0.0;1.0;1.0;0.0;1.0;1.0;7;0.043;0.5833333333333334;359;0.033426183844011144;629.8245614035088;0.5;15.789473684210527;8;0.13999999999999996;2;1;-2;0.0410958904109589;0.05555555555555555;0.57;9.0;0;1;1;0;1;0;0;1;0.05555555555555555;0.125;0.00228310502283105;18.0;1.0;1.0;1.0;0.0;1.0;0.0;0.0;0.0;0.0;0.0;0.0;0.0;0.0;0.0;0.0;0.0;0.0;0.0;0.0;0.0;0.0;0.0;0.0;0.0;0.0;0.0;0.0;0.0;0.0
2024-10-22;Aston Villa;0;3;0;1;29;Bolonia;1;4;16;12;6;4;0.54;0.46;449;0.86;13;9;1;4;0;0;5;1.0;0.0;1.0;0.0;1.0;0.0;1.0;1.0;0.0;1.0;0.0;4;0.03833333333333334;0.07692307692307693;386;0.03367875647668394;714.8148148148148;0.3125;9.25925925925926;4;0.08000000000000002;1;-3;4;0.035634743875278395;0.125;0.27;2.5;0;2;2;1;0;0;0;1;0.125;0.3333333333333333;0.004454342984409799;8.0;1.0;0.0;1.0;0.0;0.0;0.0;0.0;0.0;0.0;1.0;0.0;0.0;0.0;1.0;1.0;0.0;0.0;0.0;0.0;0.0;0.0;0.0;0.0;0.0;0.0;0.0;0.0;0.0;0.0
2024-10-19;Aston Villa;3;3;3;1;58;Fulham;4;4;14;10;5;4;0.47;0.53;408;0.88;11;8;3;3;1;1;11;1.0;1.0;0.0;0.0;0.0;0.0;1.0;1.0;0.0;0.0;1.0;6;0.053000000000000005;0.36363636363636365;359;0.03064066852367688;763.8297872340426;0.7857142857142857;23.404255319148938;4;-0.06000000000000005;5;0;3;0.03431372549019608;0.21428571428571427;0.15666666666666665;3.6666666666666665;1;2;3;1;0;0;1;0;0.21428571428571427;0.6;0.007352941176470588;4.666666666666667;1.0;1.0;1.0;0.0;1.0;0.0;0.0;0.0;0.0;1.0;0.0;0.0;0.0;1.0;0.0;0.0;0.0;0.0;0.0;0.0;0.0;0.0;0.0;0.0;0.0;0.0;0.0;0.0;0.0
2024-10-06;Aston Villa;3;3;3;1;62;Manchester United;1;5;11;10;1;4;0.54;0.46;416;0.82;12;11;1;5;0;0;6;1.0;1.0;1.0;0.0;0.0;0.0;1.0;1.0;0.0;0.0;1.0;3;0.046;0.08333333333333333;341;0.03519061583577713;631.4814814814814;0.5454545454545454;11.11111111111111;1;0.08000000000000002;3;-4;1;0.026442307692307692;0.0;0.0;0.0;0;0;0;0;1;0;0;1;0.0;0.0;0.0;0.0;1.0;1.0;0.0;0.0;0.0;0.0;0.0;0.0;0.0;1.0;0.0;0.0;1.0;0.0;0.0;1.0;0.0;0.0;0.0;0.0;0.0;0.0;0.0;0.0;0.0;0.0;0.0;0.0;0.0
2024-09-29;Aston Villa;3;3;3;1;66;Ipswich;1;4;7;15;3;5;0.57;0.43;542;0.88;14;10;1;4;0;0;0;1.0;0.0;1.0;0.0;0.0;0.0;1.0;1.0;0.0;0.0;1.0;10;0.028666666666666667;0.07142857142857142;477;0.029350104821802937;836.8421052631579;0.0;0.0;-8;0.13999999999999996;-10;-3;4;0.012915129151291513;0.2857142857142857;0.285;0.0;2;0;2;0;1;0;1;0;0.2857142857142857;0.6666666666666666;0.0036900369003690036;3.5;1.0;1.0;1.0;0.0;1.0;0.0;0.0;0.0;0.0;1.0;0.0;0.0;0.0;1.0;0.0;0.0;0.0;0.0;0.0;0.0;0.0;0.0;0.0;0.0;0.0;0.0;0.0;0.0;0.0
2024-09-24;Aston Villa;14;3;7;1;244;Wycombe Wanderers;0;1;11;12;4;6;0.72;0.28;631;0.88;12;9;0;1;0;0;2;0.0;0.0;0.0;0.0;1.0;0.0;0.0;0.0;0.0;0.0;0.0;4;0.023333333333333334;0.0;555;0.021621621621621623;770.8333333333334;0.18181818181818182;2.7777777777777777;-1;0.43999999999999995;-2;-1;3;0.017432646592709985;0.18181818181818182;0.36;1.0;0;2;2;1;0;0;1;0;0.18181818181818182;0.5;0.003169572107765452;5.5;0.0;0.0;1.0;0.0;0.0;0.0;0.0;0.0;0.0;1.0;1.0;1.0;1.0;0.0;1.0;0.0;1.0;1.0;1.0;1.0;0.0;0.0;0.0;0.0;0.0;0.0;0.0;0.0;0.0
2024-09-21;Aston Villa;3;3;7;1;67;Wolves;3;6;9;10;4;4;0.53;0.47;447;0.87;11;16;3;6;0;0;6;1.0;0.0;1.0;0.0;0.0;0.0;1.0;1.0;0.0;1.0;1.0;5;0.047;0.2727272727272727;389;0.028277634961439587;733.9622641509434;0.6666666666666666;11.320754716981131;-1;0.06000000000000005;1;-3;-5;0.020134228187919462;0.3333333333333333;0.17666666666666667;2.0;0;3;3;1;0;0;0;1;0.3333333333333333;0.75;0.006711409395973154;3.0;1.0;1.0;1.0;0.0;1.0;0.0;0.0;0.0;0.0;0.0;0.0;0.0;0.0;1.0;0.0;0.0;0.0;0.0;0.0;0.0;0.0;0.0;0.0;0.0;0.0;0.0;0.0;0.0;0.0
2024-09-17;Aston Villa;0;3;3;1;35;Young Boys;1;4;20;12;7;5;0.53;0.47;406;0.85;12;14;1;4;0;0;6;1.0;0.0;1.0;0.0;0.0;0.0;1.0;1.0;0.0;1.0;1.0;3;0.03916666666666666;0.08333333333333333;345;0.034782608695652174;650.9433962264151;0.3;11.320754716981131;8;0.06000000000000005;3;-3;-2;0.04926108374384237;0.15;0.17666666666666667;2.0;2;1;3;1;0;0;1;0;0.15;0.42857142857142855;0.007389162561576354;6.666666666666667;1.0;1.0;1.0;0.0;1.0;0.0;0.0;0.0;0.0;0.0;1.0;0.0;0.0;0.0;0.0;0.0;0.0;0.0;0.0;0.0;0.0;0.0;0.0;0.0;0.0;0.0;0.0;0.0;0.0
2024-09-14;Aston Villa;3;3;3;1;64;Everton;1;4;17;6;8;2;0.73;0.27;665;0.9;10;12;1;4;0;0;6;1.0;0.0;1.0;0.0;0.0;0.0;1.0;1.0;0.0;1.0;1.0;2;0.045000000000000005;0.1;598;0.016722408026755852;819.1780821917808;0.35294117647058826;8.219178082191782;11;0.45999999999999996;4;-3;-2;0.02556390977443609;0.17647058823529413;0.24333333333333332;2.0;1;2;3;1;0;0;0;1;0.17647058823529413;0.375;0.004511278195488722;5.666666666666667;1.0;1.0;1.0;0.0;1.0;0.0;0.0;0.0;0.0;0.0;1.0;0.0;0.0;0.0;0.0;0.0;0.0;0.0;0.0;0.0;0.0;0.0;0.0;0.0;0.0;0.0;0.0;0.0;0.0
2024-08-31;Aston Villa;3;1;3;1;63;Leicester City;5;4;10;9;5;3;0.42;0.58;383;0.83;21;13;5;4;0;0;4;1.0;0.0;1.0;0.0;0.0;0.0;1.0;1.0;0.0;1.0;1.0;1;0.06444444444444444;0.23809523809523808;318;0.0660377358490566;757.1428571428572;0.4;9.523809523809524;1;-0.15999999999999998;3;1;8;0.02610966057441253;0.2;0.21;2.0;1;1;2;1;0;0;1;0;0.2;0.4;0.005221932114882507;5.0;1.0;1.0;1.0;0.0;0.0;0.0;0.0;0.0;0.0;1.0;1.0;0.0;0.0;0.0;0.0;0.0;0.0;0.0;0.0;0.0;0.0;0.0;0.0;0.0;0.0;0.0;0.0;0.0;0.0
2024-08-24;Aston Villa;3;1;0;1;9;Arsenal;1;3;11;9;3;4;0.39;0.61;329;0.82;8;16;1;3;0;0;4;1.0;1.0;1.0;0.0;0.0;0.0;1.0;1.0;0.0;1.0;1.0;1;0.06777777777777777;0.125;270;0.02962962962962963;692.3076923076923;0.36363636363636365;10.256410256410255;2;-0.21999999999999997;3;-2;-8;0.03343465045592705;0.0;0.0;0.0;0;0;0;0;0;1;0;1;0.0;0.0;0.0;0.0;1.0;1.0;1.0;0.0;0.0;0.0;0.0;0.0;0.0;1.0;0.0;0.0;0.0;0.0;0.0;0.0;0.0;0.0;0.0;0.0;0.0;0.0;0.0;0.0;0.0;0.0;0.0;0.0;0.0
2024-08-17;Aston Villa;3;3;7;1;61;West Ham;2;1;15;14;3;3;0.47;0.53;394;0.83;11;18;2;1;0;0;3;1.0;1.0;1.0;0.0;0.0;0.0;1.0;1.0;0.0;1.0;1.0;5;0.03785714285714286;0.18181818181818182;327;0.03363914373088685;695.7446808510639;0.2;6.382978723404256;1;-0.06000000000000005;-2;1;-7;0.03807106598984772;0.13333333333333333;0.235;1.5;1;1;2;1;0;0;1;0;0.13333333333333333;0.6666666666666666;0.005076142131979695;7.5;1.0;1.0;1.0;0.0;0.0;0.0;0.0;0.0;0.0;1.0;0.0;0.0;0.0;0.0;0.0;0.0;0.0;0.0;0.0;0.0;0.0;0.0;0.0;0.0;0.0;0.0;0.0;0.0;0.0
2024-05-13;Aston Villa;3;3;0;1;2;Liverpool;1;1;19;14;5;7;0.41;0.59;395;0.85;11;15;1;1;0;0;5;1.0;0.0;1.0;0.0;0.0;0.0;1.0;0.0;0.0;1.0;1.0;4;0.04214285714285714;0.09090909090909091;336;0.03273809523809524;819.5121951219513;0.2631578947368421;12.195121951219512;5;-0.18;1;0;-4;0.04810126582278481;0.15789473684210525;0.13666666666666666;1.6666666666666667;1;2;3;0;1;0;0;1;0.15789473684210525;0.6;0.007594936708860759;6.333333333333333;1.0;1.0;0.0;0.0;0.0;0.0;0.0;0.0;0.0;1.0;0.0;0.0;0.0;1.0;0.0;0.0;0.0;0.0;0.0;0.0;1.0;1.0;0.0;0.0;0.0;0.0;0.0;0.0;0.0
2024-05-09;Aston Villa;21;9;3;1;92;Olympiacos;3;3;15;9;4;5;0.74;0.26;567;0.88;7;10;3;3;0;0;9;1.0;1.0;1.0;0.0;0.0;0.0;0.0;0.0;0.0;1.0;1.0;0;0.02888888888888889;0.42857142857142855;499;0.014028056112224449;674.3243243243244;0.6;12.162162162162163;6;0.48;9;0;-3;0.026455026455026454;0.0;0.0;0.0;0;0;0;0;0;1;1;0;0.0;0.0;0.0;0.0;1.0;1.0;0.0;0.0;0.0;0.0;0.0;0.0;0.0;1.0;0.0;0.0;0.0;1.0;0.0;0.0;0.0;0.0;0.0;0.0;1.0;1.0;0.0;0.0;0.0;0.0;0.0;0.0;0.0
2024-05-05;Aston Villa;3;3;3;1;54;Brighton;1;2;2;15;1;8;0.47;0.53;443;0.86;10;13;1;2;0;0;3;0.0;0.0;1.0;0.0;0.0;0.0;0.0;1.0;0.0;1.0;1.0;7;0.035333333333333335;0.1;381;0.026246719160104987;810.6382978723404;1.5;6.382978723404256;-13;-0.06000000000000005;-4;-1;-3;0.004514672686230248;0.0;0.0;0.0;0;0;0;0;0;1;1;0;0.0;0.0;0.0;0.0;1.0;1.0;0.0;0.0;0.0;0.0;0.0;0.0;1.0;1.0;0.0;0.0;0.0;1.0;0.0;0.0;0.0;0.0;0.0;0.0;1.0;1.0;0.0;0.0;0.0;0.0;0.0;0.0;0.0
2024-05-02;Aston Villa;21;3;3;1;92;Olympiacos;1;1;17;8;7;5;0.66;0.34;509;0.88;10;8;1;1;0;0;6;0.0;1.0;1.0;0.0;0.0;0.0;0.0;1.0;0.0;1.0;1.0;4;0.0425;0.1;448;0.022321428571428572;678.7878787878788;0.35294117647058826;9.09090909090909;9;0.32;2;0;2;0.03339882121807466;0.11764705882352941;0.33;3.0;1;1;2;0;0;1;0;1;0.11764705882352941;0.2857142857142857;0.003929273084479371;8.5;0.0;1.0;0.0;0.0;0.0;0.0;0.0;0.0;1.0;1.0;0.0;0.0;0.0;0.0;0.0;0.0;0.0;0.0;0.0;0.0;1.0;1.0;1.0;0.0;0.0;0.0;0.0;0.0;0.0
2024-04-27;Aston Villa;3;8;3;1;53;Chelsea;3;5;9;21;4;5;0.28;0.72;268;0.77;13;14;3;5;0;0;2;1.0;1.0;1.0;0.0;0.0;0.0;1.0;1.0;0.0;1.0;1.0;4;0.03428571428571429;0.23076923076923078;206;0.06310679611650485;735.7142857142857;0.2222222222222222;7.142857142857142;-12;-0.43999999999999995;-2;-2;-1;0.033582089552238806;0.2222222222222222;0.14;1.0;2;0;2;0;1;0;0;1;0.2222222222222222;0.5;0.007462686567164179;4.5;1.0;1.0;0.0;0.0;0.0;0.0;0.0;0.0;0.0;1.0;0.0;0.0;0.0;0.0;0.0;0.0;0.0;0.0;0.0;0.0;1.0;0.0;0.0;0.0;0.0;0.0;0.0;0.0;0.0
2024-04-21;Aston Villa;3;3;3;1;59;Bournemouth;1;3;15;14;5;6;0.57;0.43;482;0.84;8;14;1;3;0;0;8;1.0;1.0;1.0;0.0;0.0;0.0;1.0;1.0;0.0;1.0;1.0;4;0.030714285714285715;0.125;405;0.019753086419753086;710.5263157894738;0.5333333333333333;14.035087719298247;1;0.13999999999999996;4;-2;-6;0.03112033195020747;0.2;0.18999999999999997;2.6666666666666665;1;2;3;1;0;0;0;1;0.2;0.6;0.006224066390041493;5.0;1.0;1.0;0.0;0.0;0.0;0.0;0.0;0.0;0.0;1.0;0.0;0.0;0.0;0.0;0.0;0.0;0.0;0.0;0.0;0.0;0.0;1.0;0.0;0.0;0.0;0.0;0.0;0.0;0.0
2024-04-18;Aston Villa;21;1;3;1;15;LOSC;7;4;9;12;7;4;0.47;0.53;524;0.85;13;17;7;4;0;0;7;1.0;1.0;1.0;0.0;0.0;0.0;1.0;0.0;0.0;1.0;1.0;7;0.04416666666666667;0.5384615384615384;445;0.029213483146067417;946.8085106382979;0.7777777777777778;14.893617021276597;-3;-0.06000000000000005;0;3;-4;0.01717557251908397;0.1111111111111111;0.47;7.0;0;1;1;0;0;1;1;0;0.1111111111111111;0.14285714285714285;0.0019083969465648854;9.0;1.0;1.0;0.0;0.0;0.0;0.0;0.0;0.0;0.0;0.0;0.0;0.0;0.0;0.0;0.0;0.0;0.0;0.0;0.0;0.0;1.0;1.0;0.0;1.0;0.0;0.0;0.0;0.0;0.0
2024-04-14;Aston Villa;3;3;0;1;9;Arsenal;1;3;11;18;2;4;0.48;0.52;425;0.82;7;12;1;3;0;0;6;1.0;0.0;1.0;0.0;0.0;0.0;1.0;1.0;0.0;1.0;1.0;4;0.02888888888888889;0.14285714285714285;348;0.020114942528735632;725.0;0.5454545454545454;12.5;-7;-0.040000000000000036;2;-2;-5;0.02588235294117647;0.18181818181818182;0.24;3.0;0;2;2;1;0;0;1;0;0.18181818181818182;1.0;0.004705882352941176;5.5;1.0;1.0;0.0;0.0;0.0;0.0;0.0;0.0;0.0;0.0;0.0;0.0;0.0;1.0;0.0;0.0;0.0;0.0;0.0;0.0;0.0;1.0;0.0;1.0;0.0;0.0;0.0;0.0;0.0
2024-04-11;Aston Villa;21;8;3;1;15;LOSC;3;0;12;11;4;7;0.41;0.59;325;0.86;13;11;3;0;0;0;7;1.0;0.0;1.0;0.0;0.0;0.0;1.0;1.0;0.0;1.0;1.0;3;0.053636363636363635;0.23076923076923078;280;0.04642857142857143;682.9268292682927;0.5833333333333334;17.073170731707318;1;-0.18;4;3;2;0.036923076923076927;0.16666666666666666;0.205;3.5;1;1;2;1;0;0;0;1;0.16666666666666666;0.5;0.006153846153846154;6.0;1.0;1.0;0.0;0.0;0.0;0.0;0.0;0.0;0.0;1.0;0.0;0.0;0.0;1.0;0.0;0.0;0.0;0.0;0.0;0.0;1.0;0.0;0.0;0.0;0.0;0.0;0.0;0.0;0.0
2024-04-06;Aston Villa;3;8;2;1;57;Brentford;2;2;11;8;3;3;0.7;0.3;571;0.85;15;11;2;2;0;0;11;1.0;0.0;1.0;0.0;0.0;0.0;1.0;1.0;0.0;1.0;1.0;3;0.0375;0.13333333333333333;485;0.030927835051546393;692.8571428571429;1.0;15.714285714285715;3;0.39999999999999997;8;0;4;0.01926444833625219;0.2727272727272727;0.2333333333333333;3.6666666666666665;1;2;3;0;1;0;0;1;0.2727272727272727;1.0;0.005253940455341506;3.6666666666666665;1.0;1.0;0.0;0.0;0.0;0.0;0.0;0.0;0.0;1.0;0.0;0.0;0.0;1.0;0.0;0.0;0.0;0.0;0.0;0.0;1.0;0.0;0.0;0.0;0.0;0.0;0.0;0.0;0.0
2024-04-03;Aston Villa;3;3;3;1;3;Manchester City;2;1;8;25;3;11;0.33;0.67;337;0.86;13;6;2;1;0;0;3;0.0;0.0;1.0;0.0;0.0;0.0;0.0;1.0;0.0;0.0;0.0;2;0.0268;0.15384615384615385;290;0.04482758620689655;878.7878787878788;0.375;9.09090909090909;-17;-0.34;1;1;7;0.02373887240356083;0.125;0.33;3.0;1;0;1;0;0;1;1;0;0.125;0.3333333333333333;0.002967359050445104;8.0;0.0;1.0;0.0;0.0;0.0;0.0;0.0;0.0;1.0;0.0;0.0;0.0;0.0;1.0;1.0;0.0;0.0;0.0;0.0;0.0;1.0;1.0;1.0;1.0;1.0;0.0;0.0;0.0;0.0
2024-03-30;Aston Villa;3;1;17;1;67;Wolves;3;4;11;13;5;3;0.48;0.52;408;0.87;11;19;3;4;0;0;5;1.0;0.0;1.0;0.0;0.0;0.0;1.0;1.0;0.0;0.0;1.0;4;0.04;0.2727272727272727;355;0.030985915492957747;739.5833333333334;0.45454545454545453;10.416666666666668;-2;-0.040000000000000036;1;-1;-8;0.02696078431372549;0.18181818181818182;0.24;2.5;1;1;2;1;0;0;0;1;0.18181818181818182;0.4;0.004901960784313725;5.5;1.0;0.0;0.0;0.0;0.0;0.0;0.0;0.0;0.0;1.0;0.0;0.0;0.0;1.0;0.0;0.0;0.0;0.0;0.0;0.0;1.0;1.0;0.0;0.0;0.0;1.0;0.0;0.0;0.0
2024-03-17;Aston Villa;3;1;3;1;61;West Ham;3;3;13;13;5;5;0.7;0.3;640;0.87;12;13;3;3;0;0;10;1.0;0.0;1.0;0.0;0.0;0.0;1.0;1.0;0.0;0.0;1.0;7;0.023076923076923075;0.25;557;0.02154398563734291;795.7142857142858;0.7692307692307693;14.285714285714286;0;0.39999999999999997;3;0;-1;0.0203125;0.07692307692307693;0.7;10.0;0;1;1;0;1;0;1;0;0.07692307692307693;0.2;0.0015625;13.0;1.0;0.0;0.0;0.0;0.0;0.0;0.0;0.0;0.0;1.0;0.0;0.0;0.0;0.0;1.0;0.0;0.0;0.0;0.0;0.0;1.0;0.0;1.0;0.0;0.0;1.0;0.0;0.0;0.0
2024-03-14;Aston Villa;21;1;17;1;85;Ajax;2;1;13;2;8;1;0.46;0.54;370;0.85;8;8;2;0;0;1;3;1.0;1.0;0.0;0.0;0.0;0.0;0.0;1.0;0.0;1.0;1.0;1;0.27;0.25;314;0.025477707006369428;682.6086956521739;0.23076923076923078;6.521739130434782;11;-0.08000000000000002;2;1;0;0.03513513513513514;0.3076923076923077;0.115;0.75;1;3;4;1;0;0;0;1;0.3076923076923077;0.5;0.010810810810810811;3.25;1.0;0.0;0.0;0.0;0.0;0.0;0.0;0.0;0.0;1.0;0.0;0.0;0.0;1.0;0.0;0.0;0.0;0.0;0.0;0.0;1.0;1.0;0.0;0.0;0.0;1.0;0.0;0.0;0.0
2024-03-10;Aston Villa;3;4;3;1;56;Tottenham;1;2;10;9;1;5;0.3;0.7;303;0.78;11;15;0;2;1;0;6;1.0;1.0;1.0;0.0;0.0;0.0;1.0;0.0;0.0;1.0;1.0;4;0.07777777777777778;0.09090909090909091;236;0.046610169491525424;786.6666666666667;0.6;20.0;1;-0.39999999999999997;2;-1;-4;0.033003300330033;0.0;0.0;0.0;0;0;0;0;0;1;0;1;0.0;0.0;0.0;0.0;1.0;1.0;0.0;0.0;0.0;0.0;0.0;0.0;0.0;1.0;0.0;0.0;0.0;0.0;0.0;0.0;0.0;0.0;0.0;0.0;1.0;0.0;1.0;0.0;0.0;0.0;0.0;0.0;0.0
2024-03-07;Aston Villa;21;1;6;1;85;Ajax;3;2;4;4;1;1;0.4;0.6;336;0.8;11;18;2;1;1;1;5;1.0;0.0;1.0;0.0;0.0;0.0;1.0;1.0;0.0;0.0;1.0;2;0.15;0.2727272727272727;269;0.040892193308550186;672.5;1.25;12.5;0;-0.19999999999999996;3;1;-7;0.011904761904761904;0.0;0.0;0.0;0;0;0;0;1;0;1;0;0.0;0.0;0.0;0.0;1.0;1.0;0.0;0.0;0.0;0.0;0.0;0.0;0.0;0.0;0.0;0.0;0.0;0.0;0.0;0.0;0.0;0.0;0.0;0.0;1.0;1.0;1.0;0.0;1.0;0.0;0.0;0.0;0.0
2024-03-02;Aston Villa;3;3;17;1;832;Luton;4;1;12;14;8;5;0.54;0.46;443;0.85;19;8;4;1;0;0;6;1.0;1.0;1.0;0.0;0.0;0.0;1.0;0.0;0.0;1.0;1.0;8;0.032857142857142856;0.21052631578947367;377;0.050397877984084884;698.1481481481482;0.5;11.11111111111111;-2;0.08000000000000002;-2;3;11;0.02708803611738149;0.25;0.18000000000000002;2.0;2;1;3;1;0;0;1;0;0.25;0.375;0.006772009029345372;4.0;0.0;0.0;0.0;0.0;1.0;0.0;0.0;0.0;0.0;1.0;0.0;0.0;0.0;0.0;0.0;0.0;0.0;0.0;0.0;0.0;1.0;0.0;1.0;0.0;0.0;1.0;0.0;0.0;0.0
2024-02-24;Aston Villa;3;3;3;1;55;Nottingham Forest;1;2;16;10;6;3;0.59;0.41;512;0.91;7;16;1;2;0;0;7;1.0;1.0;0.0;0.0;0.0;0.0;1.0;0.0;0.0;1.0;1.0;2;0.040999999999999995;0.14285714285714285;466;0.015021459227467811;789.8305084745763;0.4375;11.864406779661017;6;0.18;5;-1;-9;0.03125;0.25;0.1475;1.75;3;1;4;1;0;0;0;1;0.25;0.6666666666666666;0.0078125;4.0;1.0;0.0;0.0;0.0;1.0;0.0;0.0;0.0;0.0;1.0;0.0;0.0;0.0;0.0;0.0;0.0;0.0;0.0;0.0;0.0;1.0;0.0;1.0;0.0;0.0;1.0;0.0;0.0;0.0
2024-02-17;Aston Villa;3;3;3;1;58;Fulham;2;5;12;15;3;4;0.47;0.53;425;0.84;6;11;2;5;0;0;4;1.0;1.0;0.0;0.0;0.0;0.0;1.0;0.0;0.0;1.0;1.0;4;0.035333333333333335;0.3333333333333333;357;0.01680672268907563;759.5744680851064;0.3333333333333333;8.51063829787234;-3;-0.06000000000000005;0;-3;-5;0.02823529411764706;0.16666666666666666;0.235;2.0;1;1;2;1;0;0;1;0;0.16666666666666666;0.6666666666666666;0.004705882352941176;6.0;1.0;0.0;0.0;0.0;1.0;0.0;0.0;0.0;0.0;1.0;0.0;0.0;0.0;0.0;0.0;0.0;0.0;0.0;0.0;0.0;1.0;0.0;1.0;0.0;0.0;1.0;0.0;0.0;0.0
2024-02-11;Aston Villa;3;3;3;1;62;Manchester United;3;2;23;17;10;5;0.56;0.44;491;0.86;9;7;3;2;0;0;10;1.0;1.0;0.0;0.0;0.0;1.0;0.0;0.0;0.0;1.0;1.0;8;0.02588235294117647;0.3333333333333333;422;0.02132701421800948;753.5714285714286;0.43478260869565216;17.857142857142854;6;0.12000000000000005;2;1;2;0.04684317718940937;0.043478260869565216;0.56;10.0;0;1;1;0;0;1;0;1;0.043478260869565216;0.1;0.002036659877800407;23.0;0.0;0.0;0.0;0.0;1.0;0.0;0.0;0.0;0.0;1.0;0.0;0.0;0.0;1.0;0.0;0.0;0.0;0.0;0.0;0.0;1.0;0.0;1.0;0.0;0.0;1.0;0.0;0.0;0.0
2024-02-07;Aston Villa;15;3;3;1;53;Chelsea;1;2;15;15;5;8;0.49;0.51;417;0.84;13;15;1;2;0;0;7;1.0;1.0;0.0;0.0;0.0;1.0;1.0;0.0;0.0;1.0;1.0;5;0.034;0.07692307692307693;350;0.037142857142857144;714.2857142857143;0.4666666666666667;14.285714285714286;0;-0.020000000000000018;2;-1;-2;0.03597122302158273;0.06666666666666667;0.49;7.0;0;1;1;0;0;1;0;1;0.06666666666666667;0.2;0.002398081534772182;15.0;0.0;0.0;0.0;0.0;0.0;0.0;0.0;0.0;0.0;1.0;0.0;0.0;0.0;1.0;0.0;0.0;0.0;0.0;0.0;0.0;1.0;0.0;1.0;0.0;0.0;1.0;0.0;0.0;0.0
2024-02-03;Aston Villa;3;3;9;1;818;Sheffield United;0;1;14;10;10;5;0.65;0.35;633;0.88;7;10;0;1;0;0;4;1.0;0.0;1.0;0.0;0.0;1.0;1.0;0.0;0.0;1.0;1.0;3;0.034999999999999996;0.0;557;0.012567324955116697;856.9230769230769;0.2857142857142857;6.153846153846153;4;0.30000000000000004;1;-1;-3;0.022116903633491312;0.35714285714285715;0.13;0.8;4;1;5;1;0;0;1;0;0.35714285714285715;0.5;0.007898894154818325;2.8;0.0;0.0;0.0;0.0;0.0;0.0;0.0;0.0;0.0;1.0;0.0;0.0;0.0;1.0;0.0;0.0;0.0;0.0;0.0;0.0;1.0;0.0;1.0;0.0;0.0;1.0;0.0;0.0;0.0
2024-01-30;Aston Villa;3;1;0;1;60;Newcastle;4;1;12;14;6;5;0.61;0.39;569;0.87;14;12;4;1;0;0;8;1.0;1.0;1.0;0.0;0.0;1.0;1.0;0.0;0.0;1.0;1.0;7;0.027857142857142858;0.2857142857142857;495;0.028282828282828285;811.4754098360656;0.6666666666666666;13.114754098360656;-2;0.21999999999999997;1;3;2;0.0210896309314587;0.08333333333333333;0.61;8.0;0;1;1;0;0;1;0;1;0.08333333333333333;0.16666666666666666;0.0017574692442882249;12.0;0.0;0.0;0.0;0.0;0.0;0.0;0.0;0.0;0.0;0.0;0.0;0.0;0.0;0.0;0.0;0.0;0.0;0.0;0.0;0.0;1.0;1.0;1.0;0.0;0.0;1.0;0.0;0.0;0.0
2024-01-26;Aston Villa;15;1;3;1;53;Chelsea;1;1;13;10;5;4;0.42;0.58;369;0.82;8;12;1;1;0;0;7;1.0;1.0;1.0;0.0;0.0;1.0;1.0;0.0;0.0;1.0;1.0;7;0.057999999999999996;0.125;303;0.026402640264026403;721.4285714285714;0.5384615384615384;16.666666666666668;3;-0.15999999999999998;0;0;-4;0.03523035230352303;0.0;0.0;0.0;0;0;0;0;1;0;1;0;0.0;0.0;0.0;0.0;0.0;0.0;0.0;0.0;0.0;0.0;0.0;0.0;0.0;0.0;0.0;0.0;0.0;0.0;0.0;0.0;0.0;0.0;0.0;0.0;1.0;1.0;1.0;0.0;0.0;1.0;0.0;0.0;0.0
2024-01-14;Aston Villa;3;1;3;1;64;Everton;4;1;16;10;5;2;0.69;0.31;530;0.85;14;13;4;1;0;0;5;1.0;0.0;1.0;0.0;0.0;1.0;0.0;0.0;0.0;1.0;1.0;4;0.031;0.2857142857142857;450;0.03111111111111111;652.1739130434784;0.3125;7.246376811594203;6;0.37999999999999995;1;3;1;0.03018867924528302;0.0;0.0;0.0;0;0;0;0;1;0;1;0;0.0;0.0;0.0;0.0;0.0;0.0;0.0;0.0;0.0;0.0;0.0;0.0;0.0;1.0;0.0;0.0;0.0;1.0;0.0;0.0;0.0;0.0;0.0;0.0;1.0;1.0;1.0;0.0;0.0;1.0;0.0;0.0;0.0
2024-01-06;Aston Villa;15;3;3;1;822;Middlesbrough;5;1;12;5;6;1;0.62;0.38;539;0.9;13;10;5;1;0;0;12;1.0;1.0;1.0;0.0;0.0;1.0;0.0;0.0;0.0;1.0;0.0;5;0.076;0.38461538461538464;485;0.026804123711340205;782.258064516129;1.0;19.35483870967742;7;0.24;7;4;3;0.022263450834879406;0.08333333333333333;0.62;12.0;0;1;1;1;0;0;1;0;0.08333333333333333;0.16666666666666666;0.0018552875695732839;12.0;0.0;0.0;0.0;0.0;1.0;0.0;0.0;0.0;0.0;1.0;0.0;0.0;0.0;0.0;1.0;0.0;0.0;0.0;0.0;0.0;0.0;0.0;1.0;0.0;0.0;1.0;1.0;0.0;0.0
2023-12-30;Aston Villa;3;8;1;1;819;Burnley;4;2;19;9;7;5;0.66;0.34;465;0.85;9;14;4;1;0;1;6;1.0;0.0;1.0;0.0;0.0;0.0;0.0;0.0;0.0;1.0;1.0;2;0.03777777777777778;0.4444444444444444;395;0.02278481012658228;598.4848484848485;0.3157894736842105;9.09090909090909;10;0.32;4;2;-5;0.04086021505376344;0.15789473684210525;0.22;2.0;2;1;3;1;0;0;0;1;0.15789473684210525;0.42857142857142855;0.0064516129032258064;6.333333333333333;0.0;0.0;0.0;0.0;1.0;0.0;0.0;0.0;0.0;1.0;0.0;0.0;0.0;1.0;0.0;0.0;0.0;0.0;0.0;0.0;1.0;1.0;1.0;0.0;0.0;1.0;0.0;0.0;0.0
2023-12-26;Aston Villa;3;3;3;1;62;Manchester United;3;1;10;13;4;7;0.55;0.45;462;0.82;10;10;3;1;0;0;6;1.0;0.0;1.0;0.0;0.0;0.0;0.0;0.0;0.0;1.0;1.0;3;0.03461538461538462;0.3;379;0.026385224274406333;689.090909090909;0.6;10.909090909090908;-3;0.10000000000000003;3;2;0;0.021645021645021644;0.2;0.275;3.0;2;0;2;0;0;1;1;0;0.2;0.5;0.004329004329004329;5.0;0.0;1.0;0.0;0.0;1.0;0.0;0.0;0.0;0.0;1.0;0.0;0.0;0.0;1.0;0.0;0.0;0.0;0.0;0.0;0.0;1.0;0.0;1.0;0.0;0.0;0.0;1.0;0.0;0.0
2023-12-22;Aston Villa;3;8;17;1;818;Sheffield United;3;3;12;5;4;2;0.78;0.22;656;0.87;11;16;3;3;0;0;9;1.0;1.0;1.0;0.0;0.0;0.0;0.0;0.0;0.0;1.0;1.0;1;0.044;0.2727272727272727;571;0.01926444833625219;732.051282051282;0.75;11.538461538461538;7;0.56;8;0;-5;0.018292682926829267;0.08333333333333333;0.78;9.0;0;1;1;0;1;0;0;1;0.08333333333333333;0.25;0.001524390243902439;12.0;0.0;1.0;0.0;0.0;1.0;0.0;0.0;0.0;0.0;1.0;0.0;0.0;0.0;0.0;0.0;0.0;0.0;0.0;0.0;0.0;1.0;1.0;1.0;0.0;0.0;0.0;0.0;0.0;0.0
2023-12-17;Aston Villa;3;2;2;1;57;Brentford;5;7;15;4;5;3;0.68;0.32;528;0.85;6;19;4;6;1;1;11;1.0;1.0;1.0;0.0;0.0;1.0;0.0;0.0;0.0;1.0;1.0;7;0.08;0.8333333333333334;449;0.013363028953229399;660.2941176470588;0.7333333333333333;16.176470588235293;11;0.36000000000000004;4;-2;-13;0.028409090909090908;0.13333333333333333;0.34;5.5;0;2;2;1;0;0;1;0;0.13333333333333333;0.4;0.003787878787878788;7.5;1.0;0.0;0.0;0.0;1.0;0.0;0.0;0.0;0.0;0.0;0.0;0.0;0.0;1.0;0.0;0.0;0.0;0.0;0.0;0.0;0.0;1.0;0.0;0.0;0.0;1.0;0.0;0.0;0.0
2023-12-14;Aston Villa;21;14;3;1;-1;Zrinjski;2;2;10;5;6;1;0.76;0.24;638;0.89;11;3;2;2;0;0;8;0.0;1.0;1.0;0.0;0.0;0.0;0.0;0.0;0.0;0.0;0.0;3;0.048;0.18181818181818182;568;0.01936619718309859;747.3684210526316;0.8;10.526315789473685;5;0.52;5;0;8;0.01567398119122257;0.1;0.76;8.0;0;1;1;0;1;0;1;0;0.1;0.16666666666666666;0.001567398119122257;10.0;1.0;0.0;0.0;0.0;1.0;0.0;0.0;0.0;0.0;0.0;0.0;0.0;0.0;0.0;1.0;0.0;0.0;0.0;0.0;0.0;1.0;1.0;0.0;1.0;0.0;1.0;1.0;1.0;0.0
2023-12-09;Aston Villa;3;8;0;1;9;Arsenal;4;2;10;12;3;5;0.38;0.62;289;0.72;16;11;4;2;0;0;3;1.0;0.0;1.0;0.0;0.0;1.0;1.0;0.0;0.0;1.0;1.0;3;0.051666666666666666;0.25;208;0.07692307692307693;547.3684210526316;0.3;7.894736842105263;-2;-0.24;0;2;5;0.03460207612456748;0.1;0.38;3.0;1;0;1;1;0;0;0;1;0.1;0.3333333333333333;0.0034602076124567475;10.0;1.0;1.0;0.0;0.0;0.0;0.0;0.0;0.0;0.0;1.0;0.0;0.0;0.0;1.0;0.0;0.0;0.0;0.0;0.0;0.0;1.0;0.0;0.0;0.0;0.0;0.0;0.0;0.0;0.0
2023-12-06;Aston Villa;3;8;31;1;3;Manchester City;2;2;22;2;7;2;0.46;0.54;436;0.85;13;13;2;2;0;0;6;1.0;0.0;1.0;0.0;0.0;1.0;1.0;0.0;0.0;1.0;1.0;0;0.27;0.15384615384615385;371;0.03504043126684636;806.5217391304348;0.2727272727272727;13.043478260869565;20;-0.08000000000000002;6;0;0;0.05045871559633028;0.045454545454545456;0.46;6.0;0;1;1;1;0;0;0;1;0.045454545454545456;0.14285714285714285;0.0022935779816513763;22.0;1.0;1.0;0.0;0.0;0.0;0.0;0.0;0.0;0.0;1.0;0.0;0.0;0.0;1.0;0.0;0.0;0.0;0.0;0.0;0.0;1.0;0.0;0.0;0.0;0.0;0.0;0.0;0.0;0.0
2023-12-03;Aston Villa;3;1;3;1;59;Bournemouth;3;5;11;15;3;7;0.63;0.37;473;0.79;12;16;3;5;0;0;7;1.0;0.0;1.0;0.0;0.0;0.0;1.0;0.0;0.0;1.0;1.0;7;0.024666666666666667;0.25;374;0.03208556149732621;593.6507936507936;0.6363636363636364;11.11111111111111;-4;0.26;0;-2;-4;0.023255813953488372;0.18181818181818182;0.315;3.5;1;1;2;0;1;0;1;0;0.18181818181818182;0.6666666666666666;0.004228329809725159;5.5;1.0;1.0;0.0;0.0;0.0;0.0;0.0;0.0;0.0;1.0;0.0;0.0;0.0;1.0;0.0;0.0;0.0;0.0;0.0;0.0;1.0;0.0;0.0;1.0;0.0;0.0;0.0;0.0;0.0
2023-11-30;Aston Villa;21;1;6;1;136;Legia de Varsovia;4;4;12;6;5;3;0.67;0.33;565;0.9;10;19;4;4;0;0;5;0.0;1.0;1.0;0.0;0.0;1.0;1.0;0.0;0.0;1.0;0.0;3;0.055;0.4;508;0.01968503937007874;758.2089552238806;0.4166666666666667;7.462686567164178;6;0.34;2;0;-9;0.021238938053097345;0.16666666666666666;0.335;2.5;1;1;2;1;0;0;0;1;0.16666666666666666;0.4;0.0035398230088495575;6.0;0.0;0.0;0.0;0.0;0.0;0.0;0.0;0.0;1.0;0.0;0.0;0.0;0.0;0.0;1.0;0.0;0.0;0.0;0.0;0.0;1.0;1.0;1.0;0.0;0.0;1.0;0.0;0.0;0.0
2023-11-26;Aston Villa;3;1;3;1;56;Tottenham;4;0;15;18;5;8;0.38;0.62;384;0.86;13;11;4;0;0;0;3;1.0;1.0;1.0;0.0;0.0;1.0;0.0;0.0;0.0;1.0;1.0;9;0.034444444444444444;0.3076923076923077;330;0.03939393939393939;868.421052631579;0.2;7.894736842105263;-3;-0.24;-6;4;2;0.0390625;0.13333333333333333;0.19;1.5;1;1;2;1;0;0;1;0;0.13333333333333333;0.4;0.005208333333333333;7.5;1.0;1.0;0.0;0.0;0.0;0.0;0.0;0.0;0.0;0.0;0.0;0.0;0.0;1.0;0.0;0.0;0.0;0.0;0.0;0.0;1.0;1.0;0.0;0.0;0.0;0.0;0.0;0.0;0.0
2023-11-12;Aston Villa;3;13;3;1;58;Fulham;2;5;12;9;6;5;0.51;0.49;511;0.83;4;17;2;5;0;0;2;1.0;1.0;1.0;0.0;0.0;1.0;1.0;0.0;0.0;1.0;1.0;2;0.05444444444444444;0.5;424;0.009433962264150943;831.3725490196078;0.16666666666666666;3.9215686274509802;3;0.020000000000000018;0;-3;-13;0.023483365949119372;0.25;0.17;0.6666666666666666;2;1;3;1;0;0;0;1;0.25;0.5;0.005870841487279843;4.0;1.0;1.0;0.0;0.0;0.0;0.0;0.0;0.0;0.0;0.0;0.0;0.0;0.0;0.0;0.0;0.0;0.0;0.0;0.0;0.0;1.0;1.0;0.0;0.0;0.0;0.0;0.0;0.0;0.0
2023-11-09;Aston Villa;21;3;0;1;101;AZ;0;0;12;7;6;3;0.64;0.36;527;0.87;7;12;0;0;0;0;8;1.0;0.0;1.0;0.0;0.0;1.0;1.0;0.0;0.0;1.0;1.0;1;0.05142857142857143;0.0;458;0.015283842794759825;715.625;0.6666666666666666;12.5;5;0.28;7;0;-5;0.022770398481973434;0.16666666666666666;0.32;4.0;0;2;2;1;0;0;0;1;0.16666666666666666;0.3333333333333333;0.003795066413662239;6.0;0.0;1.0;0.0;0.0;0.0;0.0;0.0;0.0;0.0;1.0;0.0;0.0;0.0;1.0;0.0;0.0;0.0;0.0;0.0;0.0;0.0;1.0;1.0;0.0;0.0;0.0;0.0;0.0;0.0
2023-11-05;Aston Villa;3;1;0;1;55;Nottingham Forest;1;1;13;5;3;3;0.74;0.26;654;0.91;9;6;1;1;0;0;10;1.0;1.0;1.0;0.0;0.0;1.0;0.0;0.0;0.0;1.0;1.0;0;0.052000000000000005;0.1111111111111111;595;0.015126050420168067;804.0540540540541;0.7692307692307693;13.513513513513514;8;0.48;10;0;3;0.019877675840978593;0.0;0.0;0.0;0;0;0;0;0;1;1;0;0.0;0.0;0.0;0.0;1.0;1.0;0.0;0.0;0.0;0.0;0.0;0.0;0.0;0.0;0.0;0.0;0.0;0.0;0.0;0.0;0.0;0.0;0.0;0.0;1.0;1.0;0.0;1.0;0.0;0.0;0.0;0.0;0.0
2023-10-29;Aston Villa;3;1;17;1;832;Luton;3;2;17;7;6;1;0.71;0.29;617;0.9;11;10;3;2;0;0;6;1.0;1.0;1.0;0.0;0.0;1.0;0.0;0.0;0.0;1.0;1.0;4;0.041428571428571426;0.2727272727272727;555;0.01981981981981982;781.6901408450705;0.35294117647058826;8.450704225352114;10;0.42;2;1;1;0.027552674230145867;0.17647058823529413;0.23666666666666666;2.0;1;2;3;1;0;0;0;1;0.17647058823529413;0.5;0.004862236628849271;5.666666666666667;1.0;1.0;0.0;0.0;0.0;0.0;0.0;0.0;0.0;0.0;0.0;0.0;0.0;0.0;0.0;0.0;0.0;0.0;0.0;0.0;1.0;1.0;0.0;1.0;0.0;0.0;0.0;0.0;0.0
2023-10-26;Aston Villa;21;1;0;1;101;AZ;2;3;5;11;5;3;0.53;0.47;522;0.84;12;12;2;3;0;0;1;1.0;1.0;0.0;0.0;0.0;1.0;1.0;0.0;0.0;1.0;1.0;4;0.042727272727272725;0.16666666666666666;438;0.0273972602739726;826.4150943396226;0.2;1.8867924528301885;-6;0.06000000000000005;-3;-1;0;0.009578544061302681;0.8;0.1325;0.25;2;2;4;1;0;0;1;0;0.8;0.8;0.007662835249042145;1.25;0.0;1.0;0.0;0.0;0.0;0.0;0.0;0.0;0.0;1.0;0.0;0.0;0.0;1.0;0.0;0.0;0.0;0.0;0.0;0.0;1.0;0.0;1.0;0.0;0.0;0.0;0.0;0.0;0.0
2023-10-22;Aston Villa;3;1;3;1;61;West Ham;0;1;15;14;7;4;0.59;0.41;501;0.88;8;15;0;1;0;0;8;1.0;1.0;1.0;0.0;0.0;1.0;0.0;0.0;0.0;1.0;1.0;7;0.029285714285714283;0.0;441;0.018140589569160998;747.4576271186442;0.5333333333333333;13.559322033898306;1;0.18;1;-1;-7;0.029940119760479042;0.26666666666666666;0.1475;2.0;1;3;4;1;0;0;0;1;0.26666666666666666;0.5714285714285714;0.007984031936127744;3.75;1.0;1.0;0.0;0.0;0.0;0.0;0.0;0.0;0.0;0.0;0.0;0.0;0.0;0.0;0.0;0.0;0.0;0.0;0.0;0.0;1.0;1.0;0.0;1.0;0.0;0.0;0.0;0.0;0.0
2023-10-08;Aston Villa;3;1;6;1;67;Wolves;2;4;18;8;4;3;0.54;0.46;395;0.83;9;19;2;3;0;1;10;1.0;1.0;1.0;0.0;0.0;1.0;0.0;0.0;0.0;1.0;1.0;2;0.0575;0.2222222222222222;328;0.027439024390243903;607.4074074074074;0.5555555555555556;18.51851851851852;10;0.08000000000000002;8;-2;-10;0.04556962025316456;0.05555555555555555;0.54;10.0;0;1;1;0;1;0;1;0;0.05555555555555555;0.25;0.002531645569620253;18.0;1.0;1.0;0.0;0.0;0.0;0.0;0.0;0.0;0.0;0.0;0.0;0.0;0.0;1.0;0.0;0.0;0.0;0.0;0.0;0.0;1.0;1.0;0.0;0.0;0.0;0.0;0.0;0.0;0.0
2023-10-05;Aston Villa;21;1;9;1;-1;Zrinjski;2;2;27;3;9;1;0.75;0.25;634;0.88;12;9;2;2;0;0;15;1.0;0.0;1.0;0.0;0.0;0.0;1.0;0.0;0.0;1.0;0.0;0;0.08333333333333333;0.16666666666666666;558;0.021505376344086023;744.0;0.5555555555555556;20.0;24;0.5;15;0;3;0.04258675078864353;0.037037037037037035;0.75;15.0;0;1;1;1;0;0;0;1;0.037037037037037035;0.1111111111111111;0.0015772870662460567;27.0;0.0;1.0;0.0;0.0;0.0;0.0;0.0;0.0;0.0;1.0;0.0;0.0;0.0;1.0;1.0;0.0;0.0;0.0;0.0;0.0;0.0;0.0;1.0;1.0;0.0;0.0;1.0;0.0;0.0
2023-09-30;Aston Villa;3;3;3;1;54;Brighton;4;4;19;11;9;3;0.38;0.62;320;0.78;19;21;4;4;0;0;1;1.0;1.0;1.0;0.0;0.0;1.0;0.0;0.0;0.0;1.0;1.0;3;0.056363636363636366;0.21052631578947367;250;0.076;657.8947368421052;0.05263157894736842;2.6315789473684212;8;-0.24;-2;0;-2;0.059375;0.3157894736842105;0.06333333333333334;0.16666666666666666;3;3;6;1;0;0;0;1;0.3157894736842105;0.6666666666666666;0.01875;3.1666666666666665;1.0;1.0;0.0;0.0;0.0;0.0;0.0;0.0;0.0;0.0;0.0;0.0;0.0;0.0;0.0;0.0;0.0;0.0;0.0;0.0;1.0;1.0;0.0;1.0;0.0;0.0;0.0;0.0;0.0
2023-09-27;Aston Villa;14;3;17;1;64;Everton;4;3;11;13;3;4;0.68;0.32;642;0.88;10;14;4;3;0;0;4;0.0;1.0;1.0;0.0;0.0;0.0;1.0;0.0;0.0;1.0;0.0;4;0.024615384615384615;0.4;565;0.017699115044247787;830.8823529411765;0.36363636363636365;5.88235294117647;-2;0.36000000000000004;0;1;-4;0.017133956386292833;0.09090909090909091;0.68;4.0;0;1;1;0;0;1;0;1;0.09090909090909091;0.3333333333333333;0.001557632398753894;11.0;1.0;0.0;0.0;0.0;0.0;0.0;0.0;0.0;1.0;1.0;0.0;0.0;0.0;0.0;1.0;0.0;0.0;0.0;0.0;0.0;1.0;1.0;0.0;0.0;0.0;0.0;1.0;0.0;0.0
2023-09-24;Aston Villa;3;3;3;1;53;Chelsea;3;3;15;10;7;4;0.47;0.53;388;0.84;11;9;3;2;0;1;11;1.0;1.0;1.0;0.0;0.0;1.0;0.0;0.0;0.0;1.0;1.0;5;0.053000000000000005;0.2727272727272727;326;0.03374233128834356;693.6170212765958;0.7333333333333333;23.404255319148938;5;-0.06000000000000005;6;0;2;0.03865979381443299;0.06666666666666667;0.47;11.0;0;1;1;1;0;0;1;0;0.06666666666666667;0.14285714285714285;0.002577319587628866;15.0;1.0;1.0;0.0;0.0;0.0;0.0;0.0;0.0;0.0;0.0;0.0;0.0;0.0;0.0;0.0;0.0;0.0;0.0;0.0;0.0;1.0;1.0;0.0;1.0;0.0;0.0;0.0;0.0;0.0
2023-09-21;Aston Villa;21;3;6;1;136;Legia de Varsovia;2;3;19;8;6;6;0.61;0.39;494;0.87;11;16;2;3;0;0;3;1.0;0.0;1.0;0.0;0.0;1.0;1.0;0.0;0.0;1.0;0.0;3;0.04875;0.18181818181818182;430;0.02558139534883721;704.9180327868853;0.15789473684210525;4.918032786885246;11;0.21999999999999997;0;-1;-5;0.038461538461538464;0.10526315789473684;0.305;1.5;2;0;2;0;0;1;1;0;0.10526315789473684;0.3333333333333333;0.004048582995951417;9.5;0.0;1.0;0.0;0.0;0.0;0.0;0.0;0.0;0.0;1.0;0.0;0.0;0.0;0.0;1.0;0.0;0.0;0.0;0.0;0.0;0.0;0.0;1.0;1.0;0.0;0.0;0.0;0.0;1.0
2023-09-16;Aston Villa;3;3;8;1;65;Crystal Palace;5;3;16;6;5;3;0.67;0.33;604;0.86;13;9;5;3;0;0;4;1.0;1.0;1.0;0.0;0.0;1.0;0.0;0.0;0.0;1.0;1.0;2;0.055;0.38461538461538464;519;0.025048169556840076;774.6268656716418;0.25;5.970149253731343;10;0.34;2;2;4;0.026490066225165563;0.1875;0.22333333333333336;1.3333333333333333;0;3;3;1;0;0;0;1;0.1875;0.6;0.004966887417218543;5.333333333333333;1.0;1.0;0.0;0.0;0.0;0.0;0.0;0.0;0.0;0.0;0.0;0.0;0.0;0.0;0.0;0.0;0.0;0.0;0.0;0.0;1.0;1.0;0.0;1.0;0.0;0.0;0.0;0.0;0.0
2023-09-03;Aston Villa;3;1;0;1;2;Liverpool;1;0;9;17;3;4;0.36;0.64;388;0.81;7;12;1;0;0;0;3;1.0;1.0;1.0;0.0;0.0;1.0;0.0;0.0;0.0;1.0;1.0;7;0.037647058823529415;0.14285714285714285;314;0.022292993630573247;872.2222222222223;0.3333333333333333;8.333333333333334;-8;-0.28;-4;1;-5;0.023195876288659795;0.0;0.0;0.0;0;0;0;0;0;1;1;0;0.0;0.0;0.0;0.0;1.0;1.0;0.0;0.0;0.0;0.0;0.0;0.0;0.0;0.0;0.0;0.0;0.0;1.0;0.0;0.0;0.0;0.0;0.0;0.0;1.0;1.0;0.0;0.0;0.0;0.0;0.0;0.0;0.0
2023-08-27;Aston Villa;3;17;1;1;819;Burnley;0;2;16;9;6;2;0.43;0.57;454;0.83;11;12;0;2;0;0;6;0.0;1.0;1.0;0.0;0.0;1.0;0.0;0.0;0.0;1.0;1.0;4;0.06333333333333332;0.0;377;0.029177718832891247;876.7441860465117;0.375;13.953488372093023;7;-0.13999999999999996;2;-2;-1;0.03524229074889868;0.1875;0.14333333333333334;2.0;2;1;3;1;0;0;1;0;0.1875;0.5;0.006607929515418502;5.333333333333333;1.0;1.0;0.0;0.0;0.0;0.0;0.0;0.0;1.0;0.0;0.0;0.0;0.0;1.0;0.0;0.0;0.0;0.0;0.0;0.0;1.0;1.0;0.0;0.0;0.0;0.0;0.0;0.0;0.0
