Fecha;Equipo_name;Torneo;Alineacion;Alineacion_contrincante;equipo;equipo_contrincante;equipo_contrincante_name;tarjetas;tarjetas_contrincante;Remates;Remates_contrincante;Remates al arco;Remates al arco_contrincante;Posesión;Posesión_contrincante;Pases;Precisión de los pases;Faltas;Faltas_contrincante;Tarjetas amarillas;Tarjetas amarillas_contrincante;Tarjetas rojas;Tarjetas rojas_contrincante;Tiros de esquina;Wojciech Szczęsny-Barcelona;Jules Koundé-Barcelona;Pau Cubarsí-Barcelona;Íñigo Martínez-Barcelona;Gerard Martín-Barcelona;Fermín López Marín-Barcelona;Frenkie de Jong-Barcelona;Pedri-Barcelona;Raphinha-Barcelona;Robert Lewandowski-Barcelona;Ferran Torres-Barcelona;Tiros de esquina_concedidos;Posesión_contra_por_remate;tarjetas_por_falta;pases_completados;faltas_por_pases;pases_por_posesion;tirosEsquina_por_remate;tirosEsquina_por_posesion;diff_remates;diff_posesion;diff_Tiros de esquina;diff_tarjetas;diff_faltas;remates_por_pase;posesion_por_remate;posesion_por_gol;tirosEsquina_por_gol;goles_primera_mitad;goles_segunda_mitad;goles_totales;gano;empato;perdio;visitante;local;conversion_goles;conversion_arco;goles_por_pase;remates_al_arco_por_gol;Ronald Araújo-Barcelona;Gavi-Barcelona;Lamine Yamal-Barcelona;Alejandro Baldé-Barcelona;Eric García-Barcelona;Dani Olmo-Barcelona;Marc Casadó-Barcelona;Héctor Fort-Barcelona;Iñaki Peña-Barcelona;Pablo Torre-Barcelona;Ansu Fati-Barcelona;Sergi Domínguez-Barcelona;Pau Víctor-Barcelona;Marc-André ter Stegen-Barcelona;Marc Bernal-Barcelona;Andreas Christensen-Barcelona;Álex Valle-Barcelona;Clément Lenglet-Barcelona;İlkay Gündoğan-Barcelona;Unai Hernández-Barcelona;Julián Araujo-Barcelona;Vitor Roque-Barcelona;João Cancelo-Barcelona;Sergi Roberto-Barcelona;Marcos Alonso Mendoza-Barcelona;Oriol Romeu-Barcelona;João Félix-Barcelona;Marc Guiu-Barcelona;Ander Astralaga-Barcelona;Abde Ezzalzouli-Barcelona;Ousmane Dembélé-Barcelona;Sergiño Dest-Barcelona;Franck Kessié-Barcelona;Pau Prim-Barcelona;Daniel Rodríguez Crespo-Barcelona;Jordi Alba-Barcelona;Sergio Busquets-Barcelona
2025-04-19;Barcelona;1;0;7;10;44;Celta de Vigo;2;2;18;11;6;8;0.72;0.28;752;0.89;10;13;2;2;0;0;4;1.0;1.0;1.0;1.0;1.0;1.0;1.0;1.0;1.0;1.0;1.0;1;0.0254545454545454;0.2;669;0.014947683109118;929.1666666666669;0.2222222222222222;5.555555555555555;7;0.4399999999999999;3;0;-3;0.0239361702127659;0.2222222222222222;0.18;1.0;1;3;4;1;0;0;0;1;0.2222222222222222;0.6666666666666666;0.0053191489361702;4.5;0.0;0.0;0.0;0.0;0.0;0.0;0.0;0.0;0.0;0.0;0.0;0.0;0.0;0.0;0.0;0.0;0.0;0.0;0.0;0.0;0.0;0.0;0.0;0.0;0.0;0.0;0.0;0.0;0.0;0.0;0.0;0.0;0.0;0.0;0.0;0.0;0.0
2025-04-15;Barcelona;0;3;17;10;11;Dortmund;1;1;7;18;2;11;0.54;0.46;510;0.84;11;14;1;1;0;0;4;1.0;1.0;1.0;0.0;1.0;1.0;1.0;0.0;1.0;1.0;0.0;8;0.0255555555555555;0.0909090909090909;428;0.0257009345794392;792.5925925925925;0.5714285714285714;7.4074074074074066;-11;0.08;-4;0;-3;0.0137254901960784;0.1428571428571428;0.54;4.0;0;1;1;0;0;1;1;0;0.1428571428571428;0.5;0.0019607843137254;7.0;1.0;1.0;1.0;0.0;0.0;0.0;0.0;0.0;0.0;0.0;0.0;0.0;0.0;0.0;0.0;0.0;0.0;0.0;0.0;0.0;0.0;0.0;0.0;0.0;0.0;0.0;0.0;0.0;0.0;0.0;0.0;0.0;0.0;0.0;0.0;0.0;0.0
2025-04-12;Barcelona;1;3;5;10;47;Leganés;1;2;12;6;3;1;0.67;0.33;600;0.87;4;10;1;2;0;0;8;1.0;1.0;0.0;1.0;0.0;1.0;0.0;1.0;1.0;1.0;0.0;4;0.055;0.25;522;0.0076628352490421;779.1044776119403;0.6666666666666666;11.940298507462686;6;0.34;4;-1;-6;0.02;0.0833333333333333;0.67;8.0;0;1;1;1;0;0;1;0;0.0833333333333333;0.3333333333333333;0.0016666666666666;12.0;1.0;0.0;1.0;1.0;1.0;0.0;0.0;0.0;0.0;0.0;0.0;0.0;0.0;0.0;0.0;0.0;0.0;0.0;0.0;0.0;0.0;0.0;0.0;0.0;0.0;0.0;0.0;0.0;0.0;0.0;0.0;0.0;0.0;0.0;0.0;0.0;0.0
2025-04-09;Barcelona;0;3;5;10;11;Dortmund;0;2;18;13;10;3;0.61;0.39;545;0.88;5;12;0;2;0;0;4;1.0;1.0;1.0;1.0;0.0;1.0;1.0;1.0;1.0;1.0;0.0;6;0.03;0.0;480;0.0104166666666666;786.8852459016393;0.2222222222222222;6.557377049180328;5;0.2199999999999999;-2;-2;-7;0.0330275229357798;0.2222222222222222;0.1525;1.0;1;3;4;1;0;0;0;1;0.2222222222222222;0.4;0.0073394495412844;4.5;0.0;0.0;1.0;1.0;0.0;0.0;0.0;0.0;0.0;0.0;0.0;0.0;0.0;0.0;0.0;0.0;0.0;0.0;0.0;0.0;0.0;0.0;0.0;0.0;0.0;0.0;0.0;0.0;0.0;0.0;0.0;0.0;0.0;0.0;0.0;0.0;0.0
2025-04-02;Barcelona;19;3;4;10;27;Atlético Madrid;3;5;15;6;5;0;0.57;0.43;498;0.84;22;11;3;5;0;0;7;1.0;1.0;1.0;1.0;0.0;1.0;1.0;1.0;1.0;0.0;1.0;6;0.0716666666666666;0.1363636363636363;418;0.0526315789473684;733.3333333333334;0.4666666666666667;12.280701754385966;9;0.1399999999999999;1;-2;11;0.0301204819277108;0.0666666666666666;0.57;7.0;1;0;1;1;0;0;1;0;0.0666666666666666;0.2;0.002008032128514;15.0;0.0;0.0;1.0;1.0;0.0;0.0;0.0;0.0;0.0;0.0;0.0;0.0;0.0;0.0;0.0;0.0;0.0;0.0;0.0;0.0;0.0;0.0;0.0;0.0;0.0;0.0;0.0;0.0;0.0;0.0;0.0;0.0;0.0;0.0;0.0;0.0;0.0
2025-03-30;Barcelona;1;3;1;10;24;Girona;0;1;21;4;9;2;0.7;0.3;643;0.88;8;11;0;1;0;0;10;1.0;1.0;0.0;1.0;1.0;1.0;0.0;1.0;0.0;1.0;0.0;2;0.075;0.0;566;0.0141342756183745;808.5714285714287;0.4761904761904761;14.285714285714286;17;0.3999999999999999;8;-1;-3;0.0326594090202177;0.1904761904761904;0.175;2.5;1;3;4;1;0;0;0;1;0.1904761904761904;0.4444444444444444;0.0062208398133748;5.25;1.0;1.0;1.0;0.0;1.0;0.0;0.0;0.0;0.0;0.0;0.0;0.0;0.0;0.0;0.0;0.0;0.0;0.0;0.0;0.0;0.0;0.0;0.0;0.0;0.0;0.0;0.0;0.0;0.0;0.0;0.0;0.0;0.0;0.0;0.0;0.0;0.0
2025-03-27;Barcelona;1;0;1;10;41;Osasuna;1;3;19;4;5;0;0.75;0.25;750;0.9;7;14;1;3;0;0;8;1.0;1.0;0.0;1.0;0.0;0.0;1.0;1.0;0.0;0.0;1.0;4;0.0625;0.1428571428571428;675;0.0103703703703703;900.0;0.4210526315789473;10.666666666666666;15;0.5;4;-2;-7;0.0253333333333333;0.1578947368421052;0.25;2.6666666666666665;2;1;3;1;0;0;0;1;0.1578947368421052;0.6;0.004;6.333333333333333;0.0;1.0;1.0;1.0;1.0;1.0;0.0;0.0;0.0;0.0;0.0;0.0;0.0;0.0;0.0;0.0;0.0;0.0;0.0;0.0;0.0;0.0;0.0;0.0;0.0;0.0;0.0;0.0;0.0;0.0;0.0;0.0;0.0;0.0;0.0;0.0;0.0
2025-03-16;Barcelona;1;3;1;10;27;Atlético Madrid;3;1;13;7;6;2;0.67;0.33;639;0.89;11;10;3;1;0;0;6;1.0;1.0;1.0;1.0;0.0;0.0;0.0;1.0;1.0;1.0;0.0;6;0.0471428571428571;0.2727272727272727;569;0.0193321616871704;849.2537313432836;0.4615384615384615;8.955223880597014;6;0.34;0;2;1;0.0203442879499217;0.3076923076923077;0.1675;1.5;0;4;4;1;0;0;1;0;0.3076923076923077;0.6666666666666666;0.0062597809076682;3.25;0.0;0.0;1.0;1.0;0.0;1.0;1.0;0.0;0.0;0.0;0.0;0.0;0.0;0.0;0.0;0.0;0.0;0.0;0.0;0.0;0.0;0.0;0.0;0.0;0.0;0.0;0.0;0.0;0.0;0.0;0.0;0.0;0.0;0.0;0.0;0.0;0.0
2025-03-11;Barcelona;0;3;0;10;13;Benfica;0;1;20;8;6;2;0.66;0.34;650;0.89;4;8;0;1;0;0;1;1.0;1.0;0.0;1.0;0.0;0.0;1.0;1.0;1.0;1.0;0.0;6;0.0425;0.0;578;0.0069204152249134;875.7575757575758;0.05;1.5151515151515151;12;0.32;-5;-1;-4;0.0307692307692307;0.15;0.22;0.3333333333333333;3;0;3;1;0;0;0;1;0.15;0.5;0.0046153846153846;6.666666666666667;1.0;0.0;1.0;1.0;0.0;1.0;0.0;0.0;0.0;0.0;0.0;0.0;0.0;0.0;0.0;0.0;0.0;0.0;0.0;0.0;0.0;0.0;0.0;0.0;0.0;0.0;0.0;0.0;0.0;0.0;0.0;0.0;0.0;0.0;0.0;0.0;0.0
2025-03-05;Barcelona;0;3;0;10;13;Benfica;2;4;10;26;5;8;0.48;0.52;430;0.82;5;18;1;4;1;0;4;1.0;1.0;1.0;1.0;0.0;0.0;1.0;1.0;1.0;1.0;0.0;13;0.02;0.4;353;0.0141643059490084;735.4166666666667;0.4;8.333333333333334;-16;-0.04;-9;-2;-13;0.0232558139534883;0.1;0.48;4.0;0;1;1;1;0;0;1;0;0.1;0.2;0.0023255813953488;10.0;0.0;0.0;1.0;1.0;0.0;1.0;0.0;0.0;0.0;0.0;0.0;0.0;0.0;0.0;0.0;0.0;0.0;0.0;0.0;0.0;0.0;0.0;0.0;0.0;0.0;0.0;0.0;0.0;0.0;0.0;0.0;0.0;0.0;0.0;0.0;0.0;0.0
2025-03-02;Barcelona;1;7;7;10;46;Real Sociedad;0;1;33;0;10;0;0.77;0.23;746;0.91;15;6;0;0;0;1;12;1.0;1.0;1.0;0.0;1.0;0.0;0.0;1.0;1.0;1.0;0.0;0;0.0;0.0;679;0.0220913107511045;881.8181818181818;0.3636363636363636;15.584415584415584;33;0.54;12;-1;9;0.0442359249329758;0.1212121212121212;0.1925;3.0;2;2;4;1;0;0;0;1;0.1212121212121212;0.4;0.0053619302949061;8.25;1.0;0.0;1.0;0.0;0.0;1.0;1.0;0.0;0.0;0.0;0.0;0.0;0.0;0.0;0.0;0.0;0.0;0.0;0.0;0.0;0.0;0.0;0.0;0.0;0.0;0.0;0.0;0.0;0.0;0.0;0.0;0.0;0.0;0.0;0.0;0.0;0.0
2025-02-25;Barcelona;19;3;1;10;27;Atlético Madrid;0;4;16;10;9;7;0.68;0.32;677;0.88;12;10;0;4;0;0;8;1.0;1.0;1.0;1.0;0.0;0.0;1.0;1.0;1.0;0.0;1.0;3;0.032;0.0;596;0.0201342281879194;876.470588235294;0.5;11.76470588235294;6;0.36;5;-4;2;0.0236336779911373;0.25;0.17;2.0;3;1;4;0;1;0;0;1;0.25;0.4444444444444444;0.0059084194977843;4.0;0.0;0.0;1.0;1.0;0.0;1.0;0.0;0.0;0.0;0.0;0.0;0.0;0.0;0.0;0.0;0.0;0.0;0.0;0.0;0.0;0.0;0.0;0.0;0.0;0.0;0.0;0.0;0.0;0.0;0.0;0.0;0.0;0.0;0.0;0.0;0.0;0.0
2025-02-22;Barcelona;1;3;3;10;50;U. D. Las Palmas;1;1;15;10;5;2;0.71;0.29;667;0.88;4;13;1;1;0;0;3;1.0;1.0;1.0;0.0;0.0;1.0;0.0;1.0;1.0;1.0;0.0;5;0.0289999999999999;0.25;587;0.0068143100511073;826.7605633802817;0.2;4.225352112676057;5;0.42;-2;0;-9;0.0224887556221889;0.1333333333333333;0.355;1.5;0;2;2;1;0;0;1;0;0.1333333333333333;0.4;0.0029985007496251;7.5;0.0;0.0;1.0;1.0;1.0;0.0;1.0;0.0;0.0;0.0;0.0;0.0;0.0;0.0;0.0;0.0;0.0;0.0;0.0;0.0;0.0;0.0;0.0;0.0;0.0;0.0;0.0;0.0;0.0;0.0;0.0;0.0;0.0;0.0;0.0;0.0;0.0
2025-02-17;Barcelona;1;3;3;10;42;Rayo Vallecano;2;3;14;9;5;4;0.6;0.4;541;0.86;11;9;2;3;0;0;4;1.0;0.0;1.0;1.0;0.0;0.0;1.0;1.0;1.0;1.0;0.0;5;0.0444444444444444;0.1818181818181818;465;0.0236559139784946;775.0;0.2857142857142857;6.666666666666667;5;0.1999999999999999;-1;-1;2;0.0258780036968576;0.0714285714285714;0.6;4.0;1;0;1;1;0;0;0;1;0.0714285714285714;0.2;0.0018484288354898;14.0;0.0;1.0;1.0;1.0;0.0;0.0;0.0;1.0;0.0;0.0;0.0;0.0;0.0;0.0;0.0;0.0;0.0;0.0;0.0;0.0;0.0;0.0;0.0;0.0;0.0;0.0;0.0;0.0;0.0;0.0;0.0;0.0;0.0;0.0;0.0;0.0;0.0
2025-02-09;Barcelona;1;3;3;10;43;Sevilla;3;5;10;8;6;4;0.6;0.4;507;0.85;6;14;2;5;1;0;6;1.0;1.0;0.0;1.0;0.0;0.0;1.0;1.0;1.0;1.0;0.0;5;0.05;0.5;431;0.0139211136890951;718.3333333333334;0.6;10.0;2;0.1999999999999999;1;-2;-8;0.019723865877712;0.4;0.15;1.5;1;3;4;1;0;0;1;0;0.4;0.6666666666666666;0.0078895463510848;2.5;1.0;1.0;1.0;1.0;0.0;0.0;0.0;0.0;0.0;0.0;0.0;0.0;0.0;0.0;0.0;0.0;0.0;0.0;0.0;0.0;0.0;0.0;0.0;0.0;0.0;0.0;0.0;0.0;0.0;0.0;0.0;0.0;0.0;0.0;0.0;0.0;0.0
2025-02-02;Barcelona;1;0;3;10;45;Alavés;5;2;11;3;4;0;0.71;0.29;625;0.88;8;20;5;2;0;0;5;1.0;1.0;1.0;0.0;0.0;0.0;0.0;1.0;1.0;1.0;0.0;2;0.0966666666666666;0.625;550;0.0145454545454545;774.6478873239437;0.4545454545454545;7.042253521126761;8;0.42;3;3;-12;0.0176;0.0909090909090909;0.71;5.0;0;1;1;1;0;0;0;1;0.0909090909090909;0.25;0.0016;11.0;1.0;1.0;1.0;1.0;0.0;0.0;1.0;0.0;0.0;0.0;0.0;0.0;0.0;0.0;0.0;0.0;0.0;0.0;0.0;0.0;0.0;0.0;0.0;0.0;0.0;0.0;0.0;0.0;0.0;0.0;0.0;0.0;0.0;0.0;0.0;0.0;0.0
2025-01-29;Barcelona;0;3;29;10;17;Atalanta;0;4;16;8;7;4;0.69;0.31;633;0.9;7;13;0;4;0;0;7;1.0;1.0;0.0;0.0;0.0;0.0;1.0;1.0;1.0;1.0;0.0;4;0.03875;0.0;570;0.0122807017543859;826.0869565217392;0.4375;10.144927536231885;8;0.3799999999999999;3;-4;-6;0.0252764612954186;0.125;0.345;3.5;0;2;2;0;1;0;0;1;0.125;0.2857142857142857;0.0031595576619273;8.0;1.0;1.0;1.0;1.0;1.0;0.0;0.0;0.0;0.0;0.0;0.0;0.0;0.0;0.0;0.0;0.0;0.0;0.0;0.0;0.0;0.0;0.0;0.0;0.0;0.0;0.0;0.0;0.0;0.0;0.0;0.0;0.0;0.0;0.0;0.0;0.0;0.0
2025-01-26;Barcelona;1;3;1;10;52;Valencia C. F.;0;1;22;7;11;2;0.72;0.28;707;0.9;10;12;0;1;0;0;14;1.0;1.0;1.0;0.0;0.0;1.0;1.0;0.0;1.0;0.0;1.0;4;0.04;0.0;636;0.0157232704402515;883.3333333333334;0.6363636363636364;19.444444444444446;15;0.4399999999999999;10;-1;-2;0.0311173974540311;0.3181818181818182;0.1028571428571428;2.0;5;2;7;1;0;0;0;1;0.3181818181818182;0.6363636363636364;0.0099009900990099;3.142857142857143;0.0;0.0;1.0;1.0;1.0;0.0;1.0;0.0;0.0;0.0;0.0;0.0;0.0;0.0;0.0;0.0;0.0;0.0;0.0;0.0;0.0;0.0;0.0;0.0;0.0;0.0;0.0;0.0;0.0;0.0;0.0;0.0;0.0;0.0;0.0;0.0;0.0
2025-01-21;Barcelona;0;3;0;10;13;Benfica;4;2;22;10;11;5;0.75;0.25;731;0.9;9;9;4;1;0;1;6;1.0;1.0;1.0;0.0;0.0;0.0;0.0;1.0;1.0;1.0;0.0;2;0.025;0.4444444444444444;658;0.0136778115501519;877.3333333333334;0.2727272727272727;8.0;12;0.5;4;2;0;0.0300957592339261;0.2272727272727272;0.15;1.2;1;4;5;1;0;0;1;0;0.2272727272727272;0.4545454545454545;0.0068399452804377;4.4;1.0;1.0;1.0;1.0;0.0;0.0;1.0;0.0;0.0;0.0;0.0;0.0;0.0;0.0;0.0;0.0;0.0;0.0;0.0;0.0;0.0;0.0;0.0;0.0;0.0;0.0;0.0;0.0;0.0;0.0;0.0;0.0;0.0;0.0;0.0;0.0;0.0
2025-01-18;Barcelona;1;3;7;10;48;Getafe;2;3;21;10;5;4;0.78;0.22;670;0.86;9;9;2;3;0;0;10;0.0;1.0;1.0;0.0;0.0;0.0;0.0;1.0;1.0;1.0;0.0;2;0.022;0.2222222222222222;576;0.015625;738.4615384615385;0.4761904761904761;12.82051282051282;11;0.56;8;-1;0;0.0313432835820895;0.0476190476190476;0.78;10.0;1;0;1;0;1;0;1;0;0.0476190476190476;0.2;0.0014925373134328;21.0;1.0;1.0;1.0;1.0;0.0;0.0;1.0;0.0;1.0;0.0;0.0;0.0;0.0;0.0;0.0;0.0;0.0;0.0;0.0;0.0;0.0;0.0;0.0;0.0;0.0;0.0;0.0;0.0;0.0;0.0;0.0;0.0;0.0;0.0;0.0;0.0;0.0
2025-01-15;Barcelona;19;0;3;10;39;Betis;2;2;18;8;9;3;0.69;0.31;648;0.89;10;8;2;2;0;0;8;0.0;1.0;1.0;0.0;1.0;0.0;1.0;1.0;1.0;0.0;0.0;3;0.03875;0.2;577;0.0173310225303292;836.2318840579711;0.4444444444444444;11.594202898550726;10;0.3799999999999999;5;0;2;0.0277777777777777;0.2777777777777778;0.1379999999999999;1.6;2;3;5;1;0;0;0;1;0.2777777777777778;0.5555555555555556;0.007716049382716;3.6;1.0;1.0;1.0;0.0;0.0;1.0;0.0;0.0;1.0;0.0;0.0;0.0;0.0;0.0;0.0;0.0;0.0;0.0;0.0;0.0;0.0;0.0;0.0;0.0;0.0;0.0;0.0;0.0;0.0;0.0;0.0;0.0;0.0;0.0;0.0;0.0;0.0
2025-01-12;Barcelona;18;3;3;10;12;Real Madrid;5;5;14;19;8;6;0.52;0.48;433;0.86;13;14;4;5;1;0;5;1.0;1.0;1.0;1.0;0.0;0.0;0.0;1.0;1.0;1.0;0.0;9;0.0252631578947368;0.3846153846153846;372;0.0349462365591397;715.3846153846154;0.3571428571428571;9.615384615384617;-5;0.04;-4;0;-1;0.0323325635103926;0.3571428571428571;0.104;1.0;4;1;5;1;0;0;1;0;0.3571428571428571;0.625;0.0115473441108545;2.8;0.0;1.0;1.0;1.0;0.0;0.0;1.0;0.0;0.0;0.0;0.0;0.0;0.0;0.0;0.0;0.0;0.0;0.0;0.0;0.0;0.0;0.0;0.0;0.0;0.0;0.0;0.0;0.0;0.0;0.0;0.0;0.0;0.0;0.0;0.0;0.0;0.0
2025-01-08;Barcelona;18;3;3;10;38;Athletic;0;2;14;10;8;5;0.57;0.43;522;0.83;8;13;0;2;0;0;2;1.0;1.0;1.0;1.0;0.0;0.0;0.0;1.0;1.0;1.0;0.0;7;0.043;0.0;433;0.0184757505773672;759.6491228070176;0.1428571428571428;3.5087719298245617;4;0.1399999999999999;-5;-2;-5;0.0268199233716475;0.1428571428571428;0.285;1.0;1;1;2;1;0;0;1;0;0.1428571428571428;0.25;0.003831417624521;7.0;0.0;1.0;1.0;1.0;0.0;0.0;1.0;0.0;0.0;0.0;0.0;0.0;0.0;0.0;0.0;0.0;0.0;0.0;0.0;0.0;0.0;0.0;0.0;0.0;0.0;0.0;0.0;0.0;0.0;0.0;0.0;0.0;0.0;0.0;0.0;0.0;0.0
2024-12-21;Barcelona;1;3;1;10;27;Atlético Madrid;0;3;19;5;7;4;0.63;0.37;647;0.89;11;8;0;3;0;0;11;0.0;1.0;1.0;1.0;0.0;1.0;0.0;1.0;1.0;1.0;0.0;3;0.074;0.0;576;0.0190972222222222;914.2857142857144;0.5789473684210527;17.46031746031746;14;0.26;8;-3;3;0.0293663060278207;0.0526315789473684;0.63;11.0;1;0;1;0;0;1;0;1;0.0526315789473684;0.1428571428571428;0.0015455950540958;19.0;0.0;1.0;0.0;1.0;0.0;0.0;1.0;0.0;1.0;0.0;0.0;0.0;0.0;0.0;0.0;0.0;0.0;0.0;0.0;0.0;0.0;0.0;0.0;0.0;0.0;0.0;0.0;0.0;0.0;0.0;0.0;0.0;0.0;0.0;0.0;0.0;0.0
2024-12-15;Barcelona;1;3;9;10;47;Leganés;0;2;20;6;4;4;0.8;0.2;778;0.88;5;13;0;2;0;0;8;0.0;1.0;0.0;1.0;0.0;0.0;0.0;1.0;1.0;1.0;0.0;2;0.0333333333333333;0.0;685;0.0072992700729927;856.25;0.4;10.0;14;0.6000000000000001;6;-2;-8;0.0257069408740359;0.0;0.0;0.0;0;0;0;0;0;1;0;1;0.0;0.0;0.0;0.0;0.0;0.0;1.0;1.0;1.0;1.0;1.0;0.0;1.0;0.0;0.0;0.0;0.0;0.0;0.0;0.0;0.0;0.0;0.0;0.0;0.0;0.0;0.0;0.0;0.0;0.0;0.0;0.0;0.0;0.0;0.0;0.0;0.0;0.0;0.0;0.0;0.0
2024-12-11;Barcelona;0;3;0;10;11;Dortmund;2;4;13;12;8;2;0.56;0.44;524;0.85;10;9;2;4;0;0;3;0.0;1.0;1.0;1.0;0.0;0.0;0.0;1.0;1.0;1.0;0.0;2;0.0366666666666666;0.2;445;0.0224719101123595;794.6428571428571;0.2307692307692307;5.357142857142857;1;0.12;1;-2;1;0.0248091603053435;0.2307692307692307;0.1866666666666666;1.0;0;3;3;1;0;0;1;0;0.2307692307692307;0.375;0.0057251908396946;4.333333333333333;0.0;0.0;1.0;1.0;0.0;1.0;1.0;0.0;1.0;0.0;0.0;0.0;0.0;0.0;0.0;0.0;0.0;0.0;0.0;0.0;0.0;0.0;0.0;0.0;0.0;0.0;0.0;0.0;0.0;0.0;0.0;0.0;0.0;0.0;0.0;0.0;0.0
2024-12-07;Barcelona;1;0;3;10;39;Betis;2;1;9;12;3;6;0.62;0.38;521;0.85;14;15;2;1;0;0;4;0.0;1.0;1.0;1.0;0.0;0.0;0.0;1.0;1.0;1.0;0.0;6;0.0316666666666666;0.1428571428571428;443;0.0316027088036117;714.516129032258;0.4444444444444444;6.451612903225807;-3;0.24;-2;1;-1;0.0172744721689059;0.2222222222222222;0.31;2.0;1;1;2;0;1;0;1;0;0.2222222222222222;0.6666666666666666;0.0038387715930902;4.5;0.0;0.0;1.0;1.0;0.0;1.0;1.0;0.0;1.0;0.0;0.0;0.0;0.0;0.0;0.0;0.0;0.0;0.0;0.0;0.0;0.0;0.0;0.0;0.0;0.0;0.0;0.0;0.0;0.0;0.0;0.0;0.0;0.0;0.0;0.0;0.0;0.0
2024-12-03;Barcelona;1;3;1;10;40;R.C.D. Mallorca;3;4;20;6;9;1;0.61;0.39;501;0.83;13;13;3;4;0;0;5;0.0;1.0;1.0;1.0;0.0;0.0;0.0;1.0;1.0;0.0;1.0;2;0.065;0.2307692307692307;416;0.03125;681.9672131147541;0.25;8.19672131147541;14;0.2199999999999999;3;-1;0;0.0399201596806387;0.25;0.122;1.0;1;4;5;1;0;0;1;0;0.25;0.5555555555555556;0.0099800399201596;4.0;0.0;0.0;1.0;1.0;0.0;1.0;1.0;0.0;1.0;0.0;0.0;0.0;0.0;0.0;0.0;0.0;0.0;0.0;0.0;0.0;0.0;0.0;0.0;0.0;0.0;0.0;0.0;0.0;0.0;0.0;0.0;0.0;0.0;0.0;0.0;0.0;0.0
2024-11-30;Barcelona;1;3;3;10;50;U. D. Las Palmas;0;0;27;5;8;3;0.71;0.29;618;0.88;7;11;0;0;0;0;7;0.0;1.0;1.0;1.0;0.0;1.0;0.0;1.0;1.0;1.0;0.0;0;0.0579999999999999;0.0;544;0.0128676470588235;766.1971830985916;0.2592592592592592;9.859154929577466;22;0.42;7;0;-4;0.0436893203883495;0.037037037037037;0.71;7.0;0;1;1;0;0;1;0;1;0.037037037037037;0.125;0.0016181229773462;27.0;0.0;1.0;0.0;1.0;0.0;0.0;0.0;0.0;1.0;1.0;0.0;0.0;0.0;0.0;0.0;0.0;0.0;0.0;0.0;0.0;0.0;0.0;0.0;0.0;0.0;0.0;0.0;0.0;0.0;0.0;0.0;0.0;0.0;0.0;0.0;0.0;0.0
2024-11-26;Barcelona;0;3;22;10;5;Stade Brestois;0;4;19;2;8;0;0.76;0.24;775;0.89;8;19;0;4;0;0;4;0.0;1.0;1.0;1.0;1.0;1.0;0.0;1.0;1.0;1.0;0.0;0;0.12;0.0;690;0.0115942028985507;907.8947368421052;0.2105263157894736;5.2631578947368425;17;0.52;4;-4;-11;0.024516129032258;0.1578947368421052;0.2533333333333333;1.3333333333333333;1;2;3;1;0;0;0;1;0.1578947368421052;0.375;0.0038709677419354;6.333333333333333;0.0;0.0;0.0;0.0;0.0;1.0;1.0;0.0;1.0;0.0;0.0;0.0;0.0;0.0;0.0;0.0;0.0;0.0;0.0;0.0;0.0;0.0;0.0;0.0;0.0;0.0;0.0;0.0;0.0;0.0;0.0;0.0;0.0;0.0;0.0;0.0;0.0
2024-11-23;Barcelona;1;3;1;10;44;Celta de Vigo;4;5;9;15;4;8;0.6;0.4;584;0.84;9;13;3;5;1;0;1;0.0;1.0;1.0;1.0;1.0;0.0;0.0;1.0;1.0;1.0;0.0;5;0.0266666666666666;0.4444444444444444;491;0.0183299389002036;818.3333333333334;0.1111111111111111;1.6666666666666667;-6;0.1999999999999999;-4;-1;-4;0.0154109589041095;0.2222222222222222;0.3;0.5;1;1;2;0;1;0;1;0;0.2222222222222222;0.5;0.0034246575342465;4.5;0.0;1.0;0.0;0.0;0.0;1.0;1.0;0.0;1.0;0.0;0.0;0.0;0.0;0.0;0.0;0.0;0.0;0.0;0.0;0.0;0.0;0.0;0.0;0.0;0.0;0.0;0.0;0.0;0.0;0.0;0.0;0.0;0.0;0.0;0.0;0.0;0.0
2024-11-10;Barcelona;1;3;7;10;46;Real Sociedad;1;3;11;14;0;6;0.7;0.3;614;0.84;6;17;1;3;0;0;6;0.0;1.0;1.0;1.0;0.0;1.0;1.0;1.0;1.0;1.0;0.0;7;0.0214285714285714;0.1666666666666666;516;0.0116279069767441;737.1428571428572;0.5454545454545454;8.571428571428571;-3;0.3999999999999999;-1;-2;-11;0.017915309446254;0.0;0.0;0.0;0;0;0;0;0;1;1;0;0.0;0.0;0.0;0.0;0.0;0.0;0.0;1.0;0.0;0.0;1.0;0.0;1.0;0.0;0.0;0.0;0.0;0.0;0.0;0.0;0.0;0.0;0.0;0.0;0.0;0.0;0.0;0.0;0.0;0.0;0.0;0.0;0.0;0.0;0.0;0.0;0.0;0.0;0.0;0.0;0.0
2024-11-06;Barcelona;0;3;5;10;33;Estrella Roja;0;2;21;4;9;2;0.7;0.3;669;0.89;12;4;0;2;0;0;7;0.0;1.0;1.0;1.0;1.0;0.0;1.0;1.0;1.0;1.0;0.0;1;0.075;0.0;595;0.0201680672268907;850.0;0.3333333333333333;10.0;17;0.3999999999999999;6;-2;8;0.0313901345291479;0.238095238095238;0.1399999999999999;1.4;2;3;5;1;0;0;1;0;0.238095238095238;0.5555555555555556;0.007473841554559;4.2;0.0;0.0;1.0;0.0;0.0;0.0;1.0;0.0;1.0;0.0;0.0;0.0;0.0;0.0;0.0;0.0;0.0;0.0;0.0;0.0;0.0;0.0;0.0;0.0;0.0;0.0;0.0;0.0;0.0;0.0;0.0;0.0;0.0;0.0;0.0;0.0;0.0
2024-11-03;Barcelona;1;3;7;10;49;RCD Espanyol;0;3;14;10;9;3;0.78;0.22;760;0.91;13;14;0;3;0;0;9;0.0;0.0;1.0;1.0;0.0;0.0;0.0;1.0;1.0;1.0;0.0;5;0.022;0.0;692;0.01878612716763;887.1794871794872;0.6428571428571429;11.538461538461538;4;0.56;4;-3;-1;0.0184210526315789;0.2142857142857142;0.26;3.0;3;0;3;1;0;0;0;1;0.2142857142857142;0.3333333333333333;0.0039473684210526;4.666666666666667;0.0;0.0;1.0;1.0;0.0;1.0;1.0;1.0;1.0;0.0;0.0;0.0;0.0;0.0;0.0;0.0;0.0;0.0;0.0;0.0;0.0;0.0;0.0;0.0;0.0;0.0;0.0;0.0;0.0;0.0;0.0;0.0;0.0;0.0;0.0;0.0;0.0
2024-10-23;Barcelona;0;3;3;10;23;Bayern;0;2;12;11;4;3;0.39;0.61;377;0.81;11;10;0;2;0;0;5;0.0;1.0;1.0;1.0;0.0;1.0;0.0;1.0;1.0;1.0;0.0;5;0.0554545454545454;0.0;305;0.0360655737704918;782.051282051282;0.4166666666666667;12.82051282051282;1;-0.2199999999999999;0;-2;1;0.0318302387267904;0.3333333333333333;0.0975;1.25;3;1;4;1;0;0;0;1;0.3333333333333333;1.0;0.0106100795755968;3.0;0.0;0.0;1.0;1.0;0.0;0.0;1.0;0.0;1.0;0.0;0.0;0.0;0.0;0.0;0.0;0.0;0.0;0.0;0.0;0.0;0.0;0.0;0.0;0.0;0.0;0.0;0.0;0.0;0.0;0.0;0.0;0.0;0.0;0.0;0.0;0.0;0.0
2024-10-20;Barcelona;1;3;3;10;43;Sevilla;1;2;21;7;9;1;0.68;0.32;613;0.91;6;14;1;2;0;0;5;0.0;1.0;1.0;1.0;0.0;0.0;0.0;1.0;1.0;1.0;0.0;5;0.0457142857142857;0.1666666666666666;558;0.010752688172043;820.5882352941176;0.238095238095238;7.352941176470588;14;0.36;0;-1;-8;0.0342577487765089;0.238095238095238;0.136;1.0;3;2;5;1;0;0;0;1;0.238095238095238;0.5555555555555556;0.0081566068515497;4.2;0.0;0.0;1.0;1.0;0.0;0.0;1.0;0.0;1.0;0.0;1.0;0.0;0.0;0.0;0.0;0.0;0.0;0.0;0.0;0.0;0.0;0.0;0.0;0.0;0.0;0.0;0.0;0.0;0.0;0.0;0.0;0.0;0.0;0.0;0.0;0.0;0.0
2024-10-06;Barcelona;1;3;3;10;45;Alavés;2;2;15;11;9;2;0.73;0.27;661;0.9;8;13;2;2;0;0;3;0.0;0.0;1.0;1.0;0.0;0.0;0.0;1.0;1.0;1.0;1.0;11;0.0245454545454545;0.25;595;0.0134453781512605;815.068493150685;0.2;4.109589041095891;4;0.4599999999999999;-8;0;-5;0.0226928895612708;0.2;0.2433333333333333;1.0;3;0;3;1;0;0;1;0;0.2;0.3333333333333333;0.0045385779122541;5.0;0.0;0.0;1.0;1.0;0.0;0.0;1.0;1.0;1.0;0.0;0.0;0.0;0.0;0.0;0.0;0.0;0.0;0.0;0.0;0.0;0.0;0.0;0.0;0.0;0.0;0.0;0.0;0.0;0.0;0.0;0.0;0.0;0.0;0.0;0.0;0.0;0.0
2024-10-01;Barcelona;0;3;7;10;35;Young Boys;0;2;21;5;8;1;0.7;0.3;668;0.91;9;10;0;2;0;0;9;0.0;1.0;1.0;1.0;0.0;0.0;0.0;1.0;1.0;1.0;1.0;3;0.06;0.0;608;0.0148026315789473;868.5714285714287;0.4285714285714285;12.857142857142858;16;0.3999999999999999;6;-2;-1;0.0314371257485029;0.238095238095238;0.1399999999999999;1.8;3;2;5;1;0;0;0;1;0.238095238095238;0.625;0.0074850299401197;4.2;0.0;0.0;1.0;1.0;0.0;0.0;1.0;0.0;1.0;0.0;0.0;0.0;0.0;0.0;0.0;0.0;0.0;0.0;0.0;0.0;0.0;0.0;0.0;0.0;0.0;0.0;0.0;0.0;0.0;0.0;0.0;0.0;0.0;0.0;0.0;0.0;0.0
2024-09-28;Barcelona;1;0;0;10;41;Osasuna;2;2;12;11;6;5;0.75;0.25;674;0.87;3;13;2;2;0;0;8;0.0;1.0;1.0;0.0;1.0;0.0;0.0;1.0;0.0;1.0;1.0;5;0.0227272727272727;0.6666666666666666;586;0.0051194539249146;781.3333333333334;0.6666666666666666;10.666666666666666;1;0.5;3;0;-10;0.0178041543026706;0.1666666666666666;0.375;4.0;0;2;2;0;0;1;1;0;0.1666666666666666;0.3333333333333333;0.0029673590504451;6.0;0.0;0.0;0.0;0.0;1.0;0.0;0.0;0.0;1.0;1.0;0.0;1.0;1.0;0.0;0.0;0.0;0.0;0.0;0.0;0.0;0.0;0.0;0.0;0.0;0.0;0.0;0.0;0.0;0.0;0.0;0.0;0.0;0.0;0.0;0.0;0.0;0.0
2024-09-25;Barcelona;1;3;7;10;48;Getafe;1;1;15;7;4;1;0.78;0.22;625;0.88;4;15;1;1;0;0;7;0.0;1.0;1.0;1.0;0.0;0.0;0.0;0.0;1.0;1.0;0.0;5;0.0314285714285714;0.25;550;0.0072727272727272;705.1282051282051;0.4666666666666667;8.974358974358974;8;0.56;2;0;-11;0.024;0.0666666666666666;0.78;7.0;1;0;1;1;0;0;0;1;0.0666666666666666;0.25;0.0016;15.0;0.0;0.0;1.0;1.0;1.0;0.0;1.0;0.0;1.0;1.0;0.0;0.0;0.0;0.0;0.0;0.0;0.0;0.0;0.0;0.0;0.0;0.0;0.0;0.0;0.0;0.0;0.0;0.0;0.0;0.0;0.0;0.0;0.0;0.0;0.0;0.0;0.0
2024-09-22;Barcelona;1;0;1;10;37;Villarreal;1;6;17;13;10;4;0.65;0.35;613;0.9;12;11;1;6;0;0;3;0.0;1.0;0.0;1.0;1.0;0.0;0.0;1.0;1.0;1.0;0.0;7;0.0269230769230769;0.0833333333333333;552;0.0217391304347826;849.2307692307692;0.1764705882352941;4.615384615384615;4;0.3;-4;-5;1;0.0277324632952691;0.2941176470588235;0.13;0.6;2;3;5;1;0;0;1;0;0.2941176470588235;0.5;0.0081566068515497;3.4;0.0;0.0;1.0;0.0;1.0;0.0;0.0;0.0;0.0;1.0;0.0;1.0;0.0;1.0;0.0;0.0;0.0;0.0;0.0;0.0;0.0;0.0;0.0;0.0;0.0;0.0;0.0;0.0;0.0;0.0;0.0;0.0;0.0;0.0;0.0;0.0;0.0
2024-09-19;Barcelona;0;3;3;10;4;Mónaco;4;4;4;18;1;8;0.44;0.56;341;0.8;14;16;3;4;1;0;0;0.0;1.0;1.0;1.0;0.0;0.0;0.0;1.0;1.0;1.0;0.0;10;0.0311111111111111;0.2857142857142857;273;0.0512820512820512;620.4545454545455;0.0;0.0;-14;-0.12;-10;0;-2;0.0117302052785923;0.25;0.44;0.0;1;0;1;0;0;1;1;0;0.25;1.0;0.002932551319648;4.0;0.0;0.0;1.0;1.0;1.0;0.0;1.0;0.0;0.0;0.0;0.0;0.0;0.0;1.0;0.0;0.0;0.0;0.0;0.0;0.0;0.0;0.0;0.0;0.0;0.0;0.0;0.0;0.0;0.0;0.0;0.0;0.0;0.0;0.0;0.0;0.0;0.0
2024-09-15;Barcelona;1;3;3;10;24;Girona;3;3;20;9;9;4;0.56;0.44;475;0.87;4;13;2;3;1;0;6;0.0;1.0;1.0;1.0;0.0;0.0;0.0;1.0;1.0;1.0;0.0;1;0.0488888888888888;0.75;413;0.009685230024213;737.4999999999999;0.3;10.714285714285714;11;0.12;5;0;-9;0.0421052631578947;0.2;0.14;1.5;2;2;4;1;0;0;1;0;0.2;0.4444444444444444;0.0084210526315789;5.0;0.0;0.0;1.0;1.0;0.0;1.0;1.0;0.0;0.0;0.0;0.0;0.0;0.0;1.0;0.0;0.0;0.0;0.0;0.0;0.0;0.0;0.0;0.0;0.0;0.0;0.0;0.0;0.0;0.0;0.0;0.0;0.0;0.0;0.0;0.0;0.0;0.0
2024-08-31;Barcelona;1;0;7;10;51;Valladolid;0;3;23;4;11;1;0.71;0.29;594;0.91;6;12;0;3;0;0;10;0.0;1.0;1.0;1.0;0.0;0.0;0.0;1.0;1.0;1.0;0.0;1;0.0725;0.0;541;0.011090573012939;761.9718309859155;0.4347826086956521;14.084507042253522;19;0.42;9;-3;-6;0.0387205387205387;0.3043478260869565;0.1014285714285714;1.4285714285714286;3;4;7;1;0;0;0;1;0.3043478260869565;0.6363636363636364;0.0117845117845117;3.2857142857142856;0.0;0.0;1.0;1.0;0.0;1.0;1.0;0.0;0.0;0.0;0.0;0.0;0.0;1.0;0.0;0.0;0.0;0.0;0.0;0.0;0.0;0.0;0.0;0.0;0.0;0.0;0.0;0.0;0.0;0.0;0.0;0.0;0.0;0.0;0.0;0.0;0.0
2024-08-27;Barcelona;1;3;1;10;42;Rayo Vallecano;1;3;22;8;5;4;0.65;0.35;529;0.83;11;17;1;3;0;0;6;0.0;1.0;1.0;1.0;1.0;0.0;0.0;1.0;1.0;1.0;1.0;6;0.04375;0.0909090909090909;439;0.0250569476082004;675.3846153846154;0.2727272727272727;9.23076923076923;14;0.3;0;-2;-6;0.0415879017013232;0.0909090909090909;0.325;3.0;0;2;2;1;0;0;1;0;0.0909090909090909;0.4;0.0037807183364839;11.0;0.0;0.0;1.0;0.0;0.0;0.0;0.0;0.0;0.0;0.0;0.0;0.0;0.0;1.0;1.0;0.0;0.0;0.0;0.0;0.0;0.0;0.0;0.0;0.0;0.0;0.0;0.0;0.0;0.0;0.0;0.0;0.0;0.0;0.0;0.0;0.0;0.0
2024-08-24;Barcelona;1;3;3;10;38;Athletic;4;5;13;8;5;2;0.66;0.34;568;0.87;11;16;4;5;0;0;5;0.0;1.0;1.0;1.0;0.0;0.0;0.0;1.0;1.0;1.0;1.0;6;0.0425;0.3636363636363636;494;0.0222672064777327;748.4848484848485;0.3846153846153846;7.575757575757575;5;0.32;-1;-1;-5;0.0228873239436619;0.1538461538461538;0.33;2.5;1;1;2;1;0;0;0;1;0.1538461538461538;0.4;0.0035211267605633;6.5;0.0;0.0;1.0;1.0;0.0;0.0;0.0;0.0;0.0;0.0;0.0;0.0;0.0;1.0;1.0;0.0;0.0;0.0;0.0;0.0;0.0;0.0;0.0;0.0;0.0;0.0;0.0;0.0;0.0;0.0;0.0;0.0;0.0;0.0;0.0;0.0;0.0
2024-08-17;Barcelona;1;3;1;10;52;Valencia C. F.;3;2;18;6;6;2;0.65;0.35;578;0.86;13;11;3;2;0;0;8;0.0;1.0;1.0;1.0;0.0;0.0;0.0;0.0;1.0;1.0;1.0;3;0.0583333333333333;0.2307692307692307;497;0.0261569416498993;764.6153846153846;0.4444444444444444;12.307692307692308;12;0.3;5;1;2;0.0311418685121107;0.1111111111111111;0.325;4.0;1;1;2;1;0;0;1;0;0.1111111111111111;0.3333333333333333;0.0034602076124567;9.0;0.0;0.0;1.0;1.0;0.0;0.0;1.0;0.0;0.0;0.0;0.0;0.0;0.0;1.0;1.0;0.0;0.0;0.0;0.0;0.0;0.0;0.0;0.0;0.0;0.0;0.0;0.0;0.0;0.0;0.0;0.0;0.0;0.0;0.0;0.0;0.0;0.0
2024-08-12;Barcelona;-1;3;1;10;4;Mónaco;0;1;12;6;2;4;0.6;0.4;591;0.89;13;9;0;1;0;0;6;0.0;1.0;0.0;1.0;0.0;0.0;0.0;0.0;1.0;1.0;0.0;0;0.0666666666666666;0.0;526;0.0247148288973384;876.6666666666667;0.5;10.0;6;0.1999999999999999;6;-1;4;0.0203045685279187;0.0;0.0;0.0;0;0;0;0;0;1;0;1;0.0;0.0;0.0;0.0;0.0;0.0;0.0;1.0;0.0;0.0;1.0;0.0;0.0;1.0;0.0;0.0;1.0;1.0;1.0;1.0;0.0;0.0;0.0;0.0;0.0;0.0;0.0;0.0;0.0;0.0;0.0;0.0;0.0;0.0;0.0;0.0;0.0;0.0;0.0;0.0;0.0
2024-08-06;Barcelona;6;3;3;10;25;Milan;4;2;17;4;7;2;0.51;0.49;504;0.88;15;10;4;2;0;0;6;0.0;0.0;0.0;0.0;1.0;0.0;0.0;0.0;1.0;1.0;0.0;0;0.1225;0.2666666666666666;444;0.0337837837837837;870.5882352941177;0.3529411764705882;11.76470588235294;13;0.02;6;2;5;0.0337301587301587;0.1176470588235294;0.255;3.0;1;1;2;0;1;0;0;1;0.1176470588235294;0.2857142857142857;0.0039682539682539;8.5;0.0;0.0;0.0;0.0;0.0;0.0;1.0;0.0;0.0;0.0;0.0;1.0;1.0;1.0;0.0;1.0;1.0;1.0;1.0;0.0;0.0;0.0;0.0;0.0;0.0;0.0;0.0;0.0;0.0;0.0;0.0;0.0;0.0;0.0;0.0;0.0;0.0
2024-08-03;Barcelona;6;3;0;10;12;Real Madrid;2;2;11;11;6;3;0.49;0.51;535;0.91;12;14;2;2;0;0;6;0.0;0.0;0.0;1.0;0.0;0.0;0.0;0.0;0.0;1.0;0.0;6;0.0463636363636363;0.1666666666666666;487;0.0246406570841889;993.8775510204082;0.5454545454545454;12.244897959183673;0;-0.02;0;0;-2;0.0205607476635514;0.1818181818181818;0.245;3.0;1;1;2;1;0;0;1;0;0.1818181818181818;0.3333333333333333;0.0037383177570093;5.5;0.0;0.0;0.0;1.0;0.0;0.0;1.0;0.0;0.0;1.0;0.0;0.0;1.0;1.0;1.0;1.0;1.0;0.0;0.0;1.0;0.0;0.0;0.0;0.0;0.0;0.0;0.0;0.0;0.0;0.0;0.0;0.0;0.0;0.0;0.0;0.0;0.0
2024-07-30;Barcelona;6;3;3;10;3;Manchester City;1;2;10;16;3;6;0.42;0.58;451;0.89;14;8;1;2;0;0;3;0.0;0.0;0.0;0.0;1.0;0.0;0.0;0.0;0.0;0.0;0.0;4;0.03625;0.0714285714285714;401;0.0349127182044887;954.7619047619048;0.3;7.142857142857143;-6;-0.1599999999999999;-1;-1;6;0.0221729490022172;0.2;0.21;1.5;2;0;2;0;1;0;0;1;0.2;0.6666666666666666;0.0044345898004434;5.0;0.0;0.0;0.0;0.0;0.0;0.0;1.0;1.0;1.0;1.0;0.0;1.0;1.0;0.0;1.0;0.0;0.0;1.0;0.0;0.0;1.0;1.0;0.0;0.0;0.0;0.0;0.0;0.0;0.0;0.0;0.0;0.0;0.0;0.0;0.0;0.0;0.0
2024-05-26;Barcelona;1;0;17;10;43;Sevilla;1;2;11;15;6;6;0.61;0.39;645;0.92;9;11;1;2;0;0;5;0.0;1.0;1.0;1.0;0.0;1.0;0.0;1.0;0.0;1.0;0.0;6;0.026;0.1111111111111111;593;0.0151770657672849;972.1311475409836;0.4545454545454545;8.19672131147541;-4;0.2199999999999999;-1;-1;-2;0.0170542635658914;0.1818181818181818;0.305;2.5;1;1;2;1;0;0;1;0;0.1818181818181818;0.3333333333333333;0.0031007751937984;5.5;0.0;0.0;1.0;0.0;0.0;0.0;0.0;0.0;0.0;0.0;0.0;0.0;0.0;1.0;0.0;1.0;0.0;0.0;1.0;0.0;0.0;0.0;1.0;0.0;0.0;0.0;0.0;0.0;0.0;0.0;0.0;0.0;0.0;0.0;0.0;0.0;0.0
2024-05-19;Barcelona;1;3;7;10;42;Rayo Vallecano;4;2;14;15;6;4;0.72;0.28;638;0.9;10;7;4;2;0;0;7;0.0;1.0;1.0;1.0;0.0;1.0;0.0;0.0;1.0;1.0;0.0;5;0.0186666666666666;0.4;574;0.0174216027874564;797.2222222222223;0.5;9.722222222222223;-1;0.4399999999999999;2;2;3;0.0219435736677116;0.2142857142857142;0.24;2.333333333333333;1;2;3;1;0;0;0;1;0.2142857142857142;0.5;0.0047021943573667;4.666666666666667;0.0;0.0;1.0;0.0;0.0;0.0;0.0;0.0;0.0;0.0;0.0;0.0;0.0;1.0;0.0;0.0;0.0;0.0;1.0;0.0;0.0;0.0;1.0;1.0;0.0;0.0;0.0;0.0;0.0;0.0;0.0;0.0;0.0;0.0;0.0;0.0;0.0
2024-05-16;Barcelona;1;0;3;10;126;Almería;1;0;16;12;7;3;0.65;0.35;687;0.89;11;10;1;0;0;0;7;0.0;1.0;1.0;1.0;0.0;1.0;0.0;1.0;0.0;1.0;1.0;4;0.0291666666666666;0.0909090909090909;611;0.0180032733224222;940.0;0.4375;10.769230769230768;4;0.3;3;1;1;0.0232896652110625;0.125;0.325;3.5;1;1;2;1;0;0;1;0;0.125;0.2857142857142857;0.0029112081513828;8.0;0.0;0.0;1.0;0.0;0.0;0.0;0.0;1.0;0.0;0.0;0.0;0.0;0.0;1.0;0.0;0.0;0.0;0.0;0.0;0.0;0.0;0.0;0.0;1.0;0.0;0.0;0.0;0.0;0.0;0.0;0.0;0.0;0.0;0.0;0.0;0.0;0.0
2024-05-13;Barcelona;1;0;17;10;46;Real Sociedad;2;3;14;10;5;3;0.57;0.43;582;0.88;12;14;2;3;0;0;6;0.0;1.0;1.0;1.0;0.0;0.0;0.0;1.0;1.0;1.0;0.0;2;0.043;0.1666666666666666;512;0.0234375;898.2456140350878;0.4285714285714285;10.526315789473683;4;0.1399999999999999;4;-1;-2;0.0240549828178694;0.1428571428571428;0.285;3.0;1;1;2;1;0;0;0;1;0.1428571428571428;0.4;0.0034364261168384;7.0;0.0;0.0;1.0;0.0;0.0;0.0;0.0;0.0;0.0;0.0;0.0;0.0;0.0;1.0;0.0;1.0;0.0;0.0;1.0;0.0;0.0;0.0;1.0;0.0;0.0;0.0;0.0;0.0;0.0;0.0;0.0;0.0;0.0;0.0;0.0;0.0;0.0
2024-05-04;Barcelona;1;0;3;10;24;Girona;3;0;16;9;7;7;0.61;0.39;586;0.88;8;11;3;0;0;0;4;0.0;1.0;1.0;0.0;0.0;1.0;0.0;0.0;0.0;1.0;0.0;5;0.0433333333333333;0.375;516;0.0155038759689922;845.9016393442623;0.25;6.557377049180328;7;0.2199999999999999;-1;3;-3;0.0273037542662116;0.125;0.305;2.0;2;0;2;0;0;1;1;0;0.125;0.2857142857142857;0.0034129692832764;8.0;1.0;0.0;1.0;0.0;0.0;0.0;0.0;0.0;0.0;0.0;0.0;0.0;0.0;1.0;0.0;1.0;0.0;0.0;1.0;0.0;0.0;0.0;1.0;1.0;0.0;0.0;0.0;0.0;0.0;0.0;0.0;0.0;0.0;0.0;0.0;0.0;0.0
2024-04-29;Barcelona;1;0;1;10;52;Valencia C. F.;1;1;27;5;13;3;0.81;0.19;744;0.9;12;5;1;0;0;1;15;0.0;1.0;1.0;0.0;0.0;1.0;0.0;0.0;1.0;1.0;0.0;1;0.038;0.0833333333333333;670;0.017910447761194;827.1604938271604;0.5555555555555556;18.51851851851852;22;0.6200000000000001;14;0;7;0.0362903225806451;0.1481481481481481;0.2025;3.75;1;3;4;1;0;0;0;1;0.1481481481481481;0.3076923076923077;0.0053763440860215;6.75;1.0;0.0;1.0;0.0;0.0;0.0;0.0;0.0;0.0;0.0;0.0;0.0;0.0;1.0;0.0;1.0;0.0;0.0;1.0;0.0;0.0;0.0;1.0;0.0;0.0;0.0;0.0;0.0;0.0;0.0;0.0;0.0;0.0;0.0;0.0;0.0;0.0
2024-04-21;Barcelona;1;0;22;10;12;Real Madrid;2;3;15;14;6;8;0.54;0.46;527;0.9;12;11;2;3;0;0;8;0.0;1.0;1.0;0.0;0.0;0.0;1.0;0.0;1.0;1.0;0.0;2;0.0328571428571428;0.1666666666666666;474;0.0253164556962025;877.7777777777777;0.5333333333333333;14.814814814814811;1;0.08;6;-1;1;0.0284629981024667;0.1333333333333333;0.27;4.0;1;1;2;0;0;1;1;0;0.1333333333333333;0.3333333333333333;0.0037950664136622;7.5;1.0;0.0;1.0;0.0;0.0;0.0;0.0;0.0;0.0;0.0;0.0;0.0;0.0;1.0;0.0;1.0;0.0;0.0;1.0;0.0;0.0;0.0;1.0;0.0;0.0;0.0;0.0;0.0;0.0;0.0;0.0;0.0;0.0;0.0;0.0;0.0;0.0
2024-04-16;Barcelona;0;0;0;10;19;PSG;6;4;7;21;3;9;0.32;0.68;284;0.71;10;12;5;4;1;0;3;0.0;1.0;1.0;0.0;0.0;0.0;1.0;1.0;1.0;1.0;0.0;9;0.0323809523809523;0.6;202;0.0495049504950495;631.25;0.4285714285714285;9.375;-14;-0.36;-6;2;-2;0.0246478873239436;0.1428571428571428;0.32;3.0;1;0;1;0;0;1;0;1;0.1428571428571428;0.3333333333333333;0.0035211267605633;7.0;1.0;0.0;1.0;0.0;0.0;0.0;0.0;0.0;0.0;0.0;0.0;0.0;0.0;1.0;0.0;0.0;0.0;0.0;1.0;0.0;0.0;0.0;1.0;0.0;0.0;0.0;0.0;0.0;0.0;0.0;0.0;0.0;0.0;0.0;0.0;0.0;0.0
2024-04-13;Barcelona;1;0;1;10;130;Cádiz;3;3;12;14;2;3;0.63;0.37;564;0.84;15;17;3;3;0;0;4;0.0;0.0;1.0;0.0;0.0;1.0;0.0;0.0;0.0;0.0;1.0;8;0.0264285714285714;0.2;474;0.0316455696202531;752.3809523809524;0.3333333333333333;6.349206349206349;-2;0.26;-4;0;-2;0.0212765957446808;0.0833333333333333;0.63;4.0;1;0;1;1;0;0;1;0;0.0833333333333333;0.5;0.00177304964539;12.0;0.0;0.0;0.0;0.0;0.0;0.0;0.0;1.0;0.0;0.0;0.0;0.0;0.0;1.0;0.0;1.0;0.0;0.0;0.0;0.0;0.0;1.0;0.0;1.0;1.0;1.0;1.0;0.0;0.0;0.0;0.0;0.0;0.0;0.0;0.0;0.0;0.0
2024-04-10;Barcelona;0;0;0;10;19;PSG;4;2;15;18;7;6;0.41;0.59;395;0.83;8;14;4;2;0;0;5;0.0;1.0;1.0;0.0;0.0;0.0;1.0;0.0;1.0;1.0;0.0;7;0.0327777777777777;0.5;328;0.024390243902439;800.0;0.3333333333333333;12.195121951219512;-3;-0.18;-2;2;-6;0.0379746835443038;0.2;0.1366666666666666;1.6666666666666667;1;2;3;1;0;0;1;0;0.2;0.4285714285714285;0.0075949367088607;5.0;1.0;0.0;1.0;0.0;0.0;0.0;0.0;0.0;0.0;0.0;0.0;0.0;0.0;1.0;0.0;0.0;0.0;0.0;1.0;0.0;0.0;0.0;1.0;1.0;0.0;0.0;0.0;0.0;0.0;0.0;0.0;0.0;0.0;0.0;0.0;0.0;0.0
2024-03-30;Barcelona;1;0;5;10;50;U. D. Las Palmas;5;2;14;8;2;0;0.7;0.3;720;0.89;11;9;5;1;0;1;6;0.0;1.0;1.0;1.0;0.0;1.0;0.0;0.0;1.0;1.0;0.0;1;0.0375;0.4545454545454545;641;0.0171606864274571;915.7142857142858;0.4285714285714285;8.571428571428571;6;0.3999999999999999;5;3;2;0.0194444444444444;0.0714285714285714;0.7;6.0;0;1;1;1;0;0;0;1;0.0714285714285714;0.5;0.0013888888888888;14.0;0.0;0.0;1.0;0.0;0.0;0.0;0.0;0.0;0.0;0.0;0.0;0.0;0.0;1.0;0.0;0.0;0.0;0.0;1.0;0.0;0.0;0.0;1.0;1.0;0.0;0.0;0.0;0.0;0.0;0.0;0.0;0.0;0.0;0.0;0.0;0.0;0.0
2024-03-17;Barcelona;1;0;6;10;27;Atlético Madrid;1;4;9;13;5;3;0.6;0.4;536;0.86;9;15;1;3;0;1;3;0.0;1.0;1.0;0.0;0.0;1.0;0.0;0.0;1.0;1.0;0.0;7;0.0307692307692307;0.1111111111111111;461;0.0195227765726681;768.3333333333334;0.3333333333333333;5.0;-4;0.1999999999999999;-4;-3;-6;0.0167910447761194;0.3333333333333333;0.1999999999999999;1.0;1;2;3;1;0;0;1;0;0.3333333333333333;0.6;0.0055970149253731;3.0;1.0;0.0;0.0;0.0;0.0;0.0;0.0;1.0;0.0;0.0;0.0;0.0;0.0;1.0;0.0;0.0;0.0;0.0;1.0;0.0;0.0;0.0;0.0;1.0;0.0;0.0;1.0;0.0;0.0;0.0;0.0;0.0;0.0;0.0;0.0;0.0;0.0
2024-03-12;Barcelona;0;0;0;10;69;Napoli;2;3;24;14;10;4;0.48;0.52;458;0.81;7;16;2;3;0;0;7;0.0;1.0;1.0;0.0;0.0;1.0;0.0;0.0;1.0;1.0;0.0;2;0.0371428571428571;0.2857142857142857;371;0.0188679245283018;772.9166666666667;0.2916666666666667;14.583333333333334;10;-0.04;5;-1;-9;0.0524017467248908;0.125;0.16;2.333333333333333;2;1;3;1;0;0;0;1;0.125;0.3;0.0065502183406113;8.0;1.0;0.0;1.0;0.0;0.0;0.0;0.0;0.0;0.0;0.0;0.0;0.0;0.0;1.0;0.0;1.0;0.0;0.0;1.0;0.0;0.0;0.0;1.0;0.0;0.0;0.0;0.0;0.0;0.0;0.0;0.0;0.0;0.0;0.0;0.0;0.0;0.0
2024-03-08;Barcelona;1;0;4;10;40;R.C.D. Mallorca;1;1;20;9;6;3;0.64;0.36;605;0.88;10;14;1;1;0;0;4;0.0;1.0;1.0;1.0;0.0;0.0;0.0;0.0;1.0;0.0;0.0;1;0.04;0.1;532;0.018796992481203;831.25;0.2;6.25;11;0.28;3;0;-4;0.0330578512396694;0.05;0.64;4.0;0;1;1;1;0;0;0;1;0.05;0.1666666666666666;0.0016528925619834;20.0;0.0;0.0;1.0;0.0;0.0;0.0;0.0;0.0;0.0;0.0;0.0;0.0;0.0;1.0;0.0;1.0;0.0;0.0;1.0;0.0;0.0;0.0;1.0;0.0;0.0;0.0;1.0;1.0;0.0;0.0;0.0;0.0;0.0;0.0;0.0;0.0;0.0
2024-03-03;Barcelona;1;0;3;10;38;Athletic;3;3;8;8;2;2;0.61;0.39;568;0.85;11;14;3;3;0;0;4;0.0;1.0;1.0;0.0;0.0;0.0;1.0;1.0;1.0;1.0;0.0;4;0.04875;0.2727272727272727;483;0.0227743271221532;791.8032786885246;0.5;6.557377049180328;0;0.2199999999999999;0;0;-3;0.0140845070422535;0.0;0.0;0.0;0;0;0;0;1;0;1;0;0.0;0.0;0.0;0.0;1.0;0.0;0.0;0.0;0.0;0.0;0.0;0.0;0.0;0.0;0.0;0.0;0.0;1.0;0.0;1.0;0.0;0.0;1.0;0.0;0.0;0.0;1.0;0.0;0.0;0.0;0.0;0.0;0.0;0.0;0.0;0.0;0.0;0.0;0.0;0.0;0.0
2024-02-24;Barcelona;1;0;5;10;48;Getafe;1;4;17;10;9;4;0.68;0.32;572;0.86;12;18;1;4;0;0;5;0.0;1.0;1.0;0.0;0.0;0.0;1.0;0.0;1.0;1.0;0.0;8;0.032;0.0833333333333333;492;0.024390243902439;723.5294117647059;0.2941176470588235;7.352941176470588;7;0.36;-3;-3;-6;0.0297202797202797;0.2352941176470588;0.17;1.25;1;3;4;1;0;0;0;1;0.2352941176470588;0.4444444444444444;0.0069930069930069;4.25;1.0;0.0;0.0;0.0;0.0;0.0;0.0;0.0;0.0;0.0;0.0;0.0;0.0;1.0;0.0;1.0;0.0;0.0;1.0;0.0;0.0;0.0;1.0;0.0;0.0;0.0;1.0;0.0;0.0;0.0;0.0;0.0;0.0;0.0;0.0;0.0;0.0
2024-02-21;Barcelona;0;0;0;10;69;Napoli;3;0;12;6;6;1;0.51;0.49;495;0.85;14;11;3;0;0;0;4;0.0;1.0;0.0;1.0;0.0;0.0;1.0;1.0;0.0;1.0;0.0;7;0.0816666666666666;0.2142857142857142;421;0.0332541567695962;825.4901960784314;0.3333333333333333;7.84313725490196;6;0.02;-3;3;3;0.0242424242424242;0.0833333333333333;0.51;4.0;0;1;1;0;1;0;1;0;0.0833333333333333;0.1666666666666666;0.002020202020202;12.0;1.0;0.0;1.0;0.0;0.0;0.0;0.0;0.0;0.0;0.0;0.0;0.0;0.0;1.0;0.0;1.0;0.0;0.0;1.0;0.0;0.0;0.0;1.0;0.0;0.0;0.0;0.0;0.0;0.0;0.0;0.0;0.0;0.0;0.0;0.0;0.0;0.0
2024-02-17;Barcelona;1;0;1;10;44;Celta de Vigo;4;2;14;13;4;4;0.67;0.33;671;0.86;13;11;4;2;0;0;5;0.0;1.0;1.0;0.0;0.0;0.0;1.0;1.0;0.0;1.0;0.0;2;0.0253846153846153;0.3076923076923077;577;0.022530329289428;861.1940298507462;0.3571428571428571;7.462686567164178;1;0.34;3;2;2;0.0208643815201192;0.1428571428571428;0.335;2.5;1;1;2;1;0;0;1;0;0.1428571428571428;0.5;0.0029806259314456;7.0;1.0;0.0;1.0;0.0;0.0;0.0;0.0;0.0;0.0;0.0;0.0;0.0;0.0;1.0;0.0;1.0;0.0;0.0;0.0;0.0;0.0;1.0;1.0;0.0;0.0;0.0;0.0;0.0;0.0;0.0;0.0;0.0;0.0;0.0;0.0;0.0;0.0
2024-02-11;Barcelona;1;0;7;10;119;Granada;1;3;11;11;6;5;0.66;0.34;625;0.85;13;9;1;3;0;0;6;0.0;1.0;1.0;1.0;0.0;0.0;1.0;1.0;0.0;1.0;0.0;2;0.0309090909090909;0.0769230769230769;531;0.0244821092278719;804.5454545454545;0.5454545454545454;9.09090909090909;0;0.32;4;-2;4;0.0176;0.2727272727272727;0.22;2.0;1;2;3;0;1;0;0;1;0.2727272727272727;0.5;0.0048;3.6666666666666665;0.0;0.0;1.0;0.0;0.0;0.0;0.0;0.0;0.0;0.0;0.0;0.0;0.0;1.0;0.0;1.0;0.0;0.0;1.0;0.0;0.0;0.0;1.0;0.0;0.0;0.0;0.0;0.0;0.0;0.0;0.0;0.0;0.0;0.0;0.0;0.0;0.0
2024-02-03;Barcelona;1;0;3;10;45;Alavés;1;2;8;13;5;2;0.65;0.35;554;0.88;10;15;0;2;1;0;5;0.0;1.0;1.0;0.0;0.0;0.0;1.0;1.0;0.0;1.0;0.0;13;0.0269230769230769;0.1;488;0.0204918032786885;750.7692307692307;0.625;7.692307692307692;-5;0.3;-8;-1;-5;0.0144404332129963;0.375;0.2166666666666666;1.6666666666666667;1;2;3;1;0;0;1;0;0.375;0.6;0.0054151624548736;2.6666666666666665;1.0;0.0;1.0;0.0;0.0;0.0;0.0;0.0;1.0;0.0;0.0;0.0;0.0;0.0;0.0;1.0;0.0;0.0;1.0;0.0;0.0;0.0;1.0;0.0;0.0;0.0;0.0;0.0;0.0;0.0;0.0;0.0;0.0;0.0;0.0;0.0;0.0
2024-01-31;Barcelona;1;0;4;10;41;Osasuna;1;1;16;9;4;1;0.68;0.32;627;0.89;9;12;1;0;0;1;6;0.0;1.0;1.0;0.0;0.0;0.0;1.0;1.0;0.0;1.0;1.0;6;0.0355555555555555;0.1111111111111111;558;0.0161290322580645;820.5882352941176;0.375;8.823529411764705;7;0.36;0;0;-3;0.0255183413078149;0.0625;0.68;6.0;0;1;1;1;0;0;0;1;0.0625;0.25;0.0015948963317384;16.0;1.0;0.0;1.0;0.0;0.0;0.0;0.0;0.0;1.0;0.0;0.0;0.0;0.0;0.0;0.0;0.0;0.0;0.0;1.0;0.0;0.0;0.0;1.0;0.0;0.0;0.0;0.0;0.0;0.0;0.0;0.0;0.0;0.0;0.0;0.0;0.0;0.0
2024-01-27;Barcelona;1;0;1;10;37;Villarreal;3;4;22;9;10;6;0.72;0.28;666;0.88;8;13;3;4;0;0;10;0.0;1.0;0.0;0.0;0.0;0.0;1.0;0.0;0.0;1.0;0.0;0;0.0311111111111111;0.375;586;0.0136518771331058;813.8888888888889;0.4545454545454545;13.88888888888889;13;0.4399999999999999;10;-1;-5;0.033033033033033;0.1363636363636363;0.24;3.333333333333333;0;3;3;0;0;1;0;1;0.1363636363636363;0.3;0.0045045045045045;7.333333333333333;1.0;0.0;1.0;0.0;0.0;0.0;0.0;1.0;1.0;0.0;0.0;0.0;0.0;0.0;0.0;1.0;0.0;0.0;1.0;0.0;0.0;0.0;0.0;0.0;0.0;1.0;1.0;0.0;0.0;0.0;0.0;0.0;0.0;0.0;0.0;0.0;0.0
2024-01-24;Barcelona;19;0;3;10;38;Athletic;6;4;7;29;4;7;0.61;0.39;746;0.87;13;16;6;4;0;0;2;0.0;1.0;0.0;0.0;0.0;0.0;1.0;1.0;0.0;1.0;1.0;9;0.0134482758620689;0.4615384615384615;649;0.0200308166409861;1063.9344262295083;0.2857142857142857;3.278688524590164;-22;0.2199999999999999;-7;2;-3;0.0093833780160857;0.2857142857142857;0.305;1.0;2;0;2;0;0;1;1;0;0.2857142857142857;0.5;0.002680965147453;3.5;1.0;0.0;1.0;1.0;0.0;0.0;0.0;0.0;1.0;0.0;0.0;0.0;0.0;0.0;0.0;1.0;0.0;0.0;1.0;0.0;0.0;0.0;0.0;0.0;0.0;0.0;0.0;0.0;0.0;0.0;0.0;0.0;0.0;0.0;0.0;0.0;0.0
2024-01-21;Barcelona;1;0;3;10;39;Betis;2;1;11;14;4;5;0.65;0.35;579;0.87;9;12;2;1;0;0;4;0.0;1.0;1.0;0.0;0.0;0.0;1.0;1.0;0.0;1.0;1.0;3;0.0249999999999999;0.2222222222222222;504;0.0178571428571428;775.3846153846154;0.3636363636363636;6.153846153846153;-3;0.3;1;1;-3;0.0189982728842832;0.3636363636363636;0.1625;1.0;1;3;4;1;0;0;1;0;0.3636363636363636;1.0;0.006908462867012;2.75;1.0;0.0;1.0;1.0;0.0;0.0;0.0;0.0;1.0;0.0;0.0;0.0;0.0;0.0;0.0;0.0;0.0;0.0;1.0;0.0;0.0;0.0;0.0;0.0;0.0;0.0;0.0;0.0;0.0;0.0;0.0;0.0;0.0;0.0;0.0;0.0;0.0
2024-01-18;Barcelona;19;0;1;10;-1;Unionistas de Salamanca;2;2;14;10;7;4;0.75;0.25;697;0.89;11;13;2;2;0;0;5;0.0;1.0;0.0;0.0;0.0;1.0;1.0;0.0;0.0;0.0;1.0;3;0.025;0.1818181818181818;620;0.0177419354838709;826.6666666666666;0.3571428571428571;6.666666666666667;4;0.5;2;0;-2;0.0200860832137733;0.2142857142857142;0.25;1.6666666666666667;1;2;3;1;0;0;1;0;0.2142857142857142;0.4285714285714285;0.0043041606886657;4.666666666666667;0.0;0.0;0.0;1.0;0.0;0.0;0.0;0.0;1.0;0.0;0.0;0.0;0.0;0.0;0.0;1.0;0.0;0.0;0.0;0.0;0.0;0.0;0.0;1.0;0.0;1.0;1.0;1.0;0.0;0.0;0.0;0.0;0.0;0.0;0.0;0.0;0.0
2024-01-14;Barcelona;18;3;28;10;12;Real Madrid;2;2;12;18;7;9;0.58;0.42;615;0.9;12;8;1;2;1;0;4;0.0;1.0;0.0;0.0;0.0;0.0;1.0;1.0;0.0;1.0;1.0;3;0.0233333333333333;0.1666666666666666;554;0.0216606498194945;955.1724137931036;0.3333333333333333;6.896551724137932;-6;0.1599999999999999;1;0;4;0.0195121951219512;0.0833333333333333;0.58;4.0;1;0;1;0;0;1;1;0;0.0833333333333333;0.1428571428571428;0.0016260162601626;12.0;1.0;0.0;0.0;1.0;0.0;0.0;0.0;0.0;1.0;0.0;0.0;0.0;0.0;0.0;0.0;1.0;0.0;0.0;1.0;0.0;0.0;0.0;0.0;1.0;0.0;0.0;0.0;0.0;0.0;0.0;0.0;0.0;0.0;0.0;0.0;0.0;0.0
2024-01-11;Barcelona;18;0;4;10;41;Osasuna;0;3;20;11;7;3;0.68;0.32;653;0.91;12;21;0;3;0;0;7;0.0;1.0;0.0;0.0;0.0;0.0;1.0;0.0;1.0;1.0;1.0;6;0.029090909090909;0.0;594;0.0202020202020202;873.5294117647059;0.35;10.294117647058822;9;0.36;1;-3;-9;0.0306278713629402;0.1;0.34;3.5;0;2;2;1;0;0;0;1;0.1;0.2857142857142857;0.003062787136294;10.0;1.0;0.0;0.0;1.0;0.0;0.0;0.0;0.0;1.0;0.0;0.0;0.0;0.0;0.0;0.0;1.0;0.0;0.0;1.0;0.0;0.0;0.0;0.0;1.0;0.0;0.0;0.0;0.0;0.0;0.0;0.0;0.0;0.0;0.0;0.0;0.0;0.0
2024-01-07;Barcelona;19;0;9;10;-1;Barbastro;0;2;24;14;11;3;0.73;0.27;539;0.84;8;19;0;2;0;0;4;0.0;1.0;0.0;0.0;0.0;1.0;1.0;0.0;1.0;0.0;1.0;2;0.0192857142857142;0.0;453;0.0176600441501103;620.5479452054794;0.1666666666666666;5.47945205479452;10;0.4599999999999999;2;-2;-11;0.0445269016697588;0.125;0.2433333333333333;1.3333333333333333;1;2;3;1;0;0;1;0;0.125;0.2727272727272727;0.0055658627087198;8.0;1.0;0.0;0.0;0.0;0.0;0.0;0.0;1.0;1.0;0.0;0.0;0.0;0.0;0.0;0.0;1.0;0.0;0.0;0.0;0.0;0.0;0.0;0.0;0.0;0.0;1.0;1.0;0.0;0.0;0.0;0.0;0.0;0.0;0.0;0.0;0.0;0.0
2024-01-04;Barcelona;1;0;0;10;50;U. D. Las Palmas;2;6;15;12;5;3;0.56;0.44;482;0.84;5;14;2;5;0;1;10;0.0;1.0;0.0;0.0;0.0;0.0;1.0;0.0;1.0;1.0;1.0;5;0.0366666666666666;0.4;405;0.0123456790123456;723.2142857142857;0.6666666666666666;17.857142857142854;3;0.12;5;-4;-9;0.0311203319502074;0.1333333333333333;0.28;5.0;0;2;2;1;0;0;1;0;0.1333333333333333;0.4;0.0041493775933609;7.5;1.0;0.0;0.0;1.0;0.0;0.0;0.0;0.0;1.0;0.0;0.0;0.0;0.0;0.0;0.0;0.0;0.0;0.0;1.0;0.0;0.0;0.0;1.0;1.0;0.0;0.0;0.0;0.0;0.0;0.0;0.0;0.0;0.0;0.0;0.0;0.0;0.0
2023-12-21;Barcelona;6;0;3;10;812;América;1;0;16;14;5;8;0.47;0.53;542;0.86;13;8;1;0;0;0;5;0.0;0.0;1.0;0.0;1.0;0.0;1.0;0.0;0.0;0.0;0.0;6;0.0378571428571428;0.0769230769230769;466;0.0278969957081545;991.4893617021276;0.3125;10.638297872340424;2;-0.06;-1;1;5;0.029520295202952;0.125;0.235;2.5;2;0;2;0;0;1;0;1;0.125;0.4;0.003690036900369;8.0;0.0;0.0;1.0;0.0;0.0;0.0;1.0;1.0;0.0;0.0;0.0;0.0;0.0;0.0;0.0;1.0;0.0;0.0;0.0;1.0;0.0;0.0;0.0;0.0;0.0;0.0;1.0;1.0;1.0;0.0;0.0;0.0;0.0;0.0;0.0;0.0;0.0
2023-12-20;Barcelona;1;0;4;10;126;Almería;3;3;30;10;11;5;0.65;0.35;582;0.88;16;9;3;3;0;0;12;0.0;0.0;0.0;0.0;0.0;1.0;0.0;0.0;1.0;1.0;0.0;0;0.0349999999999999;0.1875;512;0.03125;787.6923076923076;0.4;18.46153846153846;20;0.3;12;0;7;0.0515463917525773;0.1;0.2166666666666666;4.0;1;2;3;1;0;0;0;1;0.1;0.2727272727272727;0.0051546391752577;10.0;1.0;0.0;0.0;1.0;0.0;0.0;0.0;0.0;1.0;0.0;0.0;0.0;0.0;0.0;0.0;1.0;0.0;0.0;1.0;0.0;0.0;0.0;1.0;1.0;0.0;0.0;1.0;0.0;0.0;0.0;0.0;0.0;0.0;0.0;0.0;0.0;0.0
2023-12-16;Barcelona;1;0;1;10;52;Valencia C. F.;2;1;16;11;8;4;0.64;0.36;554;0.86;11;9;2;1;0;0;6;0.0;1.0;0.0;0.0;0.0;0.0;1.0;1.0;1.0;1.0;0.0;4;0.0327272727272727;0.1818181818181818;476;0.0231092436974789;743.75;0.375;9.375;5;0.28;2;1;2;0.0288808664259927;0.0625;0.64;6.0;0;1;1;0;1;0;1;0;0.0625;0.125;0.0018050541516245;16.0;1.0;0.0;0.0;1.0;0.0;0.0;0.0;0.0;1.0;0.0;0.0;0.0;0.0;0.0;0.0;0.0;0.0;0.0;1.0;0.0;0.0;0.0;1.0;0.0;0.0;0.0;1.0;0.0;0.0;0.0;0.0;0.0;0.0;0.0;0.0;0.0;0.0
2023-12-13;Barcelona;0;0;5;10;811;Antwerp;3;3;11;11;3;5;0.7;0.3;672;0.91;8;10;3;3;0;0;6;0.0;1.0;0.0;0.0;0.0;1.0;0.0;0.0;0.0;1.0;1.0;4;0.0272727272727272;0.375;612;0.0130718954248366;874.2857142857143;0.5454545454545454;8.571428571428571;0;0.3999999999999999;2;0;-2;0.0163690476190476;0.1818181818181818;0.35;3.0;1;1;2;0;0;1;1;0;0.1818181818181818;0.6666666666666666;0.0029761904761904;5.5;0.0;0.0;1.0;1.0;0.0;0.0;0.0;1.0;1.0;0.0;0.0;0.0;0.0;0.0;0.0;1.0;0.0;0.0;0.0;0.0;0.0;0.0;0.0;1.0;0.0;1.0;0.0;0.0;0.0;0.0;0.0;0.0;0.0;0.0;0.0;0.0;0.0
2023-12-10;Barcelona;1;0;17;10;24;Girona;1;2;31;15;11;7;0.54;0.46;525;0.88;7;10;1;2;0;0;8;0.0;1.0;0.0;0.0;0.0;0.0;1.0;1.0;1.0;1.0;0.0;3;0.0306666666666666;0.1428571428571428;462;0.0151515151515151;855.5555555555555;0.2580645161290322;14.814814814814811;16;0.08;5;-1;-3;0.059047619047619;0.064516129032258;0.27;4.0;1;1;2;0;0;1;0;1;0.064516129032258;0.1818181818181818;0.0038095238095238;15.5;1.0;0.0;0.0;0.0;0.0;0.0;0.0;0.0;1.0;0.0;0.0;0.0;0.0;0.0;0.0;1.0;0.0;0.0;1.0;0.0;0.0;0.0;1.0;0.0;0.0;0.0;1.0;0.0;0.0;0.0;0.0;0.0;0.0;0.0;0.0;0.0;0.0
2023-12-03;Barcelona;1;0;4;10;27;Atlético Madrid;5;4;13;8;2;4;0.59;0.41;615;0.9;17;12;5;4;0;0;7;0.0;1.0;0.0;0.0;0.0;0.0;1.0;1.0;1.0;1.0;0.0;2;0.05125;0.2941176470588235;554;0.0306859205776173;938.9830508474575;0.5384615384615384;11.864406779661016;5;0.18;5;1;5;0.0211382113821138;0.0769230769230769;0.59;7.0;1;0;1;1;0;0;0;1;0.0769230769230769;0.5;0.0016260162601626;13.0;1.0;0.0;0.0;0.0;0.0;0.0;0.0;0.0;1.0;0.0;0.0;0.0;0.0;0.0;0.0;1.0;0.0;0.0;1.0;0.0;0.0;0.0;1.0;0.0;0.0;0.0;1.0;0.0;0.0;0.0;0.0;0.0;0.0;0.0;0.0;0.0;0.0
2023-11-28;Barcelona;0;0;1;10;95;Porto;2;3;21;13;7;5;0.55;0.45;468;0.81;11;21;2;3;0;0;5;0.0;1.0;0.0;1.0;0.0;0.0;1.0;1.0;1.0;1.0;0.0;3;0.0346153846153846;0.1818181818181818;379;0.0290237467018469;689.090909090909;0.238095238095238;9.09090909090909;8;0.1;2;-1;-10;0.0448717948717948;0.0952380952380952;0.275;2.5;1;1;2;1;0;0;0;1;0.0952380952380952;0.2857142857142857;0.0042735042735042;10.5;1.0;0.0;0.0;0.0;0.0;0.0;0.0;0.0;1.0;0.0;0.0;0.0;0.0;0.0;0.0;0.0;0.0;0.0;1.0;0.0;0.0;0.0;1.0;0.0;0.0;0.0;1.0;0.0;0.0;0.0;0.0;0.0;0.0;0.0;0.0;0.0;0.0
2023-11-25;Barcelona;1;3;1;10;42;Rayo Vallecano;4;3;15;10;4;4;0.67;0.33;596;0.88;13;23;4;3;0;0;4;0.0;0.0;0.0;1.0;0.0;0.0;1.0;1.0;0.0;1.0;1.0;1;0.033;0.3076923076923077;524;0.0248091603053435;782.0895522388059;0.2666666666666666;5.970149253731343;5;0.34;3;1;-10;0.0251677852348993;0.0666666666666666;0.67;4.0;0;1;1;0;1;0;1;0;0.0666666666666666;0.25;0.0016778523489932;15.0;0.0;0.0;1.0;1.0;0.0;0.0;0.0;0.0;1.0;0.0;0.0;0.0;0.0;0.0;0.0;1.0;0.0;0.0;0.0;0.0;0.0;0.0;1.0;0.0;0.0;1.0;0.0;0.0;0.0;0.0;0.0;0.0;0.0;0.0;0.0;0.0;0.0
2023-11-12;Barcelona;1;3;9;10;45;Alavés;2;1;11;8;6;1;0.72;0.28;751;0.89;11;10;2;1;0;0;2;0.0;1.0;0.0;1.0;0.0;1.0;0.0;1.0;0.0;1.0;0.0;1;0.035;0.1818181818181818;668;0.0164670658682634;927.7777777777778;0.1818181818181818;2.7777777777777777;3;0.4399999999999999;1;1;1;0.014647137150466;0.1818181818181818;0.36;1.0;0;2;2;1;0;0;0;1;0.1818181818181818;0.3333333333333333;0.0026631158455392;5.5;1.0;0.0;1.0;0.0;0.0;0.0;0.0;0.0;0.0;0.0;0.0;0.0;0.0;1.0;0.0;0.0;0.0;0.0;1.0;0.0;0.0;0.0;1.0;0.0;0.0;0.0;1.0;0.0;0.0;0.0;0.0;0.0;0.0;0.0;0.0;0.0;0.0
2023-11-07;Barcelona;0;0;7;10;30;Shakhtar;1;1;13;9;1;4;0.68;0.32;710;0.9;9;9;1;1;0;0;3;0.0;0.0;0.0;0.0;0.0;0.0;0.0;0.0;1.0;1.0;1.0;1;0.0355555555555555;0.1111111111111111;639;0.0140845070422535;939.7058823529412;0.2307692307692307;4.411764705882352;4;0.36;2;0;0;0.0183098591549295;0.0;0.0;0.0;0;0;0;0;0;1;1;0;0.0;0.0;0.0;0.0;1.0;1.0;0.0;0.0;0.0;0.0;0.0;0.0;0.0;0.0;0.0;0.0;0.0;1.0;0.0;1.0;0.0;0.0;1.0;0.0;0.0;0.0;1.0;0.0;1.0;1.0;0.0;0.0;0.0;0.0;0.0;0.0;0.0;0.0;0.0;0.0;0.0
2023-11-04;Barcelona;1;29;0;10;46;Real Sociedad;3;3;12;13;4;6;0.49;0.51;393;0.84;8;16;3;3;0;0;3;0.0;1.0;0.0;1.0;0.0;1.0;0.0;0.0;0.0;1.0;0.0;8;0.0392307692307692;0.375;330;0.0242424242424242;673.469387755102;0.25;6.122448979591836;-1;-0.02;-5;0;-8;0.0305343511450381;0.0833333333333333;0.49;3.0;0;1;1;1;0;0;1;0;0.0833333333333333;0.25;0.0025445292620865;12.0;1.0;1.0;0.0;1.0;0.0;0.0;0.0;0.0;0.0;0.0;0.0;0.0;0.0;1.0;0.0;0.0;0.0;0.0;1.0;0.0;0.0;0.0;1.0;0.0;0.0;0.0;1.0;0.0;0.0;0.0;0.0;0.0;0.0;0.0;0.0;0.0;0.0
2023-10-28;Barcelona;1;29;14;10;12;Real Madrid;2;1;15;13;3;4;0.52;0.48;546;0.86;15;15;2;1;0;0;6;0.0;0.0;0.0;1.0;0.0;1.0;0.0;0.0;0.0;0.0;1.0;3;0.0369230769230769;0.1333333333333333;470;0.0319148936170212;903.8461538461538;0.4;11.538461538461538;2;0.04;3;1;0;0.0274725274725274;0.0666666666666666;0.52;6.0;1;0;1;0;0;1;0;1;0.0666666666666666;0.3333333333333333;0.0018315018315018;15.0;1.0;1.0;0.0;1.0;0.0;0.0;0.0;0.0;0.0;0.0;0.0;0.0;0.0;1.0;0.0;1.0;0.0;0.0;1.0;0.0;0.0;0.0;1.0;0.0;0.0;0.0;1.0;0.0;0.0;0.0;0.0;0.0;0.0;0.0;0.0;0.0;0.0
2023-10-25;Barcelona;0;0;3;10;30;Shakhtar;2;3;19;11;6;1;0.54;0.46;520;0.85;9;17;2;3;0;0;6;0.0;0.0;0.0;1.0;0.0;1.0;0.0;0.0;0.0;0.0;1.0;2;0.0418181818181818;0.2222222222222222;442;0.0203619909502262;818.5185185185185;0.3157894736842105;11.11111111111111;8;0.08;4;-1;-8;0.0365384615384615;0.1052631578947368;0.27;3.0;2;0;2;1;0;0;0;1;0.1052631578947368;0.3333333333333333;0.0038461538461538;9.5;1.0;0.0;1.0;0.0;0.0;0.0;0.0;0.0;0.0;0.0;0.0;0.0;0.0;1.0;0.0;0.0;0.0;0.0;1.0;0.0;0.0;0.0;1.0;0.0;1.0;1.0;1.0;0.0;0.0;0.0;0.0;0.0;0.0;0.0;0.0;0.0;0.0
2023-10-22;Barcelona;1;0;3;10;38;Athletic;3;3;12;10;7;3;0.63;0.37;534;0.85;11;18;3;3;0;0;4;0.0;0.0;0.0;1.0;0.0;1.0;0.0;0.0;0.0;0.0;1.0;7;0.037;0.2727272727272727;454;0.0242290748898678;720.6349206349206;0.3333333333333333;6.349206349206349;2;0.26;-3;0;-7;0.0224719101123595;0.0833333333333333;0.63;4.0;0;1;1;1;0;0;0;1;0.0833333333333333;0.1428571428571428;0.0018726591760299;12.0;0.0;1.0;0.0;1.0;0.0;0.0;0.0;0.0;0.0;0.0;0.0;0.0;0.0;1.0;0.0;1.0;0.0;0.0;1.0;0.0;0.0;0.0;1.0;0.0;0.0;1.0;1.0;0.0;0.0;0.0;0.0;0.0;0.0;0.0;0.0;0.0;0.0
2023-10-08;Barcelona;1;0;9;10;119;Granada;1;5;22;7;10;2;0.81;0.19;771;0.9;7;12;1;5;0;0;11;0.0;1.0;0.0;0.0;0.0;1.0;0.0;0.0;0.0;0.0;1.0;1;0.0271428571428571;0.1428571428571428;694;0.0100864553314121;856.7901234567901;0.5;13.580246913580249;15;0.6200000000000001;10;-4;-5;0.0285343709468223;0.0909090909090909;0.405;5.5;1;1;2;0;1;0;1;0;0.0909090909090909;0.2;0.0025940337224383;11.0;0.0;1.0;1.0;1.0;0.0;0.0;0.0;0.0;0.0;0.0;0.0;0.0;0.0;1.0;0.0;1.0;0.0;0.0;1.0;0.0;0.0;0.0;1.0;0.0;0.0;0.0;1.0;0.0;0.0;0.0;0.0;0.0;0.0;0.0;0.0;0.0;0.0
2023-10-04;Barcelona;0;0;1;10;95;Porto;6;1;14;13;4;5;0.57;0.43;497;0.84;18;5;5;1;1;0;6;0.0;1.0;0.0;0.0;0.0;0.0;0.0;0.0;0.0;1.0;0.0;6;0.033076923076923;0.3333333333333333;417;0.0431654676258992;731.5789473684212;0.4285714285714285;10.526315789473683;1;0.1399999999999999;0;5;13;0.028169014084507;0.0714285714285714;0.57;6.0;1;0;1;1;0;0;1;0;0.0714285714285714;0.25;0.0020120724346076;14.0;1.0;1.0;1.0;1.0;0.0;0.0;0.0;0.0;0.0;0.0;0.0;0.0;0.0;1.0;0.0;0.0;0.0;0.0;1.0;0.0;0.0;0.0;1.0;0.0;0.0;1.0;1.0;0.0;0.0;0.0;0.0;0.0;0.0;0.0;0.0;0.0;0.0
2023-09-29;Barcelona;1;0;3;10;43;Sevilla;2;3;18;12;4;3;0.59;0.41;467;0.86;11;15;2;3;0;0;13;0.0;1.0;0.0;0.0;0.0;0.0;0.0;0.0;1.0;1.0;0.0;3;0.0341666666666666;0.1818181818181818;402;0.0273631840796019;681.3559322033899;0.7222222222222222;22.033898305084747;6;0.18;10;-1;-4;0.038543897216274;0.0555555555555555;0.59;13.0;0;1;1;1;0;0;0;1;0.0555555555555555;0.25;0.0021413276231263;18.0;0.0;1.0;1.0;1.0;0.0;0.0;0.0;0.0;0.0;0.0;0.0;0.0;0.0;1.0;0.0;1.0;0.0;0.0;1.0;0.0;0.0;0.0;1.0;0.0;0.0;0.0;1.0;0.0;0.0;0.0;0.0;0.0;0.0;0.0;0.0;0.0;0.0
2023-09-26;Barcelona;1;0;4;10;40;R.C.D. Mallorca;1;5;10;10;4;5;0.7;0.3;584;0.85;7;19;1;4;0;1;2;0.0;0.0;0.0;1.0;0.0;0.0;0.0;0.0;1.0;0.0;1.0;7;0.03;0.1428571428571428;496;0.0141129032258064;708.5714285714287;0.2;2.857142857142857;0;0.3999999999999999;-5;-4;-12;0.0171232876712328;0.2;0.35;1.0;1;1;2;0;1;0;1;0;0.2;0.5;0.0034246575342465;5.0;1.0;1.0;0.0;1.0;0.0;0.0;0.0;0.0;0.0;0.0;0.0;0.0;0.0;1.0;0.0;0.0;0.0;0.0;1.0;0.0;0.0;0.0;1.0;0.0;0.0;1.0;1.0;0.0;0.0;0.0;0.0;0.0;0.0;0.0;0.0;0.0;0.0
2023-09-23;Barcelona;1;0;4;10;44;Celta de Vigo;2;1;15;13;6;7;0.75;0.25;810;0.91;10;11;2;1;0;0;2;0.0;1.0;0.0;0.0;0.0;0.0;1.0;0.0;0.0;1.0;1.0;3;0.0192307692307692;0.2;737;0.0135685210312075;982.6666666666666;0.1333333333333333;2.6666666666666665;2;0.5;-1;1;-1;0.0185185185185185;0.2;0.25;0.6666666666666666;0;3;3;1;0;0;0;1;0.2;0.5;0.0037037037037037;5.0;0.0;0.0;0.0;0.0;0.0;0.0;0.0;0.0;0.0;0.0;0.0;0.0;0.0;1.0;0.0;1.0;0.0;0.0;1.0;0.0;0.0;0.0;1.0;0.0;1.0;1.0;1.0;0.0;0.0;0.0;0.0;0.0;0.0;0.0;0.0;0.0;0.0
2023-09-19;Barcelona;0;0;3;10;811;Antwerp;1;0;22;3;10;1;0.7;0.3;798;0.93;10;8;1;0;0;0;10;0.0;1.0;0.0;0.0;0.0;0.0;1.0;0.0;1.0;1.0;0.0;2;0.0999999999999999;0.1;742;0.013477088948787;1060.0;0.4545454545454545;14.285714285714286;19;0.3999999999999999;8;1;2;0.0275689223057644;0.2272727272727272;0.1399999999999999;2.0;3;2;5;1;0;0;0;1;0.2272727272727272;0.5;0.006265664160401;4.4;0.0;1.0;0.0;1.0;0.0;0.0;0.0;0.0;0.0;0.0;0.0;0.0;0.0;1.0;0.0;1.0;0.0;0.0;1.0;0.0;0.0;0.0;1.0;0.0;0.0;0.0;1.0;0.0;0.0;0.0;0.0;0.0;0.0;0.0;0.0;0.0;0.0
2023-09-16;Barcelona;1;0;3;10;39;Betis;1;2;17;11;9;2;0.66;0.34;655;0.9;9;10;1;2;0;0;9;0.0;1.0;0.0;0.0;0.0;0.0;1.0;0.0;0.0;1.0;1.0;5;0.0309090909090909;0.1111111111111111;590;0.0152542372881355;893.9393939393939;0.5294117647058824;13.636363636363637;6;0.32;4;-1;-1;0.0259541984732824;0.2941176470588235;0.132;1.8;2;3;5;1;0;0;0;1;0.2941176470588235;0.5555555555555556;0.0076335877862595;3.4;0.0;1.0;0.0;1.0;0.0;0.0;0.0;0.0;0.0;0.0;0.0;0.0;0.0;1.0;0.0;1.0;0.0;0.0;0.0;0.0;0.0;0.0;1.0;0.0;0.0;1.0;1.0;0.0;0.0;0.0;0.0;0.0;0.0;0.0;0.0;0.0;0.0
2023-09-03;Barcelona;1;0;7;10;41;Osasuna;3;2;9;11;4;3;0.7;0.3;647;0.9;16;6;3;1;0;1;5;0.0;1.0;0.0;0.0;0.0;0.0;1.0;0.0;0.0;1.0;0.0;8;0.0272727272727272;0.1875;582;0.0274914089347079;831.4285714285714;0.5555555555555556;7.142857142857143;-2;0.3999999999999999;-3;1;10;0.0139103554868624;0.2222222222222222;0.35;2.5;1;1;2;1;0;0;1;0;0.2222222222222222;0.5;0.0030911901081916;4.5;0.0;1.0;1.0;1.0;0.0;0.0;0.0;0.0;0.0;0.0;0.0;0.0;0.0;1.0;0.0;1.0;0.0;0.0;1.0;0.0;0.0;0.0;0.0;1.0;0.0;1.0;0.0;0.0;0.0;0.0;0.0;0.0;0.0;0.0;0.0;0.0;0.0
2023-08-27;Barcelona;1;0;1;10;37;Villarreal;3;3;21;13;11;6;0.61;0.39;592;0.91;14;12;3;3;0;0;6;0.0;1.0;0.0;0.0;0.0;0.0;1.0;0.0;0.0;1.0;0.0;2;0.03;0.2142857142857142;539;0.0259740259740259;883.6065573770492;0.2857142857142857;9.836065573770492;8;0.2199999999999999;4;0;2;0.0354729729729729;0.1904761904761904;0.1525;1.5;2;2;4;1;0;0;1;0;0.1904761904761904;0.3636363636363636;0.0067567567567567;5.25;0.0;1.0;1.0;0.0;0.0;0.0;0.0;0.0;0.0;0.0;0.0;0.0;0.0;1.0;0.0;1.0;0.0;0.0;1.0;0.0;0.0;0.0;0.0;1.0;1.0;1.0;0.0;0.0;0.0;0.0;0.0;0.0;0.0;0.0;0.0;0.0;0.0
2023-08-20;Barcelona;1;17;1;10;130;Cádiz;4;3;24;10;10;1;0.75;0.25;612;0.91;9;22;4;3;0;0;10;0.0;1.0;0.0;0.0;0.0;0.0;1.0;1.0;0.0;1.0;0.0;2;0.025;0.4444444444444444;557;0.0161579892280071;742.6666666666666;0.4166666666666667;13.333333333333334;14;0.5;8;1;-13;0.0392156862745098;0.0833333333333333;0.375;5.0;0;2;2;1;0;0;0;1;0.0833333333333333;0.2;0.0032679738562091;12.0;0.0;1.0;1.0;1.0;0.0;0.0;0.0;0.0;0.0;0.0;0.0;0.0;0.0;1.0;0.0;1.0;0.0;0.0;1.0;0.0;0.0;0.0;0.0;0.0;0.0;1.0;0.0;0.0;0.0;0.0;0.0;0.0;0.0;0.0;0.0;0.0;0.0
2023-08-13;Barcelona;1;3;5;10;48;Getafe;3;7;14;5;4;2;0.75;0.25;729;0.9;11;20;2;6;1;1;4;0.0;1.0;0.0;0.0;0.0;0.0;1.0;1.0;1.0;1.0;0.0;3;0.05;0.2727272727272727;656;0.0167682926829268;874.6666666666666;0.2857142857142857;5.333333333333333;9;0.5;1;-4;-9;0.0192043895747599;0.0;0.0;0.0;0;0;0;0;1;0;1;0;0.0;0.0;0.0;0.0;1.0;0.0;0.0;1.0;0.0;0.0;0.0;0.0;0.0;0.0;0.0;0.0;0.0;1.0;0.0;1.0;0.0;0.0;1.0;0.0;0.0;0.0;0.0;0.0;0.0;1.0;0.0;0.0;0.0;0.0;0.0;0.0;0.0;0.0;0.0;0.0;0.0
2023-08-08;Barcelona;-1;7;3;10;56;Tottenham;0;1;14;14;8;6;0.56;0.44;501;0.88;16;14;0;1;0;0;8;0.0;1.0;0.0;0.0;0.0;0.0;1.0;1.0;1.0;1.0;0.0;9;0.0314285714285714;0.0;441;0.0362811791383219;787.4999999999999;0.5714285714285714;14.285714285714285;0;0.12;-1;-1;2;0.0279441117764471;0.2857142857142857;0.14;2.0;1;3;4;1;0;0;0;1;0.2857142857142857;0.5;0.0079840319361277;3.5;1.0;1.0;0.0;1.0;1.0;0.0;0.0;0.0;0.0;0.0;0.0;0.0;0.0;1.0;0.0;0.0;0.0;0.0;0.0;0.0;0.0;0.0;0.0;0.0;0.0;1.0;0.0;0.0;0.0;0.0;0.0;0.0;0.0;0.0;0.0;0.0;0.0
2023-08-01;Barcelona;6;0;0;10;25;Milan;1;2;18;10;4;3;0.62;0.38;604;0.91;9;11;1;2;0;0;8;0.0;1.0;0.0;0.0;0.0;1.0;0.0;1.0;1.0;0.0;1.0;5;0.038;0.1111111111111111;550;0.0163636363636363;887.0967741935484;0.4444444444444444;12.903225806451614;8;0.24;3;-1;-2;0.0298013245033112;0.0555555555555555;0.62;8.0;0;1;1;1;0;0;1;0;0.0555555555555555;0.25;0.0016556291390728;18.0;1.0;0.0;0.0;0.0;1.0;0.0;0.0;0.0;1.0;0.0;0.0;0.0;0.0;0.0;0.0;0.0;0.0;0.0;0.0;0.0;0.0;0.0;0.0;0.0;1.0;1.0;0.0;0.0;0.0;1.0;0.0;0.0;0.0;0.0;0.0;0.0;0.0
2023-07-29;Barcelona;6;28;22;10;12;Real Madrid;3;4;12;29;7;5;0.47;0.53;458;0.86;17;10;3;4;0;0;4;0.0;1.0;0.0;0.0;0.0;0.0;1.0;1.0;0.0;1.0;0.0;9;0.0182758620689655;0.1764705882352941;394;0.0431472081218274;838.2978723404256;0.3333333333333333;8.51063829787234;-17;-0.06;-5;-1;7;0.0262008733624454;0.25;0.1566666666666666;1.3333333333333333;1;2;3;1;0;0;0;1;0.25;0.4285714285714285;0.0065502183406113;4.0;1.0;0.0;0.0;1.0;0.0;0.0;0.0;0.0;0.0;0.0;0.0;0.0;0.0;1.0;0.0;1.0;0.0;0.0;1.0;0.0;0.0;0.0;0.0;0.0;0.0;1.0;0.0;0.0;0.0;0.0;1.0;0.0;0.0;0.0;0.0;0.0;0.0
2023-07-26;Barcelona;6;0;0;10;9;Arsenal;1;3;9;20;4;9;0.6;0.4;422;0.86;12;22;1;3;0;0;2;0.0;0.0;0.0;0.0;0.0;0.0;0.0;1.0;1.0;1.0;0.0;5;0.02;0.0833333333333333;363;0.0330578512396694;605.0;0.2222222222222222;3.333333333333333;-11;0.1999999999999999;-3;-2;-10;0.0213270142180094;0.3333333333333333;0.1999999999999999;0.6666666666666666;2;1;3;0;0;1;1;0;0.3333333333333333;0.75;0.0071090047393364;3.0;1.0;0.0;0.0;0.0;0.0;0.0;0.0;0.0;0.0;0.0;0.0;0.0;0.0;1.0;0.0;1.0;0.0;0.0;1.0;0.0;0.0;0.0;0.0;0.0;1.0;1.0;0.0;0.0;0.0;1.0;0.0;1.0;0.0;0.0;0.0;0.0;0.0
2023-06-06;Barcelona;6;0;0;10;-1;Vissel Kobe;0;0;22;15;10;7;0.55;0.45;661;0.91;7;10;0;0;0;0;12;0.0;0.0;0.0;0.0;0.0;0.0;1.0;0.0;0.0;1.0;0.0;3;0.03;0.0;602;0.0116279069767441;1094.5454545454545;0.5454545454545454;21.818181818181817;7;0.1;9;0;-3;0.0332829046898638;0.0909090909090909;0.275;6.0;2;0;2;1;0;0;1;0;0.0909090909090909;0.2;0.0030257186081694;11.0;0.0;0.0;0.0;0.0;1.0;0.0;0.0;0.0;1.0;1.0;1.0;0.0;0.0;0.0;0.0;0.0;0.0;0.0;0.0;0.0;1.0;0.0;0.0;0.0;1.0;0.0;0.0;0.0;0.0;0.0;0.0;0.0;1.0;1.0;1.0;0.0;0.0
2023-06-04;Barcelona;1;0;0;10;44;Celta de Vigo;2;2;9;12;2;9;0.73;0.27;651;0.88;9;13;2;2;0;0;4;0.0;1.0;0.0;0.0;0.0;0.0;1.0;0.0;1.0;1.0;1.0;2;0.0225;0.2222222222222222;573;0.0157068062827225;784.931506849315;0.4444444444444444;5.47945205479452;-3;0.4599999999999999;2;0;-4;0.0138248847926267;0.1111111111111111;0.73;4.0;0;1;1;0;0;1;1;0;0.1111111111111111;0.5;0.0015360983102918;9.0;0.0;0.0;0.0;0.0;1.0;0.0;0.0;0.0;0.0;0.0;0.0;0.0;0.0;1.0;0.0;1.0;0.0;0.0;0.0;0.0;0.0;0.0;0.0;1.0;1.0;0.0;0.0;0.0;0.0;0.0;0.0;0.0;1.0;0.0;0.0;0.0;0.0
2023-05-28;Barcelona;1;0;9;10;40;R.C.D. Mallorca;0;1;28;3;9;1;0.79;0.21;713;0.91;4;9;0;0;0;1;14;0.0;1.0;0.0;0.0;0.0;0.0;1.0;0.0;0.0;1.0;0.0;3;0.0699999999999999;0.0;649;0.0061633281972265;821.5189873417721;0.5;17.72151898734177;25;0.5800000000000001;11;-1;-5;0.0392706872370266;0.1071428571428571;0.2633333333333333;4.666666666666667;2;1;3;1;0;0;0;1;0.1071428571428571;0.3333333333333333;0.0042075736325385;9.333333333333334;0.0;1.0;0.0;1.0;0.0;0.0;0.0;0.0;0.0;0.0;1.0;0.0;0.0;1.0;0.0;1.0;0.0;0.0;0.0;0.0;0.0;0.0;0.0;0.0;0.0;0.0;0.0;0.0;0.0;0.0;1.0;0.0;0.0;0.0;0.0;1.0;1.0
2023-05-23;Barcelona;1;0;3;10;51;Valladolid;0;1;16;8;6;4;0.7;0.3;625;0.88;9;13;0;1;0;0;6;0.0;0.0;0.0;0.0;0.0;0.0;1.0;0.0;1.0;1.0;0.0;2;0.0375;0.0;550;0.0163636363636363;785.7142857142858;0.375;8.571428571428571;8;0.3999999999999999;4;-1;-4;0.0256;0.0625;0.7;6.0;0;1;1;0;0;1;1;0;0.0625;0.1666666666666666;0.0016;16.0;0.0;1.0;0.0;1.0;1.0;0.0;0.0;0.0;0.0;1.0;0.0;0.0;0.0;1.0;0.0;1.0;0.0;0.0;0.0;0.0;0.0;0.0;0.0;1.0;1.0;0.0;0.0;0.0;0.0;0.0;0.0;0.0;0.0;0.0;0.0;0.0;0.0
2023-05-20;Barcelona;1;0;3;10;46;Real Sociedad;4;4;13;13;4;6;0.68;0.32;664;0.87;8;16;4;4;0;0;8;0.0;1.0;0.0;0.0;0.0;0.0;1.0;0.0;1.0;1.0;0.0;2;0.0246153846153846;0.5;578;0.0138408304498269;849.9999999999999;0.6153846153846154;11.76470588235294;0;0.36;6;0;-8;0.019578313253012;0.0769230769230769;0.68;8.0;0;1;1;0;0;1;0;1;0.0769230769230769;0.25;0.0015060240963855;13.0;0.0;0.0;0.0;1.0;0.0;0.0;0.0;0.0;0.0;0.0;0.0;0.0;0.0;1.0;0.0;1.0;0.0;0.0;0.0;0.0;0.0;0.0;0.0;0.0;0.0;0.0;0.0;0.0;0.0;0.0;1.0;0.0;1.0;0.0;0.0;1.0;1.0
2023-05-14;Barcelona;1;0;4;10;49;RCD Espanyol;3;1;15;15;5;7;0.71;0.29;727;0.91;9;12;3;1;0;0;3;0.0;1.0;0.0;0.0;0.0;0.0;1.0;1.0;1.0;1.0;0.0;4;0.0193333333333333;0.3333333333333333;662;0.0135951661631419;932.3943661971832;0.2;4.225352112676057;0;0.42;-1;2;-3;0.0206327372764786;0.2666666666666666;0.1775;0.75;3;1;4;1;0;0;1;0;0.2666666666666666;0.8;0.0055020632737276;3.75;1.0;1.0;0.0;1.0;0.0;0.0;0.0;0.0;0.0;0.0;0.0;0.0;0.0;1.0;0.0;1.0;0.0;0.0;0.0;0.0;0.0;0.0;0.0;0.0;0.0;0.0;0.0;0.0;0.0;0.0;0.0;0.0;0.0;0.0;0.0;0.0;1.0
2023-05-02;Barcelona;1;3;3;10;41;Osasuna;0;1;21;7;4;2;0.77;0.23;640;0.88;7;10;0;0;0;1;11;0.0;1.0;0.0;0.0;0.0;0.0;1.0;1.0;1.0;1.0;0.0;0;0.0328571428571428;0.0;563;0.0124333925399644;731.1688311688312;0.5238095238095238;14.285714285714285;14;0.54;11;-1;-3;0.0328125;0.0476190476190476;0.77;11.0;0;1;1;1;0;0;0;1;0.0476190476190476;0.25;0.0015625;21.0;1.0;1.0;0.0;1.0;0.0;0.0;0.0;0.0;0.0;0.0;0.0;0.0;0.0;1.0;0.0;1.0;0.0;0.0;0.0;0.0;0.0;0.0;0.0;0.0;0.0;0.0;0.0;0.0;0.0;0.0;0.0;0.0;0.0;0.0;0.0;0.0;1.0
2023-04-29;Barcelona;1;0;3;10;39;Betis;0;1;15;4;6;1;0.68;0.32;676;0.88;10;9;0;0;0;1;10;0.0;1.0;0.0;0.0;0.0;0.0;1.0;1.0;1.0;1.0;0.0;0;0.08;0.0;595;0.0168067226890756;874.9999999999999;0.6666666666666666;14.705882352941176;11;0.36;10;-1;1;0.022189349112426;0.2666666666666666;0.17;2.5;3;1;4;1;0;0;0;1;0.2666666666666666;0.6666666666666666;0.0059171597633136;3.75;1.0;1.0;0.0;1.0;0.0;0.0;0.0;0.0;0.0;0.0;0.0;0.0;0.0;1.0;0.0;1.0;0.0;0.0;0.0;0.0;0.0;0.0;0.0;0.0;0.0;0.0;0.0;0.0;0.0;0.0;0.0;0.0;0.0;0.0;0.0;0.0;1.0
2023-04-26;Barcelona;1;0;1;10;42;Rayo Vallecano;4;1;10;9;5;6;0.61;0.39;488;0.8;14;10;4;1;0;0;9;0.0;1.0;0.0;0.0;0.0;0.0;1.0;1.0;1.0;1.0;1.0;3;0.0433333333333333;0.2857142857142857;390;0.0358974358974358;639.344262295082;0.9;14.754098360655735;1;0.2199999999999999;6;3;4;0.0204918032786885;0.1;0.61;9.0;0;1;1;0;0;1;1;0;0.1;0.2;0.0020491803278688;10.0;1.0;1.0;0.0;1.0;0.0;0.0;0.0;0.0;0.0;0.0;0.0;0.0;0.0;1.0;0.0;0.0;0.0;0.0;0.0;0.0;0.0;0.0;0.0;0.0;1.0;0.0;0.0;0.0;0.0;0.0;0.0;0.0;0.0;0.0;0.0;0.0;0.0
2023-04-23;Barcelona;1;3;4;10;27;Atlético Madrid;4;8;13;13;4;3;0.63;0.37;606;0.85;15;16;4;8;0;0;3;0.0;1.0;0.0;0.0;0.0;0.0;1.0;0.0;1.0;1.0;1.0;3;0.0284615384615384;0.2666666666666666;515;0.029126213592233;817.4603174603175;0.2307692307692307;4.761904761904762;0;0.26;0;-4;-1;0.0214521452145214;0.0769230769230769;0.63;3.0;1;0;1;1;0;0;0;1;0.0769230769230769;0.25;0.0016501650165016;13.0;1.0;1.0;0.0;1.0;0.0;0.0;0.0;0.0;0.0;0.0;0.0;0.0;0.0;1.0;0.0;0.0;0.0;0.0;0.0;0.0;0.0;0.0;0.0;0.0;1.0;0.0;0.0;0.0;0.0;0.0;0.0;0.0;0.0;0.0;0.0;0.0;1.0
2023-04-16;Barcelona;1;0;4;10;48;Getafe;1;2;15;5;3;1;0.67;0.33;480;0.81;12;13;1;2;0;0;5;0.0;1.0;0.0;0.0;0.0;0.0;0.0;0.0;1.0;1.0;0.0;1;0.066;0.0833333333333333;389;0.0308483290488431;580.5970149253731;0.3333333333333333;7.462686567164178;10;0.34;4;-1;-1;0.03125;0.0;0.0;0.0;0;0;0;0;1;0;1;0;0.0;0.0;0.0;0.0;1.0;1.0;0.0;1.0;0.0;0.0;0.0;0.0;0.0;0.0;0.0;0.0;0.0;1.0;0.0;0.0;0.0;0.0;0.0;0.0;0.0;0.0;0.0;1.0;0.0;0.0;0.0;0.0;0.0;0.0;0.0;0.0;1.0;0.0;0.0;1.0;1.0
2023-04-10;Barcelona;1;0;7;10;24;Girona;0;2;18;5;3;0;0.6;0.4;513;0.85;14;14;0;2;0;0;12;0.0;1.0;0.0;0.0;0.0;0.0;0.0;0.0;1.0;1.0;0.0;2;0.08;0.0;436;0.0321100917431192;726.6666666666667;0.6666666666666666;20.0;13;0.1999999999999999;10;-2;0;0.0350877192982456;0.0;0.0;0.0;0;0;0;0;1;0;0;1;0.0;0.0;0.0;0.0;1.0;1.0;0.0;1.0;1.0;0.0;0.0;0.0;0.0;0.0;1.0;0.0;0.0;1.0;0.0;0.0;0.0;0.0;0.0;0.0;0.0;0.0;0.0;1.0;0.0;0.0;0.0;0.0;0.0;0.0;0.0;0.0;0.0;0.0;0.0;0.0;1.0
