Fecha;Equipo_name;Torneo;Alineacion;Alineacion_contrincante;equipo;equipo_contrincante;equipo_contrincante_name;tarjetas;tarjetas_contrincante;Remates;Remates_contrincante;Remates al arco;Remates al arco_contrincante;Posesión;Posesión_contrincante;Pases;Precisión de los pases;Faltas;Faltas_contrincante;Tarjetas amarillas;Tarjetas amarillas_contrincante;Tarjetas rojas;Tarjetas rojas_contrincante;Tiros de esquina;Timo Horn-Bochum;Tim Oermann-Bochum;Jakov Medić-Bochum;Bernardo Fernandes da Silva Junior-Bochum;Cristian Gamboa-Bochum;Matúš Bero-Bochum;Tom Krauß-Bochum;Maximilian Wittek-Bochum;Philipp Hofmann-Bochum;Moritz Broschinski-Bochum;Myron Boadu-Bochum;Tiros de esquina_concedidos;Posesión_contra_por_remate;tarjetas_por_falta;pases_completados;faltas_por_pases;pases_por_posesion;tirosEsquina_por_remate;tirosEsquina_por_posesion;diff_remates;diff_posesion;diff_Tiros de esquina;diff_tarjetas;diff_faltas;remates_por_pase;posesion_por_remate;posesion_por_gol;tirosEsquina_por_gol;goles_primera_mitad;goles_segunda_mitad;goles_totales;gano;empato;perdio;visitante;local;conversion_goles;conversion_arco;goles_por_pase;remates_al_arco_por_gol;Felix Passlack-Bochum;Ibrahima Sissoko-Bochum;Giorgos Masouras-Bochum;Gerrit Holtmann-Bochum;Ivan Ordets-Bochum;Erhan Mašović-Bochum;Patrick Drewes-Bochum;Dani de Wit-Bochum;Anthony Losilla-Bochum;Kōji Miyoshi-Bochum;Lukas Daschner-Bochum;Mats Pannewig-Bochum;Noah Loosli-Bochum;Andreas Luthe-Bochum;Keven Schlotterbeck-Bochum;Kevin Stöger-Bochum;Patrick Osterhage-Bochum;Takuma Asano-Bochum;Manuel Riemann-Bochum;Christopher Antwi-Adjei-Bochum;Philipp Förster-Bochum;Moritz-Broni Kwarteng-Bochum;Gonçalo Paciência-Bochum;Danilo Soares-Bochum;Saidy Janko-Bochum;Dominique Heintz-Bochum;Kostas Stafylidis-Bochum;Simon Zoller-Bochum;Jordi Osei-Tutu-Bochum;Vasilios Lampropoulos-Bochum;Pierre Kunde-Bochum;Jannes Horn-Bochum;Jacek Góralski-Bochum;Michael Esser-Bochum;Armel Bella-Kotchap-Bochum;Herbert Bockhorn-Bochum;Robert Tesche-Bochum;Sebastian Polter-Bochum
2025-04-27;Bochum;9;29;2;178;169;FC Union Berlin;3;2;10;5;4;1;0.67;0.33;509;0.81;11;9;3;2;0;0;10;1.0;1.0;1.0;1.0;1.0;1.0;1.0;1.0;1.0;1.0;1.0;4;0.066;0.2727272727272727;412;0.02669902912621359;614.9253731343283;1.0;14.925373134328357;5;0.34;6;1;2;0.019646365422396856;0.1;0.67;10.0;0;1;1;0;1;0;0;1;0.1;0.25;0.0019646365422396855;10.0;0.0;0.0;0.0;0.0;0.0;0.0;0.0;0.0;0.0;0.0;0.0;0.0;0.0;0.0;0.0;0.0;0.0;0.0;0.0;0.0;0.0;0.0;0.0;0.0;0.0;0.0;0.0;0.0;0.0;0.0;0.0;0.0;0.0;0.0;0.0;0.0;0.0;0.0
2025-04-19;Bochum;9;6;2;178;171;Werder Bremen;3;3;12;14;1;4;0.52;0.48;408;0.69;20;9;2;3;1;0;7;1.0;1.0;1.0;1.0;0.0;0.0;1.0;1.0;1.0;0.0;0.0;2;0.03428571428571429;0.15;282;0.07092198581560284;542.3076923076923;0.5833333333333334;13.461538461538462;-2;0.040000000000000036;5;0;11;0.029411764705882353;0.0;0.0;0.0;0;0;0;0;0;1;1;0;0.0;0.0;0.0;0.0;1.0;1.0;1.0;1.0;0.0;0.0;0.0;0.0;0.0;0.0;0.0;0.0;0.0;0.0;0.0;0.0;0.0;0.0;0.0;0.0;0.0;0.0;0.0;0.0;0.0;0.0;0.0;0.0;0.0;0.0;0.0;0.0;0.0;0.0;0.0;0.0;0.0;0.0
2025-04-12;Bochum;9;2;17;178;173;Augsburgo;2;2;25;12;9;5;0.53;0.47;427;0.78;14;9;2;1;0;1;7;1.0;1.0;0.0;1.0;0.0;1.0;1.0;1.0;1.0;0.0;0.0;6;0.03916666666666666;0.14285714285714285;333;0.042042042042042045;628.3018867924528;0.28;13.20754716981132;13;0.06000000000000005;1;0;5;0.0585480093676815;0.04;0.53;7.0;0;1;1;0;0;1;0;1;0.04;0.1111111111111111;0.00234192037470726;25.0;1.0;1.0;1.0;0.0;1.0;0.0;0.0;0.0;0.0;0.0;0.0;0.0;0.0;0.0;0.0;0.0;0.0;0.0;0.0;0.0;0.0;0.0;0.0;0.0;0.0;0.0;0.0;0.0;0.0;0.0;0.0;0.0;0.0;0.0;0.0;0.0;0.0;0.0
2025-04-05;Bochum;9;2;1;178;18;Stuttgart;1;1;11;14;2;6;0.55;0.45;491;0.81;17;13;1;1;0;0;2;1.0;1.0;0.0;0.0;0.0;1.0;1.0;1.0;1.0;0.0;1.0;4;0.03214285714285715;0.058823529411764705;398;0.04271356783919598;723.6363636363636;0.18181818181818182;3.6363636363636362;-3;0.10000000000000003;-2;0;4;0.02240325865580448;0.0;0.0;0.0;0;0;0;0;0;1;0;1;0.0;0.0;0.0;0.0;1.0;1.0;0.0;1.0;1.0;0.0;0.0;0.0;0.0;0.0;0.0;0.0;0.0;0.0;0.0;0.0;0.0;0.0;0.0;0.0;0.0;0.0;0.0;0.0;0.0;0.0;0.0;0.0;0.0;0.0;0.0;0.0;0.0;0.0;0.0;0.0;0.0;0.0
2025-03-28;Bochum;9;4;2;178;6;Leverkusen;1;0;8;14;3;5;0.34;0.66;356;0.75;13;6;1;0;0;0;2;1.0;1.0;0.0;0.0;0.0;1.0;1.0;1.0;1.0;0.0;0.0;3;0.047142857142857146;0.07692307692307693;267;0.04868913857677903;785.2941176470588;0.25;5.88235294117647;-6;-0.32;-1;1;7;0.02247191011235955;0.125;0.34;2.0;1;0;1;0;0;1;1;0;0.125;0.3333333333333333;0.0028089887640449437;8.0;1.0;1.0;1.0;1.0;1.0;0.0;0.0;0.0;0.0;0.0;0.0;0.0;0.0;0.0;0.0;0.0;0.0;0.0;0.0;0.0;0.0;0.0;0.0;0.0;0.0;0.0;0.0;0.0;0.0;0.0;0.0;0.0;0.0;0.0;0.0;0.0;0.0;0.0
2025-03-16;Bochum;9;1;3;178;87;Frankfurt;4;1;17;18;7;7;0.51;0.49;419;0.77;7;9;4;1;0;0;8;1.0;1.0;1.0;0.0;0.0;1.0;1.0;1.0;1.0;0.0;0.0;3;0.02722222222222222;0.5714285714285714;323;0.021671826625386997;633.3333333333334;0.47058823529411764;15.686274509803921;-1;0.020000000000000018;5;3;-2;0.0405727923627685;0.058823529411764705;0.51;8.0;0;1;1;0;0;1;0;1;0.058823529411764705;0.14285714285714285;0.002386634844868735;17.0;1.0;1.0;1.0;0.0;1.0;0.0;0.0;0.0;0.0;0.0;0.0;0.0;0.0;0.0;0.0;0.0;0.0;0.0;0.0;0.0;0.0;0.0;0.0;0.0;0.0;0.0;0.0;0.0;0.0;0.0;0.0;0.0;0.0;0.0;0.0;0.0;0.0;0.0
2025-03-08;Bochum;9;4;3;178;23;Bayern;6;1;8;14;5;5;0.26;0.74;258;0.7;14;7;6;0;0;1;3;1.0;1.0;1.0;1.0;0.0;1.0;1.0;1.0;1.0;0.0;0.0;9;0.05285714285714286;0.42857142857142855;181;0.07734806629834254;696.1538461538461;0.375;11.538461538461538;-6;-0.48;-6;5;7;0.031007751937984496;0.375;0.08666666666666667;1.0;1;2;3;1;0;0;1;0;0.375;0.6;0.011627906976744186;2.6666666666666665;1.0;1.0;1.0;0.0;0.0;0.0;0.0;0.0;0.0;0.0;0.0;0.0;0.0;0.0;0.0;0.0;0.0;0.0;0.0;0.0;0.0;0.0;0.0;0.0;0.0;0.0;0.0;0.0;0.0;0.0;0.0;0.0;0.0;0.0;0.0;0.0;0.0;0.0
2025-03-01;Bochum;9;2;3;178;97;Hoffenheim;0;1;12;10;3;2;0.58;0.42;383;0.72;16;17;0;1;0;0;8;1.0;1.0;1.0;1.0;0.0;1.0;1.0;1.0;1.0;0.0;0.0;5;0.041999999999999996;0.0;276;0.057971014492753624;475.86206896551727;0.6666666666666666;13.793103448275863;2;0.15999999999999998;3;-1;-1;0.031331592689295036;0.0;0.0;0.0;0;0;0;0;0;1;0;1;0.0;0.0;0.0;0.0;1.0;1.0;1.0;0.0;0.0;0.0;0.0;0.0;0.0;0.0;0.0;0.0;0.0;0.0;0.0;0.0;0.0;0.0;0.0;0.0;0.0;0.0;0.0;0.0;0.0;0.0;0.0;0.0;0.0;0.0;0.0;0.0;0.0;0.0;0.0;0.0;0.0;0.0
2025-02-22;Bochum;9;2;1;178;175;Wolfsburg;3;2;11;13;5;6;0.45;0.55;379;0.76;15;8;3;2;0;0;5;1.0;1.0;0.0;1.0;0.0;1.0;1.0;0.0;1.0;0.0;0.0;3;0.04230769230769231;0.2;288;0.052083333333333336;640.0;0.45454545454545453;11.11111111111111;-2;-0.10000000000000003;2;1;7;0.029023746701846966;0.09090909090909091;0.45;5.0;0;1;1;0;1;0;1;0;0.09090909090909091;0.2;0.002638522427440633;11.0;0.0;1.0;1.0;1.0;1.0;1.0;0.0;0.0;0.0;0.0;0.0;0.0;0.0;0.0;0.0;0.0;0.0;0.0;0.0;0.0;0.0;0.0;0.0;0.0;0.0;0.0;0.0;0.0;0.0;0.0;0.0;0.0;0.0;0.0;0.0;0.0;0.0;0.0
2025-02-15;Bochum;9;4;3;178;11;Dortmund;1;0;18;17;9;2;0.3;0.7;301;0.73;12;4;1;0;0;0;2;1.0;1.0;0.0;1.0;0.0;1.0;1.0;0.0;1.0;0.0;0.0;8;0.041176470588235294;0.08333333333333333;220;0.05454545454545454;733.3333333333334;0.1111111111111111;6.666666666666667;1;-0.39999999999999997;-6;1;8;0.059800664451827246;0.1111111111111111;0.15;1.0;2;0;2;1;0;0;0;1;0.1111111111111111;0.2222222222222222;0.006644518272425249;9.0;0.0;1.0;1.0;1.0;1.0;1.0;0.0;0.0;0.0;0.0;0.0;0.0;0.0;0.0;0.0;0.0;0.0;0.0;0.0;0.0;0.0;0.0;0.0;0.0;0.0;0.0;0.0;0.0;0.0;0.0;0.0;0.0;0.0;0.0;0.0;0.0;0.0;0.0
2025-02-09;Bochum;9;3;30;178;177;KSV Holstein;2;2;20;10;5;3;0.52;0.48;380;0.68;16;11;2;2;0;0;5;0.0;1.0;0.0;1.0;0.0;1.0;1.0;1.0;0.0;0.0;1.0;3;0.048;0.125;258;0.06201550387596899;496.15384615384613;0.25;9.615384615384615;10;0.040000000000000036;2;0;5;0.05263157894736842;0.1;0.26;2.5;2;0;2;0;1;0;1;0;0.1;0.4;0.005263157894736842;10.0;1.0;0.0;1.0;1.0;1.0;0.0;1.0;0.0;0.0;0.0;0.0;0.0;0.0;0.0;0.0;0.0;0.0;0.0;0.0;0.0;0.0;0.0;0.0;0.0;0.0;0.0;0.0;0.0;0.0;0.0;0.0;0.0;0.0;0.0;0.0;0.0;0.0;0.0
2025-02-01;Bochum;9;3;3;178;170;Friburgo;3;2;22;13;4;5;0.59;0.41;436;0.79;15;10;3;2;0;0;9;0.0;1.0;0.0;1.0;0.0;1.0;0.0;1.0;1.0;1.0;0.0;7;0.031538461538461536;0.2;344;0.0436046511627907;583.0508474576271;0.4090909090909091;15.254237288135593;9;0.18;2;1;5;0.05045871559633028;0.0;0.0;0.0;0;0;0;0;0;1;0;1;0.0;0.0;0.0;0.0;0.0;1.0;0.0;1.0;1.0;0.0;1.0;1.0;0.0;0.0;0.0;0.0;0.0;0.0;0.0;0.0;0.0;0.0;0.0;0.0;0.0;0.0;0.0;0.0;0.0;0.0;0.0;0.0;0.0;0.0;0.0;0.0;0.0;0.0;0.0;0.0;0.0;0.0
2025-01-25;Bochum;9;30;3;178;172;Mönchengladbach;3;1;10;16;4;6;0.42;0.58;359;0.77;15;6;3;1;0;0;7;0.0;1.0;1.0;1.0;0.0;0.0;0.0;1.0;1.0;0.0;1.0;8;0.03625;0.2;276;0.05434782608695652;657.1428571428571;0.7;16.666666666666668;-6;-0.15999999999999998;-1;2;9;0.027855153203342618;0.0;0.0;0.0;0;0;0;0;0;1;1;0;0.0;0.0;0.0;0.0;1.0;1.0;0.0;0.0;0.0;0.0;1.0;1.0;1.0;0.0;0.0;0.0;0.0;0.0;0.0;0.0;0.0;0.0;0.0;0.0;0.0;0.0;0.0;0.0;0.0;0.0;0.0;0.0;0.0;0.0;0.0;0.0;0.0;0.0;0.0;0.0;0.0;0.0
2025-01-18;Bochum;9;29;17;178;31;RB Leipzig;4;0;14;11;3;3;0.44;0.56;374;0.7;14;7;4;0;0;0;6;0.0;1.0;0.0;1.0;0.0;1.0;0.0;1.0;0.0;1.0;1.0;3;0.05090909090909091;0.2857142857142857;262;0.05343511450381679;595.4545454545455;0.42857142857142855;13.636363636363637;3;-0.12000000000000005;3;4;7;0.0374331550802139;0.21428571428571427;0.14666666666666667;2.0;0;3;3;0;1;0;0;1;0.21428571428571427;1.0;0.008021390374331552;4.666666666666667;1.0;1.0;0.0;0.0;1.0;0.0;1.0;1.0;0.0;0.0;0.0;0.0;0.0;0.0;0.0;0.0;0.0;0.0;0.0;0.0;0.0;0.0;0.0;0.0;0.0;0.0;0.0;0.0;0.0;0.0;0.0;0.0;0.0;0.0;0.0;0.0;0.0;0.0
2025-01-15;Bochum;9;6;6;178;176;St. Pauli;1;4;13;12;5;1;0.51;0.49;380;0.71;7;15;1;3;0;1;6;0.0;0.0;0.0;1.0;0.0;1.0;0.0;1.0;1.0;0.0;0.0;7;0.04083333333333333;0.14285714285714285;270;0.025925925925925925;529.4117647058823;0.46153846153846156;11.76470588235294;1;0.020000000000000018;-1;-3;-8;0.034210526315789476;0.07692307692307693;0.51;6.0;0;1;1;1;0;0;0;1;0.07692307692307693;0.2;0.002631578947368421;13.0;1.0;1.0;0.0;1.0;1.0;1.0;1.0;0.0;0.0;1.0;0.0;0.0;0.0;0.0;0.0;0.0;0.0;0.0;0.0;0.0;0.0;0.0;0.0;0.0;0.0;0.0;0.0;0.0;0.0;0.0;0.0;0.0;0.0;0.0;0.0;0.0;0.0;0.0
2025-01-11;Bochum;9;2;17;178;174;Mainz 05;2;0;11;10;2;5;0.41;0.59;373;0.67;16;6;2;0;0;0;6;0.0;1.0;0.0;1.0;0.0;1.0;0.0;1.0;1.0;1.0;0.0;5;0.059;0.125;250;0.064;609.7560975609756;0.5454545454545454;14.634146341463415;1;-0.18;1;2;10;0.029490616621983913;0.0;0.0;0.0;0;0;0;0;0;1;1;0;0.0;0.0;0.0;0.0;1.0;1.0;0.0;0.0;1.0;0.0;1.0;0.0;1.0;0.0;0.0;0.0;0.0;0.0;0.0;0.0;0.0;0.0;0.0;0.0;0.0;0.0;0.0;0.0;0.0;0.0;0.0;0.0;0.0;0.0;0.0;0.0;0.0;0.0;0.0;0.0;0.0;0.0
2024-12-22;Bochum;9;2;14;178;142;Heidenheim;2;7;14;10;4;2;0.52;0.48;412;0.73;18;15;2;7;0;0;5;0.0;1.0;0.0;1.0;0.0;1.0;0.0;1.0;1.0;1.0;0.0;2;0.048;0.1111111111111111;301;0.059800664451827246;578.8461538461538;0.35714285714285715;9.615384615384615;4;0.040000000000000036;3;-5;3;0.03398058252427184;0.14285714285714285;0.26;2.5;2;0;2;1;0;0;0;1;0.14285714285714285;0.5;0.0048543689320388345;7.0;1.0;1.0;0.0;0.0;1.0;0.0;1.0;0.0;1.0;0.0;0.0;0.0;0.0;0.0;0.0;0.0;0.0;0.0;0.0;0.0;0.0;0.0;0.0;0.0;0.0;0.0;0.0;0.0;0.0;0.0;0.0;0.0;0.0;0.0;0.0;0.0;0.0;0.0
2024-12-07;Bochum;9;6;1;178;171;Werder Bremen;1;1;12;9;2;1;0.52;0.48;446;0.77;12;10;1;1;0;0;9;0.0;1.0;0.0;1.0;0.0;1.0;0.0;1.0;1.0;0.0;0.0;5;0.05333333333333333;0.08333333333333333;343;0.03498542274052478;659.6153846153846;0.75;17.307692307692307;3;0.040000000000000036;4;0;2;0.026905829596412557;0.0;0.0;0.0;0;0;0;0;0;1;0;1;0.0;0.0;0.0;0.0;1.0;1.0;0.0;1.0;1.0;0.0;1.0;0.0;0.0;1.0;0.0;0.0;0.0;0.0;0.0;0.0;0.0;0.0;0.0;0.0;0.0;0.0;0.0;0.0;0.0;0.0;0.0;0.0;0.0;0.0;0.0;0.0;0.0;0.0;0.0;0.0;0.0;0.0
2024-11-30;Bochum;9;2;2;178;173;Augsburgo;3;3;7;16;1;4;0.46;0.54;399;0.71;22;8;3;3;0;0;1;0.0;1.0;1.0;0.0;0.0;1.0;0.0;1.0;1.0;1.0;0.0;6;0.03375;0.13636363636363635;283;0.07773851590106007;615.2173913043478;0.14285714285714285;2.1739130434782608;-9;-0.08000000000000002;-5;0;14;0.017543859649122806;0.0;0.0;0.0;0;0;0;0;0;1;1;0;0.0;0.0;0.0;0.0;1.0;0.0;0.0;0.0;1.0;0.0;1.0;0.0;1.0;0.0;1.0;0.0;0.0;0.0;0.0;0.0;0.0;0.0;0.0;0.0;0.0;0.0;0.0;0.0;0.0;0.0;0.0;0.0;0.0;0.0;0.0;0.0;0.0;0.0;0.0;0.0;0.0;0.0
2024-11-23;Bochum;9;4;1;178;18;Stuttgart;3;2;9;15;2;5;0.42;0.58;420;0.82;16;7;3;2;0;0;4;0.0;1.0;1.0;0.0;0.0;1.0;0.0;1.0;1.0;1.0;0.0;7;0.03866666666666666;0.1875;344;0.046511627906976744;819.047619047619;0.4444444444444444;9.523809523809524;-6;-0.15999999999999998;-3;1;9;0.02142857142857143;0.0;0.0;0.0;0;0;0;0;0;1;1;0;0.0;0.0;0.0;0.0;1.0;1.0;0.0;1.0;0.0;0.0;1.0;0.0;1.0;0.0;0.0;0.0;0.0;0.0;0.0;0.0;0.0;0.0;0.0;0.0;0.0;0.0;0.0;0.0;0.0;0.0;0.0;0.0;0.0;0.0;0.0;0.0;0.0;0.0;0.0;0.0;0.0;0.0
2024-11-09;Bochum;9;9;17;178;6;Leverkusen;0;1;15;11;3;3;0.29;0.71;281;0.76;10;9;0;1;0;0;6;0.0;1.0;1.0;0.0;0.0;1.0;0.0;1.0;1.0;1.0;0.0;4;0.06454545454545454;0.0;214;0.04672897196261682;737.9310344827587;0.4;20.689655172413794;4;-0.42;2;-1;1;0.05338078291814947;0.06666666666666667;0.29;6.0;0;1;1;0;1;0;0;1;0.06666666666666667;0.3333333333333333;0.0035587188612099642;15.0;1.0;1.0;0.0;1.0;0.0;0.0;1.0;0.0;1.0;0.0;0.0;0.0;0.0;0.0;0.0;0.0;0.0;0.0;0.0;0.0;0.0;0.0;0.0;0.0;0.0;0.0;0.0;0.0;0.0;0.0;0.0;0.0;0.0;0.0;0.0;0.0;0.0;0.0
2024-11-02;Bochum;9;1;1;178;87;Frankfurt;2;1;11;18;8;9;0.35;0.65;310;0.71;15;6;2;1;0;0;2;0.0;0.0;0.0;0.0;0.0;0.0;0.0;1.0;1.0;1.0;0.0;5;0.036111111111111115;0.13333333333333333;220;0.06818181818181818;628.5714285714286;0.18181818181818182;5.714285714285714;-7;-0.30000000000000004;-3;1;9;0.035483870967741936;0.18181818181818182;0.175;1.0;1;1;2;0;0;1;1;0;0.18181818181818182;0.25;0.0064516129032258064;5.5;1.0;1.0;0.0;0.0;1.0;1.0;1.0;1.0;1.0;1.0;0.0;0.0;0.0;0.0;0.0;0.0;0.0;0.0;0.0;0.0;0.0;0.0;0.0;0.0;0.0;0.0;0.0;0.0;0.0;0.0;0.0;0.0;0.0;0.0;0.0;0.0;0.0;0.0
2024-10-27;Bochum;9;2;3;178;23;Bayern;1;1;6;19;2;10;0.27;0.73;274;0.68;15;6;1;1;0;0;2;0.0;1.0;1.0;0.0;0.0;0.0;0.0;1.0;0.0;1.0;0.0;6;0.038421052631578946;0.06666666666666667;186;0.08064516129032258;688.8888888888888;0.3333333333333333;7.4074074074074066;-13;-0.45999999999999996;-4;0;9;0.021897810218978103;0.0;0.0;0.0;0;0;0;0;0;1;0;1;0.0;0.0;0.0;0.0;1.0;1.0;0.0;0.0;1.0;1.0;1.0;1.0;1.0;0.0;0.0;0.0;0.0;0.0;0.0;0.0;0.0;0.0;0.0;0.0;0.0;0.0;0.0;0.0;0.0;0.0;0.0;0.0;0.0;0.0;0.0;0.0;0.0;0.0;0.0;0.0;0.0;0.0
2024-10-19;Bochum;9;7;29;178;97;Hoffenheim;1;1;13;12;4;7;0.5;0.5;419;0.78;12;10;1;1;0;0;2;0.0;0.0;0.0;0.0;0.0;0.0;0.0;1.0;1.0;1.0;0.0;4;0.041666666666666664;0.08333333333333333;327;0.03669724770642202;654.0;0.15384615384615385;4.0;1;0.0;-2;0;2;0.031026252983293555;0.07692307692307693;0.5;2.0;0;1;1;0;0;1;1;0;0.07692307692307693;0.25;0.002386634844868735;13.0;1.0;0.0;0.0;0.0;1.0;1.0;1.0;1.0;1.0;1.0;0.0;1.0;0.0;0.0;0.0;0.0;0.0;0.0;0.0;0.0;0.0;0.0;0.0;0.0;0.0;0.0;0.0;0.0;0.0;0.0;0.0;0.0;0.0;0.0;0.0;0.0;0.0;0.0
2024-10-05;Bochum;9;28;29;178;175;Wolfsburg;1;2;18;17;5;5;0.58;0.42;406;0.76;11;12;1;2;0;0;7;0.0;0.0;1.0;0.0;0.0;1.0;0.0;1.0;1.0;0.0;1.0;6;0.024705882352941175;0.09090909090909091;309;0.03559870550161812;532.7586206896552;0.3888888888888889;12.06896551724138;1;0.15999999999999998;1;-1;-1;0.04433497536945813;0.05555555555555555;0.58;7.0;0;1;1;0;0;1;0;1;0.05555555555555555;0.2;0.0024630541871921183;18.0;1.0;1.0;0.0;0.0;1.0;0.0;1.0;1.0;1.0;0.0;0.0;0.0;0.0;0.0;0.0;0.0;0.0;0.0;0.0;0.0;0.0;0.0;0.0;0.0;0.0;0.0;0.0;0.0;0.0;0.0;0.0;0.0;0.0;0.0;0.0;0.0;0.0;0.0
2024-09-27;Bochum;9;22;3;178;11;Dortmund;0;2;10;23;5;8;0.33;0.67;285;0.72;9;12;0;2;0;0;0;0.0;1.0;1.0;0.0;0.0;1.0;0.0;1.0;1.0;0.0;1.0;11;0.029130434782608697;0.0;205;0.04390243902439024;621.2121212121211;0.0;0.0;-13;-0.34;-11;-2;-3;0.03508771929824561;0.2;0.165;0.0;2;0;2;0;0;1;1;0;0.2;0.4;0.007017543859649123;5.0;1.0;1.0;0.0;0.0;0.0;0.0;1.0;1.0;1.0;0.0;0.0;0.0;0.0;0.0;0.0;0.0;0.0;0.0;0.0;0.0;0.0;0.0;0.0;0.0;0.0;0.0;0.0;0.0;0.0;0.0;0.0;0.0;0.0;0.0;0.0;0.0;0.0;0.0
2024-09-21;Bochum;9;22;17;178;177;KSV Holstein;4;1;14;14;3;4;0.44;0.56;345;0.73;19;9;4;1;0;0;2;0.0;0.0;1.0;0.0;0.0;1.0;0.0;1.0;1.0;0.0;1.0;5;0.04;0.21052631578947367;252;0.07539682539682539;572.7272727272727;0.14285714285714285;4.545454545454546;0;-0.12000000000000005;-3;3;10;0.04057971014492753;0.14285714285714285;0.22;1.0;2;0;2;0;1;0;0;1;0.14285714285714285;0.6666666666666666;0.005797101449275362;7.0;1.0;1.0;0.0;0.0;0.0;1.0;1.0;1.0;0.0;0.0;1.0;0.0;0.0;0.0;0.0;0.0;0.0;0.0;0.0;0.0;0.0;0.0;0.0;0.0;0.0;0.0;0.0;0.0;0.0;0.0;0.0;0.0;0.0;0.0;0.0;0.0;0.0;0.0
2024-09-14;Bochum;9;1;3;178;170;Friburgo;3;0;13;26;3;9;0.45;0.55;375;0.73;16;5;3;0;0;0;6;0.0;0.0;1.0;0.0;0.0;1.0;0.0;1.0;0.0;1.0;1.0;5;0.021153846153846155;0.1875;274;0.058394160583941604;608.8888888888889;0.46153846153846156;13.333333333333332;-13;-0.10000000000000003;1;3;11;0.034666666666666665;0.07692307692307693;0.45;6.0;1;0;1;0;0;1;1;0;0.07692307692307693;0.3333333333333333;0.0026666666666666666;13.0;1.0;1.0;0.0;0.0;0.0;1.0;1.0;1.0;0.0;1.0;0.0;0.0;0.0;0.0;0.0;0.0;0.0;0.0;0.0;0.0;0.0;0.0;0.0;0.0;0.0;0.0;0.0;0.0;0.0;0.0;0.0;0.0;0.0;0.0;0.0;0.0;0.0;0.0
2024-08-31;Bochum;9;22;3;178;172;Mönchengladbach;1;0;15;15;4;6;0.38;0.62;355;0.75;9;10;1;0;0;0;3;0.0;0.0;1.0;0.0;0.0;1.0;0.0;1.0;1.0;1.0;0.0;4;0.04133333333333333;0.1111111111111111;266;0.03383458646616541;700.0;0.2;7.894736842105263;0;-0.24;-1;1;-1;0.04225352112676056;0.0;0.0;0.0;0;0;0;0;0;1;0;1;0.0;0.0;0.0;0.0;1.0;1.0;0.0;0.0;0.0;1.0;1.0;1.0;1.0;0.0;0.0;0.0;0.0;0.0;0.0;0.0;0.0;0.0;0.0;0.0;0.0;0.0;0.0;0.0;0.0;0.0;0.0;0.0;0.0;0.0;0.0;0.0;0.0;0.0;0.0;0.0;0.0;0.0
2024-08-24;Bochum;9;22;13;178;31;RB Leipzig;3;2;10;13;4;3;0.37;0.63;301;0.7;16;9;3;1;0;1;3;0.0;0.0;1.0;0.0;0.0;1.0;0.0;1.0;1.0;1.0;0.0;9;0.04846153846153846;0.1875;211;0.07582938388625593;570.2702702702703;0.3;8.108108108108109;-3;-0.26;-6;1;7;0.03322259136212625;0.0;0.0;0.0;0;0;0;0;0;1;1;0;0.0;0.0;0.0;0.0;1.0;1.0;0.0;0.0;0.0;1.0;1.0;0.0;1.0;0.0;1.0;0.0;0.0;0.0;0.0;0.0;0.0;0.0;0.0;0.0;0.0;0.0;0.0;0.0;0.0;0.0;0.0;0.0;0.0;0.0;0.0;0.0;0.0;0.0;0.0;0.0;0.0;0.0
2024-08-18;Bochum;23;22;3;178;196;Jahn Regensburg;7;1;18;18;7;6;0.66;0.34;491;0.74;18;14;7;1;0;0;5;0.0;0.0;0.0;0.0;0.0;1.0;0.0;1.0;1.0;1.0;0.0;4;0.01888888888888889;0.3888888888888889;363;0.049586776859504134;550.0;0.2777777777777778;7.575757575757575;0;0.32;1;6;4;0.03665987780040733;0.0;0.0;0.0;0;0;0;0;0;1;1;0;0.0;0.0;0.0;0.0;1.0;1.0;0.0;0.0;0.0;1.0;1.0;0.0;1.0;0.0;1.0;0.0;1.0;0.0;0.0;0.0;0.0;0.0;0.0;0.0;0.0;0.0;0.0;0.0;0.0;0.0;0.0;0.0;0.0;0.0;0.0;0.0;0.0;0.0;0.0;0.0;0.0;0.0
2024-05-27;Bochum;-1;29;5;178;179;Düsseldorf;4;1;23;22;8;6;0.65;0.35;723;0.79;21;15;4;1;0;0;8;0.0;1.0;0.0;0.0;0.0;1.0;0.0;1.0;1.0;0.0;0.0;14;0.015909090909090907;0.19047619047619047;571;0.03677758318739054;878.4615384615385;0.34782608695652173;12.307692307692307;1;0.30000000000000004;-6;3;6;0.0318118948824343;0.13043478260869565;0.21666666666666667;2.6666666666666665;1;2;3;1;0;0;1;0;0.13043478260869565;0.375;0.004149377593360996;7.666666666666667;1.0;0.0;0.0;0.0;1.0;0.0;0.0;0.0;1.0;0.0;1.0;0.0;0.0;1.0;1.0;1.0;0.0;0.0;0.0;0.0;0.0;0.0;0.0;0.0;0.0;0.0;0.0;0.0;0.0;0.0;0.0;0.0;0.0;0.0;0.0;0.0;0.0;0.0
2024-05-23;Bochum;-1;3;5;178;179;Düsseldorf;2;0;17;21;3;7;0.61;0.39;502;0.79;13;14;2;0;0;0;7;0.0;0.0;0.0;1.0;0.0;1.0;0.0;1.0;1.0;0.0;0.0;8;0.018571428571428572;0.15384615384615385;397;0.0327455919395466;650.8196721311475;0.4117647058823529;11.475409836065573;-4;0.21999999999999997;-1;2;-1;0.03386454183266932;0.0;0.0;0.0;0;0;0;0;0;1;0;1;0.0;0.0;0.0;0.0;1.0;0.0;0.0;0.0;1.0;0.0;0.0;0.0;0.0;0.0;0.0;0.0;0.0;1.0;1.0;1.0;1.0;1.0;0.0;0.0;0.0;0.0;0.0;0.0;0.0;0.0;0.0;0.0;0.0;0.0;0.0;0.0;0.0;0.0;0.0;0.0;0.0;0.0
2024-05-18;Bochum;9;3;2;178;171;Werder Bremen;1;1;27;26;7;13;0.54;0.46;423;0.78;12;12;1;1;0;0;8;0.0;1.0;0.0;1.0;0.0;0.0;0.0;1.0;1.0;1.0;0.0;8;0.017692307692307695;0.08333333333333333;330;0.03636363636363636;611.1111111111111;0.2962962962962963;14.814814814814813;1;0.08000000000000002;0;0;0;0.06382978723404255;0.037037037037037035;0.54;8.0;0;1;1;0;0;1;1;0;0.037037037037037035;0.14285714285714285;0.002364066193853428;27.0;0.0;0.0;0.0;0.0;1.0;0.0;0.0;0.0;1.0;0.0;0.0;0.0;0.0;0.0;1.0;1.0;1.0;0.0;1.0;0.0;0.0;0.0;0.0;0.0;0.0;0.0;0.0;0.0;0.0;0.0;0.0;0.0;0.0;0.0;0.0;0.0;0.0;0.0
2024-05-12;Bochum;9;3;17;178;6;Leverkusen;3;1;3;29;0;10;0.32;0.68;294;0.71;5;10;2;1;1;0;2;0.0;0.0;0.0;1.0;0.0;0.0;0.0;1.0;1.0;0.0;0.0;6;0.023448275862068966;0.6;209;0.023923444976076555;653.125;0.6666666666666666;6.25;-26;-0.36000000000000004;-4;2;-5;0.01020408163265306;0.0;0.0;0.0;0;0;0;0;0;1;0;1;0.0;0.0;0.0;0.0;1.0;0.0;0.0;0.0;1.0;0.0;0.0;0.0;1.0;0.0;0.0;0.0;0.0;0.0;1.0;1.0;1.0;1.0;1.0;0.0;0.0;0.0;0.0;0.0;0.0;0.0;0.0;0.0;0.0;0.0;0.0;0.0;0.0;0.0;0.0;0.0;0.0;0.0
2024-05-05;Bochum;9;3;2;178;169;FC Union Berlin;1;0;18;12;5;5;0.52;0.48;389;0.65;16;13;1;0;0;0;4;0.0;0.0;0.0;1.0;0.0;1.0;0.0;1.0;1.0;1.0;0.0;6;0.04;0.0625;253;0.06324110671936758;486.53846153846155;0.2222222222222222;7.692307692307692;6;0.040000000000000036;-2;1;3;0.04627249357326478;0.2222222222222222;0.13;1.0;3;1;4;1;0;0;1;0;0.2222222222222222;0.8;0.010282776349614395;4.5;1.0;0.0;0.0;0.0;1.0;0.0;0.0;0.0;0.0;0.0;0.0;0.0;0.0;0.0;1.0;1.0;1.0;0.0;1.0;0.0;0.0;0.0;0.0;0.0;0.0;0.0;0.0;0.0;0.0;0.0;0.0;0.0;0.0;0.0;0.0;0.0;0.0;0.0
2024-04-26;Bochum;9;3;2;178;97;Hoffenheim;1;1;36;10;13;4;0.45;0.55;337;0.68;13;11;1;1;0;0;10;0.0;0.0;0.0;1.0;0.0;1.0;0.0;1.0;1.0;1.0;0.0;4;0.05500000000000001;0.07692307692307693;229;0.056768558951965066;508.88888888888886;0.2777777777777778;22.22222222222222;26;-0.10000000000000003;6;0;2;0.10682492581602374;0.08333333333333333;0.15;3.3333333333333335;2;1;3;1;0;0;0;1;0.08333333333333333;0.23076923076923078;0.008902077151335312;12.0;1.0;0.0;0.0;0.0;1.0;0.0;0.0;0.0;1.0;0.0;0.0;0.0;0.0;0.0;1.0;1.0;0.0;0.0;1.0;0.0;0.0;0.0;0.0;0.0;0.0;0.0;0.0;0.0;0.0;0.0;0.0;0.0;0.0;0.0;0.0;0.0;0.0;0.0
2024-04-20;Bochum;9;3;1;178;175;Wolfsburg;3;4;13;9;1;5;0.55;0.45;402;0.72;16;11;3;4;0;0;8;0.0;0.0;0.0;1.0;0.0;1.0;0.0;0.0;1.0;0.0;0.0;5;0.05;0.1875;289;0.05536332179930796;525.4545454545454;0.6153846153846154;14.545454545454545;4;0.10000000000000003;3;-1;5;0.03233830845771144;0.0;0.0;0.0;0;0;0;0;0;1;1;0;0.0;0.0;0.0;0.0;1.0;0.0;0.0;0.0;0.0;1.0;0.0;0.0;1.0;0.0;0.0;0.0;0.0;0.0;1.0;1.0;1.0;1.0;1.0;0.0;0.0;0.0;0.0;0.0;0.0;0.0;0.0;0.0;0.0;0.0;0.0;0.0;0.0;0.0;0.0;0.0;0.0;0.0
2024-04-13;Bochum;9;3;3;178;142;Heidenheim;4;1;23;11;5;3;0.61;0.39;444;0.76;12;21;4;1;0;0;6;0.0;0.0;0.0;1.0;0.0;1.0;0.0;0.0;1.0;0.0;0.0;2;0.035454545454545454;0.3333333333333333;337;0.03560830860534125;552.4590163934427;0.2608695652173913;9.836065573770492;12;0.21999999999999997;4;3;-9;0.0518018018018018;0.043478260869565216;0.61;6.0;0;1;1;0;1;0;0;1;0.043478260869565216;0.2;0.0022522522522522522;23.0;1.0;0.0;0.0;0.0;0.0;1.0;0.0;0.0;1.0;0.0;0.0;0.0;0.0;0.0;1.0;1.0;1.0;1.0;1.0;0.0;0.0;0.0;0.0;0.0;0.0;0.0;0.0;0.0;0.0;0.0;0.0;0.0;0.0;0.0;0.0;0.0;0.0;0.0
2024-04-06;Bochum;9;28;3;178;190;Colonia;3;3;11;20;2;7;0.43;0.57;263;0.65;13;16;3;3;0;0;4;0.0;0.0;0.0;1.0;0.0;1.0;0.0;0.0;1.0;1.0;0.0;9;0.028499999999999998;0.23076923076923078;171;0.07602339181286549;397.6744186046512;0.36363636363636365;9.30232558139535;-9;-0.13999999999999996;-5;0;-3;0.04182509505703422;0.09090909090909091;0.43;4.0;0;1;1;0;0;1;1;0;0.09090909090909091;0.5;0.0038022813688212928;11.0;1.0;0.0;0.0;0.0;0.0;1.0;0.0;0.0;1.0;0.0;0.0;0.0;0.0;0.0;1.0;1.0;1.0;0.0;1.0;0.0;0.0;0.0;0.0;0.0;0.0;0.0;0.0;0.0;0.0;0.0;0.0;0.0;0.0;0.0;0.0;0.0;0.0;0.0
2024-03-31;Bochum;9;0;14;178;191;SV Darmstadt 98;2;2;21;12;7;3;0.58;0.42;445;0.76;7;16;2;2;0;0;6;0.0;0.0;0.0;1.0;0.0;0.0;0.0;0.0;1.0;0.0;0.0;5;0.034999999999999996;0.2857142857142857;338;0.020710059171597635;582.7586206896552;0.2857142857142857;10.344827586206897;9;0.15999999999999998;1;0;-9;0.04719101123595506;0.09523809523809523;0.29;3.0;1;1;2;0;1;0;0;1;0.09523809523809523;0.2857142857142857;0.0044943820224719105;10.5;1.0;0.0;0.0;0.0;0.0;1.0;0.0;0.0;1.0;0.0;0.0;0.0;0.0;0.0;1.0;1.0;1.0;1.0;1.0;1.0;0.0;0.0;0.0;0.0;0.0;0.0;0.0;0.0;0.0;0.0;0.0;0.0;0.0;0.0;0.0;0.0;0.0;0.0
2024-03-16;Bochum;9;22;17;178;174;Mainz 05;3;4;11;15;2;4;0.49;0.51;365;0.64;16;15;3;4;0;0;6;0.0;0.0;0.0;1.0;0.0;0.0;0.0;0.0;0.0;1.0;0.0;7;0.034;0.1875;234;0.06837606837606838;477.55102040816325;0.5454545454545454;12.244897959183673;-4;-0.020000000000000018;-1;-1;1;0.030136986301369864;0.0;0.0;0.0;0;0;0;0;0;1;1;0;0.0;0.0;0.0;0.0;0.0;0.0;0.0;0.0;1.0;1.0;0.0;0.0;1.0;0.0;1.0;0.0;0.0;0.0;1.0;1.0;1.0;1.0;1.0;0.0;0.0;0.0;0.0;0.0;0.0;0.0;0.0;0.0;0.0;0.0;0.0;0.0;0.0;0.0;0.0;0.0;0.0;0.0
2024-03-10;Bochum;9;14;13;178;170;Friburgo;3;7;24;9;7;5;0.6;0.4;445;0.74;11;11;3;7;0;0;12;0.0;1.0;0.0;1.0;0.0;0.0;0.0;0.0;0.0;1.0;0.0;5;0.044444444444444446;0.2727272727272727;329;0.03343465045592705;548.3333333333334;0.5;20.0;15;0.19999999999999996;7;-4;0;0.05393258426966292;0.041666666666666664;0.6;12.0;0;1;1;0;0;1;0;1;0.041666666666666664;0.14285714285714285;0.0022471910112359553;24.0;0.0;0.0;0.0;0.0;1.0;1.0;0.0;0.0;1.0;0.0;0.0;0.0;0.0;0.0;1.0;1.0;0.0;1.0;1.0;0.0;1.0;0.0;0.0;0.0;0.0;0.0;0.0;0.0;0.0;0.0;0.0;0.0;0.0;0.0;0.0;0.0;0.0;0.0
2024-03-02;Bochum;9;3;13;178;31;RB Leipzig;4;2;14;12;3;4;0.42;0.58;349;0.59;13;10;3;2;1;0;2;0.0;0.0;0.0;1.0;0.0;1.0;0.0;1.0;0.0;1.0;0.0;5;0.04833333333333333;0.3076923076923077;206;0.06310679611650485;490.4761904761905;0.14285714285714285;4.761904761904762;2;-0.15999999999999998;-3;2;3;0.04011461318051576;0.07142857142857142;0.42;2.0;1;0;1;0;0;1;0;1;0.07142857142857142;0.3333333333333333;0.0028653295128939827;14.0;0.0;0.0;0.0;0.0;1.0;0.0;0.0;0.0;1.0;0.0;0.0;0.0;1.0;1.0;1.0;1.0;0.0;1.0;0.0;0.0;0.0;0.0;0.0;0.0;0.0;0.0;0.0;0.0;0.0;0.0;0.0;0.0;0.0;0.0;0.0;0.0;0.0;0.0
2024-02-24;Bochum;9;5;0;178;172;Mönchengladbach;4;2;16;22;4;6;0.51;0.49;410;0.73;13;13;4;2;0;0;6;0.0;0.0;0.0;1.0;1.0;1.0;0.0;0.0;0.0;1.0;0.0;5;0.022272727272727274;0.3076923076923077;299;0.043478260869565216;586.2745098039215;0.375;11.76470588235294;-6;0.020000000000000018;1;2;0;0.03902439024390244;0.125;0.255;3.0;0;2;2;0;0;1;1;0;0.125;0.5;0.004878048780487805;8.0;0.0;0.0;0.0;0.0;1.0;1.0;0.0;0.0;0.0;0.0;0.0;0.0;0.0;0.0;1.0;1.0;0.0;1.0;1.0;0.0;0.0;1.0;0.0;0.0;0.0;0.0;0.0;0.0;0.0;0.0;0.0;0.0;0.0;0.0;0.0;0.0;0.0;0.0
2024-02-18;Bochum;9;0;3;178;23;Bayern;2;3;13;27;4;10;0.3;0.7;274;0.65;12;10;2;2;0;1;4;0.0;1.0;0.0;1.0;0.0;0.0;0.0;0.0;0.0;1.0;0.0;9;0.025925925925925925;0.16666666666666666;178;0.06741573033707865;593.3333333333334;0.3076923076923077;13.333333333333334;-14;-0.39999999999999997;-5;-1;2;0.04744525547445255;0.23076923076923078;0.09999999999999999;1.3333333333333333;2;1;3;1;0;0;0;1;0.23076923076923078;0.75;0.010948905109489052;4.333333333333333;0.0;0.0;0.0;0.0;1.0;1.0;0.0;0.0;1.0;0.0;0.0;0.0;0.0;0.0;1.0;1.0;0.0;1.0;1.0;1.0;0.0;0.0;0.0;0.0;0.0;0.0;0.0;0.0;0.0;0.0;0.0;0.0;0.0;0.0;0.0;0.0;0.0;0.0
2024-02-10;Bochum;9;22;3;178;87;Frankfurt;2;2;14;9;5;2;0.46;0.54;391;0.67;12;6;2;2;0;0;3;0.0;1.0;0.0;1.0;0.0;1.0;0.0;0.0;0.0;1.0;0.0;8;0.060000000000000005;0.16666666666666666;262;0.04580152671755725;569.5652173913044;0.21428571428571427;6.521739130434782;5;-0.08000000000000002;-5;0;6;0.03580562659846547;0.07142857142857142;0.46;3.0;1;0;1;0;1;0;1;0;0.07142857142857142;0.2;0.0025575447570332483;14.0;0.0;0.0;0.0;0.0;1.0;0.0;0.0;0.0;1.0;0.0;0.0;0.0;0.0;0.0;1.0;1.0;1.0;1.0;1.0;0.0;0.0;0.0;0.0;0.0;0.0;0.0;0.0;0.0;0.0;0.0;0.0;0.0;0.0;0.0;0.0;0.0;0.0;0.0
2024-02-03;Bochum;9;3;22;178;173;Augsburgo;3;1;10;14;4;3;0.48;0.52;371;0.62;17;14;3;1;0;0;3;0.0;1.0;0.0;1.0;0.0;1.0;0.0;0.0;0.0;1.0;0.0;5;0.037142857142857144;0.17647058823529413;230;0.07391304347826087;479.1666666666667;0.3;6.25;-4;-0.040000000000000036;-2;2;3;0.026954177897574125;0.1;0.48;3.0;1;0;1;0;1;0;0;1;0.1;0.25;0.0026954177897574125;10.0;0.0;0.0;0.0;0.0;1.0;1.0;0.0;0.0;1.0;0.0;0.0;0.0;0.0;0.0;0.0;1.0;1.0;0.0;1.0;1.0;0.0;0.0;0.0;0.0;0.0;0.0;0.0;0.0;0.0;0.0;0.0;0.0;0.0;0.0;0.0;0.0;0.0;0.0
2024-01-28;Bochum;9;0;13;178;11;Dortmund;3;1;11;19;4;6;0.35;0.65;288;0.7;17;10;3;1;0;0;4;0.0;1.0;0.0;0.0;0.0;1.0;0.0;1.0;0.0;1.0;0.0;8;0.034210526315789476;0.17647058823529413;202;0.08415841584158416;577.1428571428572;0.36363636363636365;11.428571428571429;-8;-0.30000000000000004;-4;2;7;0.03819444444444445;0.09090909090909091;0.35;4.0;1;0;1;0;0;1;1;0;0.09090909090909091;0.25;0.003472222222222222;11.0;0.0;0.0;0.0;0.0;1.0;1.0;0.0;0.0;1.0;0.0;0.0;0.0;0.0;0.0;0.0;1.0;1.0;0.0;1.0;1.0;0.0;0.0;0.0;0.0;0.0;0.0;0.0;0.0;0.0;0.0;0.0;0.0;0.0;0.0;0.0;0.0;0.0;0.0
2024-01-20;Bochum;9;1;3;178;18;Stuttgart;5;3;6;19;1;5;0.37;0.63;295;0.62;16;16;5;3;0;0;1;0.0;1.0;0.0;1.0;0.0;1.0;0.0;0.0;0.0;0.0;0.0;7;0.03315789473684211;0.3125;183;0.08743169398907104;494.5945945945946;0.16666666666666666;2.7027027027027026;-13;-0.26;-6;2;0;0.020338983050847456;0.16666666666666666;0.37;1.0;0;1;1;1;0;0;0;1;0.16666666666666666;1.0;0.003389830508474576;6.0;0.0;0.0;0.0;0.0;0.0;1.0;0.0;0.0;1.0;0.0;0.0;0.0;1.0;0.0;0.0;0.0;1.0;0.0;1.0;1.0;1.0;0.0;1.0;0.0;0.0;0.0;0.0;0.0;0.0;0.0;0.0;0.0;0.0;0.0;0.0;0.0;0.0;0.0
2024-01-14;Bochum;9;0;6;178;171;Werder Bremen;6;5;14;16;4;3;0.48;0.52;376;0.72;14;14;6;5;0;0;3;0.0;0.0;0.0;1.0;1.0;1.0;0.0;0.0;0.0;0.0;0.0;4;0.0325;0.42857142857142855;271;0.05166051660516605;564.5833333333334;0.21428571428571427;6.25;-2;-0.040000000000000036;-1;1;0;0.03723404255319149;0.07142857142857142;0.48;3.0;0;1;1;0;1;0;0;1;0.07142857142857142;0.25;0.0026595744680851063;14.0;0.0;0.0;0.0;0.0;0.0;1.0;0.0;0.0;1.0;0.0;0.0;0.0;0.0;0.0;1.0;1.0;1.0;0.0;1.0;1.0;0.0;0.0;1.0;0.0;0.0;0.0;0.0;0.0;0.0;0.0;0.0;0.0;0.0;0.0;0.0;0.0;0.0;0.0
2023-12-20;Bochum;9;0;29;178;6;Leverkusen;2;0;6;16;1;8;0.3;0.7;335;0.69;12;7;2;0;0;0;3;0.0;0.0;0.0;1.0;1.0;1.0;0.0;0.0;0.0;0.0;0.0;4;0.04375;0.16666666666666666;231;0.05194805194805195;770.0;0.5;10.0;-10;-0.39999999999999997;-1;2;5;0.01791044776119403;0.0;0.0;0.0;0;0;0;0;0;1;1;0;0.0;0.0;0.0;0.0;0.0;0.0;0.0;0.0;0.0;1.0;0.0;0.0;1.0;0.0;0.0;0.0;0.0;0.0;1.0;0.0;1.0;1.0;1.0;1.0;0.0;0.0;1.0;0.0;0.0;0.0;0.0;0.0;0.0;0.0;0.0;0.0;0.0;0.0;0.0;0.0;0.0;0.0
2023-12-16;Bochum;9;0;3;178;169;FC Union Berlin;2;2;22;9;7;2;0.49;0.51;397;0.74;12;13;2;2;0;0;6;0.0;1.0;0.0;1.0;1.0;0.0;0.0;0.0;0.0;0.0;0.0;4;0.05666666666666667;0.16666666666666666;294;0.04081632653061224;600.0;0.2727272727272727;12.244897959183673;13;-0.020000000000000018;2;0;-1;0.055415617128463476;0.13636363636363635;0.16333333333333333;2.0;1;2;3;1;0;0;0;1;0.13636363636363635;0.42857142857142855;0.007556675062972292;7.333333333333333;0.0;0.0;0.0;0.0;0.0;0.0;0.0;0.0;1.0;0.0;0.0;0.0;0.0;0.0;1.0;1.0;1.0;1.0;1.0;1.0;0.0;0.0;1.0;0.0;0.0;0.0;0.0;0.0;0.0;0.0;0.0;0.0;0.0;0.0;0.0;0.0;0.0;0.0
2023-12-08;Bochum;9;0;22;178;97;Hoffenheim;2;3;22;17;5;7;0.59;0.41;501;0.8;11;17;2;3;0;0;5;0.0;0.0;0.0;1.0;1.0;1.0;0.0;1.0;1.0;0.0;0.0;4;0.02411764705882353;0.18181818181818182;401;0.02743142144638404;679.6610169491526;0.22727272727272727;8.474576271186441;5;0.18;1;-1;-6;0.043912175648702596;0.045454545454545456;0.59;5.0;0;1;1;0;0;1;1;0;0.045454545454545456;0.2;0.001996007984031936;22.0;0.0;0.0;0.0;0.0;0.0;1.0;0.0;0.0;1.0;0.0;0.0;0.0;0.0;0.0;0.0;1.0;1.0;1.0;1.0;0.0;0.0;0.0;0.0;0.0;0.0;0.0;0.0;0.0;0.0;0.0;0.0;0.0;0.0;0.0;0.0;0.0;0.0;0.0
2023-12-02;Bochum;9;3;17;178;175;Wolfsburg;6;2;20;16;8;6;0.43;0.57;351;0.76;14;13;6;2;0;0;6;0.0;0.0;0.0;1.0;1.0;1.0;0.0;0.0;1.0;0.0;0.0;6;0.035625;0.42857142857142855;267;0.052434456928838954;620.9302325581396;0.3;13.953488372093023;4;-0.13999999999999996;0;4;1;0.05698005698005698;0.15;0.14333333333333334;2.0;2;1;3;1;0;0;0;1;0.15;0.375;0.008547008547008548;6.666666666666667;0.0;0.0;0.0;0.0;0.0;1.0;0.0;0.0;1.0;0.0;0.0;0.0;0.0;0.0;1.0;1.0;1.0;1.0;1.0;0.0;0.0;0.0;0.0;0.0;0.0;0.0;0.0;0.0;0.0;0.0;0.0;0.0;0.0;0.0;0.0;0.0;0.0;0.0
2023-11-26;Bochum;9;0;7;178;142;Heidenheim;3;4;10;9;2;3;0.52;0.48;424;0.73;7;14;3;4;0;0;5;0.0;0.0;0.0;1.0;1.0;0.0;0.0;0.0;1.0;0.0;0.0;6;0.05333333333333333;0.42857142857142855;310;0.02258064516129032;596.1538461538462;0.5;9.615384615384615;1;0.040000000000000036;-1;-1;-7;0.02358490566037736;0.0;0.0;0.0;0;0;0;0;1;0;1;0;0.0;0.0;0.0;0.0;0.0;0.0;0.0;0.0;0.0;1.0;0.0;0.0;1.0;0.0;1.0;0.0;0.0;0.0;1.0;1.0;1.0;1.0;1.0;0.0;0.0;0.0;0.0;0.0;0.0;0.0;0.0;0.0;0.0;0.0;0.0;0.0;0.0;0.0;0.0;0.0;0.0;0.0
2023-11-11;Bochum;9;0;3;178;190;Colonia;4;1;25;11;9;6;0.52;0.48;387;0.7;14;19;4;1;0;0;3;0.0;0.0;0.0;1.0;1.0;0.0;0.0;0.0;1.0;0.0;0.0;3;0.04363636363636363;0.2857142857142857;271;0.05166051660516605;521.1538461538462;0.12;5.769230769230769;14;0.040000000000000036;0;3;-5;0.06459948320413436;0.04;0.52;3.0;1;0;1;0;1;0;0;1;0.04;0.1111111111111111;0.002583979328165375;25.0;0.0;0.0;0.0;0.0;0.0;1.0;0.0;0.0;0.0;0.0;1.0;0.0;0.0;0.0;1.0;1.0;1.0;1.0;1.0;0.0;0.0;1.0;0.0;0.0;0.0;0.0;0.0;0.0;0.0;0.0;0.0;0.0;0.0;0.0;0.0;0.0;0.0;0.0
2023-11-03;Bochum;9;0;29;178;191;SV Darmstadt 98;5;3;9;15;4;4;0.4;0.6;309;0.61;16;7;5;2;0;1;2;0.0;0.0;0.0;1.0;1.0;0.0;0.0;0.0;1.0;1.0;0.0;11;0.04;0.3125;188;0.0851063829787234;470.0;0.2222222222222222;5.0;-6;-0.19999999999999996;-9;2;9;0.02912621359223301;0.2222222222222222;0.2;1.0;1;1;2;1;0;0;1;0;0.2222222222222222;0.5;0.006472491909385114;4.5;0.0;0.0;0.0;0.0;0.0;1.0;0.0;0.0;1.0;0.0;0.0;0.0;0.0;0.0;1.0;1.0;1.0;1.0;1.0;0.0;0.0;0.0;0.0;0.0;0.0;0.0;0.0;0.0;0.0;0.0;0.0;0.0;0.0;0.0;0.0;0.0;0.0;0.0
2023-10-27;Bochum;9;17;17;178;174;Mainz 05;3;3;12;9;4;3;0.51;0.49;399;0.63;14;21;3;3;0;0;5;0.0;0.0;0.0;1.0;1.0;0.0;0.0;0.0;0.0;1.0;0.0;4;0.05444444444444444;0.21428571428571427;251;0.055776892430278883;492.156862745098;0.4166666666666667;9.803921568627452;3;0.020000000000000018;1;0;-7;0.03007518796992481;0.16666666666666666;0.255;2.5;1;1;2;0;1;0;0;1;0.16666666666666666;0.5;0.005012531328320802;6.0;0.0;0.0;0.0;0.0;1.0;0.0;0.0;0.0;1.0;0.0;0.0;0.0;0.0;0.0;1.0;1.0;0.0;1.0;1.0;0.0;1.0;0.0;0.0;1.0;0.0;0.0;0.0;0.0;0.0;0.0;0.0;0.0;0.0;0.0;0.0;0.0;0.0;0.0
2023-10-21;Bochum;9;17;17;178;170;Friburgo;4;3;13;17;4;5;0.41;0.59;362;0.73;16;11;4;3;0;0;2;0.0;0.0;0.0;1.0;1.0;0.0;0.0;0.0;0.0;0.0;0.0;5;0.03470588235294118;0.25;264;0.06060606060606061;643.9024390243903;0.15384615384615385;4.878048780487805;-4;-0.18;-3;1;5;0.03591160220994475;0.07692307692307693;0.41;2.0;1;0;1;0;0;1;1;0;0.07692307692307693;0.25;0.0027624309392265192;13.0;0.0;0.0;0.0;0.0;1.0;0.0;0.0;0.0;1.0;0.0;0.0;0.0;0.0;0.0;1.0;1.0;0.0;1.0;1.0;1.0;0.0;0.0;1.0;1.0;0.0;0.0;0.0;0.0;0.0;0.0;0.0;0.0;0.0;0.0;0.0;0.0;0.0;0.0
2023-10-07;Bochum;9;2;1;178;31;RB Leipzig;4;2;9;17;2;5;0.23;0.77;210;0.6;13;10;4;2;0;0;1;0.0;0.0;0.0;1.0;1.0;0.0;0.0;0.0;0.0;0.0;0.0;9;0.045294117647058825;0.3076923076923077;126;0.10317460317460317;547.8260869565217;0.1111111111111111;4.3478260869565215;-8;-0.54;-8;2;3;0.04285714285714286;0.0;0.0;0.0;0;0;0;0;1;0;1;0;0.0;0.0;0.0;0.0;0.0;0.0;0.0;0.0;1.0;0.0;0.0;0.0;1.0;0.0;0.0;0.0;0.0;0.0;1.0;1.0;1.0;1.0;1.0;0.0;0.0;0.0;1.0;1.0;0.0;0.0;0.0;0.0;0.0;0.0;0.0;0.0;0.0;0.0;0.0;0.0;0.0;0.0
2023-09-23;Bochum;9;2;3;178;23;Bayern;1;0;4;26;1;15;0.38;0.62;358;0.78;10;8;1;0;0;0;1;0.0;0.0;0.0;1.0;0.0;1.0;0.0;1.0;0.0;0.0;0.0;8;0.023846153846153847;0.1;279;0.035842293906810034;734.2105263157895;0.25;2.6315789473684212;-22;-0.24;-7;1;2;0.0111731843575419;0.0;0.0;0.0;0;0;0;0;0;1;1;0;0.0;0.0;0.0;0.0;1.0;0.0;0.0;0.0;1.0;1.0;0.0;0.0;1.0;0.0;0.0;0.0;0.0;0.0;0.0;1.0;0.0;1.0;1.0;1.0;0.0;0.0;0.0;0.0;0.0;0.0;0.0;0.0;0.0;0.0;0.0;0.0;0.0;0.0;0.0;0.0;0.0;0.0
2023-09-16;Bochum;9;2;17;178;87;Frankfurt;3;2;22;8;7;6;0.49;0.51;434;0.68;14;14;3;2;0;0;8;0.0;0.0;0.0;1.0;0.0;1.0;0.0;1.0;1.0;0.0;0.0;2;0.06375;0.21428571428571427;295;0.04745762711864407;602.0408163265306;0.36363636363636365;16.3265306122449;14;-0.020000000000000018;6;1;0;0.05069124423963134;0.045454545454545456;0.49;8.0;0;1;1;0;1;0;0;1;0.045454545454545456;0.14285714285714285;0.002304147465437788;22.0;1.0;0.0;0.0;0.0;1.0;1.0;0.0;0.0;1.0;0.0;0.0;0.0;0.0;0.0;0.0;1.0;0.0;1.0;1.0;0.0;0.0;0.0;0.0;0.0;0.0;0.0;0.0;0.0;0.0;0.0;0.0;0.0;0.0;0.0;0.0;0.0;0.0;0.0
2023-09-02;Bochum;9;2;13;178;173;Augsburgo;2;2;21;11;8;4;0.63;0.37;464;0.72;13;15;2;2;0;0;5;0.0;0.0;0.0;1.0;0.0;1.0;0.0;1.0;1.0;0.0;0.0;3;0.03363636363636364;0.15384615384615385;334;0.038922155688622756;530.1587301587301;0.23809523809523808;7.936507936507937;10;0.26;2;0;-2;0.04525862068965517;0.09523809523809523;0.315;2.5;1;1;2;0;1;0;1;0;0.09523809523809523;0.25;0.004310344827586207;10.5;1.0;0.0;0.0;0.0;1.0;1.0;0.0;0.0;1.0;0.0;0.0;0.0;0.0;0.0;0.0;1.0;0.0;1.0;1.0;0.0;0.0;0.0;0.0;0.0;0.0;0.0;0.0;0.0;0.0;0.0;0.0;0.0;0.0;0.0;0.0;0.0;0.0;0.0
2023-08-26;Bochum;9;2;7;178;11;Dortmund;2;1;20;14;7;3;0.34;0.66;275;0.65;21;7;2;1;0;0;5;0.0;0.0;0.0;1.0;0.0;1.0;0.0;1.0;1.0;0.0;0.0;4;0.047142857142857146;0.09523809523809523;179;0.11731843575418995;526.470588235294;0.25;14.705882352941176;6;-0.32;1;1;14;0.07272727272727272;0.05;0.34;5.0;1;0;1;0;1;0;0;1;0.05;0.14285714285714285;0.0036363636363636364;20.0;1.0;0.0;0.0;0.0;1.0;1.0;0.0;0.0;1.0;0.0;0.0;0.0;0.0;0.0;0.0;1.0;0.0;1.0;1.0;0.0;0.0;0.0;0.0;0.0;0.0;0.0;0.0;0.0;0.0;0.0;0.0;0.0;0.0;0.0;0.0;0.0;0.0;0.0
2023-08-19;Bochum;9;17;3;178;18;Stuttgart;1;1;4;21;1;9;0.39;0.61;366;0.75;12;5;1;1;0;0;0;0.0;0.0;0.0;1.0;0.0;0.0;0.0;1.0;1.0;0.0;0.0;7;0.029047619047619048;0.08333333333333333;274;0.043795620437956206;702.5641025641025;0.0;0.0;-17;-0.21999999999999997;-7;0;7;0.01092896174863388;0.0;0.0;0.0;0;0;0;0;0;1;1;0;0.0;0.0;0.0;0.0;1.0;0.0;0.0;0.0;1.0;1.0;0.0;0.0;1.0;0.0;0.0;0.0;0.0;0.0;0.0;1.0;0.0;1.0;1.0;1.0;0.0;0.0;0.0;0.0;0.0;0.0;0.0;0.0;0.0;0.0;0.0;0.0;0.0;0.0;0.0;0.0;0.0;0.0
2023-08-12;Bochum;23;0;3;178;614;Arminia;3;5;22;6;7;2;0.59;0.41;494;0.65;13;17;3;5;0;0;8;0.0;0.0;0.0;1.0;0.0;0.0;0.0;0.0;1.0;0.0;0.0;3;0.06833333333333333;0.23076923076923078;321;0.040498442367601244;544.0677966101695;0.36363636363636365;13.559322033898306;16;0.18;5;-2;-4;0.044534412955465584;0.09090909090909091;0.295;4.0;1;1;2;0;1;0;1;0;0.09090909090909091;0.2857142857142857;0.004048582995951417;11.0;1.0;0.0;0.0;0.0;1.0;1.0;0.0;0.0;1.0;0.0;1.0;0.0;0.0;0.0;0.0;1.0;0.0;1.0;1.0;1.0;0.0;0.0;0.0;0.0;0.0;0.0;0.0;0.0;0.0;0.0;0.0;0.0;0.0;0.0;0.0;0.0;0.0;0.0
2023-05-27;Bochum;9;0;0;178;6;Leverkusen;5;6;12;11;5;2;0.52;0.48;350;0.74;12;12;5;5;0;1;2;0.0;0.0;0.0;0.0;0.0;0.0;0.0;0.0;1.0;0.0;0.0;5;0.04363636363636363;0.4166666666666667;259;0.04633204633204633;498.07692307692304;0.16666666666666666;3.846153846153846;1;0.040000000000000036;-3;-1;0;0.03428571428571429;0.25;0.17333333333333334;0.6666666666666666;2;1;3;1;0;0;0;1;0.25;0.6;0.008571428571428572;4.0;0.0;0.0;0.0;0.0;1.0;1.0;0.0;0.0;1.0;0.0;0.0;0.0;0.0;0.0;0.0;1.0;0.0;1.0;1.0;1.0;1.0;0.0;0.0;0.0;1.0;1.0;0.0;0.0;0.0;0.0;0.0;0.0;0.0;0.0;0.0;0.0;0.0;0.0
2023-05-20;Bochum;9;0;0;178;184;Hertha Berlin;1;1;16;14;4;3;0.49;0.51;322;0.64;10;7;1;1;0;0;5;0.0;0.0;0.0;0.0;0.0;0.0;0.0;0.0;1.0;0.0;0.0;9;0.03642857142857143;0.1;206;0.04854368932038835;420.40816326530614;0.3125;10.204081632653061;2;-0.020000000000000018;-4;0;3;0.049689440993788817;0.0625;0.49;5.0;0;1;1;0;1;0;1;0;0.0625;0.25;0.003105590062111801;16.0;0.0;0.0;0.0;0.0;1.0;1.0;0.0;0.0;1.0;0.0;0.0;0.0;0.0;0.0;0.0;1.0;0.0;1.0;1.0;1.0;1.0;0.0;0.0;0.0;1.0;1.0;0.0;0.0;0.0;0.0;0.0;0.0;0.0;0.0;0.0;0.0;0.0;0.0
2023-05-13;Bochum;9;0;6;178;173;Augsburgo;3;2;13;15;8;2;0.56;0.44;326;0.65;13;16;3;2;0;0;7;0.0;0.0;0.0;0.0;0.0;0.0;0.0;0.0;1.0;0.0;0.0;7;0.029333333333333333;0.23076923076923078;212;0.06132075471698113;378.57142857142856;0.5384615384615384;12.499999999999998;-2;0.12000000000000005;0;1;-3;0.03987730061349693;0.23076923076923078;0.18666666666666668;2.3333333333333335;1;2;3;1;0;0;0;1;0.23076923076923078;0.375;0.009202453987730062;4.333333333333333;0.0;0.0;0.0;0.0;1.0;1.0;0.0;0.0;1.0;0.0;0.0;0.0;0.0;0.0;0.0;0.0;0.0;1.0;1.0;1.0;1.0;0.0;0.0;0.0;1.0;1.0;1.0;0.0;0.0;0.0;0.0;0.0;0.0;0.0;0.0;0.0;0.0;0.0
2023-05-06;Bochum;9;0;3;178;172;Mönchengladbach;1;2;14;25;2;9;0.44;0.56;335;0.66;13;7;1;2;0;0;3;0.0;0.0;0.0;0.0;1.0;0.0;0.0;0.0;1.0;0.0;0.0;11;0.022400000000000003;0.07692307692307693;221;0.058823529411764705;502.27272727272725;0.21428571428571427;6.818181818181818;-11;-0.12000000000000005;-8;-1;6;0.041791044776119404;0.0;0.0;0.0;0;0;0;0;0;1;1;0;0.0;0.0;0.0;0.0;0.0;0.0;0.0;0.0;1.0;1.0;0.0;0.0;1.0;0.0;0.0;0.0;0.0;0.0;1.0;0.0;0.0;1.0;1.0;1.0;0.0;0.0;0.0;1.0;0.0;0.0;0.0;1.0;0.0;0.0;0.0;0.0;0.0;0.0;0.0;0.0;0.0;0.0
2023-04-28;Bochum;9;3;0;178;11;Dortmund;1;2;13;22;4;7;0.33;0.67;251;0.67;13;9;1;2;0;0;4;0.0;0.0;0.0;0.0;1.0;0.0;0.0;0.0;1.0;0.0;0.0;11;0.030454545454545456;0.07692307692307693;168;0.07738095238095238;509.09090909090907;0.3076923076923077;12.121212121212121;-9;-0.34;-7;-1;4;0.05179282868525897;0.07692307692307693;0.33;4.0;1;0;1;0;1;0;0;1;0.07692307692307693;0.25;0.00398406374501992;13.0;0.0;0.0;0.0;0.0;1.0;1.0;0.0;0.0;1.0;0.0;0.0;0.0;0.0;0.0;0.0;1.0;1.0;1.0;1.0;1.0;0.0;0.0;0.0;1.0;0.0;0.0;0.0;0.0;0.0;0.0;0.0;0.0;0.0;0.0;0.0;0.0;0.0;0.0
2023-04-22;Bochum;9;3;0;178;175;Wolfsburg;3;3;24;15;6;7;0.55;0.45;360;0.73;11;8;3;3;0;0;10;0.0;0.0;0.0;0.0;0.0;0.0;0.0;0.0;1.0;0.0;0.0;3;0.030000000000000002;0.2727272727272727;263;0.04182509505703422;478.18181818181813;0.4166666666666667;18.18181818181818;9;0.10000000000000003;7;0;3;0.06666666666666667;0.041666666666666664;0.55;10.0;0;1;1;0;0;1;0;1;0.041666666666666664;0.16666666666666666;0.002777777777777778;24.0;0.0;0.0;0.0;0.0;1.0;1.0;0.0;0.0;1.0;0.0;0.0;0.0;0.0;0.0;0.0;1.0;1.0;0.0;1.0;1.0;0.0;0.0;0.0;1.0;0.0;0.0;0.0;1.0;1.0;0.0;0.0;0.0;0.0;0.0;0.0;0.0;0.0;0.0
2023-04-16;Bochum;9;0;2;178;169;FC Union Berlin;1;1;14;10;6;2;0.61;0.39;493;0.76;7;10;1;0;0;1;7;0.0;0.0;0.0;0.0;0.0;0.0;0.0;0.0;1.0;0.0;0.0;5;0.039;0.14285714285714285;375;0.018666666666666668;614.7540983606558;0.5;11.475409836065573;4;0.21999999999999997;2;0;-3;0.028397565922920892;0.07142857142857142;0.61;7.0;0;1;1;0;1;0;1;0;0.07142857142857142;0.16666666666666666;0.002028397565922921;14.0;0.0;0.0;0.0;0.0;1.0;1.0;0.0;0.0;0.0;0.0;0.0;0.0;0.0;0.0;1.0;1.0;1.0;1.0;1.0;1.0;0.0;0.0;0.0;1.0;0.0;0.0;0.0;0.0;1.0;0.0;0.0;0.0;0.0;0.0;0.0;0.0;0.0;0.0
2023-04-09;Bochum;9;3;2;178;18;Stuttgart;3;3;12;15;5;7;0.56;0.44;475;0.77;12;8;3;3;0;0;7;0.0;0.0;0.0;0.0;0.0;0.0;0.0;0.0;1.0;0.0;0.0;4;0.029333333333333333;0.25;366;0.03278688524590164;653.5714285714286;0.5833333333333334;12.499999999999998;-3;0.12000000000000005;3;0;4;0.02526315789473684;0.16666666666666666;0.28;3.5;0;2;2;0;0;1;0;1;0.16666666666666666;0.4;0.004210526315789474;6.0;0.0;0.0;0.0;0.0;1.0;1.0;0.0;0.0;1.0;0.0;0.0;0.0;0.0;0.0;0.0;1.0;1.0;1.0;1.0;1.0;0.0;0.0;0.0;1.0;0.0;0.0;1.0;0.0;0.0;0.0;0.0;0.0;0.0;0.0;0.0;0.0;0.0;0.0
2023-03-31;Bochum;9;22;17;178;87;Frankfurt;2;3;7;19;2;7;0.27;0.73;223;0.57;13;14;2;3;0;0;2;0.0;0.0;0.0;0.0;0.0;0.0;0.0;0.0;1.0;0.0;0.0;15;0.038421052631578946;0.15384615384615385;127;0.10236220472440945;470.3703703703703;0.2857142857142857;7.4074074074074066;-12;-0.45999999999999996;-13;-1;-1;0.03139013452914798;0.14285714285714285;0.27;2.0;1;0;1;0;1;0;1;0;0.14285714285714285;0.5;0.004484304932735426;7.0;0.0;0.0;0.0;0.0;1.0;1.0;0.0;0.0;1.0;0.0;0.0;0.0;0.0;0.0;0.0;1.0;1.0;1.0;1.0;1.0;0.0;0.0;0.0;0.0;0.0;1.0;1.0;0.0;0.0;0.0;0.0;0.0;0.0;0.0;0.0;0.0;0.0;0.0
2023-03-18;Bochum;9;28;13;178;31;RB Leipzig;2;3;8;22;2;8;0.34;0.66;295;0.66;11;8;2;3;0;0;2;0.0;0.0;0.0;0.0;0.0;0.0;0.0;0.0;1.0;0.0;0.0;7;0.030000000000000002;0.18181818181818182;195;0.05641025641025641;573.5294117647059;0.25;5.88235294117647;-14;-0.32;-5;-1;3;0.02711864406779661;0.125;0.34;2.0;0;1;1;1;0;0;0;1;0.125;0.5;0.003389830508474576;8.0;0.0;0.0;0.0;0.0;1.0;1.0;0.0;0.0;1.0;0.0;0.0;0.0;0.0;0.0;0.0;1.0;1.0;1.0;1.0;1.0;0.0;0.0;0.0;1.0;0.0;0.0;1.0;0.0;0.0;0.0;0.0;0.0;0.0;0.0;0.0;0.0;0.0;0.0
2023-03-10;Bochum;9;0;3;178;190;Colonia;2;2;9;11;3;5;0.36;0.64;298;0.63;14;9;2;2;0;0;1;0.0;0.0;0.0;0.0;0.0;0.0;0.0;0.0;1.0;0.0;0.0;10;0.05818181818181818;0.14285714285714285;188;0.07446808510638298;522.2222222222223;0.1111111111111111;2.7777777777777777;-2;-0.28;-9;0;5;0.030201342281879196;0.2222222222222222;0.18;0.5;1;1;2;1;0;0;1;0;0.2222222222222222;0.6666666666666666;0.006711409395973154;4.5;0.0;0.0;0.0;0.0;1.0;1.0;0.0;0.0;1.0;0.0;0.0;0.0;0.0;0.0;0.0;1.0;1.0;1.0;1.0;1.0;0.0;0.0;0.0;1.0;0.0;0.0;1.0;0.0;0.0;0.0;0.0;0.0;0.0;0.0;0.0;0.0;0.0;0.0
2023-03-04;Bochum;9;0;0;178;194;Schalke 04;2;1;7;10;4;4;0.63;0.37;406;0.72;17;11;2;1;0;0;4;0.0;0.0;0.0;0.0;0.0;0.0;0.0;0.0;1.0;0.0;0.0;4;0.037;0.11764705882352941;292;0.05821917808219178;463.4920634920635;0.5714285714285714;6.349206349206349;-3;0.26;0;1;6;0.017241379310344827;0.0;0.0;0.0;0;0;0;0;0;1;0;1;0.0;0.0;0.0;0.0;0.0;0.0;0.0;0.0;0.0;1.0;0.0;0.0;0.0;0.0;0.0;0.0;0.0;0.0;1.0;1.0;1.0;1.0;1.0;1.0;1.0;0.0;0.0;1.0;1.0;0.0;0.0;0.0;0.0;0.0;0.0;0.0;0.0;0.0;0.0;0.0;0.0;0.0
2023-02-25;Bochum;9;17;2;178;171;Werder Bremen;2;3;7;11;1;6;0.4;0.6;350;0.66;16;16;2;3;0;0;0;0.0;0.0;0.0;0.0;0.0;0.0;0.0;0.0;1.0;0.0;0.0;2;0.05454545454545454;0.125;231;0.06926406926406926;577.5;0.0;0.0;-4;-0.19999999999999996;-2;-1;0;0.02;0.0;0.0;0.0;0;0;0;0;0;1;1;0;0.0;0.0;0.0;0.0;0.0;0.0;0.0;0.0;0.0;1.0;0.0;0.0;0.0;0.0;0.0;0.0;0.0;0.0;1.0;1.0;0.0;1.0;1.0;1.0;0.0;0.0;0.0;0.0;0.0;0.0;1.0;0.0;1.0;1.0;1.0;0.0;0.0;0.0;0.0;0.0;0.0;0.0
2023-02-18;Bochum;9;3;3;178;170;Friburgo;5;2;16;19;5;5;0.46;0.54;357;0.64;15;10;4;2;1;0;5;0.0;0.0;0.0;0.0;0.0;0.0;0.0;0.0;1.0;0.0;0.0;5;0.028421052631578948;0.3333333333333333;228;0.06578947368421052;495.65217391304344;0.3125;10.869565217391305;-3;-0.08000000000000002;0;3;5;0.04481792717086835;0.0;0.0;0.0;0;0;0;0;0;1;0;1;0.0;0.0;0.0;0.0;0.0;0.0;0.0;0.0;1.0;0.0;0.0;0.0;1.0;0.0;0.0;0.0;0.0;0.0;1.0;1.0;0.0;1.0;1.0;1.0;0.0;0.0;0.0;1.0;1.0;0.0;0.0;1.0;0.0;0.0;0.0;0.0;0.0;0.0;0.0;0.0;0.0;0.0
2023-02-11;Bochum;9;3;30;178;23;Bayern;1;1;7;23;1;12;0.35;0.65;319;0.69;12;10;1;1;0;0;3;0.0;0.0;0.0;0.0;0.0;0.0;0.0;0.0;1.0;0.0;0.0;6;0.02826086956521739;0.08333333333333333;220;0.05454545454545454;628.5714285714286;0.42857142857142855;8.571428571428571;-16;-0.30000000000000004;-3;0;2;0.0219435736677116;0.0;0.0;0.0;0;0;0;0;0;1;1;0;0.0;0.0;0.0;0.0;0.0;0.0;0.0;0.0;1.0;1.0;0.0;0.0;1.0;0.0;0.0;0.0;0.0;0.0;0.0;0.0;0.0;0.0;1.0;1.0;1.0;0.0;0.0;0.0;1.0;0.0;1.0;1.0;0.0;0.0;1.0;0.0;0.0;0.0;0.0;0.0;0.0;0.0
2023-02-08;Bochum;23;3;7;178;11;Dortmund;4;0;15;18;5;8;0.46;0.54;351;0.65;13;14;4;0;0;0;3;0.0;0.0;0.0;0.0;0.0;0.0;0.0;0.0;1.0;0.0;0.0;5;0.030000000000000002;0.3076923076923077;228;0.05701754385964912;495.65217391304344;0.2;6.521739130434782;-3;-0.08000000000000002;-2;4;-1;0.042735042735042736;0.06666666666666667;0.46;3.0;0;1;1;0;0;1;0;1;0.06666666666666667;0.2;0.002849002849002849;15.0;0.0;0.0;0.0;0.0;1.0;1.0;0.0;0.0;1.0;0.0;0.0;0.0;0.0;0.0;0.0;1.0;0.0;1.0;1.0;1.0;1.0;0.0;0.0;1.0;1.0;0.0;0.0;0.0;0.0;0.0;0.0;0.0;0.0;0.0;0.0;0.0;0.0;0.0
2023-02-04;Bochum;9;3;29;178;97;Hoffenheim;2;3;16;9;10;4;0.46;0.54;329;0.68;13;15;2;3;0;0;6;0.0;0.0;0.0;0.0;0.0;0.0;0.0;0.0;1.0;0.0;0.0;6;0.060000000000000005;0.15384615384615385;224;0.05803571428571429;486.95652173913044;0.375;13.043478260869565;7;-0.08000000000000002;0;-1;-2;0.0486322188449848;0.3125;0.092;1.2;3;2;5;1;0;0;0;1;0.3125;0.5;0.015197568389057751;3.2;0.0;0.0;0.0;0.0;1.0;1.0;0.0;0.0;1.0;0.0;0.0;0.0;0.0;0.0;0.0;1.0;0.0;1.0;1.0;1.0;1.0;0.0;0.0;1.0;1.0;0.0;0.0;0.0;0.0;0.0;0.0;0.0;0.0;0.0;0.0;0.0;0.0;0.0
2023-01-28;Bochum;9;0;17;178;174;Mainz 05;1;0;15;14;4;7;0.58;0.42;465;0.7;11;17;1;0;0;0;2;0.0;0.0;0.0;0.0;0.0;0.0;0.0;0.0;1.0;0.0;0.0;3;0.03;0.09090909090909091;326;0.03374233128834356;562.0689655172414;0.13333333333333333;3.4482758620689657;1;0.15999999999999998;-1;1;-6;0.03225806451612903;0.13333333333333333;0.29;1.0;0;2;2;0;0;1;1;0;0.13333333333333333;0.5;0.004301075268817204;7.5;0.0;0.0;0.0;1.0;1.0;0.0;0.0;0.0;1.0;0.0;0.0;0.0;0.0;0.0;1.0;1.0;0.0;0.0;1.0;0.0;0.0;0.0;0.0;1.0;1.0;0.0;0.0;1.0;0.0;0.0;1.0;0.0;0.0;0.0;0.0;0.0;0.0;0.0
2023-01-25;Bochum;9;22;3;178;6;Leverkusen;4;2;11;11;1;4;0.43;0.57;329;0.68;14;15;4;2;0;0;4;0.0;0.0;0.0;0.0;0.0;0.0;0.0;0.0;1.0;0.0;0.0;3;0.05181818181818181;0.2857142857142857;224;0.0625;520.9302325581396;0.36363636363636365;9.30232558139535;0;-0.13999999999999996;1;2;-1;0.03343465045592705;0.0;0.0;0.0;0;0;0;0;0;1;1;0;0.0;0.0;0.0;0.0;0.0;0.0;0.0;0.0;0.0;1.0;0.0;0.0;1.0;0.0;0.0;0.0;0.0;0.0;1.0;1.0;0.0;1.0;1.0;1.0;0.0;0.0;0.0;1.0;1.0;0.0;0.0;0.0;0.0;1.0;0.0;0.0;0.0;0.0;0.0;0.0;0.0;0.0
2023-01-21;Bochum;9;0;3;178;184;Hertha Berlin;1;1;10;11;3;2;0.49;0.51;366;0.65;13;13;1;1;0;0;1;0.0;0.0;0.0;0.0;0.0;0.0;0.0;0.0;1.0;0.0;0.0;6;0.046363636363636364;0.07692307692307693;238;0.0546218487394958;485.7142857142857;0.1;2.0408163265306123;-1;-0.020000000000000018;-5;0;0;0.0273224043715847;0.3;0.16333333333333333;0.3333333333333333;2;1;3;1;0;0;0;1;0.3;1.0;0.00819672131147541;3.3333333333333335;0.0;0.0;0.0;0.0;1.0;0.0;0.0;0.0;1.0;0.0;0.0;0.0;0.0;0.0;1.0;1.0;0.0;0.0;1.0;1.0;1.0;0.0;0.0;1.0;1.0;0.0;0.0;1.0;0.0;0.0;0.0;0.0;0.0;0.0;0.0;0.0;0.0;0.0
2022-11-12;Bochum;9;0;6;178;173;Augsburgo;1;1;11;18;4;5;0.45;0.55;369;0.58;9;12;1;1;0;0;2;0.0;0.0;0.0;0.0;1.0;0.0;0.0;0.0;1.0;0.0;0.0;6;0.030555555555555558;0.1111111111111111;214;0.04205607476635514;475.55555555555554;0.18181818181818182;4.444444444444445;-7;-0.10000000000000003;-4;0;-3;0.02981029810298103;0.09090909090909091;0.45;2.0;0;1;1;1;0;0;1;0;0.09090909090909091;0.25;0.0027100271002710027;11.0;0.0;0.0;0.0;0.0;1.0;0.0;0.0;0.0;1.0;0.0;0.0;0.0;0.0;0.0;0.0;1.0;0.0;0.0;1.0;1.0;0.0;0.0;0.0;1.0;0.0;0.0;1.0;1.0;0.0;1.0;0.0;0.0;0.0;0.0;0.0;0.0;0.0;0.0
2022-11-08;Bochum;9;3;3;178;172;Mönchengladbach;1;3;13;8;4;2;0.46;0.54;388;0.7;11;14;1;3;0;0;6;0.0;0.0;0.0;0.0;1.0;0.0;0.0;0.0;1.0;0.0;0.0;3;0.0675;0.09090909090909091;272;0.04044117647058824;591.3043478260869;0.46153846153846156;13.043478260869565;5;-0.08000000000000002;3;-2;-3;0.03350515463917526;0.15384615384615385;0.23;3.0;2;0;2;1;0;0;0;1;0.15384615384615385;0.5;0.005154639175257732;6.5;0.0;0.0;0.0;0.0;1.0;0.0;0.0;0.0;1.0;0.0;0.0;0.0;0.0;0.0;0.0;1.0;0.0;0.0;1.0;1.0;1.0;0.0;0.0;1.0;0.0;0.0;0.0;1.0;0.0;1.0;0.0;0.0;0.0;0.0;0.0;0.0;0.0;0.0
2022-11-05;Bochum;9;3;3;178;11;Dortmund;1;1;7;6;1;3;0.39;0.61;331;0.68;14;7;1;1;0;0;5;0.0;0.0;0.0;0.0;1.0;0.0;0.0;0.0;1.0;0.0;0.0;2;0.10166666666666667;0.07142857142857142;225;0.06222222222222222;576.9230769230769;0.7142857142857143;12.82051282051282;1;-0.21999999999999997;3;0;7;0.021148036253776436;0.0;0.0;0.0;0;0;0;0;0;1;1;0;0.0;0.0;0.0;0.0;0.0;0.0;0.0;0.0;1.0;0.0;0.0;0.0;1.0;0.0;0.0;0.0;0.0;0.0;0.0;1.0;0.0;0.0;1.0;0.0;0.0;0.0;0.0;1.0;0.0;0.0;1.0;1.0;1.0;1.0;0.0;0.0;0.0;0.0;0.0;0.0;0.0;0.0
2022-10-29;Bochum;9;3;7;178;175;Wolfsburg;1;1;10;20;2;7;0.48;0.52;379;0.71;17;8;1;1;0;0;2;0.0;0.0;0.0;0.0;1.0;0.0;0.0;0.0;1.0;0.0;0.0;7;0.026000000000000002;0.058823529411764705;269;0.06319702602230483;560.4166666666667;0.2;4.166666666666667;-10;-0.040000000000000036;-5;0;9;0.026385224274406333;0.0;0.0;0.0;0;0;0;0;0;1;1;0;0.0;0.0;0.0;0.0;0.0;0.0;0.0;0.0;1.0;0.0;0.0;0.0;1.0;0.0;0.0;0.0;0.0;0.0;0.0;1.0;0.0;0.0;1.0;1.0;1.0;0.0;0.0;1.0;0.0;1.0;0.0;0.0;1.0;0.0;0.0;0.0;0.0;0.0;0.0;0.0;0.0;0.0
2022-10-23;Bochum;9;0;2;178;169;FC Union Berlin;1;3;9;8;5;3;0.46;0.54;337;0.7;14;10;1;3;0;0;3;0.0;0.0;0.0;0.0;1.0;0.0;0.0;0.0;1.0;0.0;0.0;7;0.0675;0.07142857142857142;236;0.059322033898305086;513.0434782608695;0.3333333333333333;6.521739130434782;1;-0.08000000000000002;-4;-2;4;0.026706231454005934;0.2222222222222222;0.23;1.5;1;1;2;1;0;0;0;1;0.2222222222222222;0.4;0.005934718100890208;4.5;0.0;0.0;0.0;0.0;1.0;1.0;0.0;0.0;1.0;0.0;0.0;0.0;0.0;0.0;0.0;1.0;0.0;0.0;1.0;1.0;1.0;0.0;0.0;1.0;0.0;0.0;0.0;0.0;1.0;0.0;0.0;0.0;0.0;0.0;0.0;0.0;0.0;0.0
2022-10-18;Bochum;23;3;6;178;185;SV Elversberg;2;3;14;10;4;1;0.56;0.44;430;0.73;19;17;2;3;0;0;5;0.0;0.0;0.0;0.0;1.0;0.0;0.0;0.0;1.0;0.0;0.0;6;0.044;0.10526315789473684;314;0.06050955414012739;560.7142857142857;0.35714285714285715;8.928571428571427;4;0.12000000000000005;-1;-1;2;0.03255813953488372;0.07142857142857142;0.56;5.0;0;1;1;1;0;0;1;0;0.07142857142857142;0.25;0.002325581395348837;14.0;0.0;0.0;0.0;1.0;1.0;1.0;0.0;0.0;1.0;0.0;0.0;0.0;0.0;0.0;0.0;1.0;0.0;0.0;1.0;1.0;1.0;0.0;0.0;1.0;0.0;0.0;0.0;0.0;0.0;0.0;0.0;0.0;0.0;0.0;0.0;0.0;0.0;0.0
2022-10-15;Bochum;9;0;14;178;18;Stuttgart;3;0;15;17;5;7;0.53;0.47;414;0.73;17;6;3;0;0;0;3;0.0;0.0;0.0;0.0;1.0;0.0;0.0;0.0;1.0;0.0;0.0;3;0.02764705882352941;0.17647058823529413;302;0.056291390728476824;569.8113207547169;0.2;5.660377358490566;-2;0.06000000000000005;0;3;11;0.036231884057971016;0.06666666666666667;0.53;3.0;1;0;1;0;0;1;1;0;0.06666666666666667;0.2;0.0024154589371980675;15.0;0.0;0.0;0.0;1.0;1.0;1.0;0.0;0.0;1.0;0.0;0.0;0.0;0.0;0.0;0.0;1.0;0.0;0.0;1.0;0.0;1.0;0.0;0.0;1.0;0.0;0.0;0.0;1.0;0.0;0.0;0.0;0.0;0.0;0.0;0.0;0.0;0.0;0.0
2022-10-08;Bochum;9;3;13;178;87;Frankfurt;2;1;11;12;5;2;0.46;0.54;332;0.65;12;10;2;1;0;0;9;0.0;0.0;0.0;0.0;1.0;0.0;0.0;0.0;1.0;0.0;0.0;4;0.045000000000000005;0.16666666666666666;216;0.05555555555555555;469.5652173913043;0.8181818181818182;19.565217391304348;-1;-0.08000000000000002;5;1;2;0.03313253012048193;0.2727272727272727;0.15333333333333335;3.0;0;3;3;1;0;0;0;1;0.2727272727272727;0.6;0.009036144578313253;3.6666666666666665;0.0;0.0;0.0;1.0;1.0;1.0;0.0;0.0;1.0;0.0;0.0;0.0;0.0;0.0;0.0;0.0;1.0;0.0;1.0;0.0;1.0;0.0;0.0;1.0;0.0;0.0;0.0;1.0;0.0;0.0;0.0;0.0;0.0;0.0;0.0;0.0;0.0;0.0
2022-10-01;Bochum;9;30;3;178;31;RB Leipzig;2;0;2;17;1;9;0.29;0.71;302;0.71;8;8;2;0;0;0;2;0.0;1.0;0.0;0.0;1.0;0.0;0.0;0.0;0.0;0.0;0.0;7;0.04176470588235294;0.25;214;0.037383177570093455;737.9310344827587;1.0;6.8965517241379315;-15;-0.42;-5;2;0;0.006622516556291391;0.0;0.0;0.0;0;0;0;0;0;1;1;0;0.0;0.0;0.0;0.0;0.0;0.0;0.0;1.0;1.0;0.0;0.0;0.0;1.0;0.0;0.0;0.0;0.0;0.0;0.0;0.0;1.0;0.0;1.0;0.0;0.0;0.0;0.0;1.0;0.0;0.0;0.0;1.0;0.0;0.0;0.0;1.0;1.0;0.0;0.0;0.0;0.0;0.0
2022-09-18;Bochum;9;3;3;178;190;Colonia;0;1;7;18;0;3;0.34;0.66;299;0.67;12;8;0;1;0;0;4;0.0;1.0;0.0;0.0;1.0;0.0;0.0;0.0;1.0;0.0;0.0;8;0.03666666666666667;0.0;200;0.06;588.2352941176471;0.5714285714285714;11.76470588235294;-11;-0.32;-4;-1;4;0.023411371237458192;0.14285714285714285;0.34;4.0;1;0;1;0;1;0;0;1;0.14285714285714285;0.0;0.0033444816053511705;7.0;0.0;0.0;0.0;1.0;1.0;0.0;0.0;0.0;1.0;0.0;0.0;0.0;0.0;0.0;0.0;1.0;1.0;0.0;1.0;0.0;0.0;0.0;0.0;1.0;0.0;0.0;0.0;1.0;0.0;0.0;0.0;0.0;0.0;0.0;0.0;0.0;0.0;0.0
2022-09-10;Bochum;9;3;3;178;194;Schalke 04;3;2;10;20;2;8;0.56;0.44;385;0.7;16;11;3;2;0;0;8;0.0;0.0;0.0;0.0;1.0;0.0;0.0;0.0;1.0;0.0;0.0;3;0.022;0.1875;270;0.05925925925925926;482.1428571428571;0.8;14.285714285714285;-10;0.12000000000000005;5;1;5;0.025974025974025976;0.1;0.56;8.0;0;1;1;0;0;1;1;0;0.1;0.5;0.0025974025974025974;10.0;0.0;0.0;0.0;0.0;0.0;1.0;0.0;0.0;1.0;0.0;0.0;0.0;0.0;0.0;0.0;1.0;0.0;1.0;1.0;0.0;1.0;0.0;0.0;1.0;0.0;0.0;0.0;1.0;0.0;1.0;0.0;0.0;0.0;0.0;0.0;0.0;0.0;0.0
2022-09-03;Bochum;9;3;2;178;171;Werder Bremen;2;2;19;16;5;7;0.5;0.5;360;0.67;15;10;2;2;0;0;7;0.0;0.0;0.0;0.0;1.0;0.0;0.0;0.0;0.0;0.0;0.0;3;0.03125;0.13333333333333333;241;0.06224066390041494;482.0;0.3684210526315789;14.0;3;0.0;4;0;5;0.05277777777777778;0.0;0.0;0.0;0;0;0;0;0;1;0;1;0.0;0.0;0.0;0.0;0.0;0.0;0.0;1.0;0.0;1.0;0.0;0.0;1.0;0.0;0.0;0.0;0.0;0.0;0.0;1.0;0.0;1.0;1.0;0.0;1.0;0.0;0.0;0.0;0.0;0.0;0.0;1.0;1.0;1.0;0.0;0.0;0.0;0.0;0.0;0.0;0.0;0.0
2022-08-26;Bochum;9;3;3;178;170;Friburgo;2;2;15;29;5;13;0.53;0.47;393;0.73;13;15;2;2;0;0;5;0.0;0.0;0.0;0.0;1.0;0.0;0.0;0.0;0.0;0.0;0.0;2;0.016206896551724137;0.15384615384615385;287;0.04529616724738676;541.5094339622641;0.3333333333333333;9.433962264150942;-14;0.06000000000000005;3;0;-2;0.03816793893129771;0.0;0.0;0.0;0;0;0;0;0;1;1;0;0.0;0.0;0.0;0.0;0.0;0.0;0.0;1.0;0.0;1.0;0.0;0.0;1.0;0.0;0.0;0.0;0.0;0.0;0.0;1.0;0.0;1.0;1.0;0.0;0.0;0.0;0.0;0.0;0.0;1.0;1.0;1.0;0.0;0.0;0.0;0.0;1.0;0.0;0.0;0.0;0.0;0.0
2022-08-21;Bochum;9;1;1;178;23;Bayern;1;0;13;22;7;12;0.35;0.65;269;0.76;10;6;1;0;0;0;5;0.0;0.0;0.0;0.0;1.0;0.0;0.0;0.0;1.0;0.0;0.0;5;0.029545454545454545;0.1;204;0.049019607843137254;582.8571428571429;0.38461538461538464;14.285714285714286;-9;-0.30000000000000004;0;1;4;0.048327137546468404;0.0;0.0;0.0;0;0;0;0;0;1;0;1;0.0;0.0;0.0;0.0;0.0;0.0;0.0;0.0;1.0;0.0;0.0;0.0;1.0;0.0;0.0;0.0;0.0;0.0;0.0;1.0;0.0;1.0;1.0;0.0;1.0;0.0;0.0;0.0;1.0;1.0;0.0;1.0;0.0;0.0;0.0;0.0;0.0;0.0;0.0;0.0;0.0;0.0
2022-08-13;Bochum;9;29;2;178;97;Hoffenheim;1;1;11;23;5;12;0.4;0.6;318;0.74;10;14;1;1;0;0;2;0.0;0.0;0.0;0.0;1.0;0.0;0.0;0.0;1.0;0.0;0.0;8;0.02608695652173913;0.1;235;0.0425531914893617;587.5;0.18181818181818182;5.0;-12;-0.19999999999999996;-6;0;-4;0.03459119496855346;0.18181818181818182;0.2;1.0;2;0;2;0;0;1;1;0;0.18181818181818182;0.4;0.006289308176100629;5.5;0.0;0.0;0.0;0.0;1.0;0.0;0.0;0.0;1.0;0.0;0.0;0.0;0.0;0.0;0.0;1.0;0.0;1.0;1.0;0.0;0.0;0.0;0.0;0.0;1.0;1.0;0.0;1.0;1.0;0.0;0.0;0.0;0.0;0.0;0.0;0.0;0.0;0.0
2022-08-06;Bochum;9;3;9;178;174;Mainz 05;2;3;16;13;3;6;0.6;0.4;539;0.79;11;16;2;3;0;0;3;0.0;0.0;0.0;0.0;1.0;0.0;0.0;0.0;1.0;0.0;0.0;5;0.03076923076923077;0.18181818181818182;426;0.025821596244131457;710.0;0.1875;5.0;3;0.19999999999999996;-2;-1;-5;0.029684601113172542;0.0625;0.6;3.0;1;0;1;0;0;1;0;1;0.0625;0.3333333333333333;0.0018552875695732839;16.0;0.0;0.0;0.0;1.0;1.0;1.0;0.0;0.0;1.0;0.0;0.0;0.0;0.0;0.0;0.0;1.0;0.0;1.0;1.0;0.0;0.0;0.0;0.0;0.0;0.0;0.0;1.0;1.0;0.0;0.0;0.0;0.0;0.0;0.0;0.0;0.0;0.0;0.0
2022-07-30;Bochum;23;3;23;178;-1;Viktoria Berlin;2;2;21;8;7;2;0.66;0.34;541;0.85;5;12;2;2;0;0;7;0.0;0.0;0.0;0.0;1.0;0.0;0.0;0.0;1.0;0.0;0.0;2;0.0425;0.4;460;0.010869565217391304;696.9696969696969;0.3333333333333333;10.606060606060606;13;0.32;5;0;-7;0.038817005545286505;0.14285714285714285;0.22;2.3333333333333335;2;1;3;1;0;0;1;0;0.14285714285714285;0.42857142857142855;0.005545286506469501;7.0;0.0;0.0;0.0;1.0;1.0;0.0;0.0;0.0;1.0;0.0;0.0;0.0;0.0;0.0;0.0;1.0;0.0;1.0;1.0;0.0;0.0;0.0;0.0;0.0;0.0;0.0;0.0;1.0;0.0;1.0;0.0;1.0;0.0;0.0;0.0;0.0;0.0;0.0
2022-05-14;Bochum;9;29;2;178;169;FC Union Berlin;2;3;5;16;3;11;0.58;0.42;520;0.79;7;12;2;3;0;0;3;0.0;0.0;0.0;0.0;1.0;0.0;0.0;0.0;0.0;0.0;0.0;1;0.02625;0.2857142857142857;411;0.0170316301703163;708.6206896551724;0.6;5.172413793103448;-11;0.15999999999999998;2;-1;-5;0.009615384615384616;0.4;0.29;1.5;0;2;2;0;0;1;1;0;0.4;0.6666666666666666;0.0038461538461538464;2.5;0.0;0.0;0.0;0.0;0.0;0.0;0.0;0.0;1.0;0.0;0.0;0.0;0.0;0.0;0.0;0.0;1.0;1.0;0.0;0.0;0.0;0.0;0.0;1.0;0.0;0.0;0.0;1.0;0.0;0.0;0.0;0.0;0.0;1.0;1.0;1.0;1.0;1.0
