Fecha;Equipo_name;Torneo;Alineacion;Alineacion_contrincante;equipo;equipo_contrincante;equipo_contrincante_name;tarjetas;tarjetas_contrincante;Remates;Remates_contrincante;Remates al arco;Remates al arco_contrincante;Posesión;Posesión_contrincante;Pases;Precisión de los pases;Faltas;Faltas_contrincante;Tarjetas amarillas;Tarjetas amarillas_contrincante;Tarjetas rojas;Tarjetas rojas_contrincante;Tiros de esquina;Cleiton Schwengber-Bragantino;José Andrés Hurtado-Bragantino;Pedro Henrique-Bragantino;Guzmán Rodríguez-Bragantino;Juninho Capixaba-Bragantino;Ramires-Bragantino;Gabriel Girotto Franco-Bragantino;Lucas Barbosa-Bragantino;Jhonatan dos Santos Rosa-Bragantino;Vinicinho-Bragantino;Eduardo Sasha-Bragantino;Tiros de esquina_concedidos;Posesión_contra_por_remate;tarjetas_por_falta;pases_completados;faltas_por_pases;pases_por_posesion;tirosEsquina_por_remate;tirosEsquina_por_posesion;diff_remates;diff_posesion;diff_Tiros de esquina;diff_tarjetas;diff_faltas;remates_por_pase;posesion_por_remate;posesion_por_gol;tirosEsquina_por_gol;goles_primera_mitad;goles_segunda_mitad;goles_totales;gano;empato;perdio;visitante;local;conversion_goles;conversion_arco;goles_por_pase;remates_al_arco_por_gol;Lucão-Bragantino;Henry Mosquera-Bragantino;Matheus Fernandes-Bragantino;Fábio Silva de Freitas-Bragantino;Ignacio Laquintana-Bragantino;Isidro Pitta-Bragantino;Eduardo Santos-Bragantino;Lucas Evangelista Santana de Oliveira-Bragantino;Agustín Sant'Anna-Bragantino;Guilherme Lopes de Almeida-Bragantino;Jadsom-Bragantino;Vinicius dos Santos Lago-Bragantino;Gustavinho-Bragantino;Thiago Borbas-Bragantino;Lucas Cunha-Bragantino;Lincoln Henrique Oliveira dos Santos-Bragantino;Vitor Hugo Naum dos Santos-Bragantino;Luan Cândido-Bragantino;Ivan Cavaleiro-Bragantino;Douglas Mendes-Bragantino;Raul Lô Gonçalves-Bragantino;Helinho-Bragantino;Fabrício-Bragantino;Nathan-Bragantino;Léo Realpe-Bragantino;Talisson de Almeida-Bragantino;Bruno Gonçalves-Bragantino;Leonardo Rech Ortiz-Bragantino;Aderlan Silva-Bragantino;Matheus Gonçalves-Bragantino;Luan Patrick-Bragantino;Lucas Rafael-Bragantino;Alerrandro-Bragantino;Yani Quintero-Bragantino;Marcos Vinicios-Bragantino;Cipriano-Bragantino;Natan Bernardo de Souza-Bragantino;Artur Victor Guimarães-Bragantino;Werik Popó-Bragantino;Nathan Camargo-Bragantino;Maycon Cleiton de Paula Azevedo-Bragantino;Kevin Lomónaco-Bragantino;Bruno Praxedes-Bragantino;Gabriel Novaes-Bragantino;Miguel Silveira-Bragantino;Carlos Eduardo Ferreira de Souza-Bragantino;Hyoran-Bragantino
2025-05-05;Bragantino;10;3;0;659;670;Mirassol;2;3;15;12;4;3;0.53;0.47;511;0.86;8;12;2;3;0;0;4;1.0;1.0;1.0;1.0;1.0;1.0;1.0;1.0;1.0;1.0;1.0;4;0.03916666666666666;0.25;439;0.018223234624145785;828.3018867924528;0.26666666666666666;7.547169811320754;3;0.06000000000000005;0;-1;-4;0.029354207436399216;0.06666666666666667;0.53;4.0;0;1;1;1;0;0;0;1;0.06666666666666667;0.25;0.0019569471624266144;15.0;0.0;0.0;0.0;0.0;0.0;0.0;0.0;0.0;0.0;0.0;0.0;0.0;0.0;0.0;0.0;0.0;0.0;0.0;0.0;0.0;0.0;0.0;0.0;0.0;0.0;0.0;0.0;0.0;0.0;0.0;0.0;0.0;0.0;0.0;0.0;0.0;0.0;0.0;0.0;0.0;0.0;0.0;0.0;0.0;0.0;0.0;0.0
2025-05-01;Bragantino;12;3;3;659;778;Criciúma;1;4;13;10;0;2;0.67;0.33;574;0.86;8;16;1;4;0;0;8;1.0;1.0;1.0;1.0;1.0;1.0;1.0;1.0;1.0;1.0;1.0;6;0.033;0.125;494;0.016194331983805668;737.3134328358209;0.6153846153846154;11.940298507462686;3;0.34;2;-3;-8;0.02264808362369338;0.0;0.0;0.0;0;0;0;0;0;1;1;0;0.0;0.0;0.0;0.0;0.0;0.0;0.0;0.0;0.0;0.0;0.0;0.0;0.0;0.0;0.0;0.0;0.0;0.0;0.0;0.0;0.0;0.0;0.0;0.0;0.0;0.0;0.0;0.0;0.0;0.0;0.0;0.0;0.0;0.0;0.0;0.0;0.0;0.0;0.0;0.0;0.0;0.0;0.0;0.0;0.0;0.0;0.0;0.0;0.0;0.0;0.0
2025-04-27;Bragantino;10;3;3;659;662;Santos;5;2;16;19;6;3;0.45;0.55;333;0.83;15;13;5;2;0;0;10;1.0;1.0;1.0;1.0;1.0;1.0;1.0;1.0;1.0;1.0;1.0;6;0.028947368421052635;0.3333333333333333;276;0.05434782608695652;613.3333333333334;0.625;22.22222222222222;-3;-0.10000000000000003;4;3;2;0.04804804804804805;0.125;0.225;5.0;0;2;2;1;0;0;1;0;0.125;0.3333333333333333;0.006006006006006006;8.0;0.0;0.0;0.0;0.0;0.0;0.0;0.0;0.0;0.0;0.0;0.0;0.0;0.0;0.0;0.0;0.0;0.0;0.0;0.0;0.0;0.0;0.0;0.0;0.0;0.0;0.0;0.0;0.0;0.0;0.0;0.0;0.0;0.0;0.0;0.0;0.0;0.0;0.0;0.0;0.0;0.0;0.0;0.0;0.0;0.0;0.0;0.0
2025-04-20;Bragantino;10;3;3;659;636;Cruzeiro;2;3;20;12;6;4;0.42;0.58;346;0.8;17;13;2;3;0;0;4;0.0;1.0;1.0;1.0;1.0;1.0;1.0;1.0;1.0;0.0;1.0;9;0.04833333333333333;0.11764705882352941;277;0.061371841155234655;659.5238095238095;0.2;9.523809523809524;8;-0.15999999999999998;-5;-1;4;0.057803468208092484;0.05;0.42;4.0;1;0;1;1;0;0;0;1;0.05;0.16666666666666666;0.002890173410404624;20.0;1.0;1.0;0.0;0.0;0.0;0.0;0.0;0.0;0.0;0.0;0.0;0.0;0.0;0.0;0.0;0.0;0.0;0.0;0.0;0.0;0.0;0.0;0.0;0.0;0.0;0.0;0.0;0.0;0.0;0.0;0.0;0.0;0.0;0.0;0.0;0.0;0.0;0.0;0.0;0.0;0.0;0.0;0.0;0.0;0.0;0.0;0.0
2025-04-16;Bragantino;10;3;3;659;679;Sport Recife;2;3;16;21;7;6;0.38;0.62;302;0.78;12;10;2;3;0;0;3;1.0;1.0;1.0;1.0;1.0;0.0;0.0;1.0;1.0;0.0;1.0;9;0.029523809523809525;0.16666666666666666;236;0.05084745762711865;621.0526315789474;0.1875;7.894736842105263;-5;-0.24;-6;-1;2;0.052980132450331126;0.0625;0.38;3.0;1;0;1;1;0;0;1;0;0.0625;0.14285714285714285;0.0033112582781456954;16.0;0.0;1.0;1.0;1.0;0.0;0.0;0.0;0.0;0.0;0.0;0.0;0.0;0.0;0.0;0.0;0.0;0.0;0.0;0.0;0.0;0.0;0.0;0.0;0.0;0.0;0.0;0.0;0.0;0.0;0.0;0.0;0.0;0.0;0.0;0.0;0.0;0.0;0.0;0.0;0.0;0.0;0.0;0.0;0.0;0.0;0.0;0.0
2025-04-12;Bragantino;10;3;3;659;210;Botafogo;3;2;11;12;4;2;0.37;0.63;318;0.8;19;11;3;2;0;0;3;1.0;1.0;1.0;1.0;1.0;1.0;1.0;1.0;1.0;0.0;1.0;8;0.0525;0.15789473684210525;254;0.07480314960629922;686.4864864864865;0.2727272727272727;8.108108108108109;-1;-0.26;-5;1;8;0.03459119496855346;0.09090909090909091;0.37;3.0;1;0;1;1;0;0;0;1;0.09090909090909091;0.25;0.0031446540880503146;11.0;0.0;1.0;0.0;0.0;0.0;0.0;0.0;0.0;0.0;0.0;0.0;0.0;0.0;0.0;0.0;0.0;0.0;0.0;0.0;0.0;0.0;0.0;0.0;0.0;0.0;0.0;0.0;0.0;0.0;0.0;0.0;0.0;0.0;0.0;0.0;0.0;0.0;0.0;0.0;0.0;0.0;0.0;0.0;0.0;0.0;0.0;0.0
2025-04-06;Bragantino;10;3;3;659;197;Fluminense;0;1;17;15;5;5;0.55;0.45;482;0.86;12;15;0;1;0;0;6;1.0;1.0;1.0;1.0;1.0;0.0;1.0;0.0;1.0;1.0;1.0;6;0.030000000000000002;0.0;415;0.02891566265060241;754.5454545454545;0.35294117647058826;10.909090909090908;2;0.10000000000000003;0;-1;-3;0.035269709543568464;0.058823529411764705;0.55;6.0;0;1;1;0;0;1;1;0;0.058823529411764705;0.2;0.002074688796680498;17.0;0.0;0.0;1.0;0.0;1.0;0.0;0.0;0.0;0.0;0.0;0.0;0.0;0.0;0.0;0.0;0.0;0.0;0.0;0.0;0.0;0.0;0.0;0.0;0.0;0.0;0.0;0.0;0.0;0.0;0.0;0.0;0.0;0.0;0.0;0.0;0.0;0.0;0.0;0.0;0.0;0.0;0.0;0.0;0.0;0.0;0.0;0.0
2025-03-31;Bragantino;10;3;3;659;680;Ceará;1;3;18;13;7;6;0.63;0.37;505;0.82;14;13;1;3;0;0;9;1.0;1.0;1.0;1.0;1.0;0.0;1.0;0.0;1.0;1.0;1.0;2;0.02846153846153846;0.07142857142857142;414;0.033816425120772944;657.1428571428571;0.5;14.285714285714286;5;0.26;7;-2;1;0.03564356435643564;0.1111111111111111;0.315;4.5;1;1;2;0;1;0;0;1;0.1111111111111111;0.2857142857142857;0.0039603960396039604;9.0;0.0;0.0;1.0;0.0;1.0;0.0;0.0;0.0;0.0;0.0;0.0;0.0;0.0;0.0;0.0;0.0;0.0;0.0;0.0;0.0;0.0;0.0;0.0;0.0;0.0;0.0;0.0;0.0;0.0;0.0;0.0;0.0;0.0;0.0;0.0;0.0;0.0;0.0;0.0;0.0;0.0;0.0;0.0;0.0;0.0;0.0;0.0
2025-03-02;Bragantino;27;3;3;659;662;Santos;1;2;10;10;3;4;0.47;0.53;354;0.79;11;13;1;2;0;0;1;1.0;1.0;1.0;1.0;1.0;0.0;1.0;0.0;1.0;1.0;0.0;2;0.053000000000000005;0.09090909090909091;280;0.039285714285714285;595.7446808510639;0.1;2.127659574468085;0;-0.06000000000000005;-1;-1;-2;0.02824858757062147;0.0;0.0;0.0;0;0;0;0;0;1;1;0;0.0;0.0;0.0;0.0;0.0;1.0;1.0;0.0;0.0;1.0;0.0;0.0;0.0;0.0;0.0;0.0;0.0;0.0;0.0;0.0;0.0;0.0;0.0;0.0;0.0;0.0;0.0;0.0;0.0;0.0;0.0;0.0;0.0;0.0;0.0;0.0;0.0;0.0;0.0;0.0;0.0;0.0;0.0;0.0;0.0;0.0;0.0;0.0;0.0;0.0;0.0
2025-02-23;Bragantino;27;6;29;659;666;Ponte Preta;7;2;9;18;2;2;0.36;0.64;287;0.72;13;6;7;2;0;0;3;1.0;0.0;1.0;1.0;1.0;0.0;0.0;0.0;1.0;1.0;0.0;7;0.035555555555555556;0.5384615384615384;207;0.06280193236714976;575.0;0.3333333333333333;8.333333333333334;-9;-0.28;-4;5;7;0.0313588850174216;0.2222222222222222;0.18;1.5;2;0;2;1;0;0;1;0;0.2222222222222222;1.0;0.006968641114982578;4.5;0.0;0.0;1.0;0.0;1.0;1.0;1.0;1.0;0.0;0.0;0.0;0.0;0.0;0.0;0.0;0.0;0.0;0.0;0.0;0.0;0.0;0.0;0.0;0.0;0.0;0.0;0.0;0.0;0.0;0.0;0.0;0.0;0.0;0.0;0.0;0.0;0.0;0.0;0.0;0.0;0.0;0.0;0.0;0.0;0.0;0.0;0.0
2025-02-20;Bragantino;27;0;3;659;670;Mirassol;1;3;13;17;7;3;0.45;0.55;397;0.83;8;10;1;3;0;0;2;1.0;0.0;1.0;1.0;1.0;0.0;1.0;0.0;1.0;1.0;1.0;11;0.03235294117647059;0.125;330;0.024242424242424242;733.3333333333334;0.15384615384615385;4.444444444444445;-4;-0.10000000000000003;-9;-2;-2;0.0327455919395466;0.23076923076923078;0.15;0.6666666666666666;2;1;3;1;0;0;0;1;0.23076923076923078;0.42857142857142855;0.007556675062972292;4.333333333333333;0.0;0.0;1.0;0.0;0.0;0.0;0.0;1.0;1.0;0.0;0.0;0.0;0.0;0.0;0.0;0.0;0.0;0.0;0.0;0.0;0.0;0.0;0.0;0.0;0.0;0.0;0.0;0.0;0.0;0.0;0.0;0.0;0.0;0.0;0.0;0.0;0.0;0.0;0.0;0.0;0.0;0.0;0.0;0.0;0.0;0.0;0.0
2025-02-15;Bragantino;27;0;1;659;-1;Esporte Clube Noroeste;0;0;20;7;5;3;0.58;0.42;488;0.85;7;5;0;0;0;0;6;1.0;1.0;1.0;1.0;1.0;0.0;1.0;0.0;1.0;0.0;1.0;7;0.06;0.0;415;0.016867469879518072;715.5172413793103;0.3;10.344827586206897;13;0.15999999999999998;-1;0;2;0.040983606557377046;0.1;0.29;3.0;1;1;2;1;0;0;0;1;0.1;0.4;0.004098360655737705;10.0;0.0;1.0;1.0;0.0;0.0;0.0;0.0;1.0;0.0;0.0;0.0;0.0;0.0;0.0;0.0;0.0;0.0;0.0;0.0;0.0;0.0;0.0;0.0;0.0;0.0;0.0;0.0;0.0;0.0;0.0;0.0;0.0;0.0;0.0;0.0;0.0;0.0;0.0;0.0;0.0;0.0;0.0;0.0;0.0;0.0;0.0;0.0
2025-02-11;Bragantino;27;0;6;659;673;Botafogo RP;1;1;10;11;2;4;0.66;0.34;484;0.83;7;9;1;1;0;0;7;1.0;1.0;1.0;0.0;0.0;0.0;1.0;0.0;0.0;1.0;1.0;5;0.03090909090909091;0.14285714285714285;402;0.017412935323383085;609.090909090909;0.7;10.606060606060606;-1;0.32;2;0;-2;0.02066115702479339;0.0;0.0;0.0;0;0;0;0;0;1;1;0;0.0;0.0;0.0;0.0;0.0;0.0;1.0;0.0;0.0;1.0;1.0;1.0;0.0;1.0;0.0;0.0;0.0;0.0;0.0;0.0;0.0;0.0;0.0;0.0;0.0;0.0;0.0;0.0;0.0;0.0;0.0;0.0;0.0;0.0;0.0;0.0;0.0;0.0;0.0;0.0;0.0;0.0;0.0;0.0;0.0;0.0;0.0;0.0;0.0;0.0;0.0
2025-02-08;Bragantino;27;14;3;659;201;São Paulo;2;2;11;8;3;0;0.36;0.64;262;0.8;11;17;1;2;1;0;8;1.0;1.0;1.0;0.0;1.0;0.0;1.0;0.0;0.0;1.0;1.0;7;0.08;0.18181818181818182;210;0.05238095238095238;583.3333333333334;0.7272727272727273;22.22222222222222;3;-0.28;1;0;-6;0.04198473282442748;0.09090909090909091;0.36;8.0;1;0;1;1;0;0;0;1;0.09090909090909091;0.3333333333333333;0.003816793893129771;11.0;0.0;0.0;1.0;0.0;0.0;1.0;1.0;1.0;0.0;0.0;0.0;0.0;0.0;0.0;0.0;0.0;0.0;0.0;0.0;0.0;0.0;0.0;0.0;0.0;0.0;0.0;0.0;0.0;0.0;0.0;0.0;0.0;0.0;0.0;0.0;0.0;0.0;0.0;0.0;0.0;0.0;0.0;0.0;0.0;0.0;0.0;0.0
2025-02-04;Bragantino;27;3;17;659;669;Associação Atlética Internacional;2;2;11;11;3;3;0.66;0.34;466;0.83;11;16;2;2;0;0;6;0.0;1.0;1.0;0.0;1.0;0.0;1.0;0.0;0.0;1.0;1.0;2;0.03090909090909091;0.18181818181818182;387;0.028423772609819122;586.3636363636364;0.5454545454545454;9.09090909090909;0;0.32;4;0;-5;0.023605150214592276;0.09090909090909091;0.66;6.0;1;0;1;0;1;0;1;0;0.09090909090909091;0.3333333333333333;0.002145922746781116;11.0;1.0;1.0;0.0;0.0;0.0;1.0;1.0;1.0;0.0;0.0;0.0;0.0;0.0;0.0;0.0;0.0;0.0;0.0;0.0;0.0;0.0;0.0;0.0;0.0;0.0;0.0;0.0;0.0;0.0;0.0;0.0;0.0;0.0;0.0;0.0;0.0;0.0;0.0;0.0;0.0;0.0;0.0;0.0;0.0;0.0;0.0;0.0
2025-01-31;Bragantino;27;7;6;659;671;Novorizontino;2;1;22;11;12;7;0.71;0.29;569;0.86;6;5;2;1;0;0;12;1.0;1.0;0.0;1.0;1.0;0.0;1.0;0.0;0.0;1.0;1.0;2;0.026363636363636363;0.3333333333333333;489;0.012269938650306749;688.7323943661972;0.5454545454545454;16.901408450704228;11;0.42;10;1;1;0.03866432337434095;0.045454545454545456;0.71;12.0;1;0;1;0;0;1;0;1;0.045454545454545456;0.08333333333333333;0.0017574692442882249;22.0;0.0;1.0;0.0;0.0;0.0;1.0;1.0;1.0;0.0;0.0;0.0;0.0;0.0;0.0;0.0;0.0;0.0;0.0;0.0;0.0;0.0;0.0;0.0;0.0;0.0;0.0;0.0;0.0;0.0;0.0;0.0;0.0;0.0;0.0;0.0;0.0;0.0;0.0;0.0;0.0;0.0;0.0;0.0;0.0;0.0;0.0;0.0
2025-01-28;Bragantino;27;3;3;659;217;Palmeiras;4;3;14;14;5;0;0.44;0.56;318;0.79;14;14;4;3;0;0;8;1.0;1.0;1.0;0.0;1.0;0.0;0.0;0.0;1.0;1.0;0.0;9;0.04;0.2857142857142857;251;0.055776892430278883;570.4545454545455;0.5714285714285714;18.181818181818183;0;-0.12000000000000005;-1;1;0;0.0440251572327044;0.0;0.0;0.0;0;0;0;0;1;0;1;0;0.0;0.0;0.0;0.0;0.0;1.0;0.0;0.0;0.0;1.0;1.0;1.0;0.0;0.0;1.0;0.0;0.0;0.0;0.0;0.0;0.0;0.0;0.0;0.0;0.0;0.0;0.0;0.0;0.0;0.0;0.0;0.0;0.0;0.0;0.0;0.0;0.0;0.0;0.0;0.0;0.0;0.0;0.0;0.0;0.0;0.0;0.0;0.0;0.0;0.0;0.0
2025-01-25;Bragantino;27;3;8;659;667;Água Santa;5;0;10;7;2;5;0.49;0.51;362;0.84;10;16;4;0;1;0;4;1.0;0.0;1.0;1.0;0.0;1.0;1.0;0.0;1.0;0.0;0.0;2;0.07285714285714286;0.5;304;0.03289473684210526;620.4081632653061;0.4;8.16326530612245;3;-0.020000000000000018;2;5;-6;0.027624309392265192;0.0;0.0;0.0;0;0;0;0;0;1;1;0;0.0;0.0;0.0;0.0;0.0;0.0;0.0;0.0;1.0;0.0;0.0;0.0;0.0;1.0;0.0;1.0;1.0;1.0;0.0;0.0;0.0;0.0;0.0;0.0;0.0;0.0;0.0;0.0;0.0;0.0;0.0;0.0;0.0;0.0;0.0;0.0;0.0;0.0;0.0;0.0;0.0;0.0;0.0;0.0;0.0;0.0;0.0;0.0;0.0;0.0;0.0
2025-01-22;Bragantino;27;0;6;659;-1;Associação Esportiva Velo Clube Rioclarense;3;1;14;6;2;0;0.7;0.3;522;0.83;13;12;3;1;0;0;4;1.0;1.0;0.0;0.0;1.0;0.0;0.0;0.0;1.0;1.0;1.0;3;0.049999999999999996;0.23076923076923078;433;0.03002309468822171;618.5714285714286;0.2857142857142857;5.714285714285714;8;0.39999999999999997;1;2;1;0.02681992337164751;0.07142857142857142;0.7;4.0;0;1;1;1;0;0;0;1;0.07142857142857142;0.5;0.0019157088122605363;14.0;0.0;1.0;0.0;0.0;0.0;0.0;1.0;1.0;0.0;0.0;1.0;0.0;0.0;0.0;1.0;0.0;0.0;0.0;0.0;0.0;0.0;0.0;0.0;0.0;0.0;0.0;0.0;0.0;0.0;0.0;0.0;0.0;0.0;0.0;0.0;0.0;0.0;0.0;0.0;0.0;0.0;0.0;0.0;0.0;0.0;0.0;0.0
2025-01-19;Bragantino;27;0;9;659;672;São Bernardo;1;1;14;9;4;5;0.63;0.37;444;0.85;8;5;1;1;0;0;8;1.0;0.0;1.0;0.0;1.0;1.0;0.0;0.0;0.0;1.0;0.0;5;0.04111111111111111;0.125;377;0.021220159151193633;598.4126984126984;0.5714285714285714;12.698412698412698;5;0.26;3;0;3;0.03153153153153153;0.14285714285714285;0.315;4.0;2;0;2;0;0;1;1;0;0.14285714285714285;0.5;0.0045045045045045045;7.0;0.0;1.0;0.0;0.0;0.0;1.0;1.0;0.0;0.0;0.0;1.0;0.0;1.0;0.0;1.0;0.0;0.0;0.0;0.0;0.0;0.0;0.0;0.0;0.0;0.0;0.0;0.0;0.0;0.0;0.0;0.0;0.0;0.0;0.0;0.0;0.0;0.0;0.0;0.0;0.0;0.0;0.0;0.0;0.0;0.0;0.0;0.0
2025-01-16;Bragantino;27;3;0;659;652;Corinthians;2;2;13;17;5;7;0.51;0.49;341;0.81;18;8;2;2;0;0;6;1.0;1.0;1.0;0.0;1.0;0.0;0.0;0.0;1.0;1.0;1.0;5;0.028823529411764706;0.1111111111111111;276;0.06521739130434782;541.1764705882352;0.46153846153846156;11.76470588235294;-4;0.020000000000000018;1;0;10;0.03812316715542522;0.07692307692307693;0.51;6.0;1;0;1;0;0;1;0;1;0.07692307692307693;0.2;0.002932551319648094;13.0;0.0;0.0;0.0;0.0;0.0;1.0;0.0;1.0;0.0;0.0;1.0;0.0;0.0;0.0;1.0;0.0;0.0;0.0;0.0;0.0;0.0;0.0;0.0;0.0;0.0;0.0;0.0;0.0;0.0;0.0;0.0;0.0;0.0;0.0;0.0;0.0;0.0;0.0;0.0;0.0;0.0;0.0;0.0;0.0;0.0;0.0;0.0
2024-12-08;Bragantino;10;3;22;659;778;Criciúma;1;3;18;7;8;4;0.48;0.52;292;0.82;9;13;1;3;0;0;6;1.0;1.0;1.0;0.0;1.0;0.0;0.0;0.0;1.0;1.0;1.0;8;0.07428571428571429;0.1111111111111111;239;0.03765690376569038;497.9166666666667;0.3333333333333333;12.5;11;-0.040000000000000036;-2;-2;-4;0.06164383561643835;0.2777777777777778;0.096;1.2;2;3;5;1;0;0;0;1;0.2777777777777778;0.625;0.017123287671232876;3.6;0.0;0.0;0.0;0.0;0.0;0.0;0.0;1.0;0.0;0.0;1.0;0.0;0.0;0.0;1.0;1.0;0.0;0.0;0.0;0.0;0.0;0.0;0.0;0.0;0.0;0.0;0.0;0.0;0.0;0.0;0.0;0.0;0.0;0.0;0.0;0.0;0.0;0.0;0.0;0.0;0.0;0.0;0.0;0.0;0.0;0.0;0.0
2024-12-05;Bragantino;10;3;3;659;649;Paranaense;5;1;13;22;4;7;0.46;0.54;347;0.77;15;14;5;1;0;0;5;1.0;1.0;1.0;0.0;1.0;0.0;0.0;0.0;1.0;1.0;1.0;6;0.024545454545454547;0.3333333333333333;267;0.056179775280898875;580.4347826086956;0.38461538461538464;10.869565217391305;-9;-0.08000000000000002;-1;4;1;0.037463976945244955;0.15384615384615385;0.23;2.5;1;1;2;1;0;0;1;0;0.15384615384615385;0.5;0.005763688760806916;6.5;0.0;0.0;1.0;0.0;0.0;0.0;0.0;1.0;0.0;0.0;0.0;0.0;0.0;0.0;1.0;1.0;0.0;0.0;0.0;0.0;0.0;0.0;0.0;0.0;0.0;0.0;0.0;0.0;0.0;0.0;0.0;0.0;0.0;0.0;0.0;0.0;0.0;0.0;0.0;0.0;0.0;0.0;0.0;0.0;0.0;0.0;0.0
2024-12-01;Bragantino;10;3;3;659;636;Cruzeiro;2;2;7;22;2;2;0.32;0.68;300;0.74;11;14;2;2;0;0;6;1.0;1.0;1.0;0.0;1.0;0.0;0.0;0.0;1.0;1.0;1.0;10;0.03090909090909091;0.18181818181818182;222;0.04954954954954955;693.75;0.8571428571428571;18.75;-15;-0.36000000000000004;-4;0;-3;0.023333333333333334;0.14285714285714285;0.32;6.0;1;0;1;0;1;0;0;1;0.14285714285714285;0.5;0.0033333333333333335;7.0;0.0;0.0;1.0;0.0;0.0;0.0;0.0;1.0;0.0;0.0;0.0;0.0;0.0;0.0;1.0;0.0;1.0;0.0;0.0;0.0;0.0;0.0;0.0;0.0;0.0;0.0;0.0;0.0;0.0;0.0;0.0;0.0;0.0;0.0;0.0;0.0;0.0;0.0;0.0;0.0;0.0;0.0;0.0;0.0;0.0;0.0;0.0
2024-11-24;Bragantino;10;3;3;659;641;Internacional;2;2;5;16;1;7;0.45;0.55;350;0.78;12;16;2;2;0;0;4;1.0;0.0;1.0;0.0;1.0;0.0;0.0;0.0;1.0;1.0;1.0;8;0.034375;0.16666666666666666;273;0.04395604395604396;606.6666666666666;0.8;8.88888888888889;-11;-0.10000000000000003;-4;0;-4;0.014285714285714285;0.2;0.45;4.0;1;0;1;0;0;1;1;0;0.2;1.0;0.002857142857142857;5.0;0.0;0.0;1.0;0.0;0.0;0.0;1.0;1.0;0.0;0.0;1.0;0.0;0.0;0.0;0.0;1.0;0.0;0.0;0.0;0.0;0.0;0.0;0.0;0.0;0.0;0.0;0.0;0.0;0.0;0.0;0.0;0.0;0.0;0.0;0.0;0.0;0.0;0.0;0.0;0.0;0.0;0.0;0.0;0.0;0.0;0.0;0.0
2024-11-20;Bragantino;10;3;3;659;201;São Paulo;3;2;18;10;5;2;0.43;0.57;340;0.81;16;12;3;2;0;0;1;1.0;1.0;1.0;0.0;1.0;0.0;0.0;0.0;1.0;1.0;1.0;1;0.056999999999999995;0.1875;275;0.05818181818181818;639.5348837209302;0.05555555555555555;2.3255813953488373;8;-0.13999999999999996;0;1;4;0.052941176470588235;0.05555555555555555;0.43;1.0;1;0;1;0;1;0;0;1;0.05555555555555555;0.2;0.0029411764705882353;18.0;0.0;0.0;1.0;0.0;0.0;0.0;1.0;1.0;0.0;0.0;0.0;0.0;0.0;0.0;0.0;1.0;0.0;0.0;0.0;0.0;0.0;0.0;0.0;0.0;0.0;0.0;0.0;0.0;0.0;0.0;0.0;0.0;0.0;0.0;0.0;0.0;0.0;0.0;0.0;0.0;0.0;0.0;0.0;0.0;0.0;0.0;0.0
2024-11-09;Bragantino;10;3;3;659;776;Atlético Goianiense;2;3;17;10;7;4;0.6;0.4;458;0.82;11;14;2;3;0;0;6;1.0;1.0;1.0;0.0;1.0;0.0;0.0;0.0;1.0;0.0;1.0;7;0.04;0.18181818181818182;376;0.02925531914893617;626.6666666666667;0.35294117647058826;10.0;7;0.19999999999999996;-1;-1;-3;0.03711790393013101;0.0;0.0;0.0;0;0;0;0;1;0;1;0;0.0;0.0;0.0;0.0;0.0;0.0;0.0;0.0;0.0;0.0;1.0;1.0;0.0;0.0;1.0;0.0;0.0;0.0;0.0;1.0;1.0;0.0;0.0;0.0;0.0;0.0;0.0;0.0;0.0;0.0;0.0;0.0;0.0;0.0;0.0;0.0;0.0;0.0;0.0;0.0;0.0;0.0;0.0;0.0;0.0;0.0;0.0;0.0;0.0;0.0;0.0
2024-11-02;Bragantino;10;3;7;659;656;Cuiabá;1;3;18;7;4;1;0.68;0.32;546;0.86;8;11;1;3;0;0;11;1.0;1.0;1.0;0.0;1.0;0.0;0.0;0.0;1.0;0.0;1.0;5;0.045714285714285714;0.125;470;0.01702127659574468;691.1764705882352;0.6111111111111112;16.176470588235293;11;0.36000000000000004;6;-2;-3;0.03296703296703297;0.0;0.0;0.0;0;0;0;0;1;0;0;1;0.0;0.0;0.0;0.0;0.0;0.0;1.0;0.0;0.0;0.0;1.0;1.0;0.0;0.0;0.0;0.0;0.0;0.0;0.0;1.0;1.0;0.0;0.0;0.0;0.0;0.0;0.0;0.0;0.0;0.0;0.0;0.0;0.0;0.0;0.0;0.0;0.0;0.0;0.0;0.0;0.0;0.0;0.0;0.0;0.0;0.0;0.0;0.0;0.0;0.0;0.0
2024-10-26;Bragantino;10;3;3;659;210;Botafogo;1;1;6;19;1;5;0.38;0.62;275;0.72;13;17;1;1;0;0;3;1.0;0.0;1.0;0.0;1.0;0.0;0.0;0.0;1.0;0.0;1.0;6;0.03263157894736842;0.07692307692307693;198;0.06565656565656566;521.0526315789474;0.5;7.894736842105263;-13;-0.24;-3;0;-4;0.02181818181818182;0.0;0.0;0.0;0;0;0;0;0;1;0;1;0.0;0.0;0.0;0.0;0.0;0.0;1.0;0.0;0.0;0.0;1.0;1.0;0.0;0.0;1.0;0.0;1.0;0.0;0.0;0.0;1.0;0.0;0.0;0.0;0.0;0.0;0.0;0.0;0.0;0.0;0.0;0.0;0.0;0.0;0.0;0.0;0.0;0.0;0.0;0.0;0.0;0.0;0.0;0.0;0.0;0.0;0.0;0.0;0.0;0.0;0.0
2024-10-19;Bragantino;10;3;3;659;693;Vitória;1;2;9;11;1;3;0.51;0.49;403;0.8;8;15;1;2;0;0;5;0.0;1.0;1.0;0.0;0.0;0.0;0.0;0.0;0.0;0.0;0.0;5;0.04454545454545455;0.125;322;0.024844720496894408;631.3725490196078;0.5555555555555556;9.803921568627452;-2;0.020000000000000018;0;-1;-7;0.022332506203473945;0.0;0.0;0.0;0;0;0;0;0;1;1;0;0.0;0.0;0.0;0.0;1.0;1.0;0.0;0.0;0.0;0.0;1.0;1.0;0.0;0.0;1.0;0.0;0.0;0.0;0.0;1.0;1.0;1.0;1.0;0.0;0.0;0.0;0.0;0.0;0.0;0.0;0.0;0.0;0.0;0.0;0.0;0.0;0.0;0.0;0.0;0.0;0.0;0.0;0.0;0.0;0.0;0.0;0.0;0.0;0.0;0.0;0.0
2024-10-05;Bragantino;10;7;3;659;217;Palmeiras;5;4;17;14;5;5;0.4;0.6;351;0.74;7;14;4;3;1;1;1;1.0;1.0;1.0;0.0;0.0;0.0;0.0;0.0;0.0;0.0;1.0;3;0.04285714285714286;0.7142857142857143;260;0.026923076923076925;650.0;0.058823529411764705;2.5;3;-0.19999999999999996;-2;1;-7;0.04843304843304843;0.0;0.0;0.0;0;0;0;0;1;0;0;1;0.0;0.0;0.0;0.0;0.0;1.0;0.0;0.0;0.0;0.0;1.0;1.0;0.0;1.0;1.0;0.0;0.0;0.0;0.0;1.0;1.0;0.0;0.0;0.0;0.0;0.0;0.0;0.0;0.0;0.0;0.0;0.0;0.0;0.0;0.0;0.0;0.0;0.0;0.0;0.0;0.0;0.0;0.0;0.0;0.0;0.0;0.0;0.0;0.0;0.0;0.0
2024-09-29;Bragantino;10;7;3;659;779;Juventude;6;1;15;12;6;6;0.47;0.53;345;0.78;19;9;6;1;0;0;5;1.0;0.0;1.0;0.0;0.0;0.0;0.0;0.0;1.0;0.0;1.0;4;0.04416666666666667;0.3157894736842105;269;0.07063197026022305;572.3404255319149;0.3333333333333333;10.638297872340425;3;-0.06000000000000005;1;5;10;0.043478260869565216;0.06666666666666667;0.47;5.0;0;1;1;0;1;0;1;0;0.06666666666666667;0.16666666666666666;0.002898550724637681;15.0;0.0;0.0;1.0;0.0;0.0;0.0;1.0;1.0;0.0;1.0;1.0;0.0;0.0;0.0;0.0;0.0;1.0;0.0;0.0;1.0;0.0;0.0;0.0;0.0;0.0;0.0;0.0;0.0;0.0;0.0;0.0;0.0;0.0;0.0;0.0;0.0;0.0;0.0;0.0;0.0;0.0;0.0;0.0;0.0;0.0;0.0;0.0
2024-09-25;Bragantino;10;2;3;659;641;Internacional;3;2;11;24;4;11;0.45;0.55;387;0.77;13;13;3;2;0;0;1;1.0;0.0;1.0;0.0;0.0;0.0;0.0;0.0;1.0;0.0;1.0;9;0.02291666666666667;0.23076923076923078;298;0.0436241610738255;662.2222222222222;0.09090909090909091;2.2222222222222223;-13;-0.10000000000000003;-8;1;0;0.028423772609819122;0.18181818181818182;0.225;0.5;1;1;2;0;1;0;0;1;0.18181818181818182;0.5;0.00516795865633075;5.5;0.0;1.0;1.0;0.0;0.0;0.0;0.0;1.0;0.0;0.0;0.0;0.0;0.0;0.0;0.0;1.0;1.0;1.0;0.0;1.0;0.0;0.0;0.0;0.0;0.0;0.0;0.0;0.0;0.0;0.0;0.0;0.0;0.0;0.0;0.0;0.0;0.0;0.0;0.0;0.0;0.0;0.0;0.0;0.0;0.0;0.0;0.0
2024-09-22;Bragantino;10;0;2;659;220;Atlético Mineiro;3;2;8;13;3;8;0.49;0.51;390;0.74;9;14;3;2;0;0;2;1.0;1.0;1.0;0.0;0.0;0.0;0.0;0.0;1.0;1.0;1.0;4;0.03923076923076923;0.3333333333333333;289;0.031141868512110725;589.795918367347;0.25;4.081632653061225;-5;-0.020000000000000018;-2;1;-5;0.020512820512820513;0.0;0.0;0.0;0;0;0;0;0;1;1;0;0.0;0.0;0.0;0.0;0.0;0.0;0.0;0.0;0.0;0.0;0.0;1.0;0.0;1.0;0.0;0.0;0.0;0.0;1.0;0.0;1.0;0.0;0.0;0.0;1.0;0.0;0.0;0.0;0.0;0.0;0.0;0.0;0.0;0.0;0.0;0.0;0.0;0.0;0.0;0.0;0.0;0.0;0.0;0.0;0.0;0.0;0.0;0.0;0.0;0.0;0.0
2024-09-15;Bragantino;10;0;0;659;206;Grêmio;5;1;23;8;6;4;0.46;0.54;300;0.78;12;7;5;1;0;0;6;1.0;0.0;0.0;0.0;0.0;0.0;0.0;0.0;1.0;0.0;1.0;7;0.0675;0.4166666666666667;234;0.05128205128205128;508.695652173913;0.2608695652173913;13.043478260869565;15;-0.08000000000000002;-1;4;5;0.07666666666666666;0.08695652173913043;0.23;3.0;1;1;2;0;1;0;0;1;0.08695652173913043;0.3333333333333333;0.006666666666666667;11.5;0.0;1.0;0.0;0.0;0.0;0.0;0.0;1.0;0.0;1.0;1.0;0.0;0.0;0.0;1.0;0.0;1.0;0.0;0.0;1.0;1.0;0.0;0.0;0.0;0.0;0.0;0.0;0.0;0.0;0.0;0.0;0.0;0.0;0.0;0.0;0.0;0.0;0.0;0.0;0.0;0.0;0.0;0.0;0.0;0.0;0.0;0.0
2024-09-01;Bragantino;10;17;28;659;697;Bahía;2;3;15;16;6;6;0.3;0.7;254;0.75;8;13;2;3;0;0;5;1.0;0.0;0.0;0.0;0.0;0.0;0.0;0.0;1.0;0.0;1.0;10;0.04375;0.25;190;0.042105263157894736;633.3333333333334;0.3333333333333333;16.666666666666668;-1;-0.39999999999999997;-5;-1;-5;0.05905511811023622;0.13333333333333333;0.15;2.5;0;2;2;1;0;0;0;1;0.13333333333333333;0.3333333333333333;0.007874015748031496;7.5;0.0;0.0;0.0;0.0;0.0;0.0;0.0;1.0;0.0;0.0;1.0;0.0;0.0;0.0;1.0;1.0;1.0;0.0;0.0;1.0;1.0;1.0;0.0;0.0;0.0;0.0;0.0;0.0;0.0;0.0;0.0;0.0;0.0;0.0;0.0;0.0;0.0;0.0;0.0;0.0;0.0;0.0;0.0;0.0;0.0;0.0;0.0
2024-08-28;Bragantino;10;0;7;659;778;Criciúma;5;3;15;13;6;2;0.52;0.48;363;0.79;15;17;5;3;0;0;8;1.0;1.0;0.0;0.0;0.0;0.0;0.0;0.0;0.0;0.0;1.0;6;0.03692307692307692;0.3333333333333333;287;0.05226480836236934;551.9230769230769;0.5333333333333333;15.384615384615383;2;0.040000000000000036;2;2;-2;0.04132231404958678;0.0;0.0;0.0;0;0;0;0;0;1;1;0;0.0;0.0;0.0;0.0;0.0;1.0;0.0;0.0;0.0;0.0;1.0;1.0;0.0;1.0;1.0;0.0;0.0;0.0;0.0;1.0;1.0;0.0;0.0;1.0;0.0;0.0;0.0;0.0;0.0;0.0;0.0;0.0;0.0;0.0;0.0;0.0;0.0;0.0;0.0;0.0;0.0;0.0;0.0;0.0;0.0;0.0;0.0;0.0;0.0;0.0;0.0
2024-08-25;Bragantino;10;3;3;659;214;Flamengo;1;1;12;13;2;7;0.44;0.56;363;0.8;12;13;1;1;0;0;10;1.0;1.0;0.0;0.0;0.0;0.0;0.0;0.0;1.0;0.0;1.0;6;0.04307692307692308;0.08333333333333333;290;0.041379310344827586;659.0909090909091;0.8333333333333334;22.727272727272727;-1;-0.12000000000000005;4;0;-1;0.03305785123966942;0.08333333333333333;0.44;10.0;0;1;1;0;0;1;1;0;0.08333333333333333;0.5;0.0027548209366391185;12.0;0.0;1.0;0.0;0.0;0.0;0.0;1.0;0.0;0.0;0.0;1.0;0.0;1.0;0.0;0.0;0.0;0.0;1.0;0.0;1.0;1.0;0.0;0.0;0.0;0.0;0.0;0.0;0.0;0.0;0.0;0.0;0.0;0.0;0.0;0.0;0.0;0.0;0.0;0.0;0.0;0.0;0.0;0.0;0.0;0.0;0.0;0.0
2024-08-20;Bragantino;-1;6;2;659;652;Corinthians;3;1;18;13;7;6;0.55;0.45;342;0.78;14;8;3;1;0;0;7;0.0;0.0;0.0;0.0;0.0;0.0;0.0;0.0;1.0;0.0;1.0;4;0.03461538461538462;0.21428571428571427;267;0.052434456928838954;485.45454545454544;0.3888888888888889;12.727272727272727;5;0.10000000000000003;3;2;6;0.05263157894736842;0.1111111111111111;0.275;3.5;0;2;2;1;0;0;1;0;0.1111111111111111;0.2857142857142857;0.005847953216374269;9.0;0.0;0.0;0.0;0.0;0.0;0.0;1.0;1.0;0.0;0.0;0.0;0.0;0.0;1.0;0.0;1.0;1.0;1.0;0.0;1.0;0.0;0.0;1.0;1.0;0.0;0.0;0.0;0.0;0.0;0.0;0.0;0.0;0.0;0.0;0.0;0.0;0.0;0.0;0.0;0.0;0.0;0.0;0.0;0.0;0.0;0.0;0.0
2024-08-17;Bragantino;10;0;3;659;644;Fortaleza;4;4;13;14;9;7;0.61;0.39;457;0.8;19;13;4;4;0;0;9;0.0;1.0;0.0;0.0;0.0;0.0;0.0;0.0;1.0;1.0;0.0;2;0.027857142857142858;0.21052631578947367;366;0.05191256830601093;600.0;0.6923076923076923;14.754098360655737;-1;0.21999999999999997;7;0;6;0.028446389496717725;0.07692307692307693;0.61;9.0;1;0;1;0;0;1;0;1;0.07692307692307693;0.1111111111111111;0.002188183807439825;13.0;0.0;0.0;0.0;0.0;0.0;0.0;1.0;0.0;0.0;0.0;0.0;0.0;1.0;1.0;0.0;1.0;0.0;1.0;0.0;1.0;1.0;0.0;1.0;0.0;0.0;0.0;0.0;0.0;0.0;0.0;0.0;0.0;0.0;0.0;0.0;0.0;0.0;0.0;0.0;0.0;0.0;0.0;0.0;0.0;0.0;0.0;0.0
2024-08-13;Bragantino;-1;0;17;659;652;Corinthians;1;2;20;9;4;3;0.73;0.27;513;0.82;13;15;1;2;0;0;9;0.0;0.0;0.0;0.0;0.0;0.0;0.0;0.0;1.0;0.0;1.0;5;0.030000000000000002;0.07692307692307693;421;0.030878859857482184;576.7123287671233;0.45;12.32876712328767;11;0.45999999999999996;4;-1;-2;0.03898635477582846;0.05;0.73;9.0;0;1;1;0;0;1;0;1;0.05;0.25;0.001949317738791423;20.0;0.0;1.0;0.0;0.0;0.0;0.0;1.0;1.0;0.0;0.0;1.0;0.0;0.0;0.0;0.0;0.0;0.0;1.0;0.0;1.0;0.0;1.0;1.0;1.0;0.0;0.0;0.0;0.0;0.0;0.0;0.0;0.0;0.0;0.0;0.0;0.0;0.0;0.0;0.0;0.0;0.0;0.0;0.0;0.0;0.0;0.0;0.0
2024-08-10;Bragantino;10;0;22;659;652;Corinthians;6;4;11;19;6;5;0.37;0.63;294;0.68;18;11;6;4;0;0;6;0.0;0.0;1.0;0.0;0.0;0.0;0.0;0.0;0.0;0.0;0.0;6;0.03315789473684211;0.3333333333333333;200;0.09;540.5405405405405;0.5454545454545454;16.216216216216218;-8;-0.26;0;2;7;0.03741496598639456;0.09090909090909091;0.37;6.0;1;0;1;0;1;0;1;0;0.09090909090909091;0.16666666666666666;0.003401360544217687;11.0;1.0;1.0;0.0;0.0;0.0;0.0;0.0;1.0;0.0;0.0;0.0;0.0;0.0;0.0;0.0;1.0;1.0;1.0;0.0;1.0;1.0;1.0;0.0;1.0;0.0;0.0;0.0;0.0;0.0;0.0;0.0;0.0;0.0;0.0;0.0;0.0;0.0;0.0;0.0;0.0;0.0;0.0;0.0;0.0;0.0;0.0;0.0
2024-08-07;Bragantino;12;0;1;659;649;Paranaense;5;2;28;13;9;5;0.68;0.32;471;0.83;14;9;5;2;0;0;11;1.0;0.0;0.0;0.0;0.0;0.0;0.0;0.0;0.0;0.0;0.0;1;0.024615384615384615;0.35714285714285715;391;0.03580562659846547;575.0;0.39285714285714285;16.176470588235293;15;0.36000000000000004;10;3;5;0.059447983014861996;0.07142857142857142;0.34;5.5;0;2;2;0;0;1;0;1;0.07142857142857142;0.2222222222222222;0.004246284501061571;14.0;0.0;1.0;0.0;0.0;0.0;0.0;0.0;1.0;0.0;0.0;1.0;0.0;0.0;1.0;1.0;1.0;0.0;1.0;0.0;1.0;0.0;1.0;0.0;1.0;0.0;0.0;0.0;0.0;0.0;0.0;0.0;0.0;0.0;0.0;0.0;0.0;0.0;0.0;0.0;0.0;0.0;0.0;0.0;0.0;0.0;0.0;0.0
2024-08-03;Bragantino;10;0;3;659;777;Vasco da Gama;1;4;7;11;3;3;0.36;0.64;314;0.78;18;8;1;4;0;0;3;0.0;0.0;0.0;0.0;0.0;1.0;0.0;0.0;1.0;0.0;0.0;4;0.05818181818181818;0.05555555555555555;245;0.07346938775510205;680.5555555555555;0.42857142857142855;8.333333333333334;-4;-0.28;-1;-3;10;0.022292993630573247;0.2857142857142857;0.18;1.5;1;1;2;0;1;0;1;0;0.2857142857142857;0.6666666666666666;0.006369426751592357;3.5;1.0;0.0;0.0;0.0;1.0;0.0;0.0;0.0;0.0;1.0;0.0;0.0;1.0;1.0;1.0;0.0;0.0;0.0;0.0;1.0;1.0;0.0;0.0;0.0;1.0;0.0;0.0;0.0;0.0;0.0;0.0;0.0;0.0;0.0;0.0;0.0;0.0;0.0;0.0;0.0;0.0;0.0;0.0;0.0;0.0;0.0;0.0
2024-07-31;Bragantino;12;3;16;659;649;Paranaense;1;4;16;10;6;3;0.72;0.28;530;0.83;11;17;1;4;0;0;8;1.0;0.0;0.0;0.0;0.0;0.0;0.0;0.0;0.0;0.0;0.0;1;0.028000000000000004;0.09090909090909091;440;0.025;611.1111111111111;0.5;11.11111111111111;6;0.43999999999999995;7;-3;-6;0.03018867924528302;0.0;0.0;0.0;0;0;0;0;0;1;1;0;0.0;0.0;0.0;0.0;0.0;1.0;0.0;0.0;0.0;0.0;0.0;1.0;0.0;0.0;0.0;0.0;0.0;0.0;1.0;1.0;1.0;1.0;0.0;1.0;1.0;1.0;0.0;1.0;0.0;0.0;0.0;0.0;0.0;0.0;0.0;0.0;0.0;0.0;0.0;0.0;0.0;0.0;0.0;0.0;0.0;0.0;0.0;0.0;0.0;0.0;0.0
2024-07-28;Bragantino;10;3;3;659;197;Fluminense;1;2;13;7;2;3;0.59;0.41;466;0.8;12;13;1;2;0;0;5;0.0;0.0;0.0;0.0;0.0;0.0;0.0;0.0;0.0;0.0;0.0;6;0.058571428571428566;0.08333333333333333;373;0.032171581769437;632.2033898305085;0.38461538461538464;8.474576271186441;6;0.18;-1;-1;-1;0.027896995708154508;0.0;0.0;0.0;0;0;0;0;0;1;0;1;0.0;0.0;0.0;0.0;1.0;0.0;0.0;0.0;0.0;0.0;0.0;1.0;0.0;0.0;0.0;0.0;0.0;1.0;1.0;1.0;1.0;1.0;0.0;1.0;1.0;1.0;0.0;1.0;0.0;0.0;0.0;0.0;0.0;0.0;0.0;0.0;0.0;0.0;0.0;0.0;0.0;0.0;0.0;0.0;0.0;0.0;0.0;0.0;0.0;0.0;0.0
2024-07-24;Bragantino;-1;3;3;659;203;Barcelona SC;2;2;13;7;5;2;0.45;0.55;280;0.76;15;10;2;2;0;0;3;1.0;0.0;0.0;0.0;1.0;0.0;0.0;0.0;0.0;0.0;0.0;9;0.07857142857142858;0.13333333333333333;213;0.07042253521126761;473.3333333333333;0.23076923076923078;6.666666666666666;6;-0.10000000000000003;-6;0;5;0.04642857142857143;0.23076923076923078;0.15;1.0;1;2;3;1;0;0;0;1;0.23076923076923078;0.6;0.010714285714285714;4.333333333333333;0.0;0.0;0.0;0.0;0.0;0.0;1.0;1.0;0.0;0.0;0.0;0.0;0.0;1.0;0.0;1.0;0.0;1.0;0.0;1.0;1.0;1.0;0.0;1.0;0.0;0.0;0.0;0.0;0.0;0.0;0.0;0.0;0.0;0.0;0.0;0.0;0.0;0.0;0.0;0.0;0.0;0.0;0.0;0.0;0.0;0.0;0.0
2024-07-21;Bragantino;10;3;3;659;649;Paranaense;3;7;12;19;3;7;0.35;0.65;305;0.76;6;14;2;7;1;0;2;1.0;0.0;1.0;0.0;1.0;0.0;0.0;0.0;0.0;0.0;0.0;11;0.034210526315789476;0.5;232;0.02586206896551724;662.8571428571429;0.16666666666666666;5.714285714285714;-7;-0.30000000000000004;-9;-4;-8;0.03934426229508197;0.08333333333333333;0.35;2.0;1;0;1;1;0;0;0;1;0.08333333333333333;0.3333333333333333;0.003278688524590164;12.0;0.0;0.0;0.0;0.0;0.0;0.0;1.0;1.0;0.0;0.0;0.0;0.0;0.0;1.0;0.0;1.0;0.0;1.0;0.0;0.0;1.0;1.0;0.0;1.0;0.0;0.0;0.0;0.0;0.0;0.0;0.0;0.0;0.0;0.0;0.0;0.0;0.0;0.0;0.0;0.0;0.0;0.0;0.0;0.0;0.0;0.0;0.0
2024-07-17;Bragantino;-1;0;3;659;203;Barcelona SC;2;3;12;16;4;5;0.45;0.55;355;0.75;10;8;2;3;0;0;0;1.0;0.0;1.0;0.0;0.0;1.0;0.0;0.0;0.0;0.0;1.0;6;0.034375;0.2;266;0.03759398496240601;591.1111111111111;0.0;0.0;-4;-0.10000000000000003;-6;-1;2;0.03380281690140845;0.08333333333333333;0.45;0.0;1;0;1;0;1;0;1;0;0.08333333333333333;0.25;0.0028169014084507044;12.0;0.0;1.0;1.0;0.0;0.0;0.0;1.0;1.0;0.0;0.0;0.0;0.0;0.0;0.0;0.0;0.0;0.0;1.0;0.0;0.0;0.0;1.0;0.0;1.0;0.0;0.0;0.0;0.0;0.0;0.0;0.0;0.0;0.0;0.0;0.0;0.0;0.0;0.0;0.0;0.0;0.0;0.0;0.0;0.0;0.0;0.0;0.0
2024-07-13;Bragantino;10;3;0;659;636;Cruzeiro;2;2;15;10;5;4;0.46;0.54;375;0.76;14;11;2;2;0;0;8;1.0;0.0;1.0;0.0;1.0;1.0;0.0;0.0;0.0;0.0;1.0;1;0.054000000000000006;0.14285714285714285;285;0.04912280701754386;619.5652173913044;0.5333333333333333;17.391304347826086;5;-0.08000000000000002;7;0;3;0.04;0.06666666666666667;0.46;8.0;0;1;1;0;0;1;1;0;0.06666666666666667;0.2;0.0026666666666666666;15.0;0.0;1.0;0.0;0.0;0.0;0.0;0.0;1.0;0.0;0.0;0.0;0.0;0.0;0.0;0.0;1.0;0.0;1.0;0.0;0.0;0.0;1.0;0.0;1.0;0.0;0.0;0.0;0.0;0.0;0.0;0.0;0.0;0.0;0.0;0.0;0.0;0.0;0.0;0.0;0.0;0.0;0.0;0.0;0.0;0.0;0.0;0.0
2024-07-06;Bragantino;10;3;3;659;201;São Paulo;2;2;10;14;3;4;0.4;0.6;313;0.76;9;10;2;2;0;0;3;1.0;0.0;1.0;0.0;1.0;1.0;0.0;0.0;0.0;0.0;1.0;6;0.04285714285714286;0.2222222222222222;238;0.037815126050420166;595.0;0.3;7.5;-4;-0.19999999999999996;-3;0;-1;0.03194888178913738;0.0;0.0;0.0;0;0;0;0;0;1;1;0;0.0;0.0;0.0;0.0;0.0;1.0;0.0;0.0;0.0;0.0;0.0;1.0;0.0;0.0;0.0;0.0;0.0;0.0;0.0;1.0;0.0;1.0;0.0;0.0;1.0;0.0;0.0;1.0;0.0;0.0;0.0;0.0;0.0;0.0;0.0;0.0;0.0;0.0;0.0;0.0;0.0;0.0;0.0;0.0;0.0;0.0;0.0;0.0;0.0;0.0;0.0
2024-07-03;Bragantino;10;3;3;659;776;Atlético Goianiense;2;3;13;13;5;6;0.52;0.48;389;0.78;15;9;2;3;0;0;3;1.0;0.0;1.0;0.0;1.0;0.0;0.0;0.0;0.0;0.0;1.0;8;0.03692307692307692;0.13333333333333333;303;0.04950495049504951;582.6923076923076;0.23076923076923078;5.769230769230769;0;0.040000000000000036;-5;-1;6;0.033419023136246784;0.23076923076923078;0.17333333333333334;1.0;3;0;3;1;0;0;0;1;0.23076923076923078;0.6;0.007712082262210797;4.333333333333333;0.0;1.0;0.0;0.0;0.0;0.0;0.0;1.0;0.0;0.0;1.0;0.0;0.0;0.0;0.0;1.0;0.0;1.0;0.0;0.0;0.0;1.0;0.0;1.0;0.0;0.0;0.0;0.0;0.0;0.0;0.0;0.0;0.0;0.0;0.0;0.0;0.0;0.0;0.0;0.0;0.0;0.0;0.0;0.0;0.0;0.0;0.0
2024-06-29;Bragantino;10;3;0;659;656;Cuiabá;2;5;14;5;5;2;0.67;0.33;530;0.87;16;13;2;4;0;1;11;1.0;0.0;1.0;0.0;1.0;1.0;0.0;0.0;0.0;0.0;0.0;3;0.066;0.125;461;0.03470715835140998;688.0597014925373;0.7857142857142857;16.417910447761194;9;0.34;8;-3;3;0.026415094339622643;0.07142857142857142;0.67;11.0;1;0;1;0;1;0;1;0;0.07142857142857142;0.2;0.0018867924528301887;14.0;0.0;0.0;0.0;0.0;0.0;0.0;0.0;1.0;0.0;0.0;0.0;0.0;0.0;0.0;0.0;1.0;1.0;1.0;0.0;0.0;0.0;1.0;0.0;1.0;0.0;1.0;0.0;0.0;0.0;0.0;0.0;0.0;0.0;0.0;0.0;0.0;0.0;0.0;0.0;0.0;0.0;0.0;0.0;0.0;0.0;0.0;0.0
2024-06-26;Bragantino;10;6;3;659;210;Botafogo;3;2;13;12;6;4;0.52;0.48;426;0.81;12;13;3;2;0;0;4;0.0;0.0;1.0;0.0;1.0;0.0;0.0;0.0;0.0;0.0;0.0;7;0.04;0.25;345;0.034782608695652174;663.4615384615385;0.3076923076923077;7.692307692307692;1;0.040000000000000036;-3;1;-1;0.03051643192488263;0.07692307692307693;0.52;4.0;1;0;1;0;0;1;1;0;0.07692307692307693;0.16666666666666666;0.002347417840375587;13.0;1.0;0.0;0.0;0.0;0.0;0.0;1.0;1.0;0.0;0.0;1.0;0.0;0.0;1.0;0.0;0.0;1.0;1.0;0.0;0.0;1.0;1.0;0.0;0.0;0.0;0.0;0.0;0.0;0.0;0.0;0.0;0.0;0.0;0.0;0.0;0.0;0.0;0.0;0.0;0.0;0.0;0.0;0.0;0.0;0.0;0.0;0.0
2024-06-23;Bragantino;10;0;4;659;693;Vitória;3;2;16;10;6;5;0.64;0.36;554;0.85;10;11;3;2;0;0;6;1.0;0.0;1.0;0.0;1.0;1.0;0.0;0.0;0.0;0.0;1.0;7;0.036;0.3;471;0.021231422505307854;735.9375;0.375;9.375;6;0.28;-1;1;-1;0.02888086642599278;0.125;0.32;3.0;1;1;2;1;0;0;0;1;0.125;0.3333333333333333;0.0036101083032490976;8.0;0.0;0.0;0.0;0.0;0.0;0.0;0.0;1.0;0.0;0.0;1.0;0.0;0.0;0.0;0.0;0.0;1.0;1.0;0.0;0.0;1.0;1.0;0.0;0.0;0.0;0.0;0.0;0.0;0.0;0.0;0.0;0.0;0.0;0.0;0.0;0.0;0.0;0.0;0.0;0.0;0.0;0.0;0.0;0.0;0.0;0.0;0.0
2024-06-20;Bragantino;10;0;3;659;217;Palmeiras;2;0;13;24;3;7;0.59;0.41;462;0.8;9;10;2;0;0;0;3;1.0;0.0;1.0;0.0;1.0;1.0;0.0;0.0;0.0;0.0;1.0;10;0.017083333333333332;0.2222222222222222;370;0.024324324324324326;627.1186440677966;0.23076923076923078;5.084745762711865;-11;0.18;-7;2;-1;0.02813852813852814;0.07692307692307693;0.59;3.0;0;1;1;0;0;1;1;0;0.07692307692307693;0.3333333333333333;0.0021645021645021645;13.0;0.0;1.0;1.0;0.0;0.0;0.0;1.0;1.0;0.0;0.0;0.0;0.0;0.0;0.0;0.0;0.0;0.0;0.0;0.0;0.0;0.0;1.0;0.0;1.0;0.0;0.0;0.0;0.0;0.0;0.0;0.0;0.0;0.0;0.0;0.0;0.0;0.0;0.0;0.0;0.0;0.0;0.0;0.0;0.0;0.0;0.0;0.0
2024-06-15;Bragantino;10;0;3;659;779;Juventude;5;4;6;14;2;6;0.35;0.65;296;0.76;12;12;4;4;1;0;1;1.0;0.0;1.0;0.0;0.0;0.0;0.0;0.0;0.0;0.0;0.0;1;0.04642857142857143;0.4166666666666667;225;0.05333333333333334;642.8571428571429;0.16666666666666666;2.857142857142857;-8;-0.30000000000000004;0;1;0;0.02027027027027027;0.3333333333333333;0.175;0.5;1;1;2;1;0;0;0;1;0.3333333333333333;1.0;0.006756756756756757;3.0;0.0;1.0;1.0;0.0;0.0;0.0;1.0;1.0;0.0;0.0;1.0;0.0;1.0;1.0;0.0;0.0;0.0;1.0;0.0;0.0;0.0;1.0;0.0;0.0;0.0;0.0;0.0;0.0;0.0;0.0;0.0;0.0;0.0;0.0;0.0;0.0;0.0;0.0;0.0;0.0;0.0;0.0;0.0;0.0;0.0;0.0;0.0
2024-06-11;Bragantino;10;0;2;659;220;Atlético Mineiro;6;5;15;10;5;4;0.56;0.44;421;0.8;17;18;5;4;1;1;8;1.0;0.0;0.0;0.0;1.0;1.0;0.0;0.0;0.0;0.0;0.0;5;0.044;0.35294117647058826;337;0.050445103857566766;601.7857142857142;0.5333333333333333;14.285714285714285;5;0.12000000000000005;3;1;-1;0.035629453681710214;0.06666666666666667;0.56;8.0;1;0;1;0;0;1;0;1;0.06666666666666667;0.2;0.0023752969121140144;15.0;0.0;1.0;1.0;0.0;0.0;0.0;1.0;1.0;0.0;0.0;1.0;0.0;0.0;1.0;0.0;0.0;0.0;1.0;0.0;0.0;0.0;1.0;0.0;0.0;0.0;0.0;0.0;0.0;0.0;0.0;0.0;0.0;0.0;0.0;0.0;0.0;0.0;0.0;0.0;0.0;0.0;0.0;0.0;0.0;0.0;0.0;0.0
2024-06-01;Bragantino;10;0;3;659;206;Grêmio;2;4;14;9;4;1;0.56;0.44;504;0.82;19;16;2;4;0;0;0;1.0;0.0;1.0;0.0;1.0;1.0;0.0;0.0;0.0;0.0;0.0;6;0.04888888888888889;0.10526315789473684;413;0.04600484261501211;737.4999999999999;0.0;0.0;5;0.12000000000000005;-6;-2;3;0.027777777777777776;0.14285714285714285;0.28;0.0;1;1;2;1;0;0;1;0;0.14285714285714285;0.5;0.003968253968253968;7.0;0.0;1.0;1.0;0.0;0.0;0.0;0.0;1.0;0.0;0.0;1.0;0.0;0.0;1.0;0.0;0.0;0.0;1.0;0.0;0.0;0.0;1.0;0.0;0.0;0.0;0.0;0.0;0.0;0.0;0.0;0.0;0.0;0.0;0.0;0.0;0.0;0.0;0.0;0.0;0.0;0.0;0.0;0.0;0.0;0.0;0.0;0.0
2024-05-28;Bragantino;-1;3;3;659;660;Coquimbo Unido;3;4;11;10;3;4;0.63;0.37;427;0.79;13;18;3;4;0;0;3;1.0;0.0;0.0;0.0;0.0;0.0;0.0;0.0;0.0;0.0;0.0;5;0.037;0.23076923076923078;337;0.03857566765578635;534.9206349206349;0.2727272727272727;4.761904761904762;1;0.26;-2;-1;-5;0.02576112412177986;0.09090909090909091;0.63;3.0;0;1;1;0;1;0;1;0;0.09090909090909091;0.3333333333333333;0.00234192037470726;11.0;0.0;1.0;1.0;0.0;0.0;0.0;1.0;1.0;0.0;1.0;1.0;0.0;0.0;1.0;0.0;0.0;1.0;1.0;0.0;0.0;0.0;0.0;0.0;1.0;0.0;0.0;0.0;0.0;0.0;0.0;0.0;0.0;0.0;0.0;0.0;0.0;0.0;0.0;0.0;0.0;0.0;0.0;0.0;0.0;0.0;0.0;0.0
2024-05-21;Bragantino;12;3;3;659;-1;Sousa Esporte Clube;1;2;25;0;7;0;0.69;0.31;581;0.85;23;12;1;2;0;0;6;1.0;0.0;1.0;0.0;1.0;0.0;0.0;0.0;0.0;0.0;0.0;0;0.0;0.043478260869565216;494;0.0465587044534413;715.9420289855072;0.24;8.695652173913045;25;0.37999999999999995;6;-1;11;0.043029259896729774;0.12;0.22999999999999998;2.0;1;2;3;1;0;0;0;1;0.12;0.42857142857142855;0.0051635111876075735;8.333333333333334;0.0;1.0;1.0;0.0;0.0;0.0;0.0;1.0;0.0;0.0;1.0;0.0;0.0;1.0;0.0;1.0;1.0;1.0;0.0;0.0;0.0;0.0;0.0;0.0;0.0;0.0;0.0;0.0;0.0;0.0;0.0;0.0;0.0;0.0;0.0;0.0;0.0;0.0;0.0;0.0;0.0;0.0;0.0;0.0;0.0;0.0;0.0
2024-05-16;Bragantino;-1;0;1;659;661;Sportivo Luqueño;3;2;16;12;6;6;0.62;0.38;397;0.76;5;17;3;2;0;0;10;1.0;0.0;0.0;0.0;1.0;1.0;0.0;0.0;0.0;0.0;0.0;6;0.03166666666666667;0.6;302;0.016556291390728478;487.0967741935484;0.625;16.129032258064516;4;0.24;4;1;-12;0.04030226700251889;0.1875;0.20666666666666667;3.3333333333333335;1;2;3;1;0;0;1;0;0.1875;0.5;0.007556675062972292;5.333333333333333;0.0;1.0;1.0;0.0;0.0;0.0;1.0;0.0;0.0;0.0;0.0;0.0;1.0;1.0;0.0;0.0;0.0;1.0;0.0;0.0;0.0;1.0;0.0;1.0;0.0;0.0;0.0;0.0;0.0;0.0;0.0;0.0;0.0;0.0;0.0;0.0;0.0;0.0;0.0;0.0;0.0;0.0;0.0;0.0;0.0;0.0;0.0
2024-05-12;Bragantino;10;0;22;659;697;Bahía;3;2;15;8;5;3;0.51;0.49;401;0.79;15;12;3;2;0;0;7;1.0;0.0;1.0;0.0;0.0;0.0;0.0;0.0;0.0;0.0;0.0;6;0.06125;0.2;317;0.0473186119873817;621.5686274509803;0.4666666666666667;13.72549019607843;7;0.020000000000000018;1;1;3;0.03740648379052369;0.0;0.0;0.0;0;0;0;0;0;1;1;0;0.0;0.0;0.0;0.0;0.0;0.0;0.0;0.0;0.0;0.0;1.0;1.0;0.0;0.0;1.0;0.0;1.0;1.0;0.0;0.0;1.0;1.0;0.0;0.0;0.0;1.0;0.0;1.0;0.0;0.0;0.0;0.0;0.0;0.0;0.0;0.0;0.0;0.0;0.0;0.0;0.0;0.0;0.0;0.0;0.0;0.0;0.0;0.0;0.0;0.0;0.0
2024-05-09;Bragantino;-1;3;6;659;653;Racing;1;3;17;21;6;4;0.54;0.46;319;0.67;11;13;1;3;0;0;4;1.0;0.0;0.0;0.0;1.0;1.0;0.0;0.0;0.0;0.0;1.0;9;0.021904761904761906;0.09090909090909091;214;0.0514018691588785;396.29629629629625;0.23529411764705882;7.4074074074074066;-4;0.08000000000000002;-5;-2;-2;0.05329153605015674;0.11764705882352941;0.27;2.0;2;0;2;1;0;0;0;1;0.11764705882352941;0.3333333333333333;0.006269592476489028;8.5;0.0;1.0;1.0;0.0;0.0;0.0;1.0;0.0;0.0;0.0;0.0;0.0;1.0;1.0;0.0;0.0;0.0;1.0;0.0;0.0;0.0;0.0;0.0;1.0;0.0;0.0;0.0;0.0;0.0;0.0;0.0;0.0;0.0;0.0;0.0;0.0;0.0;0.0;0.0;0.0;0.0;0.0;0.0;0.0;0.0;0.0;0.0
2024-05-04;Bragantino;10;3;3;659;214;Flamengo;2;2;18;19;3;6;0.43;0.57;297;0.72;17;10;2;2;0;0;8;1.0;0.0;1.0;0.0;1.0;1.0;0.0;0.0;0.0;0.0;1.0;4;0.03;0.11764705882352941;214;0.0794392523364486;497.6744186046512;0.4444444444444444;18.6046511627907;-1;-0.13999999999999996;4;0;7;0.06060606060606061;0.05555555555555555;0.43;8.0;1;0;1;0;1;0;0;1;0.05555555555555555;0.3333333333333333;0.003367003367003367;18.0;0.0;1.0;0.0;0.0;0.0;0.0;1.0;0.0;0.0;0.0;0.0;0.0;1.0;0.0;0.0;0.0;1.0;1.0;0.0;0.0;0.0;0.0;0.0;1.0;0.0;0.0;0.0;0.0;0.0;0.0;0.0;0.0;0.0;0.0;0.0;0.0;0.0;0.0;0.0;0.0;0.0;0.0;0.0;0.0;0.0;0.0;0.0
2024-05-01;Bragantino;12;0;0;659;-1;Sousa Esporte Clube;4;2;20;8;4;3;0.7;0.3;477;0.84;15;11;4;1;0;1;8;1.0;0.0;1.0;0.0;1.0;0.0;0.0;0.0;0.0;0.0;0.0;1;0.0375;0.26666666666666666;401;0.03740648379052369;572.8571428571429;0.4;11.428571428571429;12;0.39999999999999997;7;2;4;0.041928721174004195;0.05;0.7;8.0;1;0;1;0;1;0;1;0;0.05;0.25;0.0020964360587002098;20.0;0.0;0.0;0.0;0.0;1.0;0.0;1.0;0.0;0.0;0.0;1.0;0.0;1.0;1.0;0.0;0.0;0.0;1.0;0.0;0.0;0.0;0.0;0.0;1.0;0.0;0.0;1.0;0.0;0.0;0.0;0.0;0.0;0.0;0.0;0.0;0.0;0.0;0.0;0.0;0.0;0.0;0.0;0.0;0.0;0.0;0.0;0.0
2024-04-28;Bragantino;10;0;3;659;644;Fortaleza;1;1;10;22;4;5;0.56;0.44;429;0.75;6;9;1;1;0;0;6;1.0;0.0;1.0;0.0;1.0;1.0;0.0;0.0;0.0;0.0;1.0;12;0.02;0.16666666666666666;322;0.018633540372670808;575.0;0.6;10.714285714285714;-12;0.12000000000000005;-6;0;-3;0.023310023310023312;0.1;0.56;6.0;1;0;1;0;1;0;1;0;0.1;0.25;0.002331002331002331;10.0;0.0;1.0;0.0;0.0;0.0;0.0;0.0;0.0;0.0;0.0;1.0;0.0;1.0;0.0;0.0;0.0;1.0;1.0;0.0;0.0;0.0;0.0;0.0;1.0;0.0;0.0;0.0;0.0;0.0;0.0;0.0;0.0;0.0;0.0;0.0;0.0;0.0;0.0;0.0;0.0;0.0;0.0;0.0;0.0;0.0;0.0;0.0
2024-04-24;Bragantino;-1;0;0;659;661;Sportivo Luqueño;3;2;11;8;5;2;0.58;0.42;381;0.73;13;12;3;2;0;0;6;1.0;1.0;0.0;0.0;0.0;1.0;0.0;0.0;0.0;0.0;0.0;1;0.0525;0.23076923076923078;278;0.046762589928057555;479.3103448275862;0.5454545454545454;10.344827586206897;3;0.15999999999999998;5;1;1;0.028871391076115485;0.18181818181818182;0.29;3.0;1;1;2;1;0;0;0;1;0.18181818181818182;0.4;0.005249343832020997;5.5;0.0;0.0;0.0;0.0;1.0;0.0;0.0;0.0;0.0;1.0;0.0;0.0;0.0;1.0;1.0;0.0;1.0;1.0;0.0;0.0;1.0;0.0;0.0;0.0;0.0;0.0;1.0;0.0;0.0;0.0;0.0;0.0;0.0;0.0;0.0;0.0;0.0;0.0;0.0;0.0;0.0;0.0;0.0;0.0;0.0;0.0;0.0
2024-04-20;Bragantino;10;0;3;659;652;Corinthians;4;2;10;15;3;4;0.35;0.65;275;0.6;21;10;4;2;0;0;3;1.0;1.0;0.0;0.0;1.0;1.0;0.0;0.0;0.0;0.0;1.0;4;0.043333333333333335;0.19047619047619047;165;0.12727272727272726;471.42857142857144;0.3;8.571428571428571;-5;-0.30000000000000004;-1;2;11;0.03636363636363636;0.1;0.35;3.0;1;0;1;1;0;0;0;1;0.1;0.3333333333333333;0.0036363636363636364;10.0;0.0;0.0;0.0;0.0;0.0;0.0;0.0;0.0;0.0;0.0;1.0;0.0;1.0;0.0;0.0;0.0;1.0;1.0;0.0;1.0;0.0;0.0;0.0;0.0;0.0;0.0;1.0;0.0;0.0;0.0;0.0;0.0;0.0;0.0;0.0;0.0;0.0;0.0;0.0;0.0;0.0;0.0;0.0;0.0;0.0;0.0;0.0
2024-04-17;Bragantino;10;0;0;659;777;Vasco da Gama;2;1;17;13;5;3;0.4;0.6;324;0.73;14;15;2;1;0;0;4;0.0;1.0;0.0;0.0;1.0;0.0;0.0;0.0;0.0;0.0;1.0;6;0.04615384615384615;0.14285714285714285;237;0.05907172995780591;592.5;0.23529411764705882;10.0;4;-0.19999999999999996;-2;1;-1;0.05246913580246913;0.11764705882352941;0.2;2.0;1;1;2;1;0;0;0;1;0.11764705882352941;0.4;0.006172839506172839;8.5;1.0;1.0;0.0;0.0;1.0;0.0;0.0;0.0;0.0;1.0;0.0;0.0;1.0;0.0;0.0;0.0;0.0;1.0;0.0;1.0;1.0;0.0;0.0;0.0;0.0;0.0;0.0;0.0;0.0;0.0;0.0;0.0;0.0;0.0;0.0;0.0;0.0;0.0;0.0;0.0;0.0;0.0;0.0;0.0;0.0;0.0;0.0
2024-04-13;Bragantino;10;0;3;659;197;Fluminense;4;3;16;26;8;11;0.3;0.7;228;0.68;19;8;4;3;0;0;6;1.0;1.0;0.0;0.0;1.0;0.0;0.0;0.0;0.0;0.0;1.0;13;0.02692307692307692;0.21052631578947367;155;0.12258064516129032;516.6666666666667;0.375;20.0;-10;-0.39999999999999997;-7;1;11;0.07017543859649122;0.125;0.15;3.0;0;2;2;0;1;0;1;0;0.125;0.25;0.008771929824561403;8.0;0.0;1.0;0.0;0.0;1.0;0.0;0.0;0.0;0.0;0.0;1.0;0.0;1.0;0.0;0.0;0.0;0.0;1.0;0.0;1.0;1.0;0.0;0.0;0.0;0.0;0.0;0.0;0.0;0.0;0.0;0.0;0.0;0.0;0.0;0.0;0.0;0.0;0.0;0.0;0.0;0.0;0.0;0.0;0.0;0.0;0.0;0.0
2024-04-10;Bragantino;-1;0;30;659;653;Racing;1;2;8;15;1;8;0.56;0.44;371;0.73;15;22;0;2;1;0;5;1.0;0.0;0.0;0.0;1.0;1.0;0.0;0.0;0.0;0.0;1.0;4;0.029333333333333333;0.06666666666666667;271;0.055350553505535055;483.9285714285714;0.625;8.928571428571427;-7;0.12000000000000005;1;-1;-7;0.0215633423180593;0.0;0.0;0.0;0;0;0;0;0;1;1;0;0.0;0.0;0.0;0.0;0.0;0.0;0.0;0.0;1.0;0.0;0.0;0.0;0.0;1.0;1.0;0.0;0.0;1.0;0.0;0.0;0.0;1.0;0.0;1.0;0.0;0.0;0.0;1.0;0.0;0.0;0.0;0.0;0.0;0.0;0.0;0.0;0.0;0.0;0.0;0.0;0.0;0.0;0.0;0.0;0.0;0.0;0.0;0.0;0.0;0.0;0.0
2024-04-03;Bragantino;-1;0;1;659;660;Coquimbo Unido;2;2;8;7;3;4;0.61;0.39;454;0.76;11;14;2;2;0;0;3;1.0;0.0;0.0;0.0;1.0;1.0;0.0;0.0;0.0;0.0;1.0;4;0.055714285714285716;0.18181818181818182;345;0.03188405797101449;565.5737704918033;0.375;4.918032786885246;1;0.21999999999999997;-1;0;-3;0.01762114537444934;0.125;0.61;3.0;1;0;1;1;0;0;0;1;0.125;0.3333333333333333;0.0022026431718061676;8.0;0.0;0.0;1.0;0.0;1.0;0.0;0.0;0.0;0.0;0.0;0.0;0.0;0.0;0.0;0.0;0.0;1.0;1.0;0.0;1.0;1.0;0.0;0.0;1.0;0.0;0.0;0.0;0.0;0.0;0.0;0.0;0.0;0.0;0.0;0.0;0.0;0.0;0.0;0.0;0.0;0.0;0.0;0.0;0.0;0.0;0.0;0.0
2024-03-27;Bragantino;27;0;3;659;662;Santos;3;1;23;10;3;6;0.66;0.34;440;0.84;9;16;3;0;0;1;6;1.0;0.0;0.0;0.0;1.0;1.0;0.0;0.0;0.0;0.0;1.0;4;0.034;0.3333333333333333;370;0.024324324324324326;560.6060606060606;0.2608695652173913;9.09090909090909;13;0.32;2;2;-7;0.05227272727272727;0.043478260869565216;0.66;6.0;0;1;1;0;0;1;1;0;0.043478260869565216;0.3333333333333333;0.0022727272727272726;23.0;0.0;0.0;1.0;0.0;0.0;0.0;0.0;0.0;0.0;0.0;1.0;0.0;0.0;0.0;1.0;0.0;1.0;1.0;0.0;0.0;0.0;1.0;0.0;1.0;0.0;0.0;0.0;0.0;0.0;0.0;0.0;0.0;0.0;0.0;0.0;0.0;0.0;0.0;0.0;0.0;0.0;0.0;0.0;0.0;0.0;0.0;0.0
2024-03-17;Bragantino;27;0;0;659;669;Associação Atlética Internacional;1;3;20;7;11;2;0.56;0.44;440;0.81;11;13;1;3;0;0;8;1.0;0.0;0.0;0.0;1.0;1.0;0.0;0.0;0.0;0.0;1.0;2;0.06285714285714286;0.09090909090909091;356;0.03089887640449438;635.7142857142857;0.4;14.285714285714285;13;0.12000000000000005;6;-2;-2;0.045454545454545456;0.15;0.18666666666666668;2.6666666666666665;1;2;3;1;0;0;0;1;0.15;0.2727272727272727;0.006818181818181818;6.666666666666667;0.0;0.0;0.0;0.0;0.0;0.0;0.0;0.0;0.0;0.0;1.0;0.0;0.0;0.0;1.0;1.0;1.0;1.0;0.0;0.0;0.0;1.0;0.0;1.0;0.0;0.0;0.0;0.0;0.0;0.0;0.0;0.0;0.0;0.0;0.0;0.0;0.0;0.0;0.0;0.0;0.0;0.0;0.0;0.0;0.0;0.0;0.0
2024-03-13;Bragantino;-1;3;3;659;210;Botafogo;1;6;17;9;6;1;0.62;0.38;366;0.76;8;13;1;5;0;1;10;1.0;0.0;0.0;0.0;1.0;1.0;0.0;0.0;0.0;0.0;1.0;4;0.042222222222222223;0.125;278;0.02877697841726619;448.38709677419354;0.5882352941176471;16.129032258064516;8;0.24;6;-5;-5;0.04644808743169399;0.058823529411764705;0.62;10.0;0;1;1;0;1;0;0;1;0.058823529411764705;0.16666666666666666;0.00273224043715847;17.0;0.0;0.0;0.0;0.0;0.0;0.0;0.0;0.0;0.0;0.0;1.0;0.0;0.0;1.0;1.0;1.0;0.0;1.0;0.0;0.0;0.0;1.0;0.0;1.0;0.0;0.0;0.0;0.0;0.0;0.0;0.0;0.0;0.0;0.0;0.0;0.0;0.0;0.0;0.0;0.0;0.0;0.0;0.0;0.0;0.0;0.0;0.0
2024-03-10;Bragantino;27;3;9;659;668;Guarani;2;3;17;6;3;2;0.75;0.25;545;0.85;10;8;2;3;0;0;4;0.0;1.0;0.0;0.0;0.0;0.0;0.0;0.0;0.0;0.0;0.0;2;0.041666666666666664;0.2;463;0.02159827213822894;617.3333333333334;0.23529411764705882;5.333333333333333;11;0.5;2;-1;2;0.031192660550458717;0.0;0.0;0.0;0;0;0;0;0;1;1;0;0.0;0.0;0.0;0.0;1.0;0.0;0.0;0.0;1.0;0.0;0.0;0.0;0.0;1.0;0.0;0.0;1.0;0.0;0.0;0.0;1.0;0.0;0.0;1.0;1.0;0.0;0.0;0.0;1.0;1.0;1.0;0.0;0.0;0.0;0.0;0.0;0.0;0.0;0.0;0.0;0.0;0.0;0.0;0.0;0.0;0.0;0.0;0.0;0.0;0.0;0.0
2024-03-06;Bragantino;-1;3;0;659;210;Botafogo;1;1;8;7;3;5;0.54;0.46;374;0.77;14;10;1;1;0;0;0;1.0;0.0;0.0;0.0;1.0;1.0;0.0;0.0;0.0;0.0;1.0;2;0.06571428571428571;0.07142857142857142;288;0.04861111111111111;533.3333333333333;0.0;0.0;1;0.08000000000000002;-2;0;4;0.0213903743315508;0.125;0.54;0.0;1;0;1;0;0;1;1;0;0.125;0.3333333333333333;0.00267379679144385;8.0;0.0;0.0;0.0;0.0;0.0;0.0;0.0;0.0;0.0;0.0;1.0;0.0;0.0;1.0;1.0;1.0;0.0;1.0;0.0;0.0;0.0;1.0;0.0;1.0;0.0;0.0;0.0;0.0;0.0;0.0;0.0;0.0;0.0;0.0;0.0;0.0;0.0;0.0;0.0;0.0;0.0;0.0;0.0;0.0;0.0;0.0;0.0
2024-03-03;Bragantino;27;0;3;659;662;Santos;5;1;6;17;3;3;0.41;0.59;268;0.7;13;17;3;1;2;0;2;1.0;0.0;0.0;0.0;1.0;0.0;0.0;0.0;0.0;0.0;1.0;6;0.03470588235294118;0.38461538461538464;188;0.06914893617021277;458.5365853658537;0.3333333333333333;4.878048780487805;-11;-0.18;-4;4;-4;0.022388059701492536;0.16666666666666666;0.41;2.0;1;0;1;1;0;0;0;1;0.16666666666666666;0.3333333333333333;0.0037313432835820895;6.0;0.0;0.0;0.0;0.0;0.0;0.0;0.0;0.0;0.0;0.0;1.0;0.0;1.0;0.0;1.0;1.0;1.0;1.0;0.0;0.0;0.0;1.0;0.0;1.0;0.0;0.0;0.0;0.0;0.0;0.0;0.0;0.0;0.0;0.0;0.0;0.0;0.0;0.0;0.0;0.0;0.0;0.0;0.0;0.0;0.0;0.0;0.0
2024-02-27;Bragantino;-1;0;9;659;808;Águilas Doradas;4;4;11;3;3;0;0.73;0.27;522;0.8;11;12;4;4;0;0;7;1.0;0.0;0.0;0.0;1.0;1.0;0.0;0.0;0.0;0.0;1.0;3;0.09000000000000001;0.36363636363636365;418;0.02631578947368421;572.6027397260274;0.6363636363636364;9.589041095890412;8;0.45999999999999996;4;0;-1;0.0210727969348659;0.0;0.0;0.0;0;0;0;0;1;0;0;1;0.0;0.0;0.0;0.0;0.0;0.0;0.0;0.0;0.0;0.0;0.0;0.0;0.0;0.0;1.0;0.0;0.0;0.0;0.0;1.0;1.0;1.0;0.0;0.0;0.0;1.0;0.0;1.0;0.0;0.0;0.0;1.0;0.0;0.0;0.0;0.0;0.0;0.0;0.0;0.0;0.0;0.0;0.0;0.0;0.0;0.0;0.0;0.0;0.0;0.0;0.0
2024-02-24;Bragantino;27;0;3;659;665;Ituano;4;2;14;9;4;2;0.57;0.43;427;0.84;21;14;3;2;1;0;4;0.0;1.0;0.0;0.0;0.0;1.0;0.0;0.0;0.0;0.0;0.0;7;0.04777777777777778;0.19047619047619047;359;0.0584958217270195;629.8245614035088;0.2857142857142857;7.017543859649123;5;0.13999999999999996;-3;2;7;0.03278688524590164;0.07142857142857142;0.57;4.0;1;0;1;1;0;0;1;0;0.07142857142857142;0.25;0.00234192037470726;14.0;1.0;0.0;0.0;0.0;1.0;0.0;0.0;0.0;0.0;1.0;0.0;0.0;1.0;1.0;0.0;1.0;0.0;0.0;0.0;1.0;0.0;0.0;0.0;0.0;1.0;0.0;1.0;0.0;0.0;0.0;0.0;0.0;0.0;0.0;0.0;0.0;0.0;0.0;0.0;0.0;0.0;0.0;0.0;0.0;0.0;0.0;0.0
2024-02-20;Bragantino;-1;0;9;659;808;Águilas Doradas;3;2;10;8;2;5;0.58;0.42;455;0.76;14;14;3;2;0;0;6;1.0;0.0;0.0;0.0;0.0;0.0;0.0;0.0;0.0;0.0;1.0;2;0.0525;0.21428571428571427;346;0.04046242774566474;596.551724137931;0.6;10.344827586206897;2;0.15999999999999998;4;1;0;0.02197802197802198;0.0;0.0;0.0;0;0;0;0;1;0;1;0;0.0;0.0;0.0;0.0;0.0;0.0;0.0;0.0;0.0;0.0;0.0;1.0;0.0;0.0;1.0;0.0;0.0;0.0;1.0;0.0;1.0;1.0;0.0;0.0;1.0;1.0;0.0;1.0;0.0;0.0;0.0;1.0;0.0;0.0;0.0;0.0;0.0;0.0;0.0;0.0;0.0;0.0;0.0;0.0;0.0;0.0;0.0;0.0;0.0;0.0;0.0
2024-02-17;Bragantino;27;0;3;659;201;São Paulo;2;3;10;17;7;4;0.39;0.61;297;0.75;15;13;1;2;1;1;5;0.0;1.0;0.0;0.0;0.0;0.0;0.0;0.0;0.0;0.0;0.0;9;0.03588235294117647;0.13333333333333333;223;0.06726457399103139;571.7948717948718;0.5;12.82051282051282;-7;-0.21999999999999997;-4;-1;2;0.03367003367003367;0.2;0.195;2.5;1;1;2;0;1;0;1;0;0.2;0.2857142857142857;0.006734006734006734;5.0;1.0;1.0;1.0;0.0;1.0;0.0;0.0;0.0;0.0;1.0;0.0;0.0;1.0;1.0;0.0;1.0;0.0;0.0;0.0;1.0;0.0;0.0;0.0;0.0;1.0;0.0;0.0;0.0;0.0;0.0;0.0;0.0;0.0;0.0;0.0;0.0;0.0;0.0;0.0;0.0;0.0;0.0;0.0;0.0;0.0;0.0;0.0
2024-02-14;Bragantino;27;0;29;659;666;Ponte Preta;2;2;16;4;3;2;0.68;0.32;483;0.86;8;24;2;2;0;0;10;1.0;0.0;0.0;0.0;1.0;0.0;0.0;0.0;0.0;0.0;1.0;6;0.08;0.25;415;0.01927710843373494;610.2941176470588;0.625;14.705882352941176;12;0.36000000000000004;4;0;-16;0.033126293995859216;0.0625;0.68;10.0;0;1;1;1;0;0;0;1;0.0625;0.3333333333333333;0.002070393374741201;16.0;0.0;0.0;0.0;0.0;0.0;0.0;0.0;1.0;0.0;0.0;1.0;0.0;0.0;0.0;1.0;0.0;0.0;0.0;0.0;0.0;1.0;1.0;0.0;1.0;0.0;0.0;1.0;1.0;0.0;0.0;0.0;0.0;0.0;0.0;0.0;0.0;0.0;0.0;0.0;0.0;0.0;0.0;0.0;0.0;0.0;0.0;0.0
2024-02-10;Bragantino;27;0;17;659;672;São Bernardo;1;0;14;10;2;1;0.65;0.35;455;0.81;9;13;1;0;0;0;7;1.0;1.0;0.0;0.0;1.0;0.0;0.0;0.0;0.0;0.0;1.0;4;0.034999999999999996;0.1111111111111111;369;0.024390243902439025;567.6923076923076;0.5;10.769230769230768;4;0.30000000000000004;3;1;-4;0.03076923076923077;0.07142857142857142;0.65;7.0;0;1;1;0;1;0;0;1;0.07142857142857142;0.5;0.002197802197802198;14.0;0.0;0.0;0.0;0.0;0.0;0.0;0.0;1.0;0.0;0.0;1.0;0.0;1.0;0.0;0.0;0.0;1.0;0.0;0.0;1.0;0.0;0.0;0.0;0.0;0.0;1.0;0.0;1.0;0.0;0.0;0.0;0.0;0.0;0.0;0.0;0.0;0.0;0.0;0.0;0.0;0.0;0.0;0.0;0.0;0.0;0.0;0.0
2024-02-07;Bragantino;27;0;6;659;671;Novorizontino;2;3;15;10;6;5;0.57;0.43;431;0.77;11;14;2;3;0;0;2;1.0;0.0;0.0;0.0;0.0;0.0;0.0;0.0;0.0;0.0;0.0;5;0.043;0.18181818181818182;332;0.03313253012048193;582.4561403508773;0.13333333333333333;3.5087719298245617;5;0.13999999999999996;-3;-1;-3;0.03480278422273782;0.13333333333333333;0.285;1.0;0;2;2;1;0;0;1;0;0.13333333333333333;0.3333333333333333;0.004640371229698376;7.5;0.0;0.0;0.0;0.0;0.0;0.0;0.0;1.0;0.0;1.0;1.0;0.0;0.0;1.0;1.0;0.0;1.0;0.0;0.0;0.0;1.0;1.0;0.0;1.0;0.0;0.0;0.0;1.0;0.0;0.0;0.0;0.0;0.0;0.0;0.0;0.0;0.0;0.0;0.0;0.0;0.0;0.0;0.0;0.0;0.0;0.0;0.0
2024-02-04;Bragantino;27;0;0;659;664;Santo André;3;1;11;9;5;2;0.56;0.44;373;0.71;20;9;3;1;0;0;6;1.0;1.0;0.0;0.0;1.0;0.0;0.0;0.0;0.0;0.0;1.0;5;0.04888888888888889;0.15;265;0.07547169811320754;473.21428571428567;0.5454545454545454;10.714285714285714;2;0.12000000000000005;1;2;11;0.029490616621983913;0.18181818181818182;0.28;3.0;0;2;2;1;0;0;1;0;0.18181818181818182;0.4;0.005361930294906166;5.5;0.0;0.0;0.0;0.0;0.0;0.0;0.0;1.0;0.0;0.0;1.0;0.0;1.0;0.0;1.0;0.0;1.0;1.0;0.0;0.0;0.0;1.0;0.0;0.0;0.0;0.0;0.0;0.0;0.0;0.0;0.0;0.0;0.0;0.0;0.0;0.0;0.0;0.0;0.0;0.0;0.0;0.0;0.0;0.0;0.0;0.0;0.0
2024-01-31;Bragantino;27;6;4;659;217;Palmeiras;1;3;12;10;1;3;0.6;0.4;413;0.8;16;20;1;3;0;0;8;1.0;1.0;0.0;0.0;1.0;0.0;0.0;0.0;0.0;0.0;1.0;5;0.04;0.0625;330;0.048484848484848485;550.0;0.6666666666666666;13.333333333333334;2;0.19999999999999996;3;-2;-4;0.029055690072639227;0.0;0.0;0.0;0;0;0;0;0;1;0;1;0.0;0.0;0.0;0.0;0.0;0.0;1.0;0.0;0.0;0.0;0.0;1.0;0.0;0.0;0.0;0.0;0.0;0.0;1.0;0.0;1.0;1.0;0.0;0.0;0.0;1.0;0.0;0.0;0.0;0.0;0.0;1.0;0.0;0.0;0.0;0.0;0.0;0.0;0.0;0.0;0.0;0.0;0.0;0.0;0.0;0.0;0.0;0.0;0.0;0.0;0.0
2024-01-27;Bragantino;27;6;6;659;673;Botafogo RP;1;4;15;8;3;4;0.64;0.36;505;0.8;7;15;1;4;0;0;8;1.0;0.0;0.0;0.0;1.0;0.0;0.0;0.0;0.0;0.0;1.0;3;0.045;0.14285714285714285;404;0.017326732673267328;631.25;0.5333333333333333;12.5;7;0.28;5;-3;-8;0.0297029702970297;0.06666666666666667;0.64;8.0;1;0;1;0;1;0;0;1;0.06666666666666667;0.3333333333333333;0.0019801980198019802;15.0;0.0;1.0;1.0;0.0;0.0;0.0;0.0;0.0;0.0;0.0;1.0;0.0;0.0;0.0;0.0;0.0;0.0;1.0;0.0;0.0;0.0;1.0;0.0;1.0;1.0;0.0;0.0;1.0;0.0;0.0;0.0;0.0;0.0;0.0;0.0;0.0;0.0;0.0;0.0;0.0;0.0;0.0;0.0;0.0;0.0;0.0;0.0
2024-01-24;Bragantino;27;30;0;659;663;Portuguesa;3;2;11;17;3;10;0.52;0.48;406;0.8;23;16;2;2;1;0;2;1.0;0.0;0.0;0.0;1.0;0.0;0.0;0.0;0.0;0.0;1.0;2;0.028235294117647056;0.13043478260869565;325;0.07076923076923076;625.0;0.18181818181818182;3.846153846153846;-6;0.040000000000000036;0;1;7;0.027093596059113302;0.18181818181818182;0.26;1.0;2;0;2;1;0;0;1;0;0.18181818181818182;0.6666666666666666;0.0049261083743842365;5.5;0.0;1.0;1.0;0.0;0.0;0.0;0.0;1.0;0.0;0.0;0.0;0.0;0.0;0.0;1.0;0.0;0.0;1.0;0.0;0.0;0.0;1.0;0.0;1.0;0.0;0.0;0.0;1.0;0.0;0.0;0.0;0.0;0.0;0.0;0.0;0.0;0.0;0.0;0.0;0.0;0.0;0.0;0.0;0.0;0.0;0.0;0.0
2024-01-20;Bragantino;27;30;3;659;667;Água Santa;0;2;25;3;5;3;0.69;0.31;552;0.84;15;16;0;2;0;0;7;1.0;1.0;0.0;0.0;0.0;0.0;0.0;0.0;0.0;0.0;0.0;1;0.10333333333333333;0.0;464;0.032327586206896554;672.4637681159421;0.28;10.144927536231885;22;0.37999999999999995;6;-2;-1;0.04528985507246377;0.0;0.0;0.0;0;0;0;0;0;1;0;1;0.0;0.0;0.0;0.0;0.0;1.0;1.0;0.0;0.0;0.0;0.0;1.0;0.0;0.0;0.0;0.0;0.0;1.0;1.0;0.0;0.0;1.0;0.0;0.0;0.0;1.0;0.0;0.0;1.0;0.0;1.0;0.0;0.0;0.0;0.0;0.0;0.0;0.0;0.0;0.0;0.0;0.0;0.0;0.0;0.0;0.0;0.0;0.0;0.0;0.0;0.0
2023-12-06;Bragantino;10;0;1;659;777;Vasco da Gama;2;3;9;13;2;6;0.55;0.45;398;0.8;14;8;1;3;1;0;3;1.0;1.0;0.0;0.0;0.0;1.0;0.0;0.0;0.0;0.0;1.0;2;0.03461538461538462;0.14285714285714285;318;0.0440251572327044;578.1818181818181;0.3333333333333333;5.454545454545454;-4;0.10000000000000003;1;-1;6;0.022613065326633167;0.1111111111111111;0.55;3.0;0;1;1;0;0;1;1;0;0.1111111111111111;0.5;0.002512562814070352;9.0;0.0;0.0;1.0;0.0;0.0;0.0;0.0;1.0;0.0;0.0;0.0;0.0;0.0;0.0;0.0;0.0;1.0;1.0;0.0;0.0;0.0;1.0;0.0;0.0;1.0;0.0;0.0;1.0;0.0;0.0;0.0;0.0;0.0;0.0;0.0;0.0;0.0;0.0;0.0;0.0;0.0;0.0;0.0;0.0;0.0;0.0;0.0
2023-12-03;Bragantino;10;0;7;659;684;Coritiba;4;1;27;6;9;0;0.65;0.35;467;0.81;16;10;4;1;0;0;12;1.0;1.0;0.0;0.0;1.0;0.0;0.0;0.0;0.0;0.0;0.0;6;0.05833333333333333;0.25;378;0.042328042328042326;581.5384615384615;0.4444444444444444;18.46153846153846;21;0.30000000000000004;6;3;6;0.057815845824411134;0.037037037037037035;0.65;12.0;0;1;1;1;0;0;0;1;0.037037037037037035;0.1111111111111111;0.0021413276231263384;27.0;0.0;1.0;1.0;0.0;0.0;0.0;0.0;1.0;0.0;0.0;0.0;0.0;0.0;1.0;0.0;0.0;0.0;1.0;0.0;0.0;0.0;1.0;0.0;0.0;0.0;0.0;1.0;1.0;0.0;0.0;0.0;0.0;0.0;0.0;0.0;0.0;0.0;0.0;0.0;0.0;0.0;0.0;0.0;0.0;0.0;0.0;0.0
2023-11-30;Bragantino;10;3;1;659;644;Fortaleza;3;4;17;6;6;4;0.75;0.25;610;0.84;9;10;1;4;2;0;15;1.0;1.0;0.0;0.0;1.0;1.0;0.0;0.0;0.0;0.0;1.0;3;0.041666666666666664;0.3333333333333333;512;0.017578125;682.6666666666666;0.8823529411764706;20.0;11;0.5;12;-1;-1;0.027868852459016394;0.058823529411764705;0.75;15.0;1;0;1;0;0;1;0;1;0.058823529411764705;0.16666666666666666;0.001639344262295082;17.0;0.0;1.0;0.0;0.0;0.0;0.0;0.0;0.0;0.0;0.0;1.0;0.0;0.0;1.0;1.0;0.0;0.0;0.0;0.0;0.0;0.0;1.0;0.0;0.0;1.0;0.0;0.0;0.0;0.0;0.0;0.0;0.0;0.0;0.0;0.0;0.0;0.0;0.0;0.0;0.0;0.0;0.0;0.0;0.0;0.0;0.0;0.0
2023-11-26;Bragantino;10;3;1;659;641;Internacional;5;5;13;8;5;2;0.67;0.33;539;0.83;13;18;5;5;0;0;7;1.0;1.0;0.0;0.0;1.0;1.0;0.0;0.0;0.0;0.0;1.0;4;0.04125;0.38461538461538464;447;0.029082774049217;667.1641791044776;0.5384615384615384;10.44776119402985;5;0.34;3;0;-5;0.02411873840445269;0.0;0.0;0.0;0;0;0;0;0;1;1;0;0.0;0.0;0.0;0.0;0.0;1.0;0.0;0.0;0.0;0.0;0.0;1.0;0.0;0.0;1.0;0.0;0.0;0.0;0.0;0.0;0.0;1.0;0.0;0.0;0.0;0.0;0.0;0.0;1.0;0.0;0.0;1.0;0.0;0.0;0.0;0.0;0.0;0.0;0.0;0.0;0.0;0.0;0.0;0.0;0.0;0.0;0.0;0.0;0.0;0.0;0.0
2023-11-23;Bragantino;10;3;3;659;214;Flamengo;4;4;19;16;3;4;0.47;0.53;389;0.77;15;10;3;4;1;0;6;1.0;0.0;0.0;0.0;1.0;0.0;0.0;0.0;0.0;0.0;1.0;8;0.033125;0.26666666666666666;300;0.05;638.2978723404256;0.3157894736842105;12.765957446808512;3;-0.06000000000000005;-2;0;5;0.04884318766066838;0.0;0.0;0.0;0;0;0;0;0;1;1;0;0.0;0.0;0.0;0.0;0.0;0.0;1.0;0.0;0.0;0.0;0.0;1.0;0.0;0.0;1.0;0.0;0.0;0.0;0.0;0.0;1.0;1.0;0.0;0.0;0.0;1.0;0.0;0.0;0.0;0.0;0.0;1.0;1.0;0.0;0.0;0.0;0.0;0.0;0.0;0.0;0.0;0.0;0.0;0.0;0.0;0.0;0.0;0.0;0.0;0.0;0.0
2023-11-12;Bragantino;10;3;3;659;210;Botafogo;2;1;25;11;7;4;0.66;0.34;475;0.8;12;16;2;1;0;0;7;1.0;1.0;0.0;0.0;1.0;0.0;0.0;0.0;0.0;0.0;1.0;3;0.03090909090909091;0.16666666666666666;380;0.031578947368421054;575.7575757575758;0.28;10.606060606060606;14;0.32;4;1;-4;0.05263157894736842;0.08;0.33;3.5;1;1;2;0;1;0;0;1;0.08;0.2857142857142857;0.004210526315789474;12.5;0.0;1.0;0.0;0.0;0.0;0.0;0.0;1.0;0.0;0.0;1.0;0.0;0.0;1.0;0.0;0.0;1.0;0.0;0.0;0.0;0.0;0.0;0.0;0.0;1.0;0.0;0.0;1.0;0.0;0.0;0.0;0.0;0.0;0.0;0.0;0.0;0.0;0.0;0.0;0.0;0.0;0.0;0.0;0.0;0.0;0.0;0.0
2023-11-08;Bragantino;10;3;3;659;201;São Paulo;2;2;10;15;3;5;0.42;0.58;322;0.74;24;10;2;2;0;0;5;1.0;0.0;0.0;0.0;1.0;0.0;0.0;0.0;0.0;0.0;1.0;9;0.03866666666666666;0.08333333333333333;238;0.10084033613445378;566.6666666666667;0.5;11.904761904761905;-5;-0.15999999999999998;-4;0;14;0.031055900621118012;0.0;0.0;0.0;0;0;0;0;0;1;1;0;0.0;0.0;0.0;0.0;0.0;1.0;1.0;0.0;0.0;0.0;0.0;1.0;0.0;0.0;1.0;0.0;0.0;0.0;0.0;0.0;0.0;0.0;0.0;0.0;0.0;1.0;0.0;0.0;1.0;0.0;0.0;1.0;1.0;0.0;0.0;0.0;0.0;0.0;0.0;0.0;0.0;0.0;0.0;0.0;0.0;0.0;0.0;0.0;0.0;0.0;0.0
2023-11-05;Bragantino;10;3;3;659;652;Corinthians;1;2;19;9;6;2;0.56;0.44;383;0.76;14;12;1;2;0;0;10;1.0;1.0;0.0;0.0;1.0;0.0;0.0;0.0;0.0;0.0;1.0;6;0.04888888888888889;0.07142857142857142;291;0.048109965635738834;519.6428571428571;0.5263157894736842;17.857142857142854;10;0.12000000000000005;4;-1;2;0.04960835509138381;0.05263157894736842;0.56;10.0;1;0;1;1;0;0;0;1;0.05263157894736842;0.16666666666666666;0.0026109660574412533;19.0;0.0;1.0;1.0;0.0;0.0;0.0;0.0;1.0;0.0;0.0;1.0;0.0;0.0;0.0;0.0;0.0;0.0;0.0;0.0;0.0;0.0;1.0;0.0;0.0;1.0;0.0;0.0;1.0;0.0;0.0;0.0;0.0;0.0;0.0;0.0;0.0;0.0;0.0;0.0;0.0;0.0;0.0;0.0;0.0;0.0;0.0;0.0
2023-11-02;Bragantino;10;3;0;659;683;Goiás;3;3;23;20;7;5;0.58;0.42;375;0.8;18;18;3;3;0;0;7;1.0;1.0;0.0;0.0;1.0;0.0;0.0;0.0;0.0;0.0;1.0;10;0.020999999999999998;0.16666666666666666;300;0.06;517.2413793103449;0.30434782608695654;12.06896551724138;3;0.15999999999999998;-3;0;0;0.06133333333333333;0.08695652173913043;0.29;3.5;1;1;2;1;0;0;1;0;0.08695652173913043;0.2857142857142857;0.005333333333333333;11.5;0.0;1.0;0.0;0.0;0.0;0.0;0.0;1.0;0.0;0.0;1.0;0.0;0.0;1.0;0.0;0.0;0.0;0.0;0.0;0.0;0.0;1.0;0.0;0.0;1.0;0.0;0.0;1.0;0.0;0.0;0.0;0.0;0.0;0.0;0.0;0.0;0.0;0.0;0.0;0.0;0.0;0.0;0.0;0.0;0.0;0.0;0.0
2023-10-25;Bragantino;10;0;1;659;220;Atlético Mineiro;2;4;13;9;3;5;0.58;0.42;410;0.8;13;13;2;4;0;0;17;1.0;0.0;0.0;0.0;1.0;0.0;0.0;0.0;0.0;0.0;1.0;5;0.04666666666666666;0.15384615384615385;328;0.039634146341463415;565.5172413793103;1.3076923076923077;29.31034482758621;4;0.15999999999999998;12;-2;0;0.03170731707317073;0.07692307692307693;0.58;17.0;0;1;1;0;0;1;0;1;0.07692307692307693;0.3333333333333333;0.0024390243902439024;13.0;0.0;0.0;0.0;0.0;0.0;0.0;0.0;1.0;0.0;0.0;1.0;0.0;0.0;0.0;0.0;0.0;1.0;1.0;0.0;0.0;0.0;0.0;0.0;0.0;1.0;0.0;0.0;1.0;1.0;1.0;0.0;0.0;0.0;0.0;0.0;0.0;0.0;0.0;0.0;0.0;0.0;0.0;0.0;0.0;0.0;0.0;0.0
2023-10-22;Bragantino;10;3;3;659;197;Fluminense;3;2;21;12;2;5;0.41;0.59;363;0.82;17;13;3;2;0;0;7;1.0;0.0;0.0;0.0;1.0;1.0;0.0;0.0;0.0;0.0;1.0;3;0.049166666666666664;0.17647058823529413;298;0.05704697986577181;726.829268292683;0.3333333333333333;17.073170731707318;9;-0.18;4;1;4;0.05785123966942149;0.047619047619047616;0.41;7.0;1;0;1;1;0;0;0;1;0.047619047619047616;0.5;0.0027548209366391185;21.0;0.0;0.0;1.0;0.0;0.0;0.0;0.0;1.0;0.0;0.0;0.0;0.0;0.0;0.0;0.0;0.0;1.0;0.0;0.0;0.0;0.0;0.0;0.0;0.0;1.0;0.0;0.0;1.0;1.0;1.0;0.0;0.0;0.0;0.0;0.0;0.0;0.0;0.0;0.0;0.0;0.0;0.0;0.0;0.0;0.0;0.0;0.0
2023-10-19;Bragantino;10;0;2;659;662;Santos;1;4;15;26;9;7;0.63;0.37;624;0.82;8;8;1;4;0;0;4;1.0;0.0;0.0;0.0;0.0;0.0;0.0;0.0;0.0;0.0;1.0;5;0.01423076923076923;0.125;512;0.015625;812.6984126984127;0.26666666666666666;6.349206349206349;-11;0.26;-1;-3;0;0.02403846153846154;0.2;0.21;1.3333333333333333;2;1;3;1;0;0;1;0;0.2;0.3333333333333333;0.004807692307692308;5.0;0.0;0.0;1.0;0.0;0.0;0.0;0.0;1.0;0.0;0.0;0.0;0.0;0.0;0.0;0.0;0.0;1.0;1.0;0.0;0.0;1.0;0.0;0.0;0.0;0.0;0.0;0.0;1.0;1.0;1.0;1.0;0.0;0.0;0.0;0.0;0.0;0.0;0.0;0.0;0.0;0.0;0.0;0.0;0.0;0.0;0.0;0.0
2023-10-08;Bragantino;10;3;6;659;649;Paranaense;4;2;12;23;3;6;0.57;0.43;429;0.77;15;15;4;2;0;0;7;1.0;0.0;0.0;0.0;1.0;1.0;0.0;0.0;0.0;0.0;1.0;8;0.018695652173913044;0.26666666666666666;330;0.045454545454545456;578.9473684210527;0.5833333333333334;12.280701754385966;-11;0.13999999999999996;-1;2;0;0.027972027972027972;0.08333333333333333;0.57;7.0;1;0;1;0;1;0;1;0;0.08333333333333333;0.3333333333333333;0.002331002331002331;12.0;0.0;0.0;1.0;0.0;0.0;0.0;0.0;0.0;0.0;0.0;1.0;0.0;0.0;0.0;0.0;0.0;1.0;0.0;0.0;0.0;0.0;1.0;0.0;0.0;1.0;0.0;0.0;1.0;1.0;0.0;0.0;0.0;0.0;0.0;0.0;0.0;0.0;0.0;0.0;0.0;0.0;0.0;0.0;0.0;0.0;0.0;0.0
2023-10-01;Bragantino;10;3;3;659;217;Palmeiras;4;2;22;10;8;3;0.68;0.32;529;0.85;14;20;4;2;0;0;6;1.0;0.0;0.0;0.0;1.0;0.0;0.0;0.0;0.0;0.0;1.0;4;0.032;0.2857142857142857;450;0.03111111111111111;661.7647058823529;0.2727272727272727;8.823529411764705;12;0.36000000000000004;2;2;-6;0.04158790170132325;0.09090909090909091;0.34;3.0;0;2;2;1;0;0;0;1;0.09090909090909091;0.25;0.003780718336483932;11.0;0.0;0.0;1.0;0.0;0.0;0.0;0.0;1.0;0.0;0.0;1.0;0.0;0.0;0.0;0.0;0.0;1.0;0.0;0.0;0.0;0.0;1.0;0.0;0.0;1.0;0.0;0.0;1.0;1.0;0.0;0.0;0.0;0.0;0.0;0.0;0.0;0.0;0.0;0.0;0.0;0.0;0.0;0.0;0.0;0.0;0.0;0.0
2023-09-19;Bragantino;10;3;2;659;682;América-MG;2;1;21;7;6;2;0.64;0.36;503;0.8;17;7;2;1;0;0;14;1.0;1.0;0.0;0.0;1.0;0.0;0.0;0.0;0.0;0.0;0.0;2;0.05142857142857143;0.11764705882352941;402;0.04228855721393035;628.125;0.6666666666666666;21.875;14;0.28;12;1;10;0.041749502982107355;0.09523809523809523;0.32;7.0;1;1;2;1;0;0;1;0;0.09523809523809523;0.3333333333333333;0.003976143141153081;10.5;0.0;0.0;1.0;0.0;0.0;0.0;0.0;1.0;0.0;0.0;1.0;0.0;0.0;0.0;0.0;0.0;1.0;0.0;0.0;0.0;0.0;0.0;0.0;0.0;1.0;0.0;0.0;0.0;0.0;1.0;0.0;1.0;1.0;0.0;0.0;0.0;0.0;0.0;0.0;0.0;0.0;0.0;0.0;0.0;0.0;0.0;0.0
2023-09-14;Bragantino;10;3;14;659;206;Grêmio;4;2;16;10;4;4;0.59;0.41;538;0.83;21;16;4;2;0;0;5;1.0;0.0;0.0;0.0;1.0;0.0;0.0;0.0;0.0;0.0;1.0;1;0.040999999999999995;0.19047619047619047;447;0.04697986577181208;757.6271186440679;0.3125;8.474576271186441;6;0.18;4;2;5;0.02973977695167286;0.125;0.295;2.5;2;0;2;1;0;0;0;1;0.125;0.5;0.0037174721189591076;8.0;0.0;0.0;1.0;0.0;0.0;0.0;0.0;1.0;0.0;0.0;1.0;0.0;0.0;0.0;0.0;0.0;1.0;0.0;0.0;0.0;0.0;1.0;0.0;0.0;0.0;0.0;0.0;1.0;1.0;0.0;0.0;1.0;0.0;0.0;0.0;0.0;0.0;0.0;0.0;0.0;0.0;0.0;0.0;0.0;0.0;0.0;0.0
2023-09-03;Bragantino;10;3;3;659;636;Cruzeiro;5;1;13;15;5;3;0.51;0.49;341;0.69;15;16;5;1;0;0;5;1.0;0.0;0.0;0.0;0.0;0.0;0.0;0.0;0.0;0.0;0.0;8;0.03266666666666666;0.3333333333333333;235;0.06382978723404255;460.78431372549016;0.38461538461538464;9.803921568627452;-2;0.020000000000000018;-3;4;-1;0.03812316715542522;0.0;0.0;0.0;0;0;0;0;1;0;1;0;0.0;0.0;0.0;0.0;0.0;0.0;1.0;0.0;0.0;0.0;0.0;1.0;0.0;0.0;1.0;0.0;0.0;1.0;0.0;0.0;1.0;1.0;0.0;0.0;0.0;1.0;0.0;0.0;1.0;0.0;0.0;1.0;1.0;0.0;0.0;0.0;0.0;0.0;0.0;0.0;0.0;0.0;0.0;0.0;0.0;0.0;0.0;0.0;0.0;0.0;0.0
2023-08-27;Bragantino;10;3;0;659;656;Cuiabá;4;3;11;6;4;3;0.64;0.36;520;0.81;21;14;4;3;0;0;11;1.0;0.0;0.0;0.0;1.0;0.0;0.0;0.0;0.0;0.0;0.0;4;0.06;0.19047619047619047;421;0.0498812351543943;657.8125;1.0;17.1875;5;0.28;7;1;7;0.021153846153846155;0.18181818181818182;0.32;5.5;0;2;2;1;0;0;0;1;0.18181818181818182;0.5;0.0038461538461538464;5.5;0.0;0.0;1.0;0.0;0.0;0.0;0.0;0.0;0.0;0.0;0.0;0.0;1.0;1.0;0.0;0.0;0.0;0.0;0.0;0.0;0.0;1.0;0.0;0.0;1.0;0.0;0.0;1.0;1.0;0.0;0.0;0.0;0.0;1.0;1.0;0.0;0.0;0.0;0.0;0.0;0.0;0.0;0.0;0.0;0.0;0.0;0.0
2023-08-20;Bragantino;10;3;3;659;697;Bahía;5;2;11;13;7;5;0.53;0.47;384;0.76;18;11;5;2;0;0;7;1.0;0.0;0.0;0.0;0.0;0.0;0.0;0.0;0.0;0.0;0.0;4;0.036153846153846154;0.2777777777777778;292;0.06164383561643835;550.9433962264151;0.6363636363636364;13.20754716981132;-2;0.06000000000000005;3;3;7;0.028645833333333332;0.0;0.0;0.0;0;0;0;0;0;1;1;0;0.0;0.0;0.0;0.0;0.0;0.0;1.0;0.0;0.0;0.0;0.0;0.0;0.0;0.0;1.0;0.0;1.0;1.0;0.0;0.0;0.0;1.0;0.0;0.0;0.0;0.0;0.0;0.0;0.0;0.0;1.0;1.0;1.0;0.0;1.0;0.0;0.0;0.0;1.0;0.0;0.0;0.0;0.0;0.0;0.0;0.0;0.0;0.0;0.0;0.0;0.0
2023-08-14;Bragantino;10;0;7;659;777;Vasco da Gama;3;5;24;8;7;4;0.64;0.36;497;0.84;12;17;3;5;0;0;7;1.0;0.0;0.0;0.0;1.0;0.0;0.0;0.0;0.0;0.0;0.0;6;0.045;0.25;417;0.02877697841726619;651.5625;0.2916666666666667;10.9375;16;0.28;1;-2;-5;0.0482897384305835;0.041666666666666664;0.64;7.0;1;0;1;0;1;0;0;1;0.041666666666666664;0.14285714285714285;0.002012072434607646;24.0;0.0;0.0;0.0;0.0;0.0;0.0;0.0;1.0;0.0;0.0;1.0;0.0;1.0;1.0;0.0;0.0;0.0;1.0;0.0;0.0;0.0;0.0;0.0;0.0;0.0;0.0;0.0;1.0;1.0;0.0;1.0;0.0;0.0;0.0;1.0;0.0;0.0;0.0;0.0;0.0;0.0;0.0;0.0;0.0;0.0;0.0;0.0
2023-08-10;Bragantino;-1;0;5;659;682;América-MG;1;4;19;13;8;7;0.53;0.47;414;0.78;18;13;1;4;0;0;10;1.0;0.0;0.0;0.0;1.0;0.0;0.0;0.0;0.0;0.0;1.0;3;0.036153846153846154;0.05555555555555555;323;0.05572755417956656;609.4339622641509;0.5263157894736842;18.867924528301884;6;0.06000000000000005;7;-3;5;0.04589371980676329;0.15789473684210525;0.17666666666666667;3.3333333333333335;2;1;3;0;1;0;0;1;0.15789473684210525;0.375;0.007246376811594203;6.333333333333333;0.0;0.0;1.0;0.0;0.0;0.0;0.0;1.0;0.0;0.0;0.0;0.0;0.0;0.0;0.0;0.0;1.0;0.0;0.0;0.0;0.0;0.0;0.0;0.0;0.0;0.0;1.0;1.0;1.0;0.0;1.0;0.0;0.0;0.0;1.0;0.0;0.0;0.0;0.0;0.0;0.0;0.0;0.0;0.0;0.0;0.0;0.0
2023-08-06;Bragantino;10;0;7;659;684;Coritiba;5;3;11;9;2;1;0.49;0.51;344;0.69;22;21;5;3;0;0;4;1.0;1.0;0.0;0.0;1.0;0.0;0.0;0.0;0.0;0.0;1.0;3;0.05666666666666667;0.22727272727272727;237;0.09282700421940929;483.6734693877551;0.36363636363636365;8.16326530612245;2;-0.020000000000000018;1;2;1;0.03197674418604651;0.09090909090909091;0.49;4.0;1;0;1;1;0;0;1;0;0.09090909090909091;0.5;0.0029069767441860465;11.0;0.0;0.0;1.0;0.0;0.0;0.0;0.0;1.0;0.0;0.0;0.0;0.0;0.0;0.0;0.0;0.0;1.0;1.0;0.0;0.0;0.0;0.0;0.0;0.0;0.0;0.0;0.0;0.0;0.0;0.0;1.0;0.0;0.0;0.0;1.0;1.0;0.0;0.0;0.0;0.0;0.0;0.0;0.0;0.0;0.0;0.0;0.0
2023-08-03;Bragantino;-1;2;17;659;682;América-MG;1;3;13;12;2;2;0.65;0.35;475;0.74;17;14;1;3;0;0;3;1.0;1.0;0.0;0.0;1.0;0.0;0.0;0.0;0.0;0.0;1.0;2;0.029166666666666664;0.058823529411764705;352;0.048295454545454544;541.5384615384615;0.23076923076923078;4.615384615384615;1;0.30000000000000004;1;-2;3;0.02736842105263158;0.07692307692307693;0.65;3.0;1;0;1;0;1;0;1;0;0.07692307692307693;0.5;0.002105263157894737;13.0;0.0;0.0;1.0;0.0;0.0;0.0;0.0;1.0;0.0;0.0;0.0;0.0;1.0;1.0;0.0;0.0;0.0;1.0;0.0;0.0;0.0;0.0;0.0;0.0;0.0;0.0;0.0;1.0;0.0;0.0;0.0;0.0;0.0;0.0;0.0;0.0;1.0;0.0;0.0;0.0;0.0;0.0;0.0;0.0;0.0;0.0;0.0
2023-07-29;Bragantino;10;2;3;659;644;Fortaleza;3;2;22;10;11;2;0.55;0.45;432;0.77;24;16;3;2;0;0;9;1.0;0.0;0.0;0.0;1.0;1.0;0.0;0.0;0.0;0.0;1.0;2;0.045;0.125;333;0.07207207207207207;605.4545454545454;0.4090909090909091;16.363636363636363;12;0.10000000000000003;7;1;8;0.05092592592592592;0.13636363636363635;0.18333333333333335;3.0;1;2;3;1;0;0;1;0;0.13636363636363635;0.2727272727272727;0.006944444444444444;7.333333333333333;0.0;0.0;1.0;0.0;0.0;0.0;0.0;1.0;0.0;0.0;0.0;0.0;0.0;1.0;0.0;0.0;1.0;1.0;0.0;0.0;0.0;0.0;0.0;0.0;0.0;0.0;0.0;1.0;0.0;0.0;0.0;0.0;0.0;0.0;0.0;0.0;1.0;0.0;0.0;0.0;0.0;0.0;0.0;0.0;0.0;0.0;0.0
2023-07-23;Bragantino;10;0;3;659;641;Internacional;3;2;20;11;4;5;0.55;0.45;409;0.73;15;14;3;2;0;0;13;1.0;1.0;0.0;0.0;1.0;1.0;0.0;0.0;0.0;0.0;1.0;4;0.04090909090909091;0.2;299;0.05016722408026756;543.6363636363636;0.65;23.636363636363633;9;0.10000000000000003;9;1;1;0.0488997555012225;0.0;0.0;0.0;0;0;0;0;1;0;0;1;0.0;0.0;0.0;0.0;0.0;0.0;1.0;0.0;0.0;0.0;0.0;1.0;0.0;0.0;0.0;0.0;0.0;0.0;0.0;0.0;1.0;0.0;0.0;0.0;0.0;0.0;0.0;0.0;0.0;0.0;0.0;0.0;0.0;0.0;1.0;0.0;0.0;0.0;1.0;0.0;1.0;0.0;0.0;0.0;0.0;0.0;0.0;0.0;0.0;0.0;0.0
2023-07-15;Bragantino;10;13;3;659;210;Botafogo;1;1;17;10;8;3;0.63;0.37;503;0.81;11;16;1;1;0;0;11;1.0;1.0;0.0;0.0;1.0;1.0;0.0;0.0;0.0;0.0;1.0;4;0.037;0.09090909090909091;407;0.02702702702702703;646.031746031746;0.6470588235294118;17.46031746031746;7;0.26;7;0;-5;0.033797216699801194;0.0;0.0;0.0;0;0;0;0;0;1;1;0;0.0;0.0;0.0;0.0;0.0;0.0;1.0;0.0;0.0;0.0;0.0;1.0;0.0;0.0;0.0;0.0;0.0;0.0;0.0;0.0;1.0;0.0;0.0;0.0;0.0;0.0;0.0;0.0;0.0;0.0;1.0;0.0;0.0;0.0;1.0;0.0;0.0;0.0;0.0;0.0;1.0;0.0;0.0;0.0;0.0;0.0;0.0;0.0;0.0;0.0;0.0
2023-07-09;Bragantino;10;0;0;659;201;São Paulo;2;2;26;6;4;1;0.59;0.41;418;0.75;16;9;2;2;0;0;6;1.0;0.0;0.0;0.0;1.0;1.0;0.0;0.0;0.0;0.0;1.0;4;0.06833333333333333;0.125;314;0.050955414012738856;532.2033898305085;0.23076923076923078;10.16949152542373;20;0.18;2;0;7;0.06220095693779904;0.0;0.0;0.0;0;0;0;0;1;0;0;1;0.0;0.0;0.0;0.0;0.0;0.0;1.0;0.0;0.0;0.0;1.0;1.0;0.0;0.0;1.0;0.0;0.0;0.0;0.0;0.0;1.0;0.0;0.0;0.0;0.0;0.0;0.0;0.0;0.0;0.0;0.0;0.0;0.0;0.0;1.0;0.0;0.0;0.0;1.0;0.0;0.0;0.0;0.0;0.0;0.0;0.0;0.0;0.0;0.0;0.0;0.0
2023-07-02;Bragantino;10;22;0;659;652;Corinthians;2;3;10;12;5;4;0.6;0.4;545;0.83;17;15;2;3;0;0;2;1.0;0.0;0.0;0.0;1.0;1.0;0.0;0.0;0.0;0.0;1.0;4;0.03333333333333333;0.11764705882352941;452;0.03761061946902655;753.3333333333334;0.2;3.3333333333333335;-2;0.19999999999999996;-2;-1;2;0.01834862385321101;0.1;0.6;2.0;1;0;1;1;0;0;1;0;0.1;0.2;0.001834862385321101;10.0;0.0;0.0;1.0;0.0;0.0;0.0;1.0;1.0;0.0;0.0;1.0;0.0;0.0;1.0;0.0;0.0;0.0;0.0;0.0;0.0;0.0;0.0;0.0;0.0;0.0;0.0;0.0;0.0;1.0;0.0;1.0;0.0;0.0;0.0;0.0;0.0;0.0;0.0;0.0;0.0;0.0;0.0;0.0;0.0;0.0;0.0;0.0
2023-06-28;Bragantino;-1;7;0;659;809;Tacuary;3;0;25;5;13;3;0.79;0.21;728;0.89;6;11;3;0;0;0;3;1.0;0.0;0.0;0.0;0.0;1.0;0.0;0.0;0.0;0.0;1.0;2;0.041999999999999996;0.5;648;0.009259259259259259;820.253164556962;0.12;3.7974683544303796;20;0.5800000000000001;1;3;-5;0.034340659340659344;0.28;0.11285714285714286;0.42857142857142855;4;3;7;1;0;0;0;1;0.28;0.5384615384615384;0.009615384615384616;3.5714285714285716;0.0;0.0;0.0;0.0;0.0;0.0;1.0;1.0;0.0;1.0;1.0;0.0;0.0;0.0;0.0;0.0;1.0;0.0;0.0;0.0;0.0;0.0;0.0;0.0;0.0;0.0;0.0;0.0;1.0;0.0;1.0;0.0;0.0;0.0;1.0;0.0;0.0;0.0;0.0;0.0;0.0;0.0;0.0;0.0;0.0;0.0;0.0
2023-06-25;Bragantino;10;31;5;659;683;Goiás;2;2;20;4;6;0;0.61;0.39;469;0.83;17;23;2;2;0;0;10;1.0;0.0;0.0;0.0;1.0;1.0;0.0;0.0;0.0;0.0;1.0;4;0.0975;0.11764705882352941;389;0.043701799485861184;637.7049180327868;0.5;16.39344262295082;16;0.21999999999999997;6;0;-6;0.042643923240938165;0.1;0.305;5.0;2;0;2;1;0;0;0;1;0.1;0.3333333333333333;0.0042643923240938165;10.0;0.0;0.0;1.0;0.0;0.0;0.0;1.0;1.0;0.0;0.0;1.0;0.0;0.0;0.0;0.0;0.0;1.0;0.0;0.0;0.0;0.0;0.0;0.0;0.0;0.0;0.0;0.0;0.0;0.0;0.0;1.0;0.0;0.0;0.0;1.0;0.0;0.0;0.0;0.0;0.0;0.0;0.0;0.0;0.0;0.0;0.0;0.0
2023-06-22;Bragantino;10;31;3;659;214;Flamengo;0;0;36;7;13;0;0.6;0.4;496;0.83;2;5;0;0;0;0;17;0.0;0.0;0.0;0.0;1.0;1.0;0.0;0.0;0.0;0.0;1.0;2;0.05714285714285715;0.0;412;0.0048543689320388345;686.6666666666667;0.4722222222222222;28.333333333333336;29;0.19999999999999996;15;0;-3;0.07258064516129033;0.1111111111111111;0.15;4.25;1;3;4;1;0;0;0;1;0.1111111111111111;0.3076923076923077;0.008064516129032258;9.0;1.0;1.0;1.0;0.0;0.0;0.0;1.0;1.0;0.0;0.0;1.0;0.0;0.0;0.0;0.0;0.0;1.0;0.0;0.0;0.0;0.0;0.0;0.0;0.0;0.0;0.0;0.0;0.0;0.0;0.0;1.0;0.0;0.0;0.0;0.0;0.0;0.0;0.0;0.0;0.0;0.0;0.0;0.0;0.0;0.0;0.0;0.0
2023-06-10;Bragantino;10;0;3;659;220;Atlético Mineiro;3;2;7;16;3;6;0.39;0.61;358;0.68;14;8;3;2;0;0;2;1.0;1.0;0.0;0.0;1.0;1.0;0.0;0.0;0.0;0.0;1.0;7;0.038125;0.21428571428571427;243;0.05761316872427984;623.0769230769231;0.2857142857142857;5.128205128205128;-9;-0.21999999999999997;-5;1;6;0.019553072625698324;0.14285714285714285;0.39;2.0;1;0;1;0;1;0;1;0;0.14285714285714285;0.3333333333333333;0.002793296089385475;7.0;0.0;1.0;0.0;0.0;0.0;0.0;1.0;1.0;0.0;0.0;1.0;0.0;0.0;0.0;0.0;0.0;1.0;0.0;0.0;0.0;0.0;0.0;0.0;0.0;1.0;0.0;0.0;0.0;0.0;0.0;0.0;0.0;0.0;0.0;0.0;0.0;0.0;0.0;0.0;0.0;0.0;0.0;0.0;0.0;0.0;0.0;0.0
2023-06-07;Bragantino;-1;2;17;659;208;Estudiantes;4;2;10;21;1;6;0.42;0.58;309;0.65;19;14;3;2;1;0;3;1.0;0.0;0.0;0.0;1.0;1.0;0.0;0.0;0.0;0.0;1.0;3;0.027619047619047616;0.21052631578947367;201;0.0945273631840796;478.5714285714286;0.3;7.142857142857143;-11;-0.15999999999999998;0;2;5;0.032362459546925564;0.1;0.42;3.0;1;0;1;0;1;0;1;0;0.1;1.0;0.003236245954692557;10.0;0.0;1.0;1.0;0.0;0.0;0.0;1.0;1.0;0.0;0.0;0.0;0.0;0.0;1.0;0.0;0.0;1.0;0.0;0.0;0.0;0.0;0.0;0.0;0.0;1.0;0.0;0.0;0.0;0.0;0.0;0.0;0.0;0.0;0.0;0.0;0.0;0.0;0.0;0.0;0.0;0.0;0.0;0.0;0.0;0.0;0.0;0.0
2023-06-04;Bragantino;10;0;3;659;197;Fluminense;2;5;15;12;3;4;0.49;0.51;398;0.8;12;11;2;5;0;0;6;1.0;1.0;0.0;0.0;1.0;1.0;0.0;0.0;0.0;0.0;1.0;6;0.0425;0.16666666666666666;318;0.03773584905660377;648.9795918367347;0.4;12.244897959183673;3;-0.020000000000000018;0;-3;1;0.03768844221105527;0.06666666666666667;0.49;6.0;0;1;1;0;0;1;1;0;0.06666666666666667;0.3333333333333333;0.002512562814070352;15.0;0.0;0.0;1.0;0.0;0.0;0.0;0.0;1.0;0.0;0.0;0.0;0.0;0.0;0.0;0.0;0.0;1.0;0.0;0.0;0.0;0.0;1.0;0.0;0.0;1.0;0.0;0.0;0.0;0.0;0.0;1.0;0.0;0.0;0.0;0.0;0.0;0.0;0.0;0.0;0.0;0.0;0.0;0.0;0.0;0.0;0.0;0.0
2023-05-28;Bragantino;10;0;3;659;662;Santos;2;1;19;9;9;1;0.59;0.41;483;0.78;13;10;2;1;0;0;5;1.0;1.0;0.0;0.0;1.0;1.0;0.0;0.0;0.0;0.0;1.0;4;0.04555555555555555;0.15384615384615385;377;0.034482758620689655;638.9830508474577;0.2631578947368421;8.474576271186441;10;0.18;1;1;3;0.039337474120082816;0.10526315789473684;0.295;2.5;1;1;2;1;0;0;0;1;0.10526315789473684;0.2222222222222222;0.004140786749482402;9.5;0.0;0.0;1.0;0.0;0.0;0.0;0.0;1.0;0.0;0.0;0.0;0.0;0.0;0.0;0.0;0.0;1.0;0.0;0.0;0.0;0.0;1.0;0.0;0.0;1.0;0.0;0.0;0.0;0.0;0.0;1.0;0.0;0.0;0.0;0.0;0.0;0.0;0.0;0.0;0.0;0.0;0.0;0.0;0.0;0.0;0.0;0.0
2023-05-25;Bragantino;-1;1;0;659;-1;Oriente Petrolero;1;0;17;3;7;0;0.6;0.4;532;0.85;8;6;1;0;0;0;6;1.0;1.0;0.0;0.0;1.0;0.0;0.0;0.0;0.0;0.0;1.0;0;0.13333333333333333;0.125;452;0.017699115044247787;753.3333333333334;0.35294117647058826;10.0;14;0.19999999999999996;6;1;2;0.03195488721804511;0.23529411764705882;0.15;1.5;2;2;4;1;0;0;1;0;0.23529411764705882;0.5714285714285714;0.007518796992481203;4.25;0.0;0.0;0.0;0.0;0.0;0.0;0.0;1.0;0.0;0.0;1.0;0.0;0.0;0.0;0.0;0.0;1.0;0.0;0.0;0.0;0.0;1.0;0.0;0.0;1.0;0.0;1.0;0.0;0.0;0.0;1.0;0.0;0.0;0.0;0.0;0.0;0.0;0.0;0.0;0.0;0.0;0.0;0.0;0.0;0.0;0.0;0.0
2023-05-20;Bragantino;10;3;3;659;649;Paranaense;3;3;13;14;4;4;0.61;0.39;453;0.82;20;12;3;3;0;0;6;1.0;1.0;0.0;0.0;0.0;0.0;0.0;0.0;0.0;0.0;1.0;5;0.027857142857142858;0.15;371;0.05390835579514825;608.1967213114755;0.46153846153846156;9.836065573770492;-1;0.21999999999999997;1;0;8;0.02869757174392936;0.15384615384615385;0.305;3.0;1;1;2;1;0;0;0;1;0.15384615384615385;0.5;0.004415011037527594;6.5;0.0;0.0;1.0;0.0;0.0;0.0;1.0;1.0;0.0;1.0;0.0;0.0;0.0;0.0;0.0;0.0;1.0;0.0;0.0;0.0;0.0;1.0;0.0;0.0;1.0;0.0;1.0;0.0;0.0;0.0;0.0;0.0;0.0;0.0;0.0;0.0;0.0;0.0;0.0;0.0;0.0;0.0;0.0;0.0;0.0;0.0;0.0
2023-05-13;Bragantino;10;0;3;659;217;Palmeiras;4;1;8;22;3;6;0.41;0.59;332;0.79;19;12;4;1;0;0;6;1.0;1.0;0.0;0.0;1.0;1.0;0.0;0.0;0.0;0.0;1.0;15;0.026818181818181817;0.21052631578947367;262;0.07251908396946564;639.0243902439025;0.75;14.634146341463415;-14;-0.18;-9;3;7;0.024096385542168676;0.125;0.41;6.0;0;1;1;0;1;0;1;0;0.125;0.3333333333333333;0.0030120481927710845;8.0;0.0;0.0;1.0;0.0;0.0;0.0;1.0;1.0;0.0;0.0;0.0;0.0;0.0;0.0;0.0;0.0;0.0;0.0;0.0;0.0;0.0;1.0;0.0;0.0;0.0;0.0;1.0;0.0;0.0;0.0;0.0;0.0;0.0;0.0;0.0;0.0;1.0;0.0;0.0;0.0;0.0;0.0;0.0;0.0;0.0;0.0;0.0
2023-05-10;Bragantino;10;0;7;659;682;América-MG;5;3;20;10;9;3;0.63;0.37;438;0.78;16;17;5;3;0;0;5;1.0;0.0;0.0;0.0;1.0;0.0;0.0;0.0;0.0;0.0;1.0;4;0.037;0.3125;342;0.04678362573099415;542.8571428571429;0.25;7.936507936507937;10;0.26;1;2;-1;0.045662100456621;0.1;0.315;2.5;2;0;2;0;1;0;0;1;0.1;0.2222222222222222;0.0045662100456621;10.0;0.0;0.0;1.0;0.0;0.0;0.0;1.0;1.0;0.0;0.0;0.0;0.0;0.0;0.0;0.0;0.0;1.0;0.0;0.0;0.0;0.0;1.0;0.0;0.0;0.0;0.0;1.0;0.0;1.0;0.0;0.0;0.0;0.0;0.0;0.0;0.0;1.0;0.0;0.0;0.0;0.0;0.0;0.0;0.0;0.0;0.0;0.0
2023-05-07;Bragantino;10;0;3;659;206;Grêmio;2;5;21;11;7;3;0.58;0.42;470;0.75;20;9;2;5;0;0;7;0.0;1.0;0.0;0.0;1.0;0.0;0.0;0.0;0.0;0.0;1.0;4;0.03818181818181818;0.1;352;0.056818181818181816;606.896551724138;0.3333333333333333;12.06896551724138;10;0.15999999999999998;3;-3;11;0.04468085106382979;0.14285714285714285;0.19333333333333333;2.3333333333333335;1;2;3;0;1;0;1;0;0.14285714285714285;0.42857142857142855;0.006382978723404255;7.0;1.0;0.0;1.0;0.0;0.0;0.0;1.0;1.0;0.0;0.0;1.0;0.0;0.0;0.0;0.0;0.0;0.0;0.0;0.0;0.0;0.0;1.0;0.0;0.0;0.0;0.0;1.0;0.0;0.0;0.0;0.0;0.0;0.0;0.0;0.0;0.0;1.0;0.0;0.0;0.0;0.0;0.0;0.0;0.0;0.0;0.0;0.0
2023-05-02;Bragantino;-1;3;29;659;208;Estudiantes;4;2;14;9;4;3;0.55;0.45;375;0.73;12;8;4;2;0;0;4;1.0;0.0;0.0;0.0;1.0;0.0;0.0;0.0;0.0;0.0;0.0;6;0.05;0.3333333333333333;274;0.043795620437956206;498.18181818181813;0.2857142857142857;7.2727272727272725;5;0.10000000000000003;-2;2;4;0.037333333333333336;0.0;0.0;0.0;0;0;0;0;1;0;0;1;0.0;0.0;0.0;0.0;0.0;0.0;1.0;0.0;0.0;0.0;1.0;1.0;0.0;0.0;0.0;0.0;0.0;0.0;0.0;0.0;0.0;0.0;0.0;0.0;0.0;1.0;0.0;0.0;0.0;0.0;1.0;0.0;1.0;0.0;0.0;0.0;1.0;0.0;1.0;0.0;1.0;0.0;0.0;0.0;0.0;0.0;0.0;0.0;0.0;0.0;0.0
2023-04-29;Bragantino;10;3;3;659;636;Cruzeiro;5;3;12;18;5;5;0.44;0.56;369;0.78;18;8;3;3;2;0;5;0.0;0.0;0.0;0.0;1.0;1.0;0.0;0.0;0.0;0.0;1.0;9;0.031111111111111114;0.2777777777777778;288;0.0625;654.5454545454545;0.4166666666666667;11.363636363636363;-6;-0.12000000000000005;-4;2;10;0.032520325203252036;0.0;0.0;0.0;0;0;0;0;0;1;0;1;0.0;0.0;0.0;0.0;1.0;0.0;1.0;0.0;0.0;0.0;1.0;0.0;0.0;0.0;0.0;0.0;0.0;0.0;0.0;0.0;0.0;0.0;0.0;0.0;0.0;1.0;0.0;0.0;0.0;0.0;1.0;0.0;1.0;0.0;0.0;0.0;0.0;0.0;1.0;0.0;1.0;0.0;0.0;0.0;0.0;0.0;0.0;0.0;0.0;0.0;0.0
2023-04-22;Bragantino;10;0;3;659;656;Cuiabá;3;3;7;14;2;3;0.67;0.33;508;0.8;21;17;3;3;0;0;5;0.0;0.0;0.0;0.0;1.0;0.0;0.0;0.0;0.0;0.0;1.0;4;0.023571428571428573;0.14285714285714285;406;0.05172413793103448;605.9701492537313;0.7142857142857143;7.462686567164178;-7;0.34;1;0;4;0.013779527559055118;0.14285714285714285;0.67;5.0;0;1;1;0;1;0;1;0;0.14285714285714285;0.5;0.001968503937007874;7.0;1.0;1.0;1.0;0.0;0.0;0.0;1.0;1.0;0.0;0.0;0.0;0.0;1.0;0.0;0.0;0.0;0.0;0.0;0.0;0.0;0.0;1.0;0.0;0.0;0.0;0.0;0.0;0.0;1.0;0.0;0.0;0.0;0.0;0.0;0.0;0.0;1.0;0.0;0.0;0.0;0.0;0.0;0.0;0.0;0.0;0.0;0.0
2023-04-18;Bragantino;-1;0;17;659;-1;Oriente Petrolero;1;2;23;1;12;0;0.71;0.29;545;0.85;11;13;1;2;0;0;8;0.0;0.0;0.0;0.0;1.0;0.0;0.0;0.0;0.0;0.0;1.0;0;0.29;0.09090909090909091;463;0.023758099352051837;652.112676056338;0.34782608695652173;11.267605633802818;22;0.42;8;-1;-2;0.04220183486238532;0.21739130434782608;0.142;1.6;3;2;5;1;0;0;0;1;0.21739130434782608;0.4166666666666667;0.009174311926605505;4.6;1.0;1.0;1.0;0.0;0.0;0.0;1.0;1.0;0.0;0.0;0.0;0.0;1.0;0.0;0.0;0.0;0.0;0.0;0.0;0.0;0.0;1.0;0.0;0.0;0.0;0.0;0.0;0.0;1.0;0.0;0.0;0.0;0.0;0.0;0.0;0.0;1.0;0.0;0.0;0.0;0.0;0.0;0.0;0.0;0.0;0.0;0.0
2023-04-15;Bragantino;10;3;6;659;697;Bahía;3;1;13;9;7;3;0.57;0.43;435;0.77;20;13;3;1;0;0;4;0.0;0.0;0.0;0.0;1.0;0.0;0.0;0.0;0.0;0.0;0.0;7;0.04777777777777778;0.15;335;0.05970149253731343;587.7192982456141;0.3076923076923077;7.017543859649123;4;0.13999999999999996;-3;2;7;0.029885057471264367;0.15384615384615385;0.285;2.0;0;2;2;1;0;0;0;1;0.15384615384615385;0.2857142857142857;0.004597701149425287;6.5;1.0;0.0;1.0;0.0;1.0;0.0;0.0;0.0;0.0;0.0;1.0;0.0;0.0;0.0;0.0;0.0;0.0;0.0;0.0;0.0;0.0;0.0;0.0;0.0;1.0;1.0;1.0;0.0;1.0;0.0;0.0;0.0;1.0;0.0;0.0;0.0;1.0;0.0;0.0;0.0;0.0;0.0;0.0;0.0;0.0;0.0;0.0
2023-04-06;Bragantino;-1;3;3;659;809;Tacuary;1;2;30;9;11;3;0.74;0.26;542;0.81;8;8;1;2;0;0;8;0.0;0.0;0.0;0.0;1.0;0.0;0.0;0.0;0.0;0.0;0.0;2;0.02888888888888889;0.125;439;0.018223234624145785;593.2432432432432;0.26666666666666666;10.81081081081081;21;0.48;6;-1;0;0.055350553505535055;0.13333333333333333;0.185;2.0;1;3;4;1;0;0;1;0;0.13333333333333333;0.36363636363636365;0.007380073800738007;7.5;1.0;0.0;1.0;0.0;0.0;0.0;0.0;0.0;0.0;0.0;1.0;0.0;0.0;0.0;0.0;0.0;0.0;0.0;0.0;0.0;0.0;0.0;0.0;0.0;1.0;1.0;1.0;0.0;1.0;0.0;0.0;0.0;1.0;0.0;1.0;0.0;1.0;0.0;0.0;0.0;0.0;0.0;0.0;0.0;0.0;0.0;0.0
2023-03-20;Bragantino;27;0;0;659;667;Água Santa;4;4;19;8;3;5;0.56;0.44;419;0.79;13;17;3;3;1;1;5;1.0;1.0;0.0;0.0;1.0;1.0;0.0;0.0;0.0;0.0;0.0;1;0.055;0.3076923076923077;331;0.03927492447129909;591.0714285714286;0.2631578947368421;8.928571428571427;11;0.12000000000000005;4;0;-4;0.045346062052505964;0.05263157894736842;0.56;5.0;1;0;1;0;1;0;1;0;0.05263157894736842;0.3333333333333333;0.002386634844868735;19.0;0.0;0.0;1.0;0.0;0.0;0.0;0.0;0.0;0.0;0.0;0.0;0.0;1.0;0.0;1.0;0.0;0.0;0.0;0.0;0.0;0.0;0.0;0.0;0.0;0.0;0.0;1.0;0.0;0.0;0.0;0.0;0.0;1.0;0.0;0.0;0.0;1.0;1.0;0.0;0.0;0.0;0.0;0.0;0.0;0.0;0.0;0.0
2023-03-12;Bragantino;27;0;1;659;673;Botafogo RP;0;1;19;6;9;1;0.55;0.45;487;0.85;9;12;0;1;0;0;9;1.0;1.0;0.0;0.0;1.0;0.0;0.0;0.0;0.0;0.0;0.0;5;0.075;0.0;414;0.021739130434782608;752.7272727272726;0.47368421052631576;16.363636363636363;13;0.10000000000000003;4;-1;-3;0.039014373716632446;0.10526315789473684;0.275;4.5;1;1;2;1;0;0;0;1;0.10526315789473684;0.2222222222222222;0.004106776180698152;9.5;0.0;0.0;1.0;0.0;0.0;0.0;0.0;0.0;0.0;0.0;1.0;0.0;0.0;0.0;1.0;0.0;0.0;0.0;0.0;0.0;0.0;0.0;0.0;0.0;0.0;0.0;1.0;0.0;0.0;0.0;0.0;0.0;0.0;0.0;1.0;0.0;1.0;1.0;1.0;0.0;0.0;0.0;0.0;0.0;0.0;0.0;0.0
2023-03-05;Bragantino;27;0;2;659;-1;Sao Bento;3;4;13;15;6;7;0.57;0.43;388;0.77;19;13;3;4;0;0;3;1.0;1.0;0.0;0.0;1.0;0.0;0.0;0.0;0.0;0.0;0.0;7;0.028666666666666667;0.15789473684210525;299;0.06354515050167224;524.561403508772;0.23076923076923078;5.2631578947368425;-2;0.13999999999999996;-4;-1;6;0.03350515463917526;0.23076923076923078;0.18999999999999997;1.0;2;1;3;1;0;0;1;0;0.23076923076923078;0.5;0.007731958762886598;4.333333333333333;0.0;0.0;0.0;0.0;0.0;0.0;0.0;0.0;0.0;0.0;0.0;0.0;1.0;0.0;1.0;0.0;0.0;0.0;0.0;0.0;0.0;0.0;0.0;0.0;0.0;0.0;1.0;0.0;0.0;0.0;1.0;0.0;0.0;0.0;1.0;0.0;0.0;1.0;1.0;1.0;0.0;0.0;0.0;0.0;0.0;0.0;0.0
2023-02-25;Bragantino;27;0;9;659;665;Ituano;2;1;23;18;9;5;0.58;0.42;419;0.85;12;4;2;1;0;0;5;1.0;0.0;0.0;0.0;1.0;0.0;0.0;0.0;0.0;0.0;0.0;8;0.02333333333333333;0.16666666666666666;356;0.033707865168539325;613.7931034482759;0.21739130434782608;8.620689655172415;5;0.15999999999999998;-3;1;8;0.05489260143198091;0.21739130434782608;0.11599999999999999;1.0;3;2;5;1;0;0;0;1;0.21739130434782608;0.5555555555555556;0.011933174224343675;4.6;0.0;0.0;1.0;0.0;0.0;0.0;0.0;0.0;0.0;0.0;1.0;0.0;0.0;0.0;1.0;0.0;0.0;0.0;0.0;0.0;0.0;0.0;0.0;0.0;0.0;0.0;1.0;0.0;1.0;0.0;0.0;0.0;1.0;0.0;1.0;0.0;1.0;1.0;0.0;0.0;0.0;0.0;0.0;0.0;0.0;0.0;0.0
2023-02-22;Bragantino;27;0;3;659;217;Palmeiras;2;3;22;8;8;5;0.51;0.49;326;0.77;23;13;2;3;0;0;7;1.0;0.0;0.0;0.0;1.0;0.0;0.0;0.0;0.0;0.0;0.0;5;0.06125;0.08695652173913043;251;0.09163346613545817;492.156862745098;0.3181818181818182;13.72549019607843;14;0.020000000000000018;2;-1;10;0.06748466257668712;0.0;0.0;0.0;0;0;0;0;0;1;1;0;0.0;0.0;0.0;0.0;0.0;0.0;1.0;0.0;0.0;0.0;0.0;0.0;0.0;0.0;1.0;0.0;0.0;0.0;1.0;0.0;0.0;0.0;0.0;0.0;0.0;0.0;0.0;0.0;0.0;0.0;1.0;0.0;1.0;0.0;0.0;0.0;1.0;0.0;1.0;0.0;1.0;1.0;0.0;0.0;0.0;0.0;0.0;0.0;0.0;0.0;0.0
2023-02-15;Bragantino;27;0;1;659;667;Água Santa;1;3;15;9;1;4;0.63;0.37;414;0.77;13;16;1;3;0;0;1;0.0;1.0;0.0;0.0;0.0;0.0;0.0;0.0;0.0;0.0;0.0;5;0.04111111111111111;0.07692307692307693;319;0.04075235109717868;506.3492063492063;0.06666666666666667;1.5873015873015872;6;0.26;-4;-2;-3;0.036231884057971016;0.0;0.0;0.0;0;0;0;0;0;1;1;0;0.0;0.0;0.0;0.0;0.0;0.0;1.0;0.0;0.0;0.0;0.0;0.0;0.0;0.0;1.0;0.0;1.0;0.0;1.0;0.0;0.0;0.0;0.0;0.0;0.0;0.0;0.0;0.0;0.0;0.0;0.0;0.0;0.0;0.0;1.0;0.0;1.0;0.0;1.0;0.0;1.0;1.0;0.0;0.0;1.0;0.0;0.0;0.0;0.0;0.0;0.0
2023-02-11;Bragantino;27;0;0;659;670;Mirassol;2;4;23;8;10;3;0.69;0.31;550;0.87;19;20;2;4;0;0;13;0.0;1.0;0.0;0.0;1.0;0.0;0.0;0.0;0.0;0.0;0.0;3;0.03875;0.10526315789473684;478;0.0397489539748954;692.7536231884059;0.5652173913043478;18.84057971014493;15;0.37999999999999995;10;-2;-1;0.04181818181818182;0.0;0.0;0.0;0;0;0;0;1;0;0;1;0.0;0.0;0.0;0.0;0.0;0.0;1.0;0.0;0.0;0.0;0.0;0.0;0.0;0.0;1.0;0.0;0.0;1.0;1.0;0.0;0.0;0.0;0.0;0.0;0.0;0.0;0.0;0.0;0.0;0.0;1.0;0.0;0.0;0.0;0.0;0.0;0.0;0.0;1.0;0.0;1.0;1.0;0.0;0.0;1.0;0.0;0.0;0.0;0.0;0.0;0.0
2023-02-04;Bragantino;27;0;1;659;668;Guarani;2;3;13;13;6;5;0.62;0.38;456;0.81;14;9;2;3;0;0;5;1.0;1.0;0.0;0.0;1.0;0.0;0.0;0.0;0.0;0.0;0.0;7;0.02923076923076923;0.14285714285714285;369;0.037940379403794036;595.1612903225806;0.38461538461538464;8.064516129032258;0;0.24;-2;-1;5;0.02850877192982456;0.07692307692307693;0.62;5.0;0;1;1;1;0;0;1;0;0.07692307692307693;0.16666666666666666;0.0021929824561403508;13.0;0.0;0.0;1.0;0.0;0.0;0.0;0.0;0.0;0.0;0.0;0.0;0.0;1.0;0.0;0.0;0.0;0.0;0.0;0.0;0.0;0.0;0.0;0.0;0.0;0.0;0.0;1.0;0.0;0.0;0.0;1.0;0.0;1.0;0.0;1.0;0.0;1.0;1.0;0.0;0.0;0.0;0.0;0.0;0.0;0.0;0.0;0.0
2023-01-28;Bragantino;27;7;0;659;664;Santo André;5;3;26;4;4;1;0.65;0.35;517;0.84;14;12;4;3;1;0;15;1.0;0.0;0.0;0.0;1.0;0.0;0.0;0.0;0.0;0.0;0.0;0;0.0875;0.35714285714285715;434;0.03225806451612903;667.6923076923076;0.5769230769230769;23.076923076923077;22;0.30000000000000004;15;2;2;0.05029013539651837;0.0;0.0;0.0;0;0;0;0;0;1;0;1;0.0;0.0;0.0;0.0;0.0;0.0;1.0;0.0;0.0;0.0;0.0;0.0;0.0;0.0;1.0;0.0;0.0;0.0;0.0;0.0;0.0;0.0;0.0;0.0;1.0;0.0;0.0;0.0;1.0;0.0;1.0;0.0;1.0;0.0;0.0;0.0;1.0;0.0;0.0;0.0;1.0;1.0;0.0;0.0;0.0;0.0;0.0;0.0;0.0;0.0;0.0
2023-01-25;Bragantino;27;0;7;659;-1;Ferroviária;2;2;23;11;7;3;0.6;0.4;524;0.86;17;13;1;2;1;0;6;1.0;1.0;0.0;0.0;0.0;0.0;0.0;0.0;0.0;0.0;0.0;3;0.03636363636363637;0.11764705882352941;451;0.037694013303769404;751.6666666666667;0.2608695652173913;10.0;12;0.19999999999999996;3;0;4;0.04389312977099236;0.08695652173913043;0.3;3.0;2;0;2;1;0;0;0;1;0.08695652173913043;0.2857142857142857;0.003816793893129771;11.5;0.0;0.0;1.0;0.0;0.0;0.0;0.0;0.0;0.0;0.0;1.0;0.0;0.0;0.0;0.0;0.0;0.0;1.0;0.0;0.0;1.0;0.0;0.0;0.0;1.0;0.0;1.0;0.0;0.0;0.0;1.0;0.0;1.0;0.0;0.0;0.0;0.0;1.0;0.0;0.0;0.0;0.0;0.0;0.0;0.0;0.0;0.0
2023-01-21;Bragantino;27;0;5;659;663;Portuguesa;2;3;9;9;0;4;0.63;0.37;439;0.82;14;13;1;3;1;0;5;1.0;1.0;0.0;0.0;1.0;0.0;0.0;0.0;0.0;0.0;0.0;4;0.04111111111111111;0.14285714285714285;360;0.03888888888888889;571.4285714285714;0.5555555555555556;7.936507936507937;0;0.26;1;-1;1;0.02050113895216401;0.0;0.0;0.0;0;0;0;0;0;1;1;0;0.0;0.0;0.0;0.0;0.0;0.0;1.0;0.0;0.0;0.0;0.0;0.0;0.0;0.0;0.0;0.0;0.0;0.0;0.0;0.0;0.0;1.0;0.0;0.0;0.0;0.0;0.0;0.0;0.0;0.0;0.0;0.0;0.0;0.0;0.0;0.0;1.0;0.0;1.0;0.0;1.0;1.0;0.0;0.0;0.0;1.0;1.0;0.0;0.0;0.0;0.0
2023-01-18;Bragantino;27;0;6;659;672;São Bernardo;2;3;2;20;1;6;0.51;0.49;350;0.72;8;11;1;3;1;0;3;1.0;1.0;0.0;0.0;1.0;0.0;0.0;0.0;0.0;0.0;0.0;5;0.0245;0.25;252;0.031746031746031744;494.11764705882354;1.5;5.88235294117647;-18;0.020000000000000018;-2;-1;-3;0.005714285714285714;0.5;0.51;3.0;1;0;1;0;1;0;1;0;0.5;1.0;0.002857142857142857;2.0;0.0;0.0;1.0;0.0;0.0;0.0;0.0;0.0;0.0;0.0;0.0;0.0;0.0;0.0;0.0;0.0;0.0;0.0;0.0;0.0;1.0;0.0;0.0;0.0;0.0;0.0;0.0;0.0;0.0;0.0;0.0;0.0;1.0;0.0;1.0;0.0;1.0;1.0;0.0;0.0;0.0;1.0;1.0;0.0;0.0;0.0;0.0
2023-01-15;Bragantino;27;3;22;659;652;Corinthians;1;2;19;8;6;4;0.54;0.46;389;0.84;21;12;1;2;0;0;6;1.0;1.0;0.0;0.0;1.0;0.0;0.0;0.0;0.0;0.0;0.0;1;0.0575;0.047619047619047616;327;0.06422018348623854;605.5555555555555;0.3157894736842105;11.11111111111111;11;0.08000000000000002;5;-1;9;0.04884318766066838;0.05263157894736842;0.54;6.0;0;1;1;1;0;0;0;1;0.05263157894736842;0.16666666666666666;0.002570694087403599;19.0;0.0;0.0;1.0;0.0;0.0;0.0;0.0;0.0;0.0;0.0;0.0;0.0;0.0;0.0;0.0;0.0;0.0;0.0;0.0;0.0;1.0;0.0;0.0;0.0;0.0;0.0;0.0;0.0;0.0;0.0;0.0;0.0;1.0;0.0;1.0;0.0;1.0;1.0;0.0;0.0;0.0;1.0;1.0;0.0;0.0;0.0;0.0
2022-11-13;Bragantino;10;3;3;659;197;Fluminense;3;2;13;8;4;4;0.41;0.59;319;0.77;16;15;3;2;0;0;4;1.0;0.0;0.0;0.0;0.0;0.0;0.0;0.0;0.0;0.0;0.0;9;0.07375;0.1875;246;0.06504065040650407;600.0;0.3076923076923077;9.75609756097561;5;-0.18;-5;1;1;0.04075235109717868;0.0;0.0;0.0;0;0;0;0;0;1;0;1;0.0;0.0;0.0;0.0;0.0;0.0;0.0;0.0;0.0;0.0;0.0;1.0;0.0;0.0;1.0;0.0;0.0;0.0;0.0;0.0;0.0;1.0;0.0;0.0;1.0;0.0;0.0;0.0;0.0;0.0;0.0;0.0;1.0;0.0;0.0;0.0;1.0;0.0;0.0;0.0;1.0;1.0;0.0;0.0;0.0;1.0;0.0;1.0;0.0;0.0;0.0
2022-11-09;Bragantino;10;3;3;659;644;Fortaleza;4;1;4;26;1;13;0.44;0.56;350;0.8;12;17;4;1;0;0;0;1.0;0.0;0.0;0.0;0.0;0.0;0.0;0.0;0.0;0.0;0.0;7;0.02153846153846154;0.3333333333333333;280;0.04285714285714286;636.3636363636364;0.0;0.0;-22;-0.12000000000000005;-7;3;-5;0.011428571428571429;0.0;0.0;0.0;0;0;0;0;0;1;1;0;0.0;0.0;0.0;0.0;0.0;0.0;0.0;0.0;0.0;0.0;0.0;1.0;0.0;0.0;1.0;0.0;0.0;0.0;0.0;0.0;0.0;1.0;0.0;1.0;0.0;0.0;0.0;0.0;1.0;0.0;0.0;0.0;0.0;0.0;0.0;0.0;0.0;0.0;1.0;0.0;1.0;0.0;1.0;0.0;0.0;0.0;0.0;0.0;1.0;1.0;0.0
2022-11-05;Bragantino;10;3;7;659;682;América-MG;6;2;14;13;4;8;0.59;0.41;447;0.8;17;9;6;2;0;0;5;1.0;0.0;0.0;0.0;0.0;0.0;0.0;0.0;0.0;0.0;0.0;3;0.031538461538461536;0.35294117647058826;358;0.04748603351955307;606.7796610169491;0.35714285714285715;8.474576271186441;1;0.18;2;4;8;0.03131991051454139;0.07142857142857142;0.59;5.0;1;0;1;0;0;1;0;1;0.07142857142857142;0.25;0.0022371364653243847;14.0;0.0;0.0;0.0;0.0;0.0;0.0;0.0;1.0;0.0;0.0;0.0;0.0;0.0;0.0;0.0;0.0;0.0;1.0;0.0;0.0;1.0;1.0;0.0;0.0;0.0;0.0;0.0;0.0;1.0;0.0;0.0;0.0;0.0;0.0;0.0;0.0;1.0;1.0;1.0;0.0;0.0;1.0;0.0;0.0;0.0;0.0;1.0
2022-11-02;Bragantino;10;3;3;659;686;Avaí;1;2;12;8;6;1;0.51;0.49;436;0.77;17;17;1;2;0;0;7;1.0;0.0;0.0;0.0;0.0;0.0;0.0;0.0;0.0;0.0;0.0;2;0.06125;0.058823529411764705;336;0.050595238095238096;658.8235294117646;0.5833333333333334;13.72549019607843;4;0.020000000000000018;5;-1;0;0.027522935779816515;0.16666666666666666;0.255;3.5;0;2;2;1;0;0;1;0;0.16666666666666666;0.3333333333333333;0.0045871559633027525;6.0;0.0;0.0;0.0;0.0;0.0;0.0;0.0;1.0;0.0;0.0;0.0;0.0;0.0;0.0;0.0;0.0;0.0;1.0;0.0;0.0;1.0;1.0;0.0;0.0;0.0;0.0;0.0;0.0;1.0;0.0;0.0;0.0;0.0;0.0;0.0;0.0;1.0;1.0;0.0;0.0;0.0;1.0;0.0;0.0;0.0;1.0;1.0
