Fecha;Equipo_name;Torneo;Alineacion;Alineacion_contrincante;equipo;equipo_contrincante;equipo_contrincante_name;tarjetas;tarjetas_contrincante;Remates;Remates_contrincante;Remates al arco;Remates al arco_contrincante;Posesión;Posesión_contrincante;Pases;Precisión de los pases;Faltas;Faltas_contrincante;Tarjetas amarillas;Tarjetas amarillas_contrincante;Tarjetas rojas;Tarjetas rojas_contrincante;Tiros de esquina;Mark Flekken-Brentford;Michael Kayode-Brentford;Nathan Collins-Brentford;Sepp van den Berg-Brentford;Keane Lewis-Potter-Brentford;Christian Nørgaard-Brentford;Yehor Yarmolyuk-Brentford;Bryan Mbeumo-Brentford;Mikkel Damsgaard-Brentford;Kevin Schade-Brentford;Yoane Wissa-Brentford;Tiros de esquina_concedidos;Posesión_contra_por_remate;tarjetas_por_falta;pases_completados;faltas_por_pases;pases_por_posesion;tirosEsquina_por_remate;tirosEsquina_por_posesion;diff_remates;diff_posesion;diff_Tiros de esquina;diff_tarjetas;diff_faltas;remates_por_pase;posesion_por_remate;posesion_por_gol;tirosEsquina_por_gol;goles_primera_mitad;goles_segunda_mitad;goles_totales;gano;empato;perdio;visitante;local;conversion_goles;conversion_arco;goles_por_pase;remates_al_arco_por_gol;Kristoffer Ajer-Brentford;Vitaly Janelt-Brentford;Ethan Pinnock-Brentford;Hákon Rafn Valdimarsson-Brentford;Mads Roerslev-Brentford;Mathias Jensen-Brentford;Kim Ji-soo-Brentford;Rico Henry-Brentford;Paris Maghoma-Brentford;Fábio Carvalho-Brentford;Ben Mee-Brentford;Igor Thiago-Brentford;Jayden Meghoma-Brentford;Ryan Trevitt-Brentford;Frank Onyeka-Brentford;Myles Peart-Harris-Brentford;Mathias Jørgensen-Brentford;Sergio Reguilón-Brentford;Ivan Toney-Brentford;Neal Maupay-Brentford;Thomas Strakosha-Brentford;Josh Dasilva-Brentford;Saman Ghoddos-Brentford;Shandon Baptiste-Brentford;Aaron Hickey-Brentford;David Raya-Brentford;Pontus Jansson-Brentford;Mads Bech Sørensen-Brentford
2025-05-04;Brentford;3;3;17;57;62;Manchester United;0;2;12;14;6;5;0.46;0.54;410;0.79;8;10;0;2;0;0;7;1.0;1.0;1.0;1.0;1.0;1.0;1.0;1.0;1.0;1.0;1.0;3;0.038571428571428576;0.0;324;0.024691358024691357;704.3478260869565;0.5833333333333334;15.217391304347826;-2;-0.08000000000000002;4;-2;-2;0.02926829268292683;0.3333333333333333;0.115;1.75;2;2;4;1;0;0;0;1;0.3333333333333333;0.6666666666666666;0.00975609756097561;3.0;0.0;0.0;0.0;0.0;0.0;0.0;0.0;0.0;0.0;0.0;0.0;0.0;0.0;0.0;0.0;0.0;0.0;0.0;0.0;0.0;0.0;0.0;0.0;0.0;0.0;0.0;0.0;0.0
2025-04-19;Brentford;3;3;3;57;54;Brighton;3;4;16;12;8;3;0.46;0.54;421;0.8;7;11;3;3;0;1;4;1.0;1.0;1.0;1.0;1.0;1.0;1.0;1.0;1.0;1.0;1.0;7;0.045000000000000005;0.42857142857142855;337;0.020771513353115726;732.6086956521739;0.25;8.695652173913043;4;-0.08000000000000002;-3;-1;-4;0.03800475059382423;0.25;0.115;1.0;1;3;4;1;0;0;0;1;0.25;0.5;0.009501187648456057;4.0;0.0;0.0;0.0;0.0;0.0;0.0;0.0;0.0;0.0;0.0;0.0;0.0;0.0;0.0;0.0;0.0;0.0;0.0;0.0;0.0;0.0;0.0;0.0;0.0;0.0;0.0;0.0;0.0
2025-04-12;Brentford;3;1;0;57;9;Arsenal;3;1;3;14;2;3;0.36;0.64;280;0.78;9;7;3;1;0;0;5;1.0;0.0;1.0;1.0;1.0;1.0;0.0;1.0;1.0;1.0;1.0;13;0.045714285714285714;0.3333333333333333;218;0.04128440366972477;605.5555555555555;1.6666666666666667;13.88888888888889;-11;-0.28;-8;2;2;0.010714285714285714;0.3333333333333333;0.36;5.0;0;1;1;0;1;0;1;0;0.3333333333333333;0.5;0.0035714285714285713;3.0;1.0;1.0;0.0;0.0;0.0;0.0;0.0;0.0;0.0;0.0;0.0;0.0;0.0;0.0;0.0;0.0;0.0;0.0;0.0;0.0;0.0;0.0;0.0;0.0;0.0;0.0;0.0;0.0
2025-04-06;Brentford;3;3;3;57;53;Chelsea;1;3;9;21;2;5;0.4;0.6;330;0.76;12;12;1;3;0;0;3;1.0;0.0;1.0;1.0;1.0;1.0;1.0;1.0;1.0;1.0;1.0;6;0.02857142857142857;0.08333333333333333;251;0.04780876494023904;627.5;0.3333333333333333;7.5;-12;-0.19999999999999996;-3;-2;0;0.02727272727272727;0.0;0.0;0.0;0;0;0;0;1;0;0;1;0.0;0.0;0.0;0.0;1.0;0.0;0.0;0.0;0.0;0.0;0.0;0.0;0.0;0.0;0.0;0.0;0.0;0.0;0.0;0.0;0.0;0.0;0.0;0.0;0.0;0.0;0.0;0.0;0.0;0.0;0.0;0.0
2025-04-02;Brentford;3;3;0;57;60;Newcastle;1;1;12;21;3;4;0.52;0.48;427;0.77;12;12;1;1;0;0;5;1.0;0.0;1.0;1.0;1.0;1.0;1.0;1.0;0.0;1.0;1.0;4;0.022857142857142857;0.08333333333333333;329;0.0364741641337386;632.6923076923076;0.4166666666666667;9.615384615384615;-9;0.040000000000000036;1;0;0;0.02810304449648712;0.08333333333333333;0.52;5.0;0;1;1;0;0;1;1;0;0.08333333333333333;0.3333333333333333;0.00234192037470726;12.0;0.0;1.0;1.0;0.0;0.0;0.0;0.0;0.0;0.0;0.0;0.0;0.0;0.0;0.0;0.0;0.0;0.0;0.0;0.0;0.0;0.0;0.0;0.0;0.0;0.0;0.0;0.0;0.0
2025-03-15;Brentford;3;3;3;57;59;Bournemouth;0;3;10;17;4;5;0.41;0.59;350;0.7;7;13;0;3;0;0;3;1.0;0.0;1.0;0.0;1.0;1.0;0.0;1.0;1.0;1.0;1.0;4;0.03470588235294118;0.0;245;0.02857142857142857;597.5609756097562;0.3;7.317073170731708;-7;-0.18;-1;-3;-6;0.02857142857142857;0.2;0.205;1.5;1;1;2;1;0;0;1;0;0.2;0.5;0.005714285714285714;5.0;1.0;1.0;1.0;0.0;0.0;0.0;0.0;0.0;0.0;0.0;0.0;0.0;0.0;0.0;0.0;0.0;0.0;0.0;0.0;0.0;0.0;0.0;0.0;0.0;0.0;0.0;0.0;0.0
2025-03-08;Brentford;3;3;3;57;1;Aston Villa;2;2;13;12;3;4;0.6;0.4;459;0.86;10;5;2;2;0;0;6;1.0;0.0;1.0;0.0;1.0;1.0;0.0;1.0;1.0;1.0;1.0;5;0.03333333333333333;0.2;395;0.02531645569620253;658.3333333333334;0.46153846153846156;10.0;1;0.19999999999999996;1;0;5;0.02832244008714597;0.0;0.0;0.0;0;0;0;0;0;1;0;1;0.0;0.0;0.0;0.0;1.0;1.0;1.0;0.0;0.0;0.0;0.0;0.0;0.0;0.0;0.0;0.0;0.0;0.0;0.0;0.0;0.0;0.0;0.0;0.0;0.0;0.0;0.0;0.0;0.0;0.0;0.0;0.0
2025-02-26;Brentford;3;3;3;57;64;Everton;2;1;12;14;3;4;0.52;0.48;458;0.83;3;6;2;1;0;0;2;1.0;0.0;1.0;0.0;1.0;0.0;1.0;1.0;1.0;1.0;1.0;5;0.03428571428571429;0.6666666666666666;380;0.007894736842105263;730.7692307692307;0.16666666666666666;3.846153846153846;-2;0.040000000000000036;-3;1;-3;0.026200873362445413;0.08333333333333333;0.52;2.0;1;0;1;0;1;0;0;1;0.08333333333333333;0.3333333333333333;0.002183406113537118;12.0;1.0;1.0;1.0;0.0;0.0;0.0;0.0;0.0;0.0;0.0;0.0;0.0;0.0;0.0;0.0;0.0;0.0;0.0;0.0;0.0;0.0;0.0;0.0;0.0;0.0;0.0;0.0;0.0
2025-02-21;Brentford;3;3;3;57;63;Leicester City;0;4;14;8;6;3;0.53;0.47;425;0.84;10;10;0;4;0;0;6;1.0;0.0;1.0;0.0;1.0;1.0;0.0;1.0;1.0;1.0;1.0;5;0.05875;0.0;357;0.028011204481792718;673.5849056603773;0.42857142857142855;11.320754716981131;6;0.06000000000000005;1;-4;0;0.03294117647058824;0.2857142857142857;0.1325;1.5;3;1;4;1;0;0;1;0;0.2857142857142857;0.6666666666666666;0.009411764705882352;3.5;1.0;1.0;1.0;0.0;0.0;0.0;0.0;0.0;0.0;0.0;0.0;0.0;0.0;0.0;0.0;0.0;0.0;0.0;0.0;0.0;0.0;0.0;0.0;0.0;0.0;0.0;0.0;0.0
2025-02-15;Brentford;3;3;3;57;61;West Ham;1;1;14;13;5;3;0.41;0.59;362;0.77;13;10;1;1;0;0;2;1.0;0.0;1.0;1.0;1.0;1.0;0.0;1.0;1.0;1.0;1.0;9;0.045384615384615384;0.07692307692307693;279;0.04659498207885305;680.4878048780488;0.14285714285714285;4.878048780487805;1;-0.18;-7;0;3;0.03867403314917127;0.07142857142857142;0.41;2.0;1;0;1;1;0;0;1;0;0.07142857142857142;0.2;0.0027624309392265192;14.0;1.0;1.0;0.0;0.0;0.0;0.0;0.0;0.0;0.0;0.0;0.0;0.0;0.0;0.0;0.0;0.0;0.0;0.0;0.0;0.0;0.0;0.0;0.0;0.0;0.0;0.0;0.0;0.0
2025-02-02;Brentford;3;3;3;57;56;Tottenham;0;1;20;13;4;2;0.54;0.46;475;0.81;4;11;0;1;0;0;10;0.0;0.0;1.0;1.0;1.0;1.0;0.0;1.0;1.0;1.0;1.0;3;0.03538461538461539;0.0;385;0.01038961038961039;712.9629629629629;0.5;18.51851851851852;7;0.08000000000000002;7;-1;-7;0.042105263157894736;0.0;0.0;0.0;0;0;0;0;0;1;0;1;0.0;0.0;0.0;0.0;1.0;1.0;0.0;1.0;0.0;0.0;0.0;0.0;0.0;0.0;0.0;0.0;0.0;0.0;0.0;0.0;0.0;0.0;0.0;0.0;0.0;0.0;0.0;0.0;0.0;0.0;0.0;0.0
2025-01-26;Brentford;3;3;17;57;65;Crystal Palace;2;2;12;16;6;5;0.53;0.47;352;0.71;11;8;2;2;0;0;7;1.0;0.0;1.0;1.0;1.0;1.0;0.0;1.0;1.0;1.0;1.0;4;0.029375;0.18181818181818182;250;0.044;471.6981132075471;0.5833333333333334;13.20754716981132;-4;0.06000000000000005;3;0;3;0.03409090909090909;0.16666666666666666;0.265;3.5;0;2;2;1;0;0;1;0;0.16666666666666666;0.3333333333333333;0.005681818181818182;6.0;0.0;1.0;0.0;0.0;1.0;0.0;0.0;0.0;0.0;0.0;0.0;0.0;0.0;0.0;0.0;0.0;0.0;0.0;0.0;0.0;0.0;0.0;0.0;0.0;0.0;0.0;0.0;0.0
2025-01-18;Brentford;3;3;3;57;2;Liverpool;2;3;11;37;6;8;0.38;0.62;319;0.78;6;14;2;3;0;0;2;1.0;0.0;1.0;1.0;1.0;1.0;1.0;1.0;1.0;0.0;1.0;15;0.016756756756756756;0.3333333333333333;249;0.024096385542168676;655.2631578947369;0.18181818181818182;5.2631578947368425;-26;-0.24;-13;-1;-8;0.034482758620689655;0.0;0.0;0.0;0;0;0;0;0;1;0;1;0.0;0.0;0.0;0.0;0.0;1.0;0.0;0.0;1.0;0.0;0.0;0.0;0.0;0.0;0.0;0.0;0.0;0.0;0.0;0.0;0.0;0.0;0.0;0.0;0.0;0.0;0.0;0.0;0.0;0.0;0.0;0.0
2025-01-14;Brentford;3;0;3;57;3;Manchester City;0;0;18;21;6;8;0.44;0.56;415;0.8;4;4;0;0;0;0;4;1.0;0.0;1.0;1.0;1.0;1.0;0.0;1.0;1.0;0.0;1.0;5;0.02666666666666667;0.0;332;0.012048192771084338;754.5454545454545;0.2222222222222222;9.090909090909092;-3;-0.12000000000000005;-1;0;0;0.043373493975903614;0.1111111111111111;0.22;2.0;0;2;2;0;1;0;0;1;0.1111111111111111;0.3333333333333333;0.004819277108433735;9.0;0.0;1.0;0.0;0.0;1.0;1.0;0.0;0.0;0.0;0.0;0.0;0.0;0.0;0.0;0.0;0.0;0.0;0.0;0.0;0.0;0.0;0.0;0.0;0.0;0.0;0.0;0.0;0.0
2025-01-11;Brentford;15;1;6;57;836;Plymouth Argyle;0;0;9;5;2;2;0.72;0.28;584;0.88;13;9;0;0;0;0;13;0.0;0.0;0.0;1.0;0.0;0.0;1.0;0.0;1.0;1.0;0.0;3;0.05600000000000001;0.0;514;0.02529182879377432;713.8888888888889;1.4444444444444444;18.055555555555557;4;0.43999999999999995;10;0;4;0.015410958904109588;0.0;0.0;0.0;0;0;0;0;0;1;0;1;0.0;0.0;0.0;0.0;0.0;0.0;0.0;1.0;1.0;1.0;1.0;1.0;1.0;1.0;0.0;0.0;0.0;0.0;0.0;0.0;0.0;0.0;0.0;0.0;0.0;0.0;0.0;0.0;0.0;0.0;0.0;0.0
2024-12-21;Brentford;3;0;17;57;55;Nottingham Forest;3;4;7;10;3;6;0.65;0.35;532;0.84;10;14;3;4;0;0;9;1.0;0.0;1.0;0.0;1.0;1.0;0.0;1.0;1.0;1.0;1.0;5;0.034999999999999996;0.3;447;0.02237136465324385;687.6923076923076;1.2857142857142858;13.846153846153845;-3;0.30000000000000004;4;-1;-4;0.013157894736842105;0.0;0.0;0.0;0;0;0;0;0;1;0;1;0.0;0.0;0.0;0.0;1.0;1.0;0.0;0.0;0.0;0.0;0.0;0.0;0.0;0.0;1.0;0.0;0.0;0.0;0.0;0.0;0.0;0.0;0.0;0.0;0.0;0.0;0.0;0.0;0.0;0.0;0.0;0.0
2024-12-18;Brentford;14;17;0;57;60;Newcastle;2;3;10;23;3;5;0.45;0.55;350;0.8;9;11;2;3;0;0;5;1.0;0.0;1.0;0.0;1.0;0.0;1.0;0.0;0.0;1.0;1.0;8;0.02391304347826087;0.2222222222222222;280;0.03214285714285714;622.2222222222222;0.5;11.11111111111111;-13;-0.10000000000000003;-3;-1;-2;0.02857142857142857;0.1;0.45;5.0;0;1;1;0;0;1;1;0;0.1;0.3333333333333333;0.002857142857142857;10.0;1.0;1.0;1.0;0.0;0.0;0.0;0.0;0.0;0.0;1.0;1.0;0.0;0.0;0.0;0.0;0.0;0.0;0.0;0.0;0.0;0.0;0.0;0.0;0.0;0.0;0.0;0.0;0.0
2024-12-15;Brentford;3;2;3;57;53;Chelsea;2;1;9;26;4;8;0.38;0.62;327;0.76;7;11;2;0;0;1;5;1.0;0.0;1.0;1.0;1.0;1.0;1.0;1.0;1.0;0.0;1.0;8;0.023846153846153847;0.2857142857142857;249;0.028112449799196786;655.2631578947369;0.5555555555555556;13.157894736842104;-17;-0.24;-3;1;-4;0.027522935779816515;0.1111111111111111;0.38;5.0;0;1;1;0;0;1;1;0;0.1111111111111111;0.25;0.0030581039755351682;9.0;0.0;0.0;1.0;0.0;1.0;0.0;0.0;0.0;0.0;0.0;0.0;0.0;0.0;0.0;0.0;0.0;0.0;0.0;0.0;0.0;0.0;0.0;0.0;0.0;0.0;0.0;0.0;0.0
2024-12-07;Brentford;3;17;0;57;60;Newcastle;3;0;11;16;8;3;0.43;0.57;395;0.8;10;7;3;0;0;0;3;1.0;0.0;1.0;1.0;1.0;1.0;1.0;1.0;0.0;0.0;1.0;4;0.035625;0.3;316;0.03164556962025317;734.8837209302326;0.2727272727272727;6.976744186046512;-5;-0.13999999999999996;-1;3;3;0.027848101265822784;0.36363636363636365;0.1075;0.75;2;2;4;1;0;0;0;1;0.36363636363636365;0.5;0.010126582278481013;2.75;0.0;0.0;1.0;0.0;0.0;0.0;0.0;0.0;0.0;1.0;0.0;1.0;0.0;0.0;0.0;0.0;0.0;0.0;0.0;0.0;0.0;0.0;0.0;0.0;0.0;0.0;0.0;0.0
2024-12-04;Brentford;3;0;3;57;1;Aston Villa;2;2;9;20;1;10;0.51;0.49;402;0.85;15;11;2;2;0;0;5;1.0;0.0;1.0;1.0;1.0;0.0;1.0;1.0;1.0;1.0;1.0;10;0.0245;0.13333333333333333;342;0.043859649122807015;670.5882352941177;0.5555555555555556;9.803921568627452;-11;0.020000000000000018;-5;0;4;0.022388059701492536;0.1111111111111111;0.51;5.0;0;1;1;0;0;1;1;0;0.1111111111111111;1.0;0.0024875621890547263;9.0;0.0;1.0;1.0;0.0;0.0;0.0;0.0;0.0;0.0;0.0;0.0;0.0;0.0;0.0;0.0;0.0;0.0;0.0;0.0;0.0;0.0;0.0;0.0;0.0;0.0;0.0;0.0;0.0
2024-11-30;Brentford;3;3;17;57;63;Leicester City;1;1;13;7;6;3;0.6;0.4;576;0.84;9;10;1;1;0;0;5;1.0;0.0;1.0;1.0;1.0;1.0;0.0;1.0;1.0;1.0;1.0;4;0.05714285714285715;0.1111111111111111;484;0.01859504132231405;806.6666666666667;0.38461538461538464;8.333333333333334;6;0.19999999999999996;1;0;-1;0.022569444444444444;0.3076923076923077;0.15;1.25;3;1;4;1;0;0;0;1;0.3076923076923077;0.6666666666666666;0.006944444444444444;3.25;0.0;0.0;1.0;0.0;0.0;1.0;0.0;0.0;0.0;0.0;0.0;0.0;0.0;0.0;0.0;0.0;0.0;0.0;0.0;0.0;0.0;0.0;0.0;0.0;0.0;0.0;0.0;0.0
2024-11-23;Brentford;3;0;3;57;64;Everton;1;0;9;27;2;5;0.4;0.6;342;0.79;10;8;0;0;1;0;4;1.0;0.0;1.0;1.0;1.0;1.0;0.0;1.0;1.0;0.0;1.0;10;0.022222222222222223;0.1;270;0.037037037037037035;675.0;0.4444444444444444;10.0;-18;-0.19999999999999996;-6;1;2;0.02631578947368421;0.0;0.0;0.0;0;0;0;0;1;0;1;0;0.0;0.0;0.0;0.0;0.0;1.0;1.0;0.0;0.0;1.0;0.0;0.0;0.0;0.0;0.0;0.0;0.0;0.0;0.0;0.0;0.0;0.0;0.0;0.0;0.0;0.0;0.0;0.0;0.0;0.0;0.0;0.0
2024-11-09;Brentford;3;0;3;57;59;Bournemouth;2;4;12;15;6;3;0.52;0.48;413;0.75;8;16;2;4;0;0;6;1.0;0.0;1.0;1.0;1.0;1.0;0.0;1.0;1.0;0.0;1.0;4;0.032;0.25;310;0.025806451612903226;596.1538461538462;0.5;11.538461538461538;-3;0.040000000000000036;2;-2;-8;0.029055690072639227;0.25;0.17333333333333334;2.0;1;2;3;1;0;0;0;1;0.25;0.5;0.007263922518159807;4.0;0.0;1.0;1.0;0.0;0.0;1.0;0.0;0.0;0.0;0.0;0.0;0.0;0.0;0.0;0.0;0.0;0.0;0.0;0.0;0.0;0.0;0.0;0.0;0.0;0.0;0.0;0.0;0.0
2024-11-04;Brentford;3;3;3;57;58;Fulham;1;2;5;26;2;12;0.32;0.68;321;0.7;10;3;1;2;0;0;3;1.0;0.0;1.0;1.0;1.0;1.0;0.0;1.0;1.0;0.0;1.0;11;0.026153846153846156;0.1;225;0.044444444444444446;703.125;0.6;9.375;-21;-0.36000000000000004;-8;-1;7;0.01557632398753894;0.2;0.32;3.0;1;0;1;0;0;1;1;0;0.2;0.5;0.003115264797507788;5.0;0.0;1.0;1.0;0.0;1.0;0.0;0.0;0.0;0.0;0.0;0.0;0.0;0.0;0.0;0.0;0.0;0.0;0.0;0.0;0.0;0.0;0.0;0.0;0.0;0.0;0.0;0.0;0.0
2024-10-29;Brentford;14;3;17;57;829;Sheffield Wednesday;0;1;12;9;5;5;0.71;0.29;591;0.87;9;9;0;1;0;0;5;1.0;0.0;1.0;1.0;1.0;0.0;0.0;1.0;0.0;1.0;0.0;2;0.03222222222222222;0.0;514;0.017509727626459144;723.943661971831;0.4166666666666667;7.042253521126761;3;0.42;3;-1;0;0.02030456852791878;0.08333333333333333;0.71;5.0;1;0;1;0;1;0;0;1;0.08333333333333333;0.2;0.001692047377326565;12.0;0.0;1.0;0.0;0.0;0.0;1.0;0.0;0.0;0.0;1.0;1.0;0.0;1.0;0.0;0.0;0.0;0.0;0.0;0.0;0.0;0.0;0.0;0.0;0.0;0.0;0.0;0.0;0.0
2024-10-26;Brentford;3;3;3;57;66;Ipswich;0;2;20;11;9;5;0.65;0.35;555;0.84;7;10;0;1;0;1;4;1.0;0.0;1.0;1.0;1.0;1.0;0.0;1.0;1.0;0.0;1.0;5;0.031818181818181815;0.0;466;0.015021459227467811;716.9230769230769;0.2;6.153846153846153;9;0.30000000000000004;-1;-2;-3;0.036036036036036036;0.2;0.1625;1.0;2;2;4;1;0;0;0;1;0.2;0.4444444444444444;0.007207207207207207;5.0;0.0;1.0;1.0;0.0;1.0;0.0;0.0;0.0;0.0;0.0;0.0;0.0;0.0;0.0;0.0;0.0;0.0;0.0;0.0;0.0;0.0;0.0;0.0;0.0;0.0;0.0;0.0;0.0
2024-10-19;Brentford;3;3;3;57;62;Manchester United;2;2;8;23;2;11;0.49;0.51;484;0.85;5;4;2;2;0;0;2;1.0;0.0;1.0;1.0;1.0;1.0;0.0;1.0;1.0;1.0;0.0;9;0.022173913043478263;0.4;411;0.012165450121654502;838.7755102040817;0.25;4.081632653061225;-15;-0.020000000000000018;-7;0;1;0.01652892561983471;0.125;0.49;2.0;1;0;1;0;0;1;1;0;0.125;0.5;0.002066115702479339;8.0;1.0;1.0;1.0;0.0;0.0;0.0;0.0;0.0;0.0;0.0;0.0;0.0;0.0;0.0;0.0;0.0;0.0;0.0;0.0;0.0;0.0;0.0;0.0;0.0;0.0;0.0;0.0;0.0
2024-10-05;Brentford;3;3;7;57;67;Wolves;2;3;19;17;12;6;0.44;0.56;365;0.77;9;10;2;3;0;0;10;1.0;0.0;1.0;1.0;1.0;1.0;0.0;1.0;1.0;1.0;0.0;3;0.03294117647058824;0.2222222222222222;281;0.03202846975088968;638.6363636363636;0.5263157894736842;22.727272727272727;2;-0.12000000000000005;7;-1;-1;0.052054794520547946;0.2631578947368421;0.088;2.0;4;1;5;1;0;0;0;1;0.2631578947368421;0.4166666666666667;0.0136986301369863;3.8;1.0;1.0;1.0;0.0;0.0;0.0;0.0;0.0;0.0;0.0;0.0;0.0;0.0;0.0;0.0;0.0;0.0;0.0;0.0;0.0;0.0;0.0;0.0;0.0;0.0;0.0;0.0;0.0
2024-09-28;Brentford;3;1;7;57;61;West Ham;2;3;8;19;3;3;0.58;0.42;528;0.8;2;11;2;3;0;0;7;1.0;0.0;1.0;1.0;1.0;0.0;0.0;1.0;1.0;1.0;0.0;6;0.022105263157894735;1.0;422;0.004739336492890996;727.5862068965517;0.875;12.06896551724138;-11;0.15999999999999998;1;-1;-9;0.015151515151515152;0.125;0.58;7.0;1;0;1;0;1;0;0;1;0.125;0.3333333333333333;0.001893939393939394;8.0;1.0;1.0;1.0;0.0;0.0;0.0;0.0;0.0;0.0;1.0;0.0;0.0;0.0;0.0;0.0;0.0;0.0;0.0;0.0;0.0;0.0;0.0;0.0;0.0;0.0;0.0;0.0;0.0
2024-09-21;Brentford;3;4;0;57;56;Tottenham;1;3;6;23;6;10;0.52;0.48;489;0.8;9;11;1;3;0;0;4;1.0;0.0;1.0;1.0;1.0;0.0;1.0;1.0;1.0;0.0;0.0;9;0.020869565217391303;0.1111111111111111;391;0.023017902813299233;751.9230769230769;0.6666666666666666;7.692307692307692;-17;0.040000000000000036;-5;-2;-2;0.012269938650306749;0.16666666666666666;0.52;4.0;1;0;1;0;0;1;1;0;0.16666666666666666;0.16666666666666666;0.002044989775051125;6.0;1.0;1.0;1.0;0.0;0.0;0.0;0.0;0.0;0.0;1.0;0.0;0.0;0.0;0.0;0.0;0.0;0.0;0.0;0.0;0.0;0.0;0.0;0.0;0.0;0.0;0.0;0.0;0.0
2024-09-17;Brentford;14;0;7;57;262;Leyton Orient F.C.;1;2;15;12;8;3;0.63;0.37;643;0.88;7;15;1;1;0;1;9;0.0;0.0;0.0;1.0;0.0;1.0;1.0;0.0;1.0;1.0;0.0;5;0.030833333333333334;0.14285714285714285;566;0.012367491166077738;898.4126984126984;0.6;14.285714285714286;3;0.26;4;-1;-8;0.02332814930015552;0.2;0.21;3.0;3;0;3;1;0;0;0;1;0.2;0.375;0.004665629860031105;5.0;0.0;0.0;0.0;1.0;1.0;0.0;0.0;0.0;0.0;1.0;1.0;0.0;1.0;1.0;0.0;0.0;0.0;0.0;0.0;0.0;0.0;0.0;0.0;0.0;0.0;0.0;0.0;0.0
2024-09-14;Brentford;3;4;3;57;3;Manchester City;1;3;8;18;5;7;0.46;0.54;468;0.85;3;9;1;3;0;0;3;1.0;0.0;1.0;1.0;1.0;1.0;0.0;1.0;1.0;0.0;1.0;12;0.030000000000000002;0.3333333333333333;398;0.007537688442211055;865.2173913043478;0.375;6.521739130434782;-10;-0.08000000000000002;-9;-2;-6;0.017094017094017096;0.125;0.46;3.0;1;0;1;0;0;1;1;0;0.125;0.2;0.002136752136752137;8.0;1.0;1.0;1.0;0.0;0.0;0.0;0.0;0.0;0.0;0.0;0.0;0.0;0.0;0.0;0.0;0.0;0.0;0.0;0.0;0.0;0.0;0.0;0.0;0.0;0.0;0.0;0.0;0.0
2024-08-31;Brentford;3;0;2;57;68;Southampton;2;1;20;18;7;6;0.36;0.64;358;0.86;10;7;2;1;0;0;2;1.0;0.0;1.0;0.0;0.0;1.0;0.0;1.0;1.0;1.0;1.0;8;0.035555555555555556;0.2;308;0.032467532467532464;855.5555555555555;0.1;5.555555555555555;2;-0.28;-6;1;3;0.055865921787709494;0.15;0.12;0.6666666666666666;1;2;3;1;0;0;0;1;0.15;0.42857142857142855;0.008379888268156424;6.666666666666667;1.0;1.0;1.0;0.0;0.0;1.0;0.0;0.0;0.0;0.0;0.0;0.0;0.0;0.0;0.0;0.0;0.0;0.0;0.0;0.0;0.0;0.0;0.0;0.0;0.0;0.0;0.0;0.0
2024-08-28;Brentford;14;3;30;57;-1;Colchester United;1;2;10;5;4;3;0.72;0.28;580;0.87;9;16;1;2;0;0;2;0.0;0.0;0.0;1.0;1.0;0.0;1.0;0.0;1.0;1.0;0.0;2;0.05600000000000001;0.1111111111111111;505;0.01782178217821782;701.3888888888889;0.2;2.7777777777777777;5;0.43999999999999995;0;-1;-7;0.017241379310344827;0.1;0.72;2.0;1;0;1;1;0;0;1;0;0.1;0.25;0.0017241379310344827;10.0;0.0;1.0;0.0;1.0;0.0;0.0;0.0;0.0;0.0;1.0;1.0;0.0;0.0;1.0;1.0;0.0;0.0;0.0;0.0;0.0;0.0;0.0;0.0;0.0;0.0;0.0;0.0;0.0
2024-08-25;Brentford;3;1;3;57;2;Liverpool;3;2;8;19;2;8;0.37;0.63;364;0.81;7;10;3;2;0;0;4;1.0;0.0;1.0;0.0;1.0;1.0;0.0;1.0;0.0;0.0;1.0;9;0.03315789473684211;0.42857142857142855;295;0.023728813559322035;797.2972972972973;0.5;10.81081081081081;-11;-0.26;-5;1;-3;0.02197802197802198;0.0;0.0;0.0;0;0;0;0;0;1;1;0;0.0;0.0;0.0;0.0;1.0;1.0;1.0;0.0;1.0;1.0;0.0;0.0;0.0;0.0;0.0;0.0;0.0;0.0;0.0;0.0;0.0;0.0;0.0;0.0;0.0;0.0;0.0;0.0;0.0;0.0;0.0;0.0
2024-08-18;Brentford;3;0;17;57;65;Crystal Palace;1;5;9;14;5;6;0.46;0.54;403;0.77;6;15;1;5;0;0;4;1.0;0.0;1.0;0.0;0.0;1.0;0.0;1.0;0.0;1.0;1.0;7;0.038571428571428576;0.16666666666666666;310;0.01935483870967742;673.9130434782609;0.4444444444444444;8.695652173913043;-5;-0.08000000000000002;-3;-4;-9;0.022332506203473945;0.2222222222222222;0.23;2.0;1;1;2;1;0;0;0;1;0.2222222222222222;0.4;0.004962779156327543;4.5;1.0;1.0;1.0;0.0;1.0;1.0;0.0;0.0;0.0;0.0;0.0;0.0;0.0;0.0;0.0;0.0;0.0;0.0;0.0;0.0;0.0;0.0;0.0;0.0;0.0;0.0;0.0;0.0
2024-08-09;Brentford;6;3;17;57;175;Wolfsburg;0;0;9;19;5;9;0.55;0.45;492;0.82;10;10;0;0;0;0;6;1.0;0.0;1.0;0.0;0.0;1.0;0.0;1.0;0.0;1.0;1.0;6;0.02368421052631579;0.0;403;0.02481389578163772;732.7272727272726;0.6666666666666666;10.909090909090908;-10;0.10000000000000003;0;0;0;0.018292682926829267;0.4444444444444444;0.1375;1.5;2;2;4;0;1;0;0;1;0.4444444444444444;0.8;0.008130081300813009;2.25;1.0;1.0;1.0;0.0;1.0;1.0;0.0;0.0;0.0;0.0;0.0;0.0;0.0;0.0;0.0;0.0;0.0;0.0;0.0;0.0;0.0;0.0;0.0;0.0;0.0;0.0;0.0;0.0
2024-07-25;Brentford;6;6;3;57;13;Benfica;1;1;2;18;1;5;0.44;0.56;429;0.85;8;7;1;1;0;0;2;0.0;0.0;1.0;0.0;0.0;0.0;1.0;1.0;0.0;1.0;1.0;15;0.031111111111111114;0.125;365;0.021917808219178082;829.5454545454545;1.0;4.545454545454546;-16;-0.12000000000000005;-13;0;1;0.004662004662004662;0.5;0.44;2.0;1;0;1;0;1;0;1;0;0.5;1.0;0.002331002331002331;2.0;1.0;1.0;1.0;1.0;1.0;0.0;0.0;0.0;0.0;0.0;0.0;0.0;0.0;0.0;0.0;1.0;0.0;0.0;0.0;0.0;0.0;0.0;0.0;0.0;0.0;0.0;0.0;0.0
2024-05-19;Brentford;3;0;0;57;60;Newcastle;4;4;10;12;5;7;0.54;0.46;471;0.83;15;11;4;4;0;0;3;1.0;0.0;0.0;0.0;0.0;1.0;0.0;1.0;0.0;0.0;1.0;0;0.03833333333333334;0.26666666666666666;391;0.03836317135549872;724.074074074074;0.3;5.555555555555555;-2;0.08000000000000002;3;0;4;0.021231422505307854;0.2;0.27;1.5;0;2;2;0;0;1;0;1;0.2;0.4;0.004246284501061571;5.0;0.0;1.0;1.0;0.0;1.0;1.0;0.0;0.0;0.0;0.0;0.0;0.0;0.0;0.0;0.0;0.0;1.0;1.0;1.0;0.0;0.0;0.0;0.0;0.0;0.0;0.0;0.0;0.0
2024-05-11;Brentford;3;0;3;57;59;Bournemouth;2;2;11;13;5;4;0.53;0.47;388;0.75;12;16;2;2;0;0;8;1.0;0.0;1.0;0.0;1.0;1.0;0.0;1.0;1.0;0.0;0.0;3;0.036153846153846154;0.16666666666666666;291;0.041237113402061855;549.0566037735849;0.7272727272727273;15.094339622641508;-2;0.06000000000000005;5;0;-4;0.028350515463917526;0.18181818181818182;0.265;4.0;0;2;2;1;0;0;1;0;0.18181818181818182;0.4;0.005154639175257732;5.5;1.0;1.0;1.0;0.0;0.0;0.0;0.0;0.0;0.0;0.0;0.0;0.0;0.0;0.0;0.0;0.0;0.0;1.0;1.0;0.0;0.0;0.0;0.0;0.0;0.0;0.0;0.0;0.0
2024-05-04;Brentford;3;0;3;57;58;Fulham;1;1;7;15;3;3;0.55;0.45;502;0.8;3;6;1;1;0;0;7;1.0;0.0;1.0;0.0;1.0;1.0;0.0;1.0;1.0;0.0;0.0;6;0.030000000000000002;0.3333333333333333;402;0.007462686567164179;730.9090909090909;1.0;12.727272727272727;-8;0.10000000000000003;1;0;-3;0.013944223107569721;0.0;0.0;0.0;0;0;0;0;1;0;0;1;0.0;0.0;0.0;0.0;1.0;1.0;1.0;0.0;0.0;0.0;0.0;0.0;0.0;0.0;0.0;0.0;0.0;0.0;0.0;0.0;0.0;1.0;1.0;0.0;0.0;0.0;0.0;0.0;0.0;0.0;0.0;0.0
2024-04-27;Brentford;3;0;8;57;64;Everton;2;1;10;18;4;1;0.53;0.47;458;0.78;12;10;2;1;0;0;6;1.0;0.0;1.0;0.0;0.0;1.0;0.0;1.0;0.0;0.0;1.0;6;0.02611111111111111;0.16666666666666666;357;0.03361344537815126;673.5849056603773;0.6;11.320754716981131;-8;0.06000000000000005;0;1;2;0.021834061135371178;0.0;0.0;0.0;0;0;0;0;0;1;1;0;0.0;0.0;0.0;0.0;1.0;1.0;1.0;0.0;0.0;1.0;0.0;0.0;0.0;0.0;0.0;0.0;0.0;0.0;0.0;0.0;0.0;1.0;1.0;0.0;0.0;0.0;0.0;0.0;0.0;0.0;0.0;0.0
2024-04-20;Brentford;3;0;17;57;832;Luton;2;1;21;6;9;3;0.47;0.53;345;0.75;10;13;2;1;0;0;9;1.0;0.0;1.0;0.0;1.0;0.0;0.0;1.0;1.0;0.0;1.0;4;0.08833333333333333;0.2;259;0.03861003861003861;551.0638297872341;0.42857142857142855;19.148936170212767;15;-0.06000000000000005;5;1;-3;0.06086956521739131;0.23809523809523808;0.094;1.8;2;3;5;1;0;0;1;0;0.23809523809523808;0.5555555555555556;0.014492753623188406;4.2;1.0;1.0;1.0;0.0;0.0;1.0;0.0;0.0;0.0;0.0;0.0;0.0;0.0;0.0;0.0;0.0;0.0;1.0;0.0;0.0;0.0;0.0;0.0;0.0;0.0;0.0;0.0;0.0
2024-04-13;Brentford;3;0;2;57;818;Sheffield United;3;1;9;8;5;2;0.54;0.46;391;0.76;8;11;3;1;0;0;3;1.0;0.0;1.0;0.0;0.0;0.0;0.0;1.0;1.0;0.0;1.0;6;0.0575;0.375;297;0.026936026936026935;550.0;0.3333333333333333;5.555555555555555;1;0.08000000000000002;-3;2;-3;0.023017902813299233;0.2222222222222222;0.27;1.5;0;2;2;1;0;0;0;1;0.2222222222222222;0.4;0.005115089514066497;4.5;0.0;1.0;0.0;0.0;1.0;1.0;0.0;0.0;0.0;0.0;0.0;0.0;0.0;0.0;0.0;0.0;1.0;1.0;0.0;1.0;0.0;0.0;0.0;0.0;0.0;0.0;0.0;0.0
2024-04-06;Brentford;3;2;8;57;1;Aston Villa;2;2;8;11;3;3;0.3;0.7;247;0.68;11;15;2;2;0;0;3;1.0;0.0;1.0;0.0;0.0;0.0;0.0;1.0;1.0;0.0;1.0;11;0.06363636363636363;0.18181818181818182;168;0.06547619047619048;560.0;0.375;10.0;-3;-0.39999999999999997;-8;0;-4;0.032388663967611336;0.375;0.09999999999999999;1.0;0;3;3;0;1;0;1;0;0.375;1.0;0.012145748987854251;2.6666666666666665;1.0;1.0;0.0;0.0;1.0;1.0;0.0;0.0;0.0;0.0;0.0;0.0;0.0;0.0;0.0;0.0;1.0;1.0;0.0;0.0;0.0;0.0;0.0;0.0;0.0;0.0;0.0;0.0
2024-04-03;Brentford;3;2;3;57;54;Brighton;1;1;5;24;2;6;0.33;0.67;326;0.76;9;12;1;1;0;0;1;1.0;0.0;1.0;0.0;1.0;0.0;1.0;0.0;0.0;0.0;1.0;5;0.02791666666666667;0.1111111111111111;248;0.036290322580645164;751.5151515151515;0.2;3.0303030303030303;-19;-0.34;-4;0;-3;0.015337423312883436;0.0;0.0;0.0;0;0;0;0;1;0;0;1;0.0;0.0;0.0;0.0;1.0;1.0;0.0;0.0;1.0;1.0;0.0;0.0;0.0;0.0;0.0;0.0;0.0;0.0;0.0;0.0;1.0;0.0;1.0;0.0;0.0;0.0;0.0;0.0;0.0;0.0;0.0;0.0
2024-03-30;Brentford;3;2;3;57;62;Manchester United;3;2;31;11;5;5;0.47;0.53;377;0.69;7;14;3;2;0;0;14;1.0;0.0;1.0;0.0;1.0;0.0;1.0;0.0;0.0;0.0;1.0;4;0.04818181818181819;0.42857142857142855;260;0.026923076923076925;553.1914893617021;0.45161290322580644;29.787234042553195;20;-0.06000000000000005;10;1;-7;0.08222811671087533;0.03225806451612903;0.47;14.0;0;1;1;0;1;0;0;1;0.03225806451612903;0.2;0.002652519893899204;31.0;1.0;1.0;0.0;0.0;1.0;1.0;0.0;0.0;0.0;0.0;0.0;0.0;0.0;0.0;0.0;0.0;1.0;0.0;1.0;0.0;0.0;0.0;0.0;0.0;0.0;0.0;0.0;0.0
2024-03-16;Brentford;3;2;1;57;819;Burnley;5;2;9;17;5;6;0.39;0.61;292;0.63;17;14;4;2;1;0;4;1.0;0.0;1.0;0.0;0.0;0.0;0.0;0.0;0.0;0.0;1.0;5;0.03588235294117647;0.29411764705882354;184;0.09239130434782608;471.79487179487177;0.4444444444444444;10.256410256410255;-8;-0.21999999999999997;-1;3;3;0.030821917808219176;0.1111111111111111;0.39;4.0;0;1;1;0;0;1;1;0;0.1111111111111111;0.2;0.003424657534246575;9.0;1.0;1.0;0.0;0.0;1.0;1.0;0.0;0.0;0.0;0.0;0.0;0.0;0.0;0.0;1.0;0.0;1.0;1.0;1.0;0.0;0.0;0.0;0.0;0.0;0.0;0.0;0.0;0.0
2024-03-09;Brentford;3;2;0;57;9;Arsenal;4;2;9;17;4;6;0.28;0.72;226;0.54;10;9;4;2;0;0;4;1.0;0.0;1.0;0.0;1.0;1.0;0.0;0.0;0.0;0.0;1.0;10;0.042352941176470586;0.4;122;0.08196721311475409;435.71428571428567;0.4444444444444444;14.285714285714285;-8;-0.43999999999999995;-6;2;1;0.03982300884955752;0.1111111111111111;0.28;4.0;1;0;1;0;0;1;1;0;0.1111111111111111;0.25;0.004424778761061947;9.0;1.0;1.0;0.0;0.0;1.0;0.0;0.0;0.0;0.0;0.0;0.0;0.0;0.0;0.0;1.0;0.0;1.0;0.0;1.0;0.0;0.0;0.0;0.0;0.0;0.0;0.0;0.0;0.0
2024-03-02;Brentford;3;2;2;57;53;Chelsea;3;1;14;17;5;6;0.31;0.69;297;0.69;10;9;3;1;0;0;0;1.0;0.0;1.0;0.0;0.0;1.0;0.0;0.0;0.0;0.0;1.0;6;0.04058823529411765;0.3;205;0.04878048780487805;661.2903225806451;0.0;0.0;-3;-0.37999999999999995;-6;2;1;0.04713804713804714;0.14285714285714285;0.155;0.0;0;2;2;0;1;0;0;1;0.14285714285714285;0.4;0.006734006734006734;7.0;1.0;1.0;0.0;0.0;1.0;0.0;0.0;0.0;0.0;0.0;0.0;0.0;0.0;0.0;1.0;0.0;1.0;1.0;1.0;0.0;0.0;0.0;0.0;0.0;0.0;0.0;0.0;0.0
2024-02-26;Brentford;3;2;3;57;61;West Ham;2;1;14;17;8;6;0.59;0.41;551;0.8;9;5;2;1;0;0;7;1.0;0.0;0.0;0.0;1.0;1.0;0.0;0.0;0.0;0.0;0.0;1;0.02411764705882353;0.2222222222222222;441;0.02040816326530612;747.4576271186442;0.5;11.864406779661017;-3;0.18;6;1;4;0.025408348457350273;0.14285714285714285;0.295;3.5;1;1;2;0;0;1;1;0;0.14285714285714285;0.25;0.003629764065335753;7.0;1.0;0.0;0.0;0.0;0.0;1.0;0.0;0.0;0.0;0.0;1.0;0.0;0.0;0.0;1.0;0.0;1.0;1.0;1.0;1.0;0.0;0.0;0.0;0.0;0.0;0.0;0.0;0.0
2024-02-17;Brentford;3;2;0;57;2;Liverpool;2;1;15;15;6;8;0.37;0.63;357;0.69;4;18;2;1;0;0;1;1.0;0.0;1.0;0.0;0.0;1.0;0.0;0.0;0.0;0.0;0.0;6;0.042;0.5;246;0.016260162601626018;664.8648648648649;0.06666666666666667;2.7027027027027026;0;-0.26;-5;1;-14;0.04201680672268908;0.06666666666666667;0.37;1.0;0;1;1;0;0;1;0;1;0.06666666666666667;0.16666666666666666;0.0028011204481792717;15.0;1.0;1.0;0.0;0.0;1.0;1.0;0.0;0.0;0.0;0.0;1.0;0.0;0.0;0.0;0.0;0.0;0.0;1.0;1.0;1.0;0.0;0.0;0.0;0.0;0.0;0.0;0.0;0.0
2024-02-10;Brentford;3;2;17;57;67;Wolves;3;2;9;17;6;5;0.28;0.72;272;0.6;9;11;3;2;0;0;4;1.0;0.0;1.0;0.0;0.0;1.0;0.0;0.0;0.0;0.0;0.0;7;0.042352941176470586;0.3333333333333333;163;0.05521472392638037;582.1428571428571;0.4444444444444444;14.285714285714285;-8;-0.43999999999999995;-3;1;-2;0.03308823529411765;0.2222222222222222;0.14;2.0;1;1;2;1;0;0;1;0;0.2222222222222222;0.3333333333333333;0.007352941176470588;4.5;0.0;1.0;1.0;0.0;1.0;1.0;0.0;0.0;0.0;0.0;1.0;0.0;0.0;0.0;0.0;0.0;0.0;1.0;1.0;1.0;0.0;0.0;0.0;0.0;0.0;0.0;0.0;0.0
2024-01-31;Brentford;3;2;3;57;56;Tottenham;3;2;9;19;5;5;0.31;0.69;276;0.66;15;13;3;2;0;0;3;1.0;0.0;1.0;0.0;1.0;1.0;0.0;0.0;0.0;0.0;0.0;5;0.03631578947368421;0.2;182;0.08241758241758242;587.0967741935484;0.3333333333333333;9.67741935483871;-10;-0.37999999999999995;-2;1;2;0.03260869565217391;0.2222222222222222;0.155;1.5;1;1;2;0;0;1;1;0;0.2222222222222222;0.4;0.007246376811594203;4.5;0.0;1.0;1.0;0.0;1.0;1.0;0.0;0.0;0.0;0.0;1.0;0.0;0.0;0.0;0.0;0.0;0.0;0.0;1.0;1.0;0.0;0.0;0.0;0.0;0.0;0.0;0.0;0.0
2024-01-20;Brentford;3;2;3;57;55;Nottingham Forest;1;3;11;12;5;3;0.48;0.52;456;0.75;10;14;1;3;0;0;6;1.0;0.0;1.0;0.0;1.0;0.0;0.0;0.0;1.0;0.0;0.0;4;0.043333333333333335;0.1;342;0.029239766081871343;712.5;0.5454545454545454;12.5;-1;-0.040000000000000036;2;-2;-4;0.02412280701754386;0.2727272727272727;0.16;2.0;1;2;3;1;0;0;0;1;0.2727272727272727;0.6;0.006578947368421052;3.6666666666666665;0.0;1.0;1.0;0.0;1.0;1.0;0.0;0.0;0.0;0.0;1.0;0.0;0.0;0.0;0.0;0.0;0.0;0.0;1.0;1.0;0.0;0.0;0.0;0.0;0.0;0.0;0.0;0.0
2024-01-05;Brentford;15;2;17;57;67;Wolves;3;3;14;7;3;1;0.74;0.26;596;0.89;8;12;3;2;0;1;4;0.0;0.0;1.0;0.0;1.0;1.0;0.0;0.0;1.0;0.0;0.0;7;0.037142857142857144;0.375;530;0.01509433962264151;716.2162162162163;0.2857142857142857;5.405405405405405;7;0.48;-3;0;-4;0.02348993288590604;0.07142857142857142;0.74;4.0;1;0;1;0;1;0;0;1;0.07142857142857142;0.3333333333333333;0.0016778523489932886;14.0;0.0;0.0;1.0;0.0;1.0;1.0;0.0;0.0;0.0;0.0;0.0;0.0;0.0;0.0;0.0;0.0;1.0;0.0;0.0;1.0;1.0;1.0;0.0;0.0;0.0;0.0;0.0;0.0
2023-12-30;Brentford;3;2;0;57;65;Crystal Palace;1;0;9;13;4;6;0.54;0.46;510;0.8;10;14;1;0;0;0;4;1.0;0.0;1.0;0.0;1.0;1.0;0.0;0.0;0.0;0.0;1.0;7;0.03538461538461539;0.1;408;0.024509803921568627;755.5555555555555;0.4444444444444444;7.4074074074074066;-4;0.08000000000000002;-3;1;-4;0.01764705882352941;0.1111111111111111;0.54;4.0;1;0;1;0;0;1;1;0;0.1111111111111111;0.25;0.00196078431372549;9.0;0.0;1.0;1.0;0.0;1.0;1.0;0.0;0.0;0.0;0.0;0.0;0.0;0.0;0.0;0.0;0.0;1.0;0.0;0.0;0.0;0.0;0.0;1.0;0.0;0.0;0.0;0.0;0.0
2023-12-27;Brentford;3;0;17;57;67;Wolves;1;1;14;11;4;5;0.61;0.39;610;0.8;5;14;1;1;0;0;8;1.0;0.0;1.0;0.0;1.0;1.0;1.0;0.0;0.0;0.0;1.0;2;0.035454545454545454;0.2;488;0.010245901639344262;800.0;0.5714285714285714;13.114754098360656;3;0.21999999999999997;6;0;-9;0.022950819672131147;0.07142857142857142;0.61;8.0;1;0;1;0;0;1;0;1;0.07142857142857142;0.25;0.001639344262295082;14.0;0.0;1.0;1.0;0.0;1.0;0.0;0.0;0.0;0.0;0.0;0.0;0.0;0.0;0.0;0.0;0.0;0.0;0.0;0.0;1.0;0.0;0.0;1.0;0.0;0.0;0.0;0.0;0.0
2023-12-17;Brentford;3;2;2;57;1;Aston Villa;7;5;4;15;3;5;0.32;0.68;250;0.68;19;6;6;4;1;1;7;1.0;0.0;0.0;0.0;1.0;1.0;0.0;0.0;1.0;0.0;1.0;11;0.04533333333333334;0.3684210526315789;170;0.11176470588235295;531.25;1.75;21.875;-11;-0.36000000000000004;-4;2;13;0.016;0.25;0.32;7.0;1;0;1;0;0;1;0;1;0.25;0.3333333333333333;0.004;4.0;0.0;1.0;1.0;0.0;1.0;0.0;0.0;0.0;0.0;0.0;1.0;0.0;0.0;0.0;0.0;0.0;1.0;0.0;0.0;0.0;0.0;0.0;1.0;0.0;0.0;0.0;0.0;0.0
2023-12-09;Brentford;3;0;7;57;818;Sheffield United;1;5;10;9;4;4;0.6;0.4;489;0.78;13;14;1;5;0;0;3;1.0;0.0;0.0;0.0;1.0;1.0;0.0;0.0;0.0;0.0;1.0;3;0.044444444444444446;0.07692307692307693;381;0.03412073490813648;635.0;0.3;5.0;1;0.19999999999999996;0;-4;-1;0.02044989775051125;0.0;0.0;0.0;0;0;0;0;0;1;1;0;0.0;0.0;0.0;0.0;0.0;1.0;1.0;0.0;0.0;0.0;0.0;0.0;0.0;0.0;1.0;0.0;0.0;0.0;1.0;0.0;0.0;0.0;0.0;1.0;0.0;0.0;1.0;1.0;0.0;0.0;0.0;0.0
2023-12-06;Brentford;3;1;3;57;54;Brighton;1;3;8;18;2;7;0.38;0.62;377;0.74;8;10;1;3;0;0;3;1.0;0.0;0.0;0.0;0.0;0.0;1.0;1.0;0.0;0.0;0.0;7;0.034444444444444444;0.125;279;0.02867383512544803;734.2105263157895;0.375;7.894736842105263;-10;-0.24;-4;-2;-2;0.021220159151193633;0.125;0.38;3.0;1;0;1;0;0;1;1;0;0.125;0.5;0.002652519893899204;8.0;0.0;1.0;1.0;0.0;1.0;0.0;0.0;0.0;0.0;0.0;1.0;0.0;0.0;0.0;1.0;0.0;0.0;0.0;0.0;1.0;0.0;0.0;1.0;1.0;0.0;0.0;0.0;0.0
2023-11-25;Brentford;3;4;0;57;9;Arsenal;1;1;9;15;3;4;0.36;0.64;298;0.64;9;7;1;1;0;0;1;1.0;0.0;0.0;0.0;0.0;1.0;1.0;1.0;0.0;0.0;1.0;8;0.042666666666666665;0.1111111111111111;191;0.04712041884816754;530.5555555555555;0.1111111111111111;2.7777777777777777;-6;-0.28;-7;0;2;0.030201342281879196;0.0;0.0;0.0;0;0;0;0;0;1;0;1;0.0;0.0;0.0;0.0;1.0;1.0;1.0;0.0;0.0;0.0;0.0;0.0;0.0;0.0;1.0;0.0;0.0;0.0;1.0;0.0;0.0;0.0;0.0;0.0;0.0;0.0;1.0;0.0;0.0;0.0;0.0;0.0
2023-11-12;Brentford;3;4;0;57;2;Liverpool;2;1;16;17;3;10;0.41;0.59;354;0.75;12;16;2;1;0;0;8;1.0;0.0;1.0;0.0;0.0;1.0;0.0;1.0;0.0;0.0;1.0;6;0.03470588235294118;0.16666666666666666;266;0.045112781954887216;648.7804878048781;0.5;19.51219512195122;-1;-0.18;2;1;-4;0.04519774011299435;0.0;0.0;0.0;0;0;0;0;0;1;1;0;0.0;0.0;0.0;0.0;1.0;1.0;1.0;0.0;1.0;1.0;0.0;0.0;0.0;0.0;1.0;0.0;0.0;0.0;0.0;0.0;0.0;0.0;0.0;0.0;0.0;0.0;0.0;0.0;0.0;0.0;0.0;0.0
2023-11-04;Brentford;3;0;1;57;61;West Ham;1;4;16;12;4;2;0.6;0.4;560;0.8;12;14;1;4;0;0;4;1.0;0.0;1.0;0.0;0.0;1.0;0.0;1.0;0.0;0.0;1.0;3;0.03333333333333333;0.08333333333333333;448;0.026785714285714284;746.6666666666667;0.25;6.666666666666667;4;0.19999999999999996;1;-3;-2;0.02857142857142857;0.1875;0.19999999999999998;1.3333333333333333;1;2;3;1;0;0;0;1;0.1875;0.75;0.005357142857142857;5.333333333333333;1.0;1.0;1.0;0.0;0.0;1.0;0.0;0.0;0.0;0.0;0.0;0.0;0.0;0.0;1.0;0.0;0.0;0.0;0.0;1.0;0.0;0.0;0.0;0.0;0.0;0.0;0.0;0.0
2023-10-28;Brentford;3;2;3;57;53;Chelsea;4;1;7;17;5;2;0.31;0.69;333;0.73;7;12;4;1;0;0;1;1.0;0.0;1.0;0.0;0.0;1.0;0.0;1.0;0.0;0.0;1.0;10;0.04058823529411765;0.5714285714285714;243;0.02880658436213992;783.8709677419355;0.14285714285714285;3.2258064516129035;-10;-0.37999999999999995;-9;3;-5;0.021021021021021023;0.2857142857142857;0.155;0.5;0;2;2;1;0;0;1;0;0.2857142857142857;0.4;0.006006006006006006;3.5;1.0;1.0;1.0;0.0;1.0;1.0;0.0;0.0;0.0;0.0;0.0;0.0;0.0;0.0;0.0;0.0;0.0;0.0;0.0;0.0;0.0;0.0;0.0;0.0;1.0;0.0;0.0;0.0
2023-10-21;Brentford;3;0;3;57;819;Burnley;5;3;23;6;10;1;0.49;0.51;443;0.79;14;12;5;2;0;1;5;1.0;0.0;1.0;0.0;0.0;1.0;0.0;1.0;0.0;0.0;1.0;5;0.085;0.35714285714285715;350;0.04;714.2857142857143;0.21739130434782608;10.204081632653061;17;-0.020000000000000018;0;2;2;0.05191873589164785;0.13043478260869565;0.16333333333333333;1.6666666666666667;1;2;3;1;0;0;0;1;0.13043478260869565;0.3;0.006772009029345372;7.666666666666667;1.0;1.0;1.0;0.0;0.0;1.0;0.0;0.0;0.0;0.0;0.0;0.0;0.0;0.0;1.0;0.0;0.0;0.0;0.0;1.0;0.0;0.0;0.0;0.0;0.0;0.0;0.0;0.0
2023-10-01;Brentford;3;0;0;57;55;Nottingham Forest;2;2;18;6;5;1;0.6;0.4;578;0.84;10;6;2;1;0;1;11;1.0;0.0;1.0;0.0;1.0;1.0;0.0;1.0;0.0;0.0;1.0;1;0.06666666666666667;0.2;486;0.0205761316872428;810.0;0.6111111111111112;18.333333333333336;12;0.19999999999999996;10;0;4;0.031141868512110725;0.05555555555555555;0.6;11.0;0;1;1;0;1;0;1;0;0.05555555555555555;0.2;0.0017301038062283738;18.0;1.0;1.0;1.0;0.0;0.0;1.0;0.0;0.0;0.0;0.0;0.0;0.0;0.0;0.0;0.0;0.0;0.0;0.0;0.0;0.0;0.0;0.0;0.0;0.0;1.0;0.0;0.0;0.0
2023-09-27;Brentford;14;2;0;57;9;Arsenal;2;2;18;10;4;3;0.4;0.6;406;0.75;7;10;2;2;0;0;1;1.0;0.0;1.0;0.0;0.0;1.0;0.0;1.0;0.0;0.0;1.0;3;0.06;0.2857142857142857;304;0.023026315789473683;760.0;0.05555555555555555;2.5;8;-0.19999999999999996;-2;0;-3;0.04433497536945813;0.0;0.0;0.0;0;0;0;0;0;1;0;1;0.0;0.0;0.0;0.0;0.0;1.0;1.0;0.0;1.0;0.0;0.0;0.0;0.0;0.0;0.0;0.0;0.0;0.0;1.0;0.0;1.0;0.0;0.0;0.0;0.0;0.0;0.0;0.0;1.0;0.0;0.0;0.0
2023-09-23;Brentford;3;0;8;57;64;Everton;2;2;12;18;2;6;0.58;0.42;588;0.82;9;12;2;2;0;0;1;1.0;0.0;1.0;0.0;1.0;1.0;0.0;1.0;0.0;0.0;1.0;4;0.02333333333333333;0.2222222222222222;482;0.01867219917012448;831.0344827586207;0.08333333333333333;1.7241379310344829;-6;0.15999999999999998;-3;0;-3;0.02040816326530612;0.08333333333333333;0.58;1.0;1;0;1;0;0;1;0;1;0.08333333333333333;0.5;0.0017006802721088435;12.0;0.0;1.0;1.0;0.0;1.0;1.0;0.0;0.0;0.0;0.0;0.0;0.0;0.0;0.0;0.0;0.0;0.0;0.0;0.0;0.0;0.0;0.0;0.0;0.0;1.0;0.0;0.0;0.0
2023-09-16;Brentford;3;4;0;57;60;Newcastle;5;3;11;9;2;2;0.43;0.57;367;0.72;12;8;5;3;0;0;3;1.0;0.0;1.0;0.0;0.0;1.0;0.0;1.0;0.0;0.0;1.0;8;0.06333333333333332;0.4166666666666667;264;0.045454545454545456;613.953488372093;0.2727272727272727;6.976744186046512;2;-0.13999999999999996;-5;2;4;0.02997275204359673;0.0;0.0;0.0;0;0;0;0;0;1;1;0;0.0;0.0;0.0;0.0;0.0;1.0;1.0;0.0;0.0;1.0;0.0;1.0;0.0;0.0;1.0;0.0;0.0;0.0;0.0;0.0;0.0;0.0;0.0;0.0;0.0;0.0;0.0;0.0;1.0;0.0;0.0;0.0
2023-08-26;Brentford;3;0;3;57;65;Crystal Palace;0;0;12;15;1;5;0.6;0.4;518;0.84;9;15;0;0;0;0;8;1.0;0.0;1.0;0.0;0.0;1.0;0.0;1.0;0.0;1.0;1.0;6;0.02666666666666667;0.0;435;0.020689655172413793;725.0;0.6666666666666666;13.333333333333334;-3;0.19999999999999996;2;0;-6;0.023166023166023165;0.08333333333333333;0.6;8.0;1;0;1;0;1;0;0;1;0.08333333333333333;1.0;0.0019305019305019305;12.0;0.0;1.0;1.0;0.0;0.0;1.0;0.0;1.0;0.0;0.0;0.0;0.0;0.0;0.0;0.0;0.0;0.0;0.0;0.0;0.0;0.0;0.0;0.0;0.0;1.0;0.0;0.0;0.0
2023-08-19;Brentford;3;0;0;57;58;Fulham;2;3;17;10;8;2;0.45;0.55;391;0.83;12;13;2;2;0;1;5;1.0;0.0;1.0;0.0;0.0;1.0;0.0;1.0;0.0;1.0;1.0;5;0.05500000000000001;0.16666666666666666;325;0.036923076923076927;722.2222222222222;0.29411764705882354;11.11111111111111;7;-0.10000000000000003;0;-1;-1;0.043478260869565216;0.17647058823529413;0.15;1.6666666666666667;1;2;3;1;0;0;1;0;0.17647058823529413;0.375;0.0076726342710997444;5.666666666666667;0.0;1.0;1.0;0.0;0.0;1.0;0.0;1.0;0.0;0.0;0.0;0.0;0.0;0.0;0.0;0.0;0.0;0.0;0.0;0.0;0.0;0.0;0.0;0.0;1.0;0.0;0.0;0.0
2023-08-13;Brentford;3;4;3;57;56;Tottenham;1;4;11;18;6;6;0.3;0.7;306;0.76;12;13;1;4;0;0;3;1.0;0.0;1.0;0.0;0.0;1.0;0.0;1.0;0.0;0.0;1.0;6;0.03888888888888889;0.08333333333333333;233;0.05150214592274678;776.6666666666667;0.2727272727272727;10.0;-7;-0.39999999999999997;-3;-3;-1;0.03594771241830065;0.18181818181818182;0.15;1.5;2;0;2;0;1;0;0;1;0.18181818181818182;0.3333333333333333;0.006535947712418301;5.5;1.0;1.0;1.0;0.0;0.0;1.0;0.0;1.0;0.0;0.0;0.0;0.0;0.0;0.0;0.0;0.0;0.0;0.0;0.0;0.0;0.0;0.0;0.0;0.0;1.0;0.0;0.0;0.0
2023-07-30;Brentford;3;0;30;57;1;Aston Villa;0;2;10;14;3;3;0.38;0.62;348;0.83;11;8;0;2;0;0;3;1.0;0.0;0.0;0.0;0.0;0.0;0.0;1.0;1.0;1.0;0.0;3;0.04428571428571428;0.0;289;0.03806228373702422;760.5263157894736;0.3;7.894736842105263;-4;-0.24;0;-2;3;0.028735632183908046;0.3;0.12666666666666668;1.0;2;1;3;0;1;0;1;0;0.3;1.0;0.008620689655172414;3.3333333333333335;0.0;0.0;1.0;0.0;1.0;1.0;0.0;0.0;0.0;0.0;1.0;0.0;0.0;0.0;1.0;0.0;0.0;0.0;0.0;0.0;0.0;1.0;0.0;0.0;1.0;0.0;0.0;0.0
2023-07-26;Brentford;3;1;3;57;54;Brighton;2;0;14;13;7;4;0.41;0.59;386;0.8;16;12;2;0;0;0;8;1.0;0.0;1.0;0.0;1.0;0.0;0.0;1.0;0.0;0.0;1.0;2;0.045384615384615384;0.125;309;0.05177993527508091;753.6585365853659;0.5714285714285714;19.51219512195122;1;-0.18;6;2;4;0.03626943005181347;0.0;0.0;0.0;0;0;0;0;0;1;0;1;0.0;0.0;0.0;0.0;1.0;1.0;0.0;0.0;0.0;0.0;0.0;1.0;0.0;0.0;0.0;0.0;0.0;0.0;1.0;0.0;1.0;0.0;0.0;0.0;0.0;1.0;0.0;0.0;0.0;0.0;0.0;0.0
2023-05-28;Brentford;3;4;31;57;3;Manchester City;4;0;11;17;4;3;0.34;0.66;323;0.79;12;8;4;0;0;0;3;0.0;0.0;0.0;0.0;0.0;0.0;0.0;1.0;1.0;0.0;1.0;4;0.03882352941176471;0.3333333333333333;255;0.047058823529411764;750.0;0.2727272727272727;8.823529411764705;-6;-0.32;-1;4;4;0.034055727554179564;0.09090909090909091;0.34;3.0;0;1;1;1;0;0;0;1;0.09090909090909091;0.25;0.0030959752321981426;11.0;0.0;1.0;1.0;0.0;0.0;0.0;0.0;1.0;0.0;0.0;1.0;0.0;0.0;0.0;1.0;0.0;1.0;0.0;0.0;0.0;0.0;0.0;0.0;0.0;1.0;1.0;0.0;0.0
2023-05-06;Brentford;3;4;0;57;2;Liverpool;2;4;5;15;1;5;0.46;0.54;326;0.74;10;19;2;4;0;0;3;0.0;0.0;0.0;0.0;0.0;0.0;0.0;1.0;0.0;0.0;0.0;7;0.036000000000000004;0.2;241;0.04149377593360996;523.9130434782609;0.6;6.521739130434782;-10;-0.08000000000000002;-4;-2;-9;0.015337423312883436;0.0;0.0;0.0;0;0;0;0;0;1;1;0;0.0;0.0;0.0;0.0;0.0;1.0;1.0;0.0;0.0;1.0;0.0;1.0;0.0;0.0;1.0;0.0;0.0;0.0;1.0;0.0;1.0;0.0;1.0;0.0;0.0;0.0;0.0;0.0;1.0;1.0;0.0;0.0
2023-04-29;Brentford;3;0;17;57;55;Nottingham Forest;1;2;14;5;8;3;0.69;0.31;550;0.84;6;13;1;2;0;0;6;0.0;0.0;0.0;0.0;0.0;0.0;0.0;1.0;1.0;1.0;0.0;0;0.062;0.16666666666666666;462;0.012987012987012988;669.5652173913044;0.42857142857142855;8.695652173913045;9;0.37999999999999995;6;-1;-7;0.025454545454545455;0.14285714285714285;0.345;3.0;0;2;2;1;0;0;0;1;0.14285714285714285;0.25;0.0036363636363636364;7.0;0.0;1.0;1.0;0.0;0.0;1.0;0.0;1.0;0.0;0.0;1.0;0.0;0.0;0.0;0.0;0.0;0.0;0.0;1.0;0.0;0.0;0.0;0.0;0.0;1.0;1.0;0.0;0.0
2023-04-22;Brentford;3;0;3;57;1;Aston Villa;3;2;16;14;5;2;0.42;0.58;308;0.68;12;8;3;2;0;0;8;0.0;0.0;0.0;0.0;0.0;1.0;0.0;1.0;0.0;1.0;0.0;4;0.041428571428571426;0.25;209;0.05741626794258373;497.61904761904765;0.5;19.047619047619047;2;-0.15999999999999998;4;1;4;0.05194805194805195;0.0625;0.42;8.0;0;1;1;0;1;0;0;1;0.0625;0.2;0.003246753246753247;16.0;0.0;1.0;1.0;0.0;0.0;1.0;0.0;1.0;0.0;0.0;1.0;0.0;0.0;0.0;0.0;0.0;0.0;0.0;1.0;0.0;0.0;0.0;0.0;0.0;1.0;1.0;0.0;0.0
2023-04-08;Brentford;3;4;0;57;60;Newcastle;0;2;12;10;6;4;0.41;0.59;273;0.75;10;15;0;2;0;0;6;0.0;0.0;0.0;0.0;0.0;1.0;0.0;0.0;0.0;1.0;0.0;5;0.059;0.0;205;0.04878048780487805;500.00000000000006;0.5;14.634146341463415;2;-0.18;1;-2;-5;0.04395604395604396;0.08333333333333333;0.41;6.0;1;0;1;0;0;1;0;1;0.08333333333333333;0.16666666666666666;0.003663003663003663;12.0;0.0;0.0;1.0;0.0;0.0;1.0;0.0;1.0;0.0;0.0;1.0;0.0;0.0;0.0;0.0;0.0;0.0;0.0;1.0;0.0;0.0;1.0;0.0;0.0;1.0;1.0;1.0;0.0
2023-04-05;Brentford;3;4;3;57;62;Manchester United;2;3;6;18;1;3;0.35;0.65;327;0.76;13;9;2;3;0;0;3;0.0;0.0;0.0;0.0;0.0;1.0;0.0;1.0;1.0;0.0;0.0;12;0.036111111111111115;0.15384615384615385;249;0.05220883534136546;711.4285714285714;0.5;8.571428571428571;-12;-0.30000000000000004;-9;-1;4;0.01834862385321101;0.0;0.0;0.0;0;0;0;0;0;1;1;0;0.0;0.0;0.0;0.0;0.0;0.0;1.0;0.0;1.0;1.0;0.0;1.0;0.0;0.0;1.0;0.0;0.0;0.0;0.0;0.0;0.0;0.0;1.0;0.0;0.0;0.0;0.0;0.0;0.0;1.0;1.0;0.0
2023-04-01;Brentford;3;4;3;57;54;Brighton;1;2;7;33;5;15;0.27;0.73;227;0.66;10;16;1;2;0;0;0;0.0;0.0;0.0;0.0;0.0;1.0;0.0;1.0;1.0;0.0;0.0;14;0.02212121212121212;0.1;150;0.06666666666666667;555.5555555555555;0.0;0.0;-26;-0.45999999999999996;-14;-1;-6;0.030837004405286344;0.42857142857142855;0.09000000000000001;0.0;2;1;3;0;1;0;1;0;0.42857142857142855;0.6;0.013215859030837005;2.3333333333333335;0.0;0.0;1.0;0.0;0.0;1.0;0.0;1.0;0.0;0.0;1.0;0.0;0.0;0.0;0.0;0.0;0.0;0.0;1.0;0.0;0.0;0.0;0.0;0.0;1.0;1.0;1.0;0.0
2023-03-18;Brentford;3;0;3;57;63;Leicester City;2;2;11;14;2;1;0.53;0.47;484;0.77;10;11;1;2;1;0;8;0.0;0.0;0.0;0.0;0.0;1.0;0.0;1.0;1.0;0.0;1.0;4;0.03357142857142857;0.2;373;0.02680965147453083;703.7735849056603;0.7272727272727273;15.094339622641508;-3;0.06000000000000005;4;0;-1;0.022727272727272728;0.09090909090909091;0.53;8.0;1;0;1;0;1;0;0;1;0.09090909090909091;0.5;0.002066115702479339;11.0;0.0;0.0;1.0;0.0;0.0;1.0;0.0;1.0;0.0;0.0;1.0;0.0;0.0;0.0;0.0;0.0;0.0;0.0;1.0;0.0;0.0;0.0;0.0;0.0;1.0;1.0;0.0;0.0
2023-03-15;Brentford;3;0;3;57;68;Southampton;2;1;11;7;5;1;0.33;0.67;289;0.64;10;14;2;1;0;0;3;0.0;0.0;0.0;0.0;0.0;1.0;0.0;1.0;0.0;1.0;0.0;3;0.09571428571428572;0.2;185;0.05405405405405406;560.6060606060606;0.2727272727272727;9.09090909090909;4;-0.34;0;1;-4;0.03806228373702422;0.18181818181818182;0.165;1.5;1;1;2;1;0;0;1;0;0.18181818181818182;0.4;0.006920415224913495;5.5;0.0;1.0;1.0;0.0;0.0;1.0;0.0;1.0;0.0;0.0;1.0;0.0;0.0;0.0;0.0;0.0;0.0;0.0;1.0;0.0;0.0;0.0;0.0;0.0;1.0;1.0;0.0;0.0
2023-03-06;Brentford;3;0;3;57;58;Fulham;0;3;14;9;6;5;0.36;0.64;274;0.66;12;17;0;3;0;0;2;0.0;0.0;0.0;0.0;0.0;1.0;0.0;1.0;1.0;0.0;1.0;3;0.07111111111111111;0.0;181;0.06629834254143646;502.77777777777777;0.14285714285714285;5.555555555555555;5;-0.28;-1;-3;-5;0.051094890510948905;0.21428571428571427;0.12;0.6666666666666666;1;2;3;1;0;0;0;1;0.21428571428571427;0.5;0.010948905109489052;4.666666666666667;0.0;0.0;1.0;0.0;0.0;1.0;0.0;1.0;0.0;0.0;1.0;0.0;0.0;0.0;0.0;0.0;0.0;0.0;1.0;0.0;0.0;0.0;0.0;0.0;1.0;1.0;0.0;0.0
2023-02-11;Brentford;3;2;0;57;9;Arsenal;2;0;9;23;2;7;0.3;0.7;267;0.66;9;9;2;0;0;0;4;0.0;0.0;0.0;0.0;0.0;1.0;0.0;1.0;0.0;0.0;0.0;7;0.03043478260869565;0.2222222222222222;176;0.05113636363636364;586.6666666666667;0.4444444444444444;13.333333333333334;-14;-0.39999999999999997;-3;2;0;0.033707865168539325;0.1111111111111111;0.3;4.0;0;1;1;0;1;0;1;0;0.1111111111111111;0.5;0.003745318352059925;9.0;1.0;1.0;1.0;0.0;1.0;1.0;0.0;1.0;0.0;0.0;1.0;0.0;0.0;0.0;0.0;0.0;0.0;0.0;1.0;0.0;0.0;0.0;0.0;0.0;0.0;1.0;0.0;0.0
2023-02-04;Brentford;3;0;3;57;68;Southampton;1;2;14;14;4;6;0.48;0.52;396;0.69;10;9;1;2;0;0;4;0.0;0.0;0.0;0.0;0.0;1.0;0.0;1.0;0.0;0.0;1.0;4;0.037142857142857144;0.1;273;0.03663003663003663;568.75;0.2857142857142857;8.333333333333334;0;-0.040000000000000036;0;-1;1;0.03535353535353535;0.21428571428571427;0.16;1.3333333333333333;2;1;3;1;0;0;0;1;0.21428571428571427;0.75;0.007575757575757576;4.666666666666667;0.0;0.0;1.0;0.0;0.0;1.0;0.0;1.0;0.0;0.0;1.0;0.0;0.0;0.0;0.0;0.0;0.0;0.0;1.0;0.0;0.0;1.0;0.0;0.0;1.0;1.0;0.0;0.0
2023-01-22;Brentford;3;2;3;57;817;Leeds;2;2;6;9;0;5;0.41;0.59;346;0.64;18;10;2;2;0;0;3;0.0;0.0;0.0;0.0;0.0;1.0;0.0;1.0;0.0;0.0;0.0;2;0.06555555555555555;0.1111111111111111;221;0.08144796380090498;539.0243902439024;0.5;7.317073170731708;-3;-0.18;1;0;8;0.017341040462427744;0.0;0.0;0.0;0;0;0;0;1;0;1;0;0.0;0.0;0.0;0.0;1.0;0.0;1.0;0.0;1.0;1.0;0.0;1.0;0.0;0.0;1.0;0.0;0.0;0.0;0.0;0.0;0.0;0.0;1.0;0.0;0.0;1.0;0.0;0.0;0.0;1.0;0.0;0.0
2023-01-07;Brentford;15;2;2;57;61;West Ham;1;1;10;9;1;1;0.6;0.4;533;0.83;6;8;1;1;0;0;5;0.0;0.0;0.0;0.0;1.0;0.0;0.0;0.0;1.0;0.0;1.0;4;0.044444444444444446;0.16666666666666666;442;0.013574660633484163;736.6666666666667;0.5;8.333333333333334;1;0.19999999999999996;1;0;-2;0.01876172607879925;0.0;0.0;0.0;0;0;0;0;0;1;0;1;0.0;0.0;0.0;0.0;1.0;0.0;0.0;0.0;1.0;1.0;0.0;0.0;0.0;0.0;1.0;0.0;0.0;0.0;0.0;0.0;0.0;0.0;0.0;0.0;1.0;1.0;1.0;0.0;0.0;0.0;0.0;1.0
2022-12-26;Brentford;3;2;6;57;56;Tottenham;3;1;9;15;5;8;0.39;0.61;335;0.63;11;10;3;1;0;0;6;0.0;0.0;0.0;0.0;0.0;1.0;0.0;1.0;0.0;0.0;0.0;5;0.04066666666666666;0.2727272727272727;211;0.052132701421800945;541.025641025641;0.6666666666666666;15.384615384615383;-6;-0.21999999999999997;1;2;1;0.026865671641791045;0.2222222222222222;0.195;3.0;1;1;2;0;1;0;0;1;0.2222222222222222;0.4;0.005970149253731343;4.5;0.0;1.0;1.0;0.0;1.0;1.0;0.0;1.0;0.0;0.0;1.0;0.0;0.0;0.0;0.0;0.0;1.0;0.0;1.0;0.0;0.0;0.0;0.0;0.0;0.0;1.0;0.0;0.0
2022-11-12;Brentford;3;2;0;57;3;Manchester City;2;2;10;29;8;6;0.25;0.75;216;0.56;7;9;2;2;0;0;2;0.0;0.0;0.0;0.0;0.0;0.0;0.0;1.0;0.0;0.0;0.0;10;0.02586206896551724;0.2857142857142857;121;0.05785123966942149;484.0;0.2;8.0;-19;-0.5;-8;0;-2;0.046296296296296294;0.2;0.125;1.0;1;1;2;1;0;0;1;0;0.2;0.25;0.009259259259259259;5.0;0.0;1.0;1.0;0.0;1.0;1.0;0.0;1.0;0.0;0.0;1.0;0.0;0.0;0.0;1.0;0.0;1.0;0.0;1.0;0.0;0.0;0.0;0.0;0.0;0.0;1.0;0.0;0.0
2022-11-08;Brentford;14;6;5;57;-1;Gillingham;0;1;16;1;7;1;0.81;0.19;738;0.89;9;10;0;1;0;0;14;0.0;0.0;0.0;0.0;1.0;1.0;0.0;0.0;1.0;0.0;0.0;1;0.19;0.0;657;0.0136986301369863;811.1111111111111;0.875;17.28395061728395;15;0.6200000000000001;13;-1;-1;0.02168021680216802;0.0625;0.81;14.0;1;0;1;0;1;0;0;1;0.0625;0.14285714285714285;0.0013550135501355014;16.0;0.0;0.0;1.0;0.0;1.0;0.0;0.0;1.0;0.0;0.0;0.0;0.0;0.0;0.0;1.0;0.0;1.0;0.0;1.0;0.0;0.0;0.0;1.0;0.0;0.0;1.0;0.0;0.0
2022-11-05;Brentford;3;0;28;57;55;Nottingham Forest;2;2;6;15;2;7;0.53;0.47;477;0.76;11;10;2;2;0;0;3;0.0;0.0;0.0;0.0;1.0;0.0;0.0;1.0;0.0;0.0;1.0;3;0.03133333333333333;0.18181818181818182;363;0.030303030303030304;684.9056603773585;0.5;5.660377358490566;-9;0.06000000000000005;0;0;1;0.012578616352201259;0.3333333333333333;0.265;1.5;1;1;2;0;1;0;1;0;0.3333333333333333;1.0;0.0041928721174004195;3.0;0.0;1.0;1.0;0.0;1.0;1.0;0.0;1.0;0.0;0.0;1.0;0.0;0.0;0.0;0.0;0.0;0.0;0.0;0.0;0.0;0.0;1.0;0.0;0.0;0.0;1.0;0.0;0.0
2022-10-29;Brentford;3;0;3;57;67;Wolves;3;4;12;13;3;4;0.58;0.42;419;0.8;10;17;3;3;0;1;3;0.0;0.0;0.0;0.0;0.0;0.0;0.0;1.0;0.0;0.0;1.0;6;0.03230769230769231;0.3;335;0.029850746268656716;577.5862068965517;0.25;5.172413793103448;-1;0.15999999999999998;-3;-1;-7;0.028639618138424822;0.08333333333333333;0.58;3.0;0;1;1;0;1;0;0;1;0.08333333333333333;0.3333333333333333;0.002386634844868735;12.0;1.0;1.0;1.0;0.0;0.0;1.0;0.0;1.0;0.0;0.0;1.0;0.0;0.0;0.0;0.0;0.0;0.0;0.0;1.0;0.0;0.0;1.0;0.0;0.0;0.0;1.0;0.0;0.0
2022-10-23;Brentford;3;2;3;57;1;Aston Villa;0;1;12;19;3;11;0.55;0.45;397;0.76;11;14;0;1;0;0;6;0.0;0.0;0.0;0.0;0.0;0.0;0.0;1.0;0.0;0.0;0.0;7;0.02368421052631579;0.0;302;0.03642384105960265;549.090909090909;0.5;10.909090909090908;-7;0.10000000000000003;-1;-1;-3;0.030226700251889168;0.0;0.0;0.0;0;0;0;0;0;1;1;0;0.0;0.0;0.0;0.0;1.0;1.0;1.0;0.0;1.0;1.0;0.0;1.0;0.0;0.0;0.0;0.0;0.0;0.0;1.0;0.0;1.0;0.0;1.0;0.0;0.0;0.0;0.0;0.0;0.0;1.0;0.0;0.0
2022-10-19;Brentford;3;2;23;57;53;Chelsea;0;0;8;14;5;5;0.33;0.67;317;0.7;7;7;0;0;0;0;6;0.0;0.0;0.0;0.0;0.0;0.0;0.0;1.0;0.0;0.0;0.0;2;0.04785714285714286;0.0;222;0.03153153153153153;672.7272727272727;0.75;18.18181818181818;-6;-0.34;4;0;0;0.025236593059936908;0.0;0.0;0.0;0;0;0;0;1;0;0;1;0.0;0.0;0.0;0.0;0.0;1.0;1.0;0.0;1.0;1.0;0.0;1.0;0.0;0.0;1.0;0.0;0.0;0.0;1.0;0.0;1.0;0.0;1.0;0.0;0.0;0.0;0.0;0.0;0.0;1.0;0.0;0.0
