Fecha;Equipo_name;Torneo;Alineacion;Alineacion_contrincante;equipo;equipo_contrincante;equipo_contrincante_name;tarjetas;tarjetas_contrincante;Remates;Remates_contrincante;Remates al arco;Remates al arco_contrincante;Posesión;Posesión_contrincante;Pases;Precisión de los pases;Faltas;Faltas_contrincante;Tarjetas amarillas;Tarjetas amarillas_contrincante;Tarjetas rojas;Tarjetas rojas_contrincante;Tiros de esquina;Elia Caprile-Cagliari;Gabriele Zappa-Cagliari;Yerry Mina-Cagliari;José Luis Palomino-Cagliari;Nadir Zortea-Cagliari;Michel Adopo-Cagliari;Antoine Makoumbou-Cagliari;Alessandro Deiola-Cagliari;Tommaso Augello-Cagliari;Florinel Coman-Cagliari;Roberto Piccoli-Cagliari;Tiros de esquina_concedidos;Posesión_contra_por_remate;tarjetas_por_falta;pases_completados;faltas_por_pases;pases_por_posesion;tirosEsquina_por_remate;tirosEsquina_por_posesion;diff_remates;diff_posesion;diff_Tiros de esquina;diff_tarjetas;diff_faltas;remates_por_pase;posesion_por_remate;posesion_por_gol;tirosEsquina_por_gol;goles_primera_mitad;goles_segunda_mitad;goles_totales;gano;empato;perdio;visitante;local;conversion_goles;conversion_arco;goles_por_pase;remates_al_arco_por_gol;Sebastiano Luperto-Cagliari;Matteo Prati-Cagliari;Nicolas Viola-Cagliari;Zito Luvumbo-Cagliari;Mattia Felici-Cagliari;Adam Obert-Cagliari;Răzvan Marin-Cagliari;Gianluca Gaetano-Cagliari;Simone Scuffet-Cagliari;Alen Sherri-Cagliari;Mateusz Wieteska-Cagliari;Gianluca Lapadula-Cagliari;Paulo Azzi-Cagliari;Leonardo Pavoletti-Cagliari;Nahitan Nández-Cagliari;Alberto Dossena-Cagliari;Ibrahim Sulemana-Cagliari;Eldor Shomurodov-Cagliari;Pantelis Hatzidiakos-Cagliari;Alessandro Di Pardo-Cagliari;Gaetano Oristanio-Cagliari;Jakub Jankto-Cagliari;Andrea Petagna-Cagliari;Edoardo Goldaniga-Cagliari;Boris Radunović-Cagliari;Marco Mancosu-Cagliari;Nunzio Lella-Cagliari;Giorgio Altare-Cagliari;Christos Kourfalidis-Cagliari;Marko Rog-Cagliari;Nik Prelec-Cagliari;Filippo Falco-Cagliari;Antonio Barreca-Cagliari;Vincenzo Millico-Cagliari;Elio Capradossi-Cagliari;Franco Carboni-Cagliari;Gastón Pereiro-Cagliari;Simone Aresti-Cagliari
2025-04-12;Cagliari;4;23;2;79;7;Inter;1;0;8;13;4;4;0.38;0.62;377;0.86;12;6;1;0;0;0;6;1.0;1.0;1.0;1.0;1.0;1.0;1.0;1.0;1.0;1.0;1.0;5;0.0476923076923076;0.0833333333333333;324;0.037037037037037;852.6315789473684;0.75;15.789473684210526;-5;-0.24;1;1;6;0.0212201591511936;0.125;0.38;6.0;0;1;1;0;0;1;1;0;0.125;0.25;0.0026525198938992;8.0;0.0;0.0;0.0;0.0;0.0;0.0;0.0;0.0;0.0;0.0;0.0;0.0;0.0;0.0;0.0;0.0;0.0;0.0;0.0;0.0;0.0;0.0;0.0;0.0;0.0;0.0;0.0;0.0;0.0;0.0;0.0;0.0;0.0;0.0;0.0;0.0;0.0;0.0
2025-04-06;Cagliari;4;17;17;79;75;Empoli;4;0;7;7;1;1;0.55;0.45;343;0.68;15;9;4;0;0;0;3;1.0;0.0;1.0;1.0;1.0;1.0;0.0;0.0;1.0;0.0;1.0;2;0.0642857142857143;0.2666666666666666;233;0.0643776824034334;423.6363636363636;0.4285714285714285;5.454545454545454;0;0.1;1;4;6;0.0204081632653061;0.0;0.0;0.0;0;0;0;0;1;0;1;0;0.0;0.0;0.0;0.0;1.0;1.0;1.0;1.0;0.0;0.0;0.0;0.0;0.0;0.0;0.0;0.0;0.0;0.0;0.0;0.0;0.0;0.0;0.0;0.0;0.0;0.0;0.0;0.0;0.0;0.0;0.0;0.0;0.0;0.0;0.0;0.0;0.0;0.0;0.0;0.0;0.0;0.0
2025-03-30;Cagliari;4;17;2;79;80;Monza;2;2;11;12;4;3;0.41;0.59;323;0.77;17;11;2;2;0;0;4;1.0;0.0;1.0;1.0;1.0;1.0;0.0;0.0;1.0;0.0;1.0;6;0.0491666666666666;0.1176470588235294;249;0.0682730923694779;607.3170731707318;0.3636363636363636;9.75609756097561;-1;-0.18;-2;0;6;0.0340557275541795;0.2727272727272727;0.1366666666666666;1.3333333333333333;0;3;3;1;0;0;0;1;0.2727272727272727;0.75;0.0092879256965944;3.6666666666666665;1.0;1.0;1.0;0.0;1.0;0.0;0.0;0.0;0.0;0.0;0.0;0.0;0.0;0.0;0.0;0.0;0.0;0.0;0.0;0.0;0.0;0.0;0.0;0.0;0.0;0.0;0.0;0.0;0.0;0.0;0.0;0.0;0.0;0.0;0.0;0.0;0.0;0.0
2025-03-16;Cagliari;4;23;17;79;74;Roma;2;0;11;13;5;1;0.39;0.61;404;0.78;12;4;2;0;0;0;3;1.0;0.0;1.0;1.0;1.0;1.0;0.0;1.0;0.0;0.0;1.0;8;0.0469230769230769;0.1666666666666666;315;0.0380952380952381;807.6923076923076;0.2727272727272727;7.692307692307692;-2;-0.2199999999999999;-5;2;8;0.0272277227722772;0.0;0.0;0.0;0;0;0;0;0;1;1;0;0.0;0.0;0.0;0.0;1.0;1.0;1.0;0.0;0.0;1.0;0.0;0.0;0.0;0.0;0.0;0.0;0.0;0.0;0.0;0.0;0.0;0.0;0.0;0.0;0.0;0.0;0.0;0.0;0.0;0.0;0.0;0.0;0.0;0.0;0.0;0.0;0.0;0.0;0.0;0.0;0.0;0.0
2025-03-07;Cagliari;4;3;3;79;83;Genoa;2;2;9;8;1;2;0.46;0.54;379;0.7;16;15;2;2;0;0;2;1.0;1.0;1.0;0.0;1.0;0.0;1.0;1.0;0.0;1.0;1.0;5;0.0675;0.125;265;0.060377358490566;576.0869565217391;0.2222222222222222;4.3478260869565215;1;-0.08;-3;0;1;0.0237467018469656;0.1111111111111111;0.46;2.0;1;0;1;0;1;0;0;1;0.1111111111111111;1.0;0.0026385224274406;9.0;1.0;0.0;1.0;0.0;0.0;1.0;0.0;0.0;0.0;0.0;0.0;0.0;0.0;0.0;0.0;0.0;0.0;0.0;0.0;0.0;0.0;0.0;0.0;0.0;0.0;0.0;0.0;0.0;0.0;0.0;0.0;0.0;0.0;0.0;0.0;0.0;0.0;0.0
2025-03-02;Cagliari;4;1;3;79;29;Bolonia;2;1;2;15;1;5;0.36;0.64;296;0.66;24;15;2;1;0;0;1;1.0;1.0;1.0;0.0;1.0;1.0;1.0;0.0;1.0;0.0;1.0;4;0.0426666666666666;0.0833333333333333;195;0.123076923076923;541.6666666666667;0.5;2.7777777777777777;-13;-0.28;-3;1;9;0.0067567567567567;0.5;0.36;1.0;1;0;1;0;0;1;1;0;0.5;1.0;0.0033783783783783;2.0;1.0;0.0;0.0;1.0;0.0;1.0;0.0;0.0;0.0;0.0;0.0;0.0;0.0;0.0;0.0;0.0;0.0;0.0;0.0;0.0;0.0;0.0;0.0;0.0;0.0;0.0;0.0;0.0;0.0;0.0;0.0;0.0;0.0;0.0;0.0;0.0;0.0;0.0
2025-02-23;Cagliari;4;5;3;79;14;Juventus;0;1;8;14;2;7;0.39;0.61;367;0.79;9;15;0;1;0;0;3;1.0;1.0;1.0;0.0;1.0;1.0;1.0;1.0;1.0;0.0;1.0;4;0.0435714285714285;0.0;290;0.0310344827586206;743.5897435897435;0.375;7.692307692307692;-6;-0.2199999999999999;-1;-1;-6;0.0217983651226158;0.0;0.0;0.0;0;0;0;0;0;1;0;1;0.0;0.0;0.0;0.0;1.0;0.0;0.0;0.0;1.0;0.0;0.0;0.0;0.0;0.0;0.0;0.0;0.0;0.0;0.0;0.0;0.0;0.0;0.0;0.0;0.0;0.0;0.0;0.0;0.0;0.0;0.0;0.0;0.0;0.0;0.0;0.0;0.0;0.0;0.0;0.0;0.0;0.0
2025-02-15;Cagliari;4;5;17;79;17;Atalanta;1;1;3;9;0;2;0.41;0.59;429;0.82;11;7;1;1;0;0;2;1.0;1.0;1.0;0.0;1.0;1.0;1.0;1.0;1.0;0.0;1.0;8;0.0655555555555555;0.0909090909090909;352;0.03125;858.5365853658537;0.6666666666666666;4.878048780487805;-6;-0.18;-6;0;4;0.0069930069930069;0.0;0.0;0.0;0;0;0;0;1;0;1;0;0.0;0.0;0.0;0.0;1.0;0.0;0.0;0.0;1.0;0.0;0.0;0.0;0.0;0.0;0.0;0.0;0.0;0.0;0.0;0.0;0.0;0.0;0.0;0.0;0.0;0.0;0.0;0.0;0.0;0.0;0.0;0.0;0.0;0.0;0.0;0.0;0.0;0.0;0.0;0.0;0.0;0.0
2025-02-09;Cagliari;4;8;0;79;76;Parma;0;2;14;9;3;1;0.38;0.62;327;0.79;14;12;0;2;0;0;7;1.0;1.0;1.0;0.0;1.0;1.0;1.0;0.0;1.0;0.0;1.0;6;0.0688888888888888;0.0;258;0.0542635658914728;678.9473684210526;0.5;18.42105263157895;5;-0.24;1;-2;2;0.0428134556574923;0.1428571428571428;0.19;3.5;0;2;2;1;0;0;0;1;0.1428571428571428;0.6666666666666666;0.0061162079510703;7.0;1.0;0.0;1.0;0.0;1.0;0.0;0.0;0.0;0.0;0.0;0.0;0.0;0.0;0.0;0.0;0.0;0.0;0.0;0.0;0.0;0.0;0.0;0.0;0.0;0.0;0.0;0.0;0.0;0.0;0.0;0.0;0.0;0.0;0.0;0.0;0.0;0.0;0.0
2025-02-03;Cagliari;4;8;3;79;71;Lazio;0;0;15;11;5;6;0.38;0.62;336;0.83;14;9;0;0;0;0;7;1.0;1.0;1.0;0.0;1.0;1.0;1.0;0.0;1.0;0.0;1.0;7;0.0563636363636363;0.0;279;0.050179211469534;734.2105263157895;0.4666666666666667;18.42105263157895;4;-0.24;0;0;5;0.0446428571428571;0.0666666666666666;0.38;7.0;0;1;1;0;0;1;0;1;0.0666666666666666;0.2;0.0029761904761904;15.0;1.0;0.0;1.0;0.0;1.0;0.0;0.0;0.0;0.0;0.0;0.0;0.0;0.0;0.0;0.0;0.0;0.0;0.0;0.0;0.0;0.0;0.0;0.0;0.0;0.0;0.0;0.0;0.0;0.0;0.0;0.0;0.0;0.0;0.0;0.0;0.0;0.0;0.0
2025-01-24;Cagliari;4;8;1;79;73;Torino;1;0;6;19;1;6;0.51;0.49;420;0.81;10;11;1;0;0;0;3;1.0;1.0;1.0;0.0;1.0;0.0;0.0;1.0;0.0;0.0;1.0;6;0.0257894736842105;0.1;340;0.0294117647058823;666.6666666666666;0.5;5.88235294117647;-13;0.02;-3;1;-1;0.0142857142857142;0.0;0.0;0.0;0;0;0;0;0;1;1;0;0.0;0.0;0.0;0.0;1.0;0.0;0.0;0.0;1.0;1.0;1.0;1.0;0.0;0.0;0.0;0.0;0.0;0.0;0.0;0.0;0.0;0.0;0.0;0.0;0.0;0.0;0.0;0.0;0.0;0.0;0.0;0.0;0.0;0.0;0.0;0.0;0.0;0.0;0.0;0.0;0.0;0.0
2025-01-19;Cagliari;4;8;0;79;82;Lecce;3;2;19;7;7;2;0.49;0.51;412;0.8;11;10;3;1;0;1;6;1.0;1.0;1.0;0.0;1.0;1.0;1.0;0.0;0.0;0.0;1.0;1;0.0728571428571428;0.2727272727272727;330;0.0333333333333333;673.469387755102;0.3157894736842105;12.244897959183673;12;-0.02;5;1;1;0.0461165048543689;0.2105263157894736;0.1225;1.5;0;4;4;1;0;0;0;1;0.2105263157894736;0.5714285714285714;0.0097087378640776;4.75;1.0;0.0;1.0;0.0;1.0;1.0;0.0;0.0;0.0;0.0;0.0;0.0;0.0;0.0;0.0;0.0;0.0;0.0;0.0;0.0;0.0;0.0;0.0;0.0;0.0;0.0;0.0;0.0;0.0;0.0;0.0;0.0;0.0;0.0;0.0;0.0;0.0;0.0
2025-01-11;Cagliari;4;8;0;79;25;Milan;2;1;6;24;2;11;0.31;0.69;254;0.72;11;9;2;1;0;0;1;1.0;1.0;0.0;1.0;1.0;1.0;1.0;0.0;0.0;0.0;1.0;9;0.0287499999999999;0.1818181818181818;183;0.0601092896174863;590.3225806451613;0.1666666666666666;3.2258064516129035;-18;-0.3799999999999999;-8;1;2;0.0236220472440944;0.1666666666666666;0.31;1.0;0;1;1;0;1;0;1;0;0.1666666666666666;0.5;0.0039370078740157;6.0;1.0;0.0;1.0;0.0;1.0;1.0;0.0;0.0;0.0;0.0;0.0;0.0;0.0;0.0;0.0;0.0;0.0;0.0;0.0;0.0;0.0;0.0;0.0;0.0;0.0;0.0;0.0;0.0;0.0;0.0;0.0;0.0;0.0;0.0;0.0;0.0;0.0;0.0
2025-01-05;Cagliari;4;1;17;79;80;Monza;2;3;13;6;4;2;0.46;0.54;358;0.72;19;16;2;2;0;1;3;0.0;1.0;1.0;0.0;1.0;1.0;1.0;0.0;0.0;0.0;1.0;1;0.09;0.1052631578947368;258;0.0736434108527131;560.8695652173913;0.2307692307692307;6.521739130434782;7;-0.08;2;-1;3;0.0363128491620111;0.1538461538461538;0.23;1.5;1;1;2;1;0;0;1;0;0.1538461538461538;0.5;0.0055865921787709;6.5;1.0;0.0;1.0;0.0;1.0;1.0;0.0;0.0;1.0;0.0;0.0;0.0;0.0;0.0;0.0;0.0;0.0;0.0;0.0;0.0;0.0;0.0;0.0;0.0;0.0;0.0;0.0;0.0;0.0;0.0;0.0;0.0;0.0;0.0;0.0;0.0;0.0;0.0
2024-12-28;Cagliari;4;3;30;79;7;Inter;0;0;5;20;1;5;0.34;0.66;291;0.72;14;5;0;0;0;0;5;0.0;1.0;1.0;0.0;1.0;1.0;1.0;0.0;1.0;0.0;1.0;7;0.033;0.0;210;0.0666666666666666;617.6470588235294;1.0;14.705882352941176;-15;-0.32;-2;0;9;0.0171821305841924;0.0;0.0;0.0;0;0;0;0;0;1;0;1;0.0;0.0;0.0;0.0;1.0;0.0;0.0;0.0;0.0;1.0;0.0;1.0;1.0;0.0;0.0;0.0;0.0;0.0;0.0;0.0;0.0;0.0;0.0;0.0;0.0;0.0;0.0;0.0;0.0;0.0;0.0;0.0;0.0;0.0;0.0;0.0;0.0;0.0;0.0;0.0;0.0;0.0
2024-12-22;Cagliari;4;23;17;79;81;Venezia;2;1;14;12;7;6;0.69;0.31;557;0.81;11;6;2;1;0;0;8;0.0;1.0;1.0;0.0;1.0;1.0;1.0;1.0;1.0;0.0;1.0;4;0.0258333333333333;0.1818181818181818;451;0.024390243902439;653.6231884057971;0.5714285714285714;11.594202898550726;2;0.3799999999999999;4;1;5;0.0251346499102333;0.0714285714285714;0.69;8.0;0;1;1;0;0;1;1;0;0.0714285714285714;0.1428571428571428;0.0017953321364452;14.0;1.0;0.0;0.0;0.0;0.0;0.0;0.0;1.0;0.0;1.0;0.0;0.0;0.0;0.0;0.0;0.0;0.0;0.0;0.0;0.0;0.0;0.0;0.0;0.0;0.0;0.0;0.0;0.0;0.0;0.0;0.0;0.0;0.0;0.0;0.0;0.0;0.0;0.0
2024-12-17;Cagliari;35;8;3;79;14;Juventus;0;0;13;27;2;6;0.45;0.55;412;0.84;9;9;0;0;0;0;2;0.0;1.0;0.0;1.0;1.0;0.0;0.0;1.0;1.0;0.0;0.0;5;0.0203703703703703;0.0;346;0.0260115606936416;768.8888888888889;0.1538461538461538;4.444444444444445;-14;-0.1;-3;0;0;0.0315533980582524;0.0;0.0;0.0;0;0;0;0;0;1;1;0;0.0;0.0;0.0;0.0;0.0;1.0;0.0;0.0;0.0;0.0;1.0;1.0;1.0;0.0;1.0;1.0;0.0;0.0;0.0;0.0;0.0;0.0;0.0;0.0;0.0;0.0;0.0;0.0;0.0;0.0;0.0;0.0;0.0;0.0;0.0;0.0;0.0;0.0;0.0;0.0;0.0;0.0
2024-12-14;Cagliari;4;2;17;79;17;Atalanta;3;3;12;12;8;2;0.43;0.57;393;0.78;16;10;3;3;0;0;2;0.0;1.0;1.0;0.0;1.0;1.0;1.0;1.0;1.0;0.0;1.0;5;0.0474999999999999;0.1875;307;0.0521172638436482;713.953488372093;0.1666666666666666;4.651162790697675;0;-0.1399999999999999;-3;0;6;0.0305343511450381;0.0;0.0;0.0;0;0;0;0;0;1;0;1;0.0;0.0;0.0;0.0;1.0;0.0;0.0;1.0;0.0;0.0;0.0;0.0;0.0;1.0;0.0;0.0;0.0;0.0;0.0;0.0;0.0;0.0;0.0;0.0;0.0;0.0;0.0;0.0;0.0;0.0;0.0;0.0;0.0;0.0;0.0;0.0;0.0;0.0;0.0;0.0;0.0;0.0
2024-12-08;Cagliari;4;3;3;79;70;Fiorentina;2;3;8;8;1;3;0.51;0.49;435;0.82;20;9;2;3;0;0;4;0.0;1.0;1.0;0.0;1.0;0.0;1.0;0.0;1.0;0.0;1.0;6;0.06125;0.1;357;0.0560224089635854;700.0;0.5;7.84313725490196;0;0.02;-2;-1;11;0.0183908045977011;0.0;0.0;0.0;0;0;0;0;0;1;1;0;0.0;0.0;0.0;0.0;1.0;0.0;1.0;0.0;0.0;1.0;1.0;0.0;0.0;1.0;0.0;0.0;0.0;0.0;0.0;0.0;0.0;0.0;0.0;0.0;0.0;0.0;0.0;0.0;0.0;0.0;0.0;0.0;0.0;0.0;0.0;0.0;0.0;0.0;0.0;0.0;0.0;0.0
2024-11-29;Cagliari;4;29;1;79;77;Hellas Verona;1;2;19;11;5;2;0.64;0.36;497;0.82;10;12;1;2;0;0;7;0.0;1.0;1.0;0.0;1.0;0.0;1.0;0.0;1.0;0.0;1.0;1;0.0327272727272727;0.1;408;0.0245098039215686;637.5;0.3684210526315789;10.9375;8;0.28;6;-1;-2;0.0382293762575452;0.0526315789473684;0.64;7.0;0;1;1;1;0;0;0;1;0.0526315789473684;0.2;0.0020120724346076;19.0;1.0;0.0;0.0;1.0;0.0;0.0;1.0;0.0;0.0;1.0;0.0;1.0;0.0;0.0;0.0;0.0;0.0;0.0;0.0;0.0;0.0;0.0;0.0;0.0;0.0;0.0;0.0;0.0;0.0;0.0;0.0;0.0;0.0;0.0;0.0;0.0;0.0;0.0
2024-11-24;Cagliari;4;3;5;79;83;Genoa;2;2;17;20;6;6;0.47;0.53;404;0.8;7;11;2;2;0;0;8;0.0;1.0;1.0;0.0;1.0;1.0;0.0;0.0;1.0;0.0;1.0;6;0.0265;0.2857142857142857;323;0.0216718266253869;687.2340425531916;0.4705882352941176;17.02127659574468;-3;-0.06;2;0;-4;0.042079207920792;0.1176470588235294;0.235;4.0;1;1;2;0;1;0;1;0;0.1176470588235294;0.3333333333333333;0.0049504950495049;8.5;1.0;0.0;0.0;1.0;0.0;0.0;1.0;1.0;0.0;1.0;0.0;0.0;0.0;0.0;0.0;0.0;0.0;0.0;0.0;0.0;0.0;0.0;0.0;0.0;0.0;0.0;0.0;0.0;0.0;0.0;0.0;0.0;0.0;0.0;0.0;0.0;0.0;0.0
2024-11-09;Cagliari;4;3;3;79;25;Milan;0;2;16;13;7;6;0.45;0.55;400;0.87;7;11;0;2;0;0;6;0.0;1.0;0.0;1.0;1.0;0.0;1.0;1.0;1.0;0.0;1.0;3;0.0423076923076923;0.0;348;0.0201149425287356;773.3333333333333;0.375;13.333333333333332;3;-0.1;3;-2;-4;0.04;0.1875;0.15;2.0;1;2;3;0;1;0;0;1;0.1875;0.4285714285714285;0.0075;5.333333333333333;1.0;0.0;1.0;1.0;0.0;0.0;0.0;0.0;0.0;1.0;0.0;0.0;0.0;0.0;0.0;0.0;0.0;0.0;0.0;0.0;0.0;0.0;0.0;0.0;0.0;0.0;0.0;0.0;0.0;0.0;0.0;0.0;0.0;0.0;0.0;0.0;0.0;0.0
2024-11-04;Cagliari;4;3;3;79;71;Lazio;6;3;6;20;1;5;0.45;0.55;388;0.85;17;12;4;3;2;0;3;0.0;1.0;1.0;0.0;1.0;1.0;1.0;0.0;1.0;0.0;1.0;2;0.0275;0.3529411764705882;330;0.0515151515151515;733.3333333333334;0.5;6.666666666666666;-14;-0.1;1;3;5;0.0154639175257731;0.1666666666666666;0.45;3.0;1;0;1;0;0;1;1;0;0.1666666666666666;1.0;0.0025773195876288;6.0;1.0;0.0;0.0;1.0;0.0;0.0;0.0;1.0;1.0;0.0;0.0;0.0;0.0;0.0;0.0;0.0;0.0;0.0;0.0;0.0;0.0;0.0;0.0;0.0;0.0;0.0;0.0;0.0;0.0;0.0;0.0;0.0;0.0;0.0;0.0;0.0;0.0;0.0
2024-10-29;Cagliari;4;1;3;79;29;Bolonia;2;2;14;11;2;4;0.42;0.58;365;0.74;17;18;2;2;0;0;7;0.0;1.0;0.0;1.0;1.0;0.0;0.0;0.0;0.0;0.0;1.0;2;0.0527272727272727;0.1176470588235294;270;0.0629629629629629;642.8571428571429;0.5;16.666666666666668;3;-0.1599999999999999;5;0;-1;0.0383561643835616;0.0;0.0;0.0;0;0;0;0;0;1;0;1;0.0;0.0;0.0;0.0;1.0;1.0;1.0;0.0;0.0;1.0;1.0;1.0;1.0;0.0;0.0;0.0;0.0;0.0;0.0;0.0;0.0;0.0;0.0;0.0;0.0;0.0;0.0;0.0;0.0;0.0;0.0;0.0;0.0;0.0;0.0;0.0;0.0;0.0;0.0;0.0;0.0;0.0
2024-10-25;Cagliari;4;23;2;79;72;Udinese;2;2;3;13;0;4;0.35;0.65;294;0.79;9;14;1;2;1;0;4;0.0;1.0;1.0;0.0;0.0;1.0;1.0;0.0;1.0;0.0;1.0;2;0.05;0.2222222222222222;232;0.0387931034482758;662.8571428571429;1.3333333333333333;11.428571428571429;-10;-0.3;2;0;-5;0.010204081632653;0.0;0.0;0.0;0;0;0;0;0;1;1;0;0.0;0.0;0.0;0.0;1.0;0.0;0.0;0.0;0.0;0.0;1.0;1.0;1.0;0.0;0.0;0.0;1.0;0.0;0.0;0.0;0.0;0.0;0.0;0.0;0.0;0.0;0.0;0.0;0.0;0.0;0.0;0.0;0.0;0.0;0.0;0.0;0.0;0.0;0.0;0.0;0.0;0.0
2024-10-20;Cagliari;4;17;2;79;73;Torino;1;3;17;17;4;5;0.41;0.59;335;0.84;9;8;1;3;0;0;9;0.0;1.0;1.0;0.0;1.0;1.0;1.0;0.0;1.0;0.0;1.0;12;0.0347058823529411;0.1111111111111111;281;0.0320284697508896;685.3658536585366;0.5294117647058824;21.951219512195124;0;-0.18;-3;-2;1;0.0507462686567164;0.1764705882352941;0.1366666666666666;3.0;1;2;3;1;0;0;0;1;0.1764705882352941;0.75;0.008955223880597;5.666666666666667;1.0;0.0;1.0;1.0;0.0;0.0;0.0;0.0;1.0;0.0;0.0;0.0;0.0;0.0;0.0;0.0;0.0;0.0;0.0;0.0;0.0;0.0;0.0;0.0;0.0;0.0;0.0;0.0;0.0;0.0;0.0;0.0;0.0;0.0;0.0;0.0;0.0;0.0
2024-10-06;Cagliari;4;3;3;79;14;Juventus;2;4;9;21;2;9;0.26;0.74;240;0.79;10;13;2;3;0;1;3;0.0;1.0;1.0;0.0;1.0;1.0;1.0;0.0;1.0;0.0;1.0;8;0.0352380952380952;0.2;190;0.0526315789473684;730.7692307692307;0.3333333333333333;11.538461538461538;-12;-0.48;-5;-2;-3;0.0375;0.1111111111111111;0.26;3.0;0;1;1;0;1;0;1;0;0.1111111111111111;0.5;0.0041666666666666;9.0;1.0;0.0;1.0;0.0;0.0;1.0;0.0;0.0;1.0;0.0;0.0;0.0;0.0;0.0;0.0;0.0;0.0;0.0;0.0;0.0;0.0;0.0;0.0;0.0;0.0;0.0;0.0;0.0;0.0;0.0;0.0;0.0;0.0;0.0;0.0;0.0;0.0;0.0
2024-09-30;Cagliari;4;29;3;79;76;Parma;2;3;12;18;4;4;0.38;0.62;351;0.75;16;10;2;3;0;0;3;0.0;1.0;1.0;0.0;1.0;1.0;1.0;0.0;0.0;0.0;1.0;5;0.0344444444444444;0.125;263;0.0608365019011406;692.1052631578947;0.25;7.894736842105263;-6;-0.24;-2;-1;6;0.0341880341880341;0.25;0.1266666666666666;1.0;1;2;3;1;0;0;1;0;0.25;0.75;0.0085470085470085;4.0;1.0;0.0;1.0;1.0;0.0;1.0;0.0;0.0;1.0;0.0;0.0;0.0;0.0;0.0;0.0;0.0;0.0;0.0;0.0;0.0;0.0;0.0;0.0;0.0;0.0;0.0;0.0;0.0;0.0;0.0;0.0;0.0;0.0;0.0;0.0;0.0;0.0;0.0
2024-09-24;Cagliari;35;3;2;79;595;Cremonese;3;1;13;12;4;5;0.48;0.52;440;0.84;16;11;3;1;0;0;11;0.0;1.0;0.0;1.0;0.0;1.0;1.0;0.0;1.0;0.0;0.0;2;0.0433333333333333;0.1875;370;0.0432432432432432;770.8333333333334;0.8461538461538461;22.916666666666668;1;-0.04;9;2;5;0.0295454545454545;0.0769230769230769;0.48;11.0;0;1;1;1;0;0;0;1;0.0769230769230769;0.25;0.0022727272727272;13.0;0.0;0.0;0.0;0.0;1.0;1.0;0.0;1.0;0.0;1.0;0.0;1.0;1.0;0.0;0.0;0.0;0.0;0.0;0.0;0.0;0.0;0.0;0.0;0.0;0.0;0.0;0.0;0.0;0.0;0.0;0.0;0.0;0.0;0.0;0.0;0.0;0.0;0.0
2024-09-20;Cagliari;4;2;17;79;75;Empoli;1;2;21;9;4;4;0.62;0.38;454;0.77;15;21;1;2;0;0;10;0.0;1.0;1.0;0.0;1.0;0.0;1.0;1.0;1.0;0.0;1.0;4;0.0422222222222222;0.0666666666666666;350;0.0428571428571428;564.516129032258;0.4761904761904761;16.129032258064516;12;0.24;6;-1;-6;0.0462555066079295;0.0;0.0;0.0;0;0;0;0;0;1;0;1;0.0;0.0;0.0;0.0;1.0;0.0;0.0;1.0;0.0;0.0;1.0;0.0;1.0;0.0;0.0;0.0;0.0;0.0;0.0;0.0;0.0;0.0;0.0;0.0;0.0;0.0;0.0;0.0;0.0;0.0;0.0;0.0;0.0;0.0;0.0;0.0;0.0;0.0;0.0;0.0;0.0;0.0
2024-09-15;Cagliari;4;17;17;79;69;Napoli;1;2;19;13;5;5;0.52;0.48;423;0.8;22;11;1;2;0;0;7;0.0;1.0;1.0;0.0;0.0;0.0;0.0;1.0;1.0;0.0;1.0;4;0.0369230769230769;0.0454545454545454;338;0.0650887573964497;650.0;0.3684210526315789;13.461538461538462;6;0.04;3;-1;11;0.0449172576832151;0.0;0.0;0.0;0;0;0;0;0;1;0;1;0.0;0.0;0.0;0.0;1.0;0.0;0.0;1.0;0.0;0.0;1.0;1.0;1.0;0.0;0.0;0.0;1.0;0.0;0.0;0.0;0.0;0.0;0.0;0.0;0.0;0.0;0.0;0.0;0.0;0.0;0.0;0.0;0.0;0.0;0.0;0.0;0.0;0.0;0.0;0.0;0.0;0.0
2024-08-31;Cagliari;4;2;3;79;82;Lecce;3;2;21;17;2;4;0.66;0.34;463;0.81;13;10;3;1;0;1;10;0.0;1.0;1.0;0.0;0.0;0.0;0.0;1.0;1.0;0.0;1.0;7;0.02;0.2307692307692307;375;0.0346666666666666;568.1818181818181;0.4761904761904761;15.15151515151515;4;0.32;3;1;3;0.0453563714902807;0.0;0.0;0.0;0;0;0;0;0;1;1;0;0.0;0.0;0.0;0.0;1.0;1.0;0.0;1.0;0.0;0.0;1.0;0.0;1.0;0.0;0.0;0.0;1.0;0.0;0.0;0.0;0.0;0.0;0.0;0.0;0.0;0.0;0.0;0.0;0.0;0.0;0.0;0.0;0.0;0.0;0.0;0.0;0.0;0.0;0.0;0.0;0.0;0.0
2024-08-26;Cagliari;4;2;13;79;78;Como;2;2;11;14;5;4;0.46;0.54;362;0.75;12;10;2;2;0;0;5;0.0;1.0;1.0;0.0;0.0;0.0;0.0;1.0;1.0;0.0;1.0;6;0.0385714285714285;0.1666666666666666;272;0.0441176470588235;591.3043478260869;0.4545454545454545;10.869565217391305;-3;-0.08;-1;0;2;0.0303867403314917;0.0909090909090909;0.46;5.0;1;0;1;0;1;0;0;1;0.0909090909090909;0.2;0.0027624309392265;11.0;1.0;1.0;0.0;1.0;0.0;0.0;1.0;0.0;1.0;0.0;0.0;0.0;1.0;0.0;0.0;0.0;0.0;0.0;0.0;0.0;0.0;0.0;0.0;0.0;0.0;0.0;0.0;0.0;0.0;0.0;0.0;0.0;0.0;0.0;0.0;0.0;0.0;0.0
2024-08-18;Cagliari;4;2;3;79;74;Roma;2;0;13;15;2;3;0.42;0.58;333;0.77;15;7;2;0;0;0;5;0.0;1.0;0.0;0.0;0.0;0.0;0.0;1.0;1.0;0.0;1.0;3;0.0386666666666666;0.1333333333333333;256;0.05859375;609.5238095238095;0.3846153846153846;11.904761904761903;-2;-0.1599999999999999;2;2;8;0.039039039039039;0.0;0.0;0.0;0;0;0;0;1;0;0;1;0.0;0.0;0.0;0.0;1.0;1.0;0.0;1.0;0.0;0.0;1.0;0.0;1.0;0.0;1.0;0.0;1.0;0.0;0.0;0.0;0.0;0.0;0.0;0.0;0.0;0.0;0.0;0.0;0.0;0.0;0.0;0.0;0.0;0.0;0.0;0.0;0.0;0.0;0.0;0.0;0.0;0.0
2024-08-12;Cagliari;35;6;17;79;605;Carrarese Calcio 1908;1;2;20;6;9;1;0.53;0.47;452;0.82;15;11;1;2;0;0;7;0.0;1.0;0.0;0.0;0.0;0.0;0.0;1.0;1.0;0.0;1.0;4;0.0783333333333333;0.0666666666666666;371;0.0404312668463611;700.0;0.35;13.20754716981132;14;0.06;3;-1;4;0.0442477876106194;0.15;0.1766666666666666;2.333333333333333;2;1;3;1;0;0;0;1;0.15;0.3333333333333333;0.0066371681415929;6.666666666666667;1.0;0.0;0.0;1.0;0.0;0.0;1.0;0.0;1.0;0.0;1.0;0.0;1.0;1.0;0.0;0.0;0.0;0.0;0.0;0.0;0.0;0.0;0.0;0.0;0.0;0.0;0.0;0.0;0.0;0.0;0.0;0.0;0.0;0.0;0.0;0.0;0.0;0.0
2024-05-23;Cagliari;4;3;3;79;70;Fiorentina;2;4;14;11;6;5;0.36;0.64;236;0.73;13;14;2;4;0;0;4;0.0;1.0;1.0;0.0;0.0;0.0;0.0;1.0;1.0;0.0;0.0;5;0.0581818181818181;0.1538461538461538;172;0.0755813953488372;477.77777777777777;0.2857142857142857;11.11111111111111;3;-0.28;-1;-2;-1;0.059322033898305;0.1428571428571428;0.18;2.0;0;2;2;0;0;1;0;1;0.1428571428571428;0.3333333333333333;0.0084745762711864;7.0;0.0;1.0;1.0;1.0;0.0;1.0;0.0;0.0;1.0;0.0;0.0;1.0;0.0;0.0;1.0;0.0;0.0;0.0;0.0;0.0;0.0;0.0;0.0;0.0;0.0;0.0;0.0;0.0;0.0;0.0;0.0;0.0;0.0;0.0;0.0;0.0;0.0;0.0
2024-05-19;Cagliari;4;3;2;79;593;Sassuolo;2;4;13;7;3;0;0.49;0.51;320;0.73;9;14;2;3;0;1;6;0.0;1.0;1.0;0.0;0.0;0.0;0.0;1.0;1.0;0.0;0.0;5;0.0728571428571428;0.2222222222222222;234;0.0384615384615384;477.55102040816325;0.4615384615384615;12.244897959183673;6;-0.02;1;-2;-5;0.040625;0.1538461538461538;0.245;3.0;0;2;2;1;0;0;1;0;0.1538461538461538;0.6666666666666666;0.00625;6.5;0.0;0.0;0.0;0.0;0.0;0.0;0.0;1.0;1.0;0.0;0.0;1.0;0.0;0.0;1.0;1.0;1.0;1.0;0.0;0.0;0.0;0.0;0.0;0.0;0.0;0.0;0.0;0.0;0.0;0.0;0.0;0.0;0.0;0.0;0.0;0.0;0.0;0.0
2024-05-11;Cagliari;4;4;3;79;25;Milan;1;2;13;17;7;10;0.33;0.67;316;0.81;9;11;1;2;0;0;3;0.0;1.0;1.0;0.0;0.0;0.0;0.0;1.0;0.0;0.0;0.0;6;0.0394117647058823;0.1111111111111111;256;0.03515625;775.7575757575758;0.2307692307692307;9.09090909090909;-4;-0.34;-3;-1;-2;0.0411392405063291;0.0769230769230769;0.33;3.0;0;1;1;0;0;1;1;0;0.0769230769230769;0.1428571428571428;0.0031645569620253;13.0;0.0;1.0;0.0;1.0;0.0;1.0;0.0;0.0;1.0;0.0;0.0;0.0;0.0;0.0;1.0;1.0;1.0;1.0;0.0;0.0;0.0;0.0;0.0;0.0;0.0;0.0;0.0;0.0;0.0;0.0;0.0;0.0;0.0;0.0;0.0;0.0;0.0;0.0
2024-05-05;Cagliari;4;28;1;79;82;Lecce;5;4;9;16;3;3;0.33;0.67;219;0.62;9;15;4;4;1;0;3;0.0;1.0;1.0;0.0;0.0;0.0;1.0;1.0;1.0;0.0;0.0;10;0.041875;0.5555555555555556;136;0.0661764705882353;412.1212121212121;0.3333333333333333;9.09090909090909;-7;-0.34;-7;1;-6;0.0410958904109589;0.1111111111111111;0.33;3.0;1;0;1;0;1;0;0;1;0.1111111111111111;0.3333333333333333;0.0045662100456621;9.0;0.0;0.0;0.0;1.0;0.0;0.0;0.0;1.0;1.0;0.0;0.0;1.0;0.0;0.0;1.0;1.0;0.0;0.0;0.0;0.0;0.0;0.0;0.0;0.0;0.0;0.0;0.0;0.0;0.0;0.0;0.0;0.0;0.0;0.0;0.0;0.0;0.0;0.0
2024-04-29;Cagliari;4;17;2;79;83;Genoa;2;0;12;12;1;5;0.36;0.64;308;0.69;14;12;2;0;0;0;4;0.0;0.0;0.0;0.0;0.0;0.0;0.0;1.0;1.0;0.0;0.0;2;0.0533333333333333;0.1428571428571428;213;0.0657276995305164;591.6666666666667;0.3333333333333333;11.11111111111111;0;-0.28;2;2;2;0.0389610389610389;0.0;0.0;0.0;0;0;0;0;0;1;1;0;0.0;0.0;0.0;0.0;0.0;1.0;0.0;0.0;0.0;1.0;0.0;1.0;1.0;0.0;1.0;0.0;0.0;0.0;0.0;0.0;0.0;1.0;1.0;1.0;1.0;0.0;0.0;0.0;0.0;0.0;0.0;0.0;0.0;0.0;0.0;0.0;0.0;0.0;0.0;0.0;0.0;0.0
2024-04-19;Cagliari;4;17;2;79;14;Juventus;2;3;9;11;4;3;0.25;0.75;202;0.62;16;15;2;3;0;0;4;0.0;0.0;1.0;0.0;0.0;0.0;1.0;0.0;1.0;0.0;0.0;3;0.0681818181818181;0.125;125;0.128;500.0;0.4444444444444444;16.0;-2;-0.5;1;-1;1;0.0445544554455445;0.2222222222222222;0.125;2.0;2;0;2;0;1;0;0;1;0.2222222222222222;0.5;0.0099009900990099;4.5;0.0;0.0;0.0;1.0;0.0;0.0;0.0;1.0;1.0;0.0;0.0;0.0;0.0;0.0;1.0;1.0;1.0;1.0;1.0;0.0;0.0;0.0;0.0;0.0;0.0;0.0;0.0;0.0;0.0;0.0;0.0;0.0;0.0;0.0;0.0;0.0;0.0;0.0
2024-04-14;Cagliari;4;9;2;79;7;Inter;2;0;10;15;6;7;0.37;0.63;370;0.85;10;5;2;0;0;0;0;0.0;0.0;1.0;0.0;0.0;0.0;1.0;0.0;1.0;0.0;0.0;7;0.042;0.2;314;0.0318471337579617;848.6486486486486;0.0;0.0;-5;-0.26;-7;2;5;0.027027027027027;0.2;0.185;0.0;0;2;2;0;1;0;1;0;0.2;0.3333333333333333;0.0054054054054054;5.0;0.0;0.0;0.0;1.0;0.0;1.0;0.0;0.0;1.0;0.0;0.0;0.0;0.0;0.0;0.0;0.0;1.0;1.0;1.0;1.0;0.0;1.0;0.0;0.0;0.0;0.0;0.0;0.0;0.0;0.0;0.0;0.0;0.0;0.0;0.0;0.0;0.0;0.0
2024-04-07;Cagliari;4;0;29;79;17;Atalanta;3;3;11;7;3;2;0.37;0.63;297;0.63;16;19;3;3;0;0;4;0.0;0.0;1.0;0.0;0.0;0.0;1.0;1.0;1.0;0.0;0.0;4;0.09;0.1875;187;0.0855614973262032;505.4054054054054;0.3636363636363636;10.81081081081081;4;-0.26;0;0;-3;0.037037037037037;0.1818181818181818;0.185;2.0;1;1;2;1;0;0;0;1;0.1818181818181818;0.6666666666666666;0.0067340067340067;5.5;0.0;0.0;0.0;0.0;0.0;0.0;0.0;1.0;1.0;0.0;0.0;0.0;0.0;0.0;1.0;1.0;1.0;1.0;0.0;0.0;1.0;0.0;0.0;0.0;0.0;0.0;0.0;0.0;0.0;0.0;0.0;0.0;0.0;0.0;0.0;0.0;0.0;0.0
2024-04-01;Cagliari;4;3;3;79;77;Hellas Verona;0;2;12;8;2;5;0.52;0.48;356;0.7;11;16;0;2;0;0;7;0.0;1.0;1.0;0.0;0.0;0.0;1.0;1.0;1.0;0.0;0.0;2;0.06;0.0;249;0.0441767068273092;478.8461538461538;0.5833333333333334;13.461538461538462;4;0.04;5;-2;-5;0.0337078651685393;0.0833333333333333;0.52;7.0;0;1;1;0;1;0;0;1;0.0833333333333333;0.5;0.0028089887640449;12.0;0.0;0.0;0.0;1.0;0.0;0.0;0.0;0.0;1.0;0.0;0.0;1.0;0.0;0.0;1.0;1.0;0.0;1.0;0.0;0.0;0.0;0.0;0.0;0.0;0.0;0.0;0.0;0.0;0.0;0.0;0.0;0.0;0.0;0.0;0.0;0.0;0.0;0.0
2024-03-16;Cagliari;4;8;3;79;80;Monza;1;2;10;15;0;3;0.38;0.62;317;0.77;9;11;1;2;0;0;7;0.0;1.0;0.0;0.0;0.0;0.0;1.0;1.0;1.0;0.0;0.0;3;0.0413333333333333;0.1111111111111111;244;0.0368852459016393;642.1052631578947;0.7;18.42105263157895;-5;-0.24;4;-1;-2;0.0315457413249211;0.0;0.0;0.0;0;0;0;0;0;1;1;0;0.0;0.0;0.0;0.0;0.0;0.0;0.0;0.0;0.0;0.0;0.0;0.0;1.0;0.0;1.0;1.0;0.0;0.0;1.0;1.0;0.0;1.0;0.0;0.0;0.0;1.0;0.0;0.0;0.0;0.0;0.0;0.0;0.0;0.0;0.0;0.0;0.0;0.0;0.0;0.0;0.0;0.0
2024-03-09;Cagliari;4;8;28;79;607;Salernitana;1;2;12;12;7;5;0.28;0.72;225;0.68;16;11;1;2;0;0;5;0.0;1.0;1.0;0.0;0.0;0.0;1.0;1.0;1.0;0.0;0.0;4;0.06;0.0625;153;0.1045751633986928;546.4285714285713;0.4166666666666667;17.857142857142854;0;-0.4399999999999999;1;-1;5;0.0533333333333333;0.3333333333333333;0.07;1.25;2;2;4;1;0;0;0;1;0.3333333333333333;0.5714285714285714;0.0177777777777777;3.0;0.0;0.0;0.0;0.0;0.0;0.0;0.0;1.0;1.0;0.0;0.0;1.0;0.0;0.0;1.0;1.0;0.0;0.0;0.0;0.0;0.0;1.0;0.0;0.0;0.0;0.0;0.0;0.0;0.0;0.0;0.0;0.0;0.0;0.0;0.0;0.0;0.0;0.0
2024-03-03;Cagliari;4;8;20;79;75;Empoli;3;0;8;16;4;3;0.44;0.56;368;0.76;15;11;3;0;0;0;2;0.0;0.0;1.0;0.0;0.0;0.0;1.0;1.0;1.0;0.0;0.0;9;0.035;0.2;280;0.0535714285714285;636.3636363636364;0.25;4.545454545454546;-8;-0.12;-7;3;4;0.0217391304347826;0.125;0.44;2.0;0;1;1;1;0;0;1;0;0.125;0.25;0.0027173913043478;8.0;0.0;0.0;0.0;1.0;0.0;0.0;0.0;1.0;1.0;0.0;0.0;1.0;0.0;0.0;1.0;1.0;0.0;0.0;0.0;0.0;0.0;1.0;0.0;0.0;0.0;0.0;0.0;0.0;0.0;0.0;0.0;0.0;0.0;0.0;0.0;0.0;0.0;0.0
2024-02-25;Cagliari;4;8;0;79;69;Napoli;4;1;8;9;3;4;0.28;0.72;220;0.55;12;12;4;1;0;0;4;0.0;0.0;1.0;0.0;0.0;0.0;1.0;1.0;1.0;0.0;0.0;3;0.08;0.3333333333333333;121;0.0991735537190082;432.1428571428571;0.5;14.285714285714285;-1;-0.4399999999999999;1;3;0;0.0363636363636363;0.125;0.28;4.0;0;1;1;0;1;0;0;1;0.125;0.3333333333333333;0.0045454545454545;8.0;0.0;0.0;0.0;1.0;0.0;0.0;0.0;1.0;1.0;0.0;0.0;1.0;0.0;0.0;1.0;1.0;0.0;0.0;0.0;0.0;0.0;1.0;0.0;0.0;0.0;0.0;0.0;0.0;0.0;0.0;0.0;0.0;0.0;0.0;0.0;0.0;0.0;0.0
2024-02-18;Cagliari;4;8;23;79;72;Udinese;2;3;5;17;2;3;0.47;0.53;401;0.8;10;14;2;3;0;0;4;0.0;1.0;1.0;0.0;0.0;0.0;1.0;1.0;1.0;0.0;0.0;3;0.0311764705882352;0.2;321;0.0311526479750778;682.9787234042553;0.8;8.51063829787234;-12;-0.06;1;-1;-4;0.0124688279301745;0.2;0.47;4.0;1;0;1;0;1;0;1;0;0.2;0.5;0.0024937655860349;5.0;0.0;0.0;0.0;1.0;0.0;0.0;0.0;1.0;1.0;0.0;0.0;1.0;0.0;0.0;0.0;1.0;0.0;0.0;0.0;0.0;0.0;1.0;0.0;0.0;0.0;0.0;0.0;0.0;0.0;0.0;0.0;0.0;0.0;0.0;0.0;0.0;0.0;0.0
2024-02-10;Cagliari;4;17;0;79;71;Lazio;2;3;13;12;6;5;0.45;0.55;476;0.8;6;9;1;3;1;0;7;0.0;1.0;1.0;0.0;0.0;0.0;1.0;1.0;0.0;0.0;0.0;8;0.0458333333333333;0.3333333333333333;381;0.0157480314960629;846.6666666666666;0.5384615384615384;15.555555555555555;1;-0.1;-1;-1;-3;0.0273109243697479;0.0769230769230769;0.45;7.0;0;1;1;0;0;1;0;1;0.0769230769230769;0.1666666666666666;0.0021008403361344;13.0;0.0;0.0;1.0;0.0;0.0;1.0;0.0;1.0;1.0;0.0;0.0;1.0;1.0;0.0;1.0;0.0;0.0;0.0;0.0;0.0;0.0;0.0;0.0;0.0;0.0;0.0;0.0;0.0;0.0;0.0;0.0;0.0;0.0;0.0;0.0;0.0;0.0;0.0
2024-02-05;Cagliari;4;2;0;79;74;Roma;1;1;12;20;3;6;0.47;0.53;413;0.86;12;8;1;1;0;0;5;0.0;1.0;1.0;0.0;0.0;0.0;1.0;0.0;0.0;0.0;0.0;7;0.0265;0.0833333333333333;355;0.0338028169014084;755.3191489361702;0.4166666666666667;10.638297872340424;-8;-0.06;-2;0;4;0.0290556900726392;0.0;0.0;0.0;0;0;0;0;0;1;1;0;0.0;0.0;0.0;0.0;0.0;1.0;0.0;0.0;0.0;1.0;0.0;0.0;1.0;0.0;0.0;1.0;1.0;0.0;1.0;1.0;0.0;0.0;0.0;0.0;0.0;0.0;1.0;0.0;0.0;0.0;0.0;0.0;0.0;0.0;0.0;0.0;0.0;0.0;0.0;0.0;0.0;0.0
2024-01-26;Cagliari;4;17;6;79;73;Torino;2;4;25;16;10;6;0.52;0.48;371;0.73;12;12;2;4;0;0;9;0.0;1.0;0.0;0.0;0.0;0.0;1.0;0.0;0.0;0.0;0.0;2;0.03;0.1666666666666666;271;0.044280442804428;521.1538461538462;0.36;17.307692307692307;9;0.04;7;-2;0;0.0673854447439353;0.04;0.52;9.0;0;1;1;0;0;1;0;1;0.04;0.1;0.0026954177897574;25.0;0.0;0.0;0.0;0.0;0.0;0.0;0.0;0.0;1.0;0.0;1.0;0.0;1.0;0.0;1.0;1.0;1.0;0.0;1.0;0.0;0.0;1.0;1.0;0.0;0.0;0.0;0.0;0.0;0.0;0.0;0.0;0.0;0.0;0.0;0.0;0.0;0.0;0.0
2024-01-21;Cagliari;4;2;20;79;611;Frosinone;5;3;9;17;4;7;0.4;0.6;324;0.65;18;11;5;3;0;0;4;0.0;1.0;0.0;0.0;0.0;0.0;1.0;0.0;0.0;0.0;0.0;8;0.0352941176470588;0.2777777777777778;211;0.0853080568720379;527.5;0.4444444444444444;10.0;-8;-0.1999999999999999;-4;2;7;0.0277777777777777;0.1111111111111111;0.4;4.0;1;0;1;0;0;1;1;0;0.1111111111111111;0.25;0.0030864197530864;9.0;0.0;1.0;1.0;0.0;0.0;0.0;0.0;0.0;1.0;0.0;1.0;0.0;1.0;0.0;1.0;1.0;1.0;0.0;0.0;0.0;0.0;0.0;1.0;0.0;0.0;0.0;0.0;0.0;0.0;0.0;0.0;0.0;0.0;0.0;0.0;0.0;0.0;0.0
2024-01-14;Cagliari;4;20;3;79;29;Bolonia;2;3;5;11;2;4;0.36;0.64;358;0.75;12;8;2;3;0;0;2;0.0;1.0;0.0;0.0;0.0;0.0;1.0;0.0;1.0;0.0;0.0;5;0.0581818181818181;0.1666666666666666;268;0.044776119402985;744.4444444444445;0.4;5.555555555555555;-6;-0.28;-3;-1;4;0.0139664804469273;0.4;0.18;1.0;1;1;2;1;0;0;0;1;0.4;1.0;0.0055865921787709;2.5;0.0;1.0;1.0;0.0;0.0;0.0;0.0;0.0;1.0;0.0;1.0;0.0;0.0;0.0;1.0;1.0;1.0;0.0;0.0;0.0;0.0;0.0;1.0;0.0;0.0;0.0;0.0;0.0;0.0;0.0;0.0;0.0;0.0;0.0;0.0;0.0;0.0;0.0
2024-01-06;Cagliari;4;8;7;79;82;Lecce;1;1;14;15;2;2;0.59;0.41;391;0.76;14;20;1;1;0;0;6;0.0;1.0;0.0;0.0;0.0;0.0;1.0;0.0;1.0;0.0;0.0;7;0.0273333333333333;0.0714285714285714;297;0.0471380471380471;503.3898305084746;0.4285714285714285;10.16949152542373;-1;0.18;-1;0;-6;0.0358056265984654;0.0714285714285714;0.59;6.0;0;1;1;0;1;0;1;0;0.0714285714285714;0.5;0.0025575447570332;14.0;0.0;1.0;1.0;0.0;0.0;0.0;0.0;0.0;1.0;0.0;0.0;0.0;0.0;0.0;1.0;1.0;0.0;0.0;0.0;0.0;1.0;0.0;1.0;1.0;0.0;0.0;0.0;0.0;0.0;0.0;0.0;0.0;0.0;0.0;0.0;0.0;0.0;0.0
2024-01-02;Cagliari;35;28;3;79;25;Milan;3;0;8;14;3;7;0.38;0.62;361;0.83;15;10;3;0;0;0;4;0.0;0.0;0.0;0.0;0.0;0.0;1.0;1.0;0.0;0.0;0.0;5;0.0442857142857142;0.2;300;0.05;789.4736842105264;0.5;10.526315789473683;-6;-0.24;-1;3;5;0.0221606648199446;0.125;0.38;4.0;0;1;1;0;0;1;1;0;0.125;0.3333333333333333;0.002770083102493;8.0;0.0;0.0;0.0;1.0;0.0;1.0;0.0;0.0;0.0;0.0;1.0;0.0;0.0;0.0;0.0;0.0;0.0;0.0;1.0;1.0;0.0;1.0;1.0;0.0;1.0;1.0;0.0;0.0;0.0;0.0;0.0;0.0;0.0;0.0;0.0;0.0;0.0;0.0
2023-12-30;Cagliari;4;22;28;79;75;Empoli;1;3;14;5;3;1;0.49;0.51;329;0.69;18;18;1;3;0;0;8;0.0;1.0;0.0;0.0;0.0;0.0;0.0;1.0;0.0;0.0;0.0;6;0.102;0.0555555555555555;227;0.079295154185022;463.265306122449;0.5714285714285714;16.3265306122449;9;-0.02;2;-2;0;0.0425531914893617;0.0;0.0;0.0;0;0;0;0;1;0;0;1;0.0;0.0;0.0;0.0;0.0;1.0;1.0;0.0;0.0;0.0;0.0;0.0;1.0;0.0;0.0;1.0;1.0;1.0;0.0;1.0;1.0;0.0;0.0;0.0;0.0;0.0;0.0;1.0;0.0;0.0;0.0;0.0;0.0;0.0;0.0;0.0;0.0;0.0;0.0;0.0;0.0;0.0
2023-12-23;Cagliari;4;29;3;79;77;Hellas Verona;3;3;12;13;3;5;0.41;0.59;329;0.76;19;9;2;3;1;0;7;0.0;0.0;0.0;0.0;0.0;0.0;1.0;0.0;1.0;0.0;0.0;11;0.0453846153846153;0.1578947368421052;250;0.076;609.7560975609756;0.5833333333333334;17.073170731707318;-1;-0.18;-4;0;10;0.0364741641337386;0.0;0.0;0.0;0;0;0;0;0;1;1;0;0.0;0.0;0.0;0.0;0.0;1.0;1.0;0.0;0.0;0.0;0.0;0.0;1.0;0.0;0.0;0.0;0.0;1.0;1.0;1.0;0.0;0.0;1.0;0.0;1.0;0.0;0.0;1.0;0.0;0.0;0.0;0.0;0.0;0.0;0.0;0.0;0.0;0.0;0.0;0.0;0.0;0.0
2023-12-16;Cagliari;4;1;0;79;69;Napoli;3;5;9;21;3;5;0.33;0.67;272;0.6;10;9;3;5;0;0;3;0.0;0.0;0.0;0.0;0.0;0.0;1.0;0.0;1.0;0.0;0.0;5;0.0319047619047619;0.3;163;0.0613496932515337;493.93939393939394;0.3333333333333333;9.09090909090909;-12;-0.34;-2;-2;1;0.0330882352941176;0.1111111111111111;0.33;3.0;0;1;1;0;0;1;1;0;0.1111111111111111;0.3333333333333333;0.0036764705882352;9.0;0.0;1.0;0.0;0.0;0.0;0.0;0.0;0.0;1.0;0.0;0.0;0.0;0.0;1.0;1.0;1.0;0.0;0.0;0.0;0.0;1.0;1.0;1.0;1.0;0.0;0.0;0.0;0.0;0.0;0.0;0.0;0.0;0.0;0.0;0.0;0.0;0.0;0.0
2023-12-11;Cagliari;4;8;3;79;593;Sassuolo;1;6;18;8;6;4;0.6;0.4;375;0.8;15;15;1;5;0;1;10;0.0;1.0;0.0;0.0;0.0;0.0;0.0;0.0;1.0;0.0;0.0;4;0.05;0.0666666666666666;300;0.05;500.0;0.5555555555555556;16.666666666666668;10;0.1999999999999999;6;-5;0;0.048;0.1111111111111111;0.3;5.0;0;2;2;1;0;0;0;1;0.1111111111111111;0.3333333333333333;0.0053333333333333;9.0;0.0;1.0;1.0;0.0;0.0;0.0;0.0;0.0;1.0;0.0;0.0;1.0;0.0;0.0;1.0;1.0;1.0;0.0;0.0;0.0;1.0;0.0;0.0;1.0;0.0;0.0;0.0;0.0;0.0;0.0;0.0;0.0;0.0;0.0;0.0;0.0;0.0;0.0
2023-12-02;Cagliari;4;29;0;79;71;Lazio;3;0;9;10;2;5;0.38;0.62;375;0.77;12;11;2;0;1;0;3;0.0;1.0;0.0;0.0;0.0;0.0;1.0;0.0;0.0;0.0;0.0;4;0.062;0.25;289;0.0415224913494809;760.5263157894736;0.3333333333333333;7.894736842105263;-1;-0.24;-1;3;1;0.024;0.0;0.0;0.0;0;0;0;0;0;1;1;0;0.0;0.0;0.0;0.0;0.0;1.0;1.0;0.0;0.0;0.0;0.0;0.0;1.0;0.0;0.0;1.0;1.0;0.0;0.0;1.0;0.0;0.0;1.0;0.0;0.0;0.0;1.0;1.0;0.0;0.0;0.0;0.0;0.0;0.0;0.0;0.0;0.0;0.0;0.0;0.0;0.0;0.0
2023-11-26;Cagliari;4;17;17;79;80;Monza;1;2;17;12;6;4;0.38;0.62;310;0.78;10;15;1;2;0;0;10;0.0;1.0;0.0;0.0;0.0;0.0;1.0;0.0;1.0;0.0;0.0;11;0.0516666666666666;0.1;242;0.0413223140495867;636.8421052631579;0.5882352941176471;26.31578947368421;5;-0.24;-1;-1;-5;0.0548387096774193;0.0588235294117647;0.38;10.0;1;0;1;0;1;0;0;1;0.0588235294117647;0.1666666666666666;0.0032258064516129;17.0;0.0;1.0;1.0;1.0;0.0;0.0;0.0;0.0;1.0;0.0;0.0;0.0;0.0;0.0;0.0;1.0;0.0;0.0;1.0;0.0;0.0;0.0;1.0;1.0;0.0;0.0;0.0;0.0;0.0;0.0;0.0;0.0;0.0;0.0;0.0;0.0;0.0;0.0
2023-11-11;Cagliari;4;3;2;79;14;Juventus;1;3;11;18;2;4;0.51;0.49;416;0.81;8;14;1;3;0;0;4;0.0;1.0;0.0;0.0;0.0;0.0;1.0;0.0;1.0;0.0;0.0;12;0.0272222222222222;0.125;337;0.0237388724035608;660.7843137254902;0.3636363636363636;7.84313725490196;-7;0.02;-8;-2;-6;0.0264423076923076;0.0909090909090909;0.51;4.0;0;1;1;0;0;1;1;0;0.0909090909090909;0.5;0.0024038461538461;11.0;0.0;1.0;1.0;1.0;0.0;0.0;0.0;0.0;1.0;0.0;0.0;0.0;0.0;0.0;0.0;1.0;0.0;0.0;0.0;0.0;0.0;1.0;1.0;1.0;0.0;0.0;0.0;0.0;0.0;0.0;0.0;0.0;0.0;0.0;0.0;0.0;0.0;0.0
2023-11-05;Cagliari;4;28;2;79;83;Genoa;4;2;12;8;4;2;0.4;0.6;348;0.74;14;11;4;2;0;0;1;0.0;0.0;0.0;0.0;0.0;0.0;1.0;0.0;1.0;0.0;0.0;1;0.075;0.2857142857142857;258;0.0542635658914728;645.0;0.0833333333333333;2.5;4;-0.1999999999999999;0;2;3;0.0344827586206896;0.1666666666666666;0.2;0.5;0;2;2;1;0;0;0;1;0.1666666666666666;0.5;0.0057471264367816;6.0;0.0;1.0;0.0;1.0;0.0;0.0;0.0;0.0;1.0;0.0;0.0;0.0;0.0;0.0;0.0;1.0;0.0;0.0;1.0;0.0;1.0;1.0;0.0;1.0;0.0;1.0;0.0;0.0;0.0;0.0;0.0;0.0;0.0;0.0;0.0;0.0;0.0;0.0
2023-11-01;Cagliari;35;28;2;79;72;Udinese;2;3;26;8;10;1;0.6;0.4;745;0.87;13;11;2;3;0;0;15;0.0;0.0;0.0;0.0;0.0;0.0;1.0;0.0;0.0;0.0;0.0;2;0.05;0.1538461538461538;648;0.0200617283950617;1080.0;0.5769230769230769;25.0;18;0.1999999999999999;13;-1;2;0.0348993288590604;0.0769230769230769;0.3;7.5;0;2;2;1;0;0;1;0;0.0769230769230769;0.2;0.0026845637583892;13.0;0.0;0.0;0.0;0.0;0.0;0.0;0.0;0.0;0.0;0.0;1.0;0.0;1.0;0.0;0.0;0.0;1.0;1.0;1.0;1.0;1.0;1.0;1.0;0.0;1.0;0.0;0.0;0.0;0.0;0.0;0.0;0.0;0.0;0.0;0.0;0.0;0.0;0.0
2023-10-29;Cagliari;4;20;3;79;611;Frosinone;1;4;24;10;6;6;0.46;0.54;400;0.76;8;7;1;4;0;0;5;0.0;0.0;0.0;0.0;0.0;0.0;1.0;1.0;1.0;0.0;0.0;7;0.054;0.125;304;0.0263157894736842;660.8695652173913;0.2083333333333333;10.869565217391305;14;-0.08;-2;-3;1;0.06;0.1666666666666666;0.115;1.25;0;4;4;1;0;0;0;1;0.1666666666666666;0.6666666666666666;0.01;6.0;0.0;1.0;0.0;1.0;0.0;0.0;0.0;0.0;1.0;0.0;0.0;0.0;0.0;0.0;1.0;1.0;0.0;0.0;0.0;0.0;0.0;1.0;0.0;1.0;0.0;1.0;0.0;0.0;0.0;0.0;0.0;0.0;0.0;0.0;0.0;0.0;0.0;0.0
2023-10-22;Cagliari;4;28;20;79;607;Salernitana;4;3;13;13;6;2;0.52;0.48;348;0.78;12;11;4;3;0;0;5;0.0;0.0;0.0;0.0;0.0;0.0;1.0;1.0;1.0;0.0;0.0;8;0.0369230769230769;0.3333333333333333;271;0.044280442804428;521.1538461538462;0.3846153846153846;9.615384615384617;0;0.04;-3;1;1;0.0373563218390804;0.1538461538461538;0.26;2.5;0;2;2;0;1;0;1;0;0.1538461538461538;0.3333333333333333;0.0057471264367816;6.5;0.0;1.0;0.0;1.0;0.0;0.0;0.0;0.0;1.0;0.0;0.0;0.0;0.0;0.0;1.0;1.0;0.0;0.0;0.0;0.0;1.0;0.0;0.0;1.0;0.0;1.0;0.0;0.0;0.0;0.0;0.0;0.0;0.0;0.0;0.0;0.0;0.0;0.0
2023-10-08;Cagliari;4;2;2;79;74;Roma;2;3;16;11;2;5;0.58;0.42;468;0.83;15;13;2;3;0;0;4;0.0;0.0;0.0;0.0;0.0;0.0;1.0;0.0;0.0;0.0;0.0;3;0.0381818181818181;0.1333333333333333;388;0.0386597938144329;668.9655172413793;0.25;6.896551724137932;5;0.1599999999999999;1;-1;2;0.0341880341880341;0.0625;0.58;4.0;0;1;1;0;0;1;0;1;0.0625;0.5;0.0021367521367521;16.0;0.0;1.0;0.0;0.0;0.0;1.0;0.0;0.0;1.0;0.0;1.0;0.0;1.0;0.0;1.0;0.0;1.0;0.0;1.0;0.0;1.0;0.0;1.0;0.0;0.0;0.0;0.0;0.0;0.0;0.0;0.0;0.0;0.0;0.0;0.0;0.0;0.0;0.0
2023-10-02;Cagliari;4;1;3;79;70;Fiorentina;1;1;6;14;4;2;0.4;0.6;391;0.8;10;10;1;1;0;0;2;0.0;1.0;0.0;0.0;0.0;0.0;1.0;1.0;1.0;0.0;0.0;4;0.0428571428571428;0.1;313;0.0319488817891373;782.5;0.3333333333333333;5.0;-8;-0.1999999999999999;-2;0;0;0.0153452685421994;0.0;0.0;0.0;0;0;0;0;0;1;1;0;0.0;0.0;0.0;0.0;0.0;0.0;0.0;0.0;0.0;0.0;0.0;0.0;0.0;0.0;1.0;0.0;0.0;0.0;1.0;1.0;0.0;1.0;1.0;0.0;0.0;0.0;1.0;0.0;1.0;0.0;0.0;0.0;0.0;0.0;0.0;0.0;0.0;0.0;0.0;0.0;0.0;0.0
2023-09-27;Cagliari;4;9;0;79;25;Milan;3;1;16;17;6;6;0.33;0.67;307;0.82;13;6;3;1;0;0;3;0.0;1.0;0.0;0.0;0.0;0.0;1.0;0.0;1.0;0.0;0.0;5;0.0394117647058823;0.2307692307692307;252;0.0515873015873015;763.6363636363636;0.1875;9.09090909090909;-1;-0.34;-2;2;7;0.0521172638436482;0.0625;0.33;3.0;1;0;1;0;0;1;0;1;0.0625;0.1666666666666666;0.003257328990228;16.0;0.0;0.0;0.0;1.0;0.0;0.0;0.0;0.0;0.0;0.0;1.0;0.0;0.0;0.0;1.0;1.0;1.0;0.0;1.0;0.0;0.0;0.0;1.0;0.0;1.0;0.0;0.0;0.0;0.0;0.0;0.0;0.0;0.0;0.0;0.0;0.0;0.0;0.0
2023-09-24;Cagliari;4;2;6;79;17;Atalanta;2;1;10;10;0;6;0.43;0.57;402;0.76;11;6;2;1;0;0;7;0.0;0.0;0.0;0.0;0.0;0.0;1.0;1.0;0.0;0.0;0.0;7;0.0569999999999999;0.1818181818181818;306;0.0359477124183006;711.6279069767442;0.7;16.27906976744186;0;-0.1399999999999999;0;1;5;0.0248756218905472;0.0;0.0;0.0;0;0;0;0;0;1;1;0;0.0;0.0;0.0;0.0;0.0;0.0;0.0;1.0;0.0;1.0;0.0;0.0;0.0;0.0;0.0;0.0;1.0;0.0;1.0;1.0;1.0;1.0;1.0;0.0;0.0;0.0;0.0;0.0;1.0;0.0;0.0;0.0;0.0;0.0;0.0;0.0;0.0;0.0;0.0;0.0;0.0;0.0
2023-09-17;Cagliari;4;2;2;79;72;Udinese;1;1;10;11;1;1;0.44;0.56;357;0.77;12;11;0;1;1;0;4;0.0;1.0;0.0;0.0;0.0;0.0;1.0;1.0;1.0;0.0;0.0;6;0.0509090909090909;0.0833333333333333;275;0.0436363636363636;625.0;0.4;9.090909090909092;-1;-0.12;-2;0;1;0.0280112044817927;0.0;0.0;0.0;0;0;0;0;1;0;0;1;0.0;0.0;0.0;0.0;0.0;1.0;0.0;1.0;0.0;0.0;0.0;0.0;0.0;0.0;1.0;0.0;0.0;1.0;0.0;1.0;0.0;0.0;1.0;0.0;0.0;0.0;0.0;0.0;1.0;0.0;0.0;0.0;0.0;0.0;0.0;0.0;0.0;0.0;0.0;0.0;0.0;0.0
2023-09-02;Cagliari;4;14;3;79;29;Bolonia;2;1;7;16;1;7;0.28;0.72;272;0.77;13;9;2;1;0;0;2;0.0;1.0;0.0;0.0;0.0;0.0;1.0;0.0;1.0;0.0;0.0;5;0.045;0.1538461538461538;209;0.062200956937799;746.4285714285713;0.2857142857142857;7.142857142857142;-9;-0.4399999999999999;-3;1;4;0.025735294117647;0.1428571428571428;0.28;2.0;1;0;1;0;0;1;1;0;0.1428571428571428;1.0;0.0036764705882352;7.0;0.0;0.0;0.0;1.0;0.0;0.0;0.0;0.0;0.0;0.0;1.0;0.0;0.0;0.0;1.0;1.0;1.0;0.0;0.0;0.0;0.0;1.0;1.0;0.0;1.0;0.0;0.0;0.0;0.0;0.0;0.0;0.0;0.0;0.0;0.0;0.0;0.0;0.0
2023-08-28;Cagliari;4;3;2;79;7;Inter;0;1;12;17;2;3;0.33;0.67;327;0.77;9;10;0;1;0;0;4;0.0;1.0;0.0;0.0;0.0;0.0;1.0;0.0;1.0;0.0;0.0;7;0.0394117647058823;0.0;252;0.0357142857142857;763.6363636363636;0.3333333333333333;12.12121212121212;-5;-0.34;-3;-1;-1;0.036697247706422;0.0;0.0;0.0;0;0;0;0;0;1;0;1;0.0;0.0;0.0;0.0;0.0;0.0;0.0;0.0;0.0;1.0;0.0;0.0;0.0;0.0;0.0;0.0;0.0;1.0;1.0;1.0;1.0;0.0;0.0;0.0;1.0;1.0;0.0;0.0;1.0;0.0;0.0;0.0;0.0;0.0;0.0;0.0;0.0;0.0;0.0;0.0;0.0;0.0
2023-08-21;Cagliari;4;6;17;79;73;Torino;1;1;8;11;2;2;0.42;0.58;338;0.71;12;8;1;1;0;0;3;0.0;1.0;0.0;0.0;0.0;0.0;1.0;0.0;0.0;0.0;0.0;8;0.0527272727272727;0.0833333333333333;240;0.05;571.4285714285714;0.375;7.142857142857143;-3;-0.1599999999999999;-5;0;4;0.0236686390532544;0.0;0.0;0.0;0;0;0;0;1;0;1;0;0.0;0.0;0.0;0.0;0.0;0.0;0.0;1.0;0.0;1.0;0.0;0.0;0.0;0.0;0.0;0.0;1.0;0.0;1.0;1.0;1.0;0.0;0.0;0.0;1.0;0.0;0.0;1.0;1.0;0.0;0.0;0.0;0.0;0.0;0.0;0.0;0.0;0.0;0.0;0.0;0.0;0.0
2023-08-12;Cagliari;35;1;0;79;596;Palermo;2;2;18;19;6;6;0.51;0.49;545;0.82;16;19;2;2;0;0;8;0.0;1.0;0.0;0.0;0.0;0.0;1.0;0.0;1.0;0.0;0.0;12;0.0257894736842105;0.125;447;0.0357941834451901;876.4705882352941;0.4444444444444444;15.68627450980392;-1;0.02;-4;0;-3;0.0330275229357798;0.1111111111111111;0.255;4.0;0;2;2;1;0;0;0;1;0.1111111111111111;0.3333333333333333;0.0036697247706422;9.0;0.0;0.0;0.0;0.0;0.0;1.0;0.0;0.0;0.0;0.0;0.0;0.0;1.0;1.0;1.0;1.0;1.0;0.0;0.0;0.0;1.0;0.0;0.0;0.0;1.0;0.0;0.0;0.0;0.0;0.0;0.0;0.0;0.0;0.0;0.0;0.0;0.0;0.0
2023-06-11;Cagliari;22;1;1;79;601;Bari;3;3;18;7;8;1;0.56;0.44;446;0.82;10;12;3;3;0;0;9;0.0;1.0;0.0;0.0;0.0;0.0;1.0;1.0;0.0;0.0;0.0;3;0.0628571428571428;0.3;366;0.0273224043715847;653.5714285714286;0.5;16.07142857142857;11;0.12;6;0;-2;0.0403587443946188;0.0555555555555555;0.56;9.0;0;1;1;1;0;0;1;0;0.0555555555555555;0.125;0.0022421524663677;18.0;0.0;0.0;0.0;1.0;0.0;1.0;0.0;0.0;0.0;0.0;0.0;1.0;1.0;0.0;0.0;1.0;0.0;0.0;0.0;1.0;0.0;0.0;0.0;0.0;1.0;0.0;1.0;0.0;0.0;0.0;0.0;0.0;0.0;0.0;0.0;0.0;0.0;0.0
2023-06-08;Cagliari;22;3;1;79;601;Bari;0;0;13;22;3;9;0.44;0.56;317;0.73;16;7;0;0;0;0;7;0.0;1.0;0.0;0.0;0.0;0.0;1.0;1.0;0.0;0.0;0.0;10;0.0254545454545454;0.0;231;0.0692640692640692;525.0;0.5384615384615384;15.909090909090908;-9;-0.12;-3;0;9;0.0410094637223974;0.0769230769230769;0.44;7.0;1;0;1;0;1;0;0;1;0.0769230769230769;0.3333333333333333;0.0031545741324921;13.0;0.0;0.0;0.0;1.0;0.0;0.0;0.0;0.0;0.0;0.0;0.0;1.0;1.0;0.0;1.0;0.0;0.0;0.0;0.0;0.0;0.0;0.0;0.0;1.0;1.0;1.0;0.0;1.0;0.0;0.0;0.0;0.0;0.0;0.0;0.0;0.0;0.0;0.0
2023-06-03;Cagliari;22;3;3;79;76;Parma;4;2;14;8;4;1;0.35;0.65;310;0.71;11;11;4;2;0;0;6;0.0;1.0;0.0;0.0;0.0;0.0;1.0;1.0;0.0;0.0;0.0;5;0.08125;0.3636363636363636;220;0.05;628.5714285714286;0.4285714285714285;17.142857142857142;6;-0.3;1;2;0;0.0451612903225806;0.0;0.0;0.0;0;0;0;0;1;0;1;0;0.0;0.0;0.0;0.0;0.0;0.0;0.0;1.0;0.0;1.0;0.0;0.0;0.0;0.0;0.0;1.0;1.0;0.0;1.0;1.0;0.0;0.0;0.0;0.0;0.0;0.0;0.0;0.0;1.0;0.0;0.0;0.0;1.0;0.0;0.0;0.0;0.0;0.0;0.0;0.0;0.0;0.0
2023-05-30;Cagliari;22;3;3;79;76;Parma;0;5;14;7;5;3;0.53;0.47;442;0.77;10;17;0;5;0;0;3;0.0;1.0;0.0;0.0;0.0;0.0;1.0;0.0;0.0;0.0;0.0;3;0.0671428571428571;0.0;340;0.0294117647058823;641.5094339622641;0.2142857142857142;5.660377358490566;7;0.06;0;-5;-7;0.0316742081447963;0.2142857142857142;0.1766666666666666;1.0;0;3;3;1;0;0;0;1;0.2142857142857142;0.6;0.006787330316742;4.666666666666667;0.0;0.0;0.0;0.0;0.0;0.0;0.0;0.0;0.0;0.0;0.0;1.0;1.0;1.0;1.0;1.0;0.0;0.0;0.0;0.0;0.0;0.0;0.0;0.0;1.0;1.0;0.0;1.0;0.0;1.0;0.0;0.0;0.0;0.0;0.0;0.0;0.0;0.0
2023-05-27;Cagliari;22;3;2;79;81;Venezia;2;2;14;12;5;3;0.42;0.58;371;0.78;10;10;2;2;0;0;9;0.0;1.0;0.0;0.0;0.0;0.0;1.0;1.0;0.0;0.0;0.0;8;0.0483333333333333;0.2;289;0.0346020761245674;688.0952380952381;0.6428571428571429;21.42857142857143;2;-0.1599999999999999;1;0;0;0.0377358490566037;0.1428571428571428;0.21;4.5;2;0;2;1;0;0;0;1;0.1428571428571428;0.4;0.0053908355795148;7.0;0.0;0.0;0.0;1.0;0.0;1.0;0.0;0.0;0.0;0.0;0.0;1.0;0.0;0.0;1.0;1.0;0.0;0.0;0.0;0.0;0.0;0.0;0.0;0.0;1.0;1.0;0.0;1.0;0.0;0.0;0.0;0.0;0.0;0.0;0.0;0.0;0.0;0.0
2023-05-19;Cagliari;22;28;17;79;609;Cosenza Calcio;2;0;16;13;5;2;0.52;0.48;450;0.79;14;10;2;0;0;0;3;0.0;1.0;0.0;0.0;0.0;0.0;0.0;1.0;0.0;0.0;0.0;7;0.0369230769230769;0.1428571428571428;356;0.0393258426966292;684.6153846153846;0.1875;5.769230769230769;3;0.04;-4;2;4;0.0355555555555555;0.0625;0.52;3.0;1;0;1;1;0;0;1;0;0.0625;0.2;0.0022222222222222;16.0;0.0;0.0;0.0;0.0;0.0;0.0;0.0;0.0;0.0;0.0;0.0;1.0;1.0;1.0;0.0;1.0;0.0;0.0;0.0;0.0;0.0;0.0;0.0;0.0;1.0;1.0;0.0;1.0;1.0;1.0;0.0;0.0;0.0;0.0;0.0;0.0;0.0;0.0
2023-05-13;Cagliari;22;4;2;79;596;Palermo;3;2;14;17;7;3;0.52;0.48;430;0.8;16;10;3;1;0;1;7;0.0;1.0;0.0;0.0;0.0;0.0;1.0;1.0;0.0;0.0;0.0;9;0.028235294117647;0.1875;344;0.0465116279069767;661.5384615384615;0.5;13.461538461538462;-3;0.04;-2;1;6;0.0325581395348837;0.1428571428571428;0.26;3.5;1;1;2;1;0;0;0;1;0.1428571428571428;0.2857142857142857;0.0046511627906976;7.0;0.0;0.0;0.0;0.0;0.0;0.0;0.0;0.0;0.0;0.0;0.0;1.0;1.0;1.0;1.0;1.0;0.0;0.0;0.0;0.0;0.0;0.0;0.0;1.0;1.0;1.0;0.0;0.0;0.0;0.0;0.0;0.0;0.0;0.0;0.0;0.0;0.0;0.0
2023-05-05;Cagliari;22;4;23;79;736;Perugia;1;3;12;19;6;4;0.4;0.6;304;0.7;13;16;1;3;0;0;3;0.0;1.0;0.0;0.0;0.0;0.0;1.0;1.0;0.0;0.0;0.0;8;0.031578947368421;0.0769230769230769;213;0.0610328638497652;532.5;0.25;7.5;-7;-0.1999999999999999;-5;-2;-3;0.0394736842105263;0.4166666666666667;0.08;0.6;3;2;5;1;0;0;1;0;0.4166666666666667;0.8333333333333334;0.0164473684210526;2.4;0.0;0.0;0.0;0.0;0.0;0.0;0.0;0.0;0.0;0.0;0.0;1.0;1.0;0.0;1.0;0.0;0.0;0.0;0.0;0.0;0.0;0.0;0.0;1.0;1.0;1.0;0.0;1.0;0.0;0.0;1.0;0.0;0.0;0.0;0.0;0.0;0.0;0.0
2023-04-30;Cagliari;22;20;2;79;726;Ternana;3;3;17;8;5;3;0.59;0.41;436;0.8;15;16;3;2;0;1;5;0.0;1.0;0.0;0.0;0.0;0.0;1.0;1.0;0.0;0.0;0.0;5;0.05125;0.2;349;0.0429799426934097;591.5254237288136;0.2941176470588235;8.474576271186441;9;0.18;0;0;-1;0.0389908256880734;0.1176470588235294;0.295;2.5;1;1;2;1;0;0;0;1;0.1176470588235294;0.4;0.0045871559633027;8.5;0.0;0.0;0.0;0.0;0.0;1.0;0.0;0.0;0.0;0.0;0.0;1.0;0.0;1.0;1.0;1.0;0.0;0.0;0.0;1.0;0.0;0.0;0.0;0.0;1.0;0.0;1.0;0.0;0.0;0.0;0.0;0.0;0.0;0.0;0.0;0.0;0.0;0.0
2023-04-22;Cagliari;22;20;3;79;76;Parma;4;5;12;14;5;5;0.49;0.51;376;0.84;19;15;4;5;0;0;5;0.0;1.0;0.0;0.0;0.0;0.0;1.0;1.0;0.0;0.0;0.0;3;0.0364285714285714;0.2105263157894736;316;0.060126582278481;644.8979591836735;0.4166666666666667;10.20408163265306;-2;-0.02;2;-1;4;0.0319148936170212;0.0833333333333333;0.49;5.0;1;0;1;0;0;1;1;0;0.0833333333333333;0.2;0.0026595744680851;12.0;0.0;0.0;0.0;0.0;0.0;1.0;0.0;0.0;0.0;0.0;0.0;1.0;1.0;0.0;1.0;1.0;0.0;0.0;0.0;0.0;0.0;0.0;0.0;0.0;1.0;0.0;0.0;0.0;0.0;0.0;1.0;1.0;0.0;0.0;0.0;0.0;0.0;0.0
2023-04-15;Cagliari;22;28;0;79;611;Frosinone;1;4;12;12;2;6;0.57;0.43;385;0.74;23;15;1;4;0;0;7;0.0;1.0;0.0;0.0;0.0;0.0;1.0;0.0;0.0;0.0;0.0;3;0.0358333333333333;0.0434782608695652;285;0.0807017543859649;500.00000000000006;0.5833333333333334;12.280701754385966;0;0.1399999999999999;4;-3;8;0.0311688311688311;0.0;0.0;0.0;0;0;0;0;1;0;0;1;0.0;0.0;0.0;0.0;0.0;0.0;0.0;0.0;0.0;1.0;0.0;0.0;0.0;0.0;0.0;1.0;1.0;0.0;1.0;1.0;0.0;0.0;0.0;0.0;0.0;0.0;0.0;0.0;1.0;1.0;1.0;0.0;0.0;0.0;0.0;1.0;0.0;0.0;0.0;0.0;0.0;0.0
2023-04-10;Cagliari;22;28;28;79;592;Pisa;0;2;13;11;2;2;0.58;0.42;402;0.75;12;14;0;2;0;0;7;0.0;0.0;0.0;0.0;0.0;0.0;1.0;0.0;0.0;0.0;0.0;5;0.0381818181818181;0.0;302;0.0397350993377483;520.6896551724138;0.5384615384615384;12.06896551724138;2;0.1599999999999999;2;-2;-2;0.0323383084577114;0.0;0.0;0.0;0;0;0;0;1;0;1;0;0.0;0.0;0.0;0.0;0.0;0.0;0.0;0.0;0.0;1.0;0.0;0.0;0.0;0.0;0.0;1.0;1.0;0.0;1.0;1.0;0.0;0.0;0.0;1.0;0.0;0.0;0.0;0.0;1.0;1.0;1.0;0.0;0.0;0.0;1.0;0.0;0.0;0.0;0.0;0.0;0.0;0.0
2023-04-01;Cagliari;22;28;1;79;604;FC Südtirol;3;3;21;7;7;2;0.6;0.4;460;0.84;12;11;3;3;0;0;8;0.0;1.0;0.0;0.0;0.0;0.0;1.0;0.0;0.0;0.0;0.0;3;0.0571428571428571;0.25;386;0.0310880829015544;643.3333333333334;0.3809523809523809;13.333333333333334;14;0.1999999999999999;5;0;1;0.0456521739130434;0.0476190476190476;0.6;8.0;1;0;1;0;1;0;0;1;0.0476190476190476;0.1428571428571428;0.0021739130434782;21.0;0.0;0.0;0.0;0.0;0.0;1.0;0.0;0.0;0.0;0.0;0.0;1.0;1.0;0.0;1.0;1.0;0.0;0.0;0.0;0.0;0.0;0.0;0.0;0.0;1.0;1.0;1.0;0.0;0.0;0.0;1.0;0.0;0.0;0.0;0.0;0.0;0.0;0.0
2023-03-18;Cagliari;22;28;0;79;-1;Reggina;4;3;13;9;6;4;0.49;0.51;334;0.74;12;9;4;3;0;0;5;0.0;1.0;0.0;0.0;0.0;0.0;1.0;0.0;0.0;0.0;0.0;6;0.0566666666666666;0.3333333333333333;247;0.048582995951417;504.0816326530612;0.3846153846153846;10.20408163265306;4;-0.02;-1;1;3;0.0389221556886227;0.3076923076923077;0.1225;1.25;2;2;4;1;0;0;1;0;0.3076923076923077;0.6666666666666666;0.0119760479041916;3.25;0.0;0.0;0.0;0.0;0.0;1.0;0.0;0.0;0.0;0.0;0.0;1.0;1.0;0.0;1.0;1.0;0.0;0.0;0.0;0.0;0.0;0.0;0.0;0.0;1.0;1.0;1.0;0.0;0.0;0.0;1.0;0.0;0.0;0.0;0.0;0.0;0.0;0.0
2023-03-10;Cagliari;22;8;28;79;740;Ascoli;1;2;19;5;8;2;0.52;0.48;406;0.77;11;13;1;2;0;0;5;0.0;1.0;0.0;0.0;0.0;0.0;1.0;0.0;0.0;0.0;0.0;2;0.096;0.0909090909090909;313;0.0351437699680511;601.9230769230769;0.2631578947368421;9.615384615384617;14;0.04;3;-1;-2;0.0467980295566502;0.2105263157894736;0.13;1.25;0;4;4;1;0;0;0;1;0.2105263157894736;0.5;0.0098522167487684;4.75;0.0;0.0;0.0;1.0;0.0;0.0;0.0;0.0;0.0;0.0;0.0;1.0;0.0;0.0;1.0;1.0;0.0;0.0;0.0;0.0;0.0;0.0;0.0;1.0;1.0;1.0;0.0;0.0;0.0;0.0;0.0;0.0;1.0;1.0;0.0;0.0;0.0;0.0
2023-03-05;Cagliari;22;8;20;79;600;Brescia;4;1;15;14;4;6;0.49;0.51;299;0.72;18;16;4;1;0;0;3;0.0;1.0;0.0;0.0;0.0;0.0;1.0;0.0;0.0;0.0;0.0;6;0.0364285714285714;0.2222222222222222;215;0.0837209302325581;438.7755102040816;0.2;6.122448979591836;1;-0.02;-3;3;2;0.0501672240802675;0.0666666666666666;0.49;3.0;0;1;1;0;1;0;1;0;0.0666666666666666;0.25;0.0033444816053511;15.0;0.0;0.0;0.0;1.0;0.0;1.0;0.0;0.0;0.0;0.0;0.0;1.0;0.0;0.0;1.0;1.0;0.0;0.0;0.0;0.0;0.0;0.0;0.0;1.0;1.0;1.0;0.0;0.0;1.0;0.0;0.0;0.0;0.0;0.0;0.0;0.0;0.0;0.0
2023-03-01;Cagliari;22;29;17;79;83;Genoa;3;3;12;10;0;1;0.46;0.54;376;0.75;19;19;3;3;0;0;6;0.0;1.0;0.0;0.0;0.0;0.0;1.0;0.0;0.0;0.0;0.0;6;0.054;0.1578947368421052;282;0.0673758865248227;613.0434782608695;0.5;13.043478260869565;2;-0.08;0;0;0;0.0319148936170212;0.0;0.0;0.0;0;0;0;0;1;0;0;1;0.0;0.0;0.0;0.0;0.0;0.0;0.0;1.0;0.0;0.0;0.0;0.0;0.0;0.0;0.0;1.0;0.0;0.0;0.0;1.0;0.0;0.0;0.0;0.0;0.0;0.0;0.0;1.0;1.0;1.0;0.0;1.0;0.0;1.0;0.0;0.0;1.0;0.0;0.0;0.0;0.0;0.0
2023-02-25;Cagliari;22;1;2;79;81;Venezia;0;4;14;11;1;2;0.56;0.44;483;0.82;12;7;0;3;0;1;10;0.0;1.0;0.0;0.0;0.0;0.0;1.0;0.0;0.0;0.0;0.0;4;0.04;0.0;396;0.0303030303030303;707.1428571428571;0.7142857142857143;17.857142857142854;3;0.12;6;-4;5;0.0289855072463768;0.0;0.0;0.0;0;0;0;0;1;0;1;0;0.0;0.0;0.0;0.0;0.0;0.0;0.0;1.0;0.0;1.0;0.0;0.0;0.0;0.0;0.0;0.0;0.0;0.0;0.0;1.0;0.0;0.0;0.0;0.0;0.0;0.0;0.0;1.0;1.0;1.0;1.0;0.0;1.0;1.0;0.0;0.0;0.0;0.0;0.0;0.0;0.0;0.0
2023-02-18;Cagliari;22;28;28;79;601;Bari;4;1;5;11;1;2;0.24;0.76;228;0.62;17;12;3;1;1;0;3;0.0;1.0;0.0;0.0;0.0;0.0;1.0;0.0;0.0;0.0;0.0;4;0.069090909090909;0.2352941176470588;141;0.1205673758865248;587.5;0.6;12.5;-6;-0.52;-1;3;5;0.0219298245614035;0.2;0.24;3.0;1;0;1;0;1;0;1;0;0.2;1.0;0.0043859649122807;5.0;0.0;0.0;0.0;1.0;0.0;1.0;0.0;0.0;0.0;0.0;0.0;1.0;0.0;0.0;0.0;1.0;0.0;0.0;0.0;0.0;0.0;0.0;0.0;1.0;1.0;1.0;1.0;0.0;0.0;1.0;0.0;0.0;0.0;0.0;0.0;0.0;0.0;0.0
2023-02-11;Cagliari;22;29;2;79;744;Benevento;3;2;15;8;4;1;0.48;0.52;362;0.73;14;21;2;2;1;0;8;0.0;1.0;0.0;0.0;0.0;0.0;1.0;0.0;0.0;0.0;0.0;3;0.065;0.2142857142857142;264;0.053030303030303;550.0;0.5333333333333333;16.666666666666668;7;-0.04;5;1;-7;0.0414364640883977;0.0666666666666666;0.48;8.0;0;1;1;1;0;0;0;1;0.0666666666666666;0.25;0.0027624309392265;15.0;0.0;0.0;0.0;0.0;0.0;1.0;0.0;0.0;0.0;0.0;0.0;1.0;1.0;0.0;0.0;1.0;0.0;0.0;0.0;0.0;0.0;0.0;0.0;0.0;1.0;1.0;0.0;1.0;1.0;0.0;1.0;0.0;0.0;0.0;0.0;0.0;0.0;0.0
2023-02-03;Cagliari;22;2;20;79;608;Modena;4;2;4;17;1;6;0.45;0.55;362;0.64;16;14;3;2;1;0;4;0.0;1.0;0.0;0.0;0.0;0.0;1.0;0.0;0.0;0.0;0.0;6;0.0323529411764705;0.25;232;0.0689655172413793;515.5555555555555;1.0;8.88888888888889;-13;-0.1;-2;2;2;0.011049723756906;0.0;0.0;0.0;0;0;0;0;0;1;1;0;0.0;0.0;0.0;0.0;0.0;0.0;0.0;1.0;0.0;0.0;0.0;0.0;0.0;0.0;0.0;1.0;1.0;0.0;0.0;1.0;0.0;0.0;0.0;0.0;0.0;0.0;0.0;0.0;1.0;0.0;0.0;1.0;1.0;1.0;0.0;0.0;0.0;0.0;1.0;0.0;0.0;0.0
2023-01-27;Cagliari;22;6;17;79;742;SPAL;3;4;12;9;3;3;0.42;0.58;353;0.77;20;13;3;3;0;1;5;0.0;0.0;0.0;0.0;0.0;0.0;1.0;0.0;0.0;0.0;0.0;4;0.0644444444444444;0.15;272;0.0735294117647058;647.6190476190476;0.4166666666666667;11.904761904761903;3;-0.1599999999999999;1;-1;7;0.0339943342776204;0.1666666666666666;0.21;2.5;1;1;2;1;0;0;0;1;0.1666666666666666;0.6666666666666666;0.0056657223796034;6.0;0.0;0.0;0.0;1.0;0.0;0.0;0.0;0.0;0.0;0.0;0.0;1.0;1.0;0.0;1.0;1.0;0.0;0.0;0.0;0.0;0.0;0.0;0.0;0.0;1.0;0.0;1.0;1.0;1.0;0.0;0.0;0.0;0.0;0.0;1.0;0.0;0.0;0.0
2023-01-21;Cagliari;22;2;28;79;610;Cittadella;2;5;12;8;4;1;0.64;0.36;480;0.75;13;16;2;4;0;1;4;0.0;1.0;0.0;0.0;0.0;0.0;1.0;0.0;0.0;0.0;0.0;0;0.045;0.1538461538461538;360;0.0361111111111111;562.5;0.3333333333333333;6.25;4;0.28;4;-3;-3;0.025;0.0;0.0;0.0;0;0;0;0;1;0;1;0;0.0;0.0;0.0;0.0;0.0;0.0;0.0;0.0;0.0;0.0;0.0;0.0;0.0;0.0;0.0;1.0;1.0;0.0;1.0;1.0;0.0;0.0;0.0;0.0;0.0;0.0;0.0;0.0;1.0;0.0;0.0;1.0;1.0;0.0;0.0;1.0;0.0;0.0;1.0;0.0;0.0;0.0
2023-01-14;Cagliari;22;2;29;79;78;Como;2;0;8;13;2;4;0.44;0.56;345;0.68;19;14;2;0;0;0;2;0.0;1.0;0.0;0.0;0.0;0.0;1.0;0.0;0.0;0.0;0.0;7;0.043076923076923;0.1052631578947368;235;0.0808510638297872;534.0909090909091;0.25;4.545454545454546;-5;-0.12;-5;2;5;0.0231884057971014;0.25;0.22;1.0;1;1;2;1;0;0;0;1;0.25;1.0;0.0057971014492753;4.0;0.0;0.0;0.0;0.0;0.0;0.0;0.0;0.0;0.0;0.0;0.0;1.0;1.0;1.0;1.0;1.0;0.0;0.0;0.0;0.0;0.0;0.0;0.0;0.0;1.0;0.0;0.0;1.0;1.0;0.0;0.0;0.0;0.0;0.0;1.0;0.0;0.0;0.0
2022-12-26;Cagliari;22;28;1;79;609;Cosenza Calcio;1;1;25;14;7;5;0.56;0.44;490;0.83;11;14;1;1;0;0;9;0.0;1.0;0.0;0.0;0.0;0.0;1.0;0.0;0.0;0.0;0.0;4;0.0314285714285714;0.0909090909090909;407;0.027027027027027;726.7857142857142;0.36;16.07142857142857;11;0.12;5;0;-3;0.0510204081632653;0.08;0.28;4.5;0;2;2;1;0;0;0;1;0.08;0.2857142857142857;0.0040816326530612;12.5;0.0;0.0;0.0;1.0;0.0;1.0;0.0;0.0;0.0;0.0;0.0;1.0;0.0;0.0;1.0;1.0;0.0;0.0;0.0;0.0;0.0;0.0;0.0;0.0;1.0;0.0;0.0;0.0;1.0;0.0;0.0;1.0;1.0;0.0;0.0;0.0;0.0;0.0
2022-12-18;Cagliari;22;28;2;79;596;Palermo;5;3;11;14;4;7;0.65;0.35;555;0.86;19;8;5;3;0;0;2;0.0;1.0;0.0;0.0;0.0;0.0;1.0;0.0;0.0;0.0;0.0;9;0.0249999999999999;0.2631578947368421;477;0.0398322851153039;733.8461538461538;0.1818181818181818;3.0769230769230766;-3;0.3;-7;2;11;0.0198198198198198;0.0909090909090909;0.65;2.0;0;1;1;0;0;1;1;0;0.0909090909090909;0.25;0.0018018018018018;11.0;0.0;0.0;0.0;0.0;0.0;1.0;0.0;0.0;0.0;0.0;0.0;1.0;0.0;1.0;1.0;0.0;0.0;0.0;0.0;0.0;0.0;0.0;0.0;0.0;1.0;0.0;0.0;1.0;1.0;0.0;0.0;1.0;0.0;0.0;1.0;0.0;0.0;0.0
2022-12-11;Cagliari;22;28;29;79;736;Perugia;2;2;20;12;7;4;0.6;0.4;392;0.76;13;16;2;2;0;0;7;0.0;1.0;0.0;0.0;0.0;0.0;1.0;1.0;0.0;0.0;0.0;3;0.0333333333333333;0.1538461538461538;298;0.0436241610738255;496.6666666666667;0.35;11.666666666666668;8;0.1999999999999999;4;0;-3;0.0510204081632653;0.15;0.1999999999999999;2.333333333333333;2;1;3;1;0;0;0;1;0.15;0.4285714285714285;0.0076530612244897;6.666666666666667;0.0;0.0;0.0;0.0;0.0;1.0;0.0;0.0;0.0;0.0;0.0;1.0;0.0;1.0;1.0;0.0;0.0;0.0;0.0;0.0;0.0;0.0;0.0;0.0;1.0;0.0;0.0;0.0;0.0;0.0;0.0;1.0;1.0;0.0;1.0;0.0;0.0;0.0
2022-12-07;Cagliari;22;28;28;79;726;Ternana;2;3;31;6;6;3;0.64;0.36;507;0.85;19;13;2;3;0;0;12;0.0;1.0;0.0;0.0;0.0;0.0;1.0;1.0;0.0;0.0;0.0;2;0.06;0.1052631578947368;431;0.0440835266821345;673.4375;0.3870967741935484;18.75;25;0.28;10;-1;6;0.0611439842209073;0.0;0.0;0.0;0;0;0;0;0;1;1;0;0.0;0.0;0.0;0.0;0.0;0.0;1.0;1.0;0.0;1.0;0.0;0.0;0.0;0.0;0.0;1.0;0.0;0.0;0.0;0.0;0.0;0.0;0.0;0.0;0.0;0.0;0.0;0.0;1.0;0.0;0.0;0.0;1.0;0.0;0.0;0.0;1.0;0.0;1.0;0.0;0.0;0.0
2022-12-03;Cagliari;22;28;3;79;76;Parma;2;3;11;17;6;4;0.42;0.58;380;0.79;15;14;2;3;0;0;5;0.0;0.0;0.0;0.0;0.0;0.0;1.0;0.0;0.0;0.0;0.0;7;0.0341176470588235;0.1333333333333333;300;0.05;714.2857142857143;0.4545454545454545;11.904761904761903;-6;-0.1599999999999999;-2;-1;1;0.0289473684210526;0.0909090909090909;0.42;5.0;0;1;1;0;1;0;0;1;0.0909090909090909;0.1666666666666666;0.0026315789473684;11.0;0.0;0.0;1.0;0.0;0.0;1.0;0.0;0.0;0.0;0.0;0.0;1.0;0.0;1.0;1.0;0.0;0.0;0.0;0.0;1.0;0.0;0.0;0.0;0.0;1.0;0.0;0.0;0.0;1.0;0.0;0.0;0.0;1.0;0.0;1.0;0.0;0.0;0.0
2022-11-27;Cagliari;22;22;1;79;611;Frosinone;2;2;11;18;4;8;0.54;0.46;463;0.75;14;13;2;2;0;0;6;0.0;0.0;0.0;0.0;0.0;0.0;0.0;0.0;0.0;0.0;0.0;4;0.0255555555555555;0.1428571428571428;347;0.0403458213256484;642.5925925925925;0.5454545454545454;11.11111111111111;-7;0.08;2;0;1;0.0237580993520518;0.1818181818181818;0.27;3.0;1;1;2;0;1;0;1;0;0.1818181818181818;0.5;0.0043196544276457;5.5;0.0;0.0;1.0;1.0;0.0;1.0;0.0;0.0;0.0;0.0;0.0;1.0;0.0;0.0;1.0;0.0;0.0;0.0;0.0;1.0;0.0;0.0;0.0;0.0;1.0;0.0;0.0;0.0;1.0;1.0;0.0;0.0;0.0;0.0;1.0;1.0;0.0;0.0
2022-11-12;Cagliari;22;20;29;79;592;Pisa;2;3;14;9;5;4;0.62;0.38;461;0.81;9;17;2;3;0;0;6;0.0;0.0;0.0;0.0;0.0;0.0;0.0;1.0;0.0;0.0;0.0;5;0.0422222222222222;0.2222222222222222;373;0.0241286863270777;601.6129032258065;0.4285714285714285;9.67741935483871;5;0.24;1;-1;-8;0.0303687635574837;0.0714285714285714;0.62;6.0;0;1;1;0;1;0;0;1;0.0714285714285714;0.2;0.0021691973969631;14.0;0.0;0.0;1.0;0.0;0.0;0.0;0.0;0.0;0.0;0.0;0.0;1.0;0.0;0.0;1.0;0.0;0.0;0.0;0.0;1.0;0.0;0.0;0.0;0.0;1.0;0.0;0.0;1.0;0.0;1.0;0.0;0.0;0.0;0.0;1.0;1.0;1.0;0.0
2022-11-05;Cagliari;22;0;1;79;604;FC Südtirol;2;3;18;17;6;4;0.64;0.36;579;0.85;10;12;2;3;0;0;7;0.0;0.0;0.0;0.0;0.0;0.0;0.0;1.0;0.0;0.0;0.0;1;0.0211764705882352;0.2;492;0.0203252032520325;768.75;0.3888888888888889;10.9375;1;0.28;6;-1;-2;0.0310880829015544;0.1111111111111111;0.32;3.5;1;1;2;0;1;0;1;0;0.1111111111111111;0.3333333333333333;0.003454231433506;9.0;0.0;0.0;1.0;0.0;0.0;1.0;0.0;0.0;0.0;0.0;0.0;1.0;0.0;0.0;1.0;0.0;0.0;0.0;0.0;1.0;0.0;0.0;0.0;0.0;1.0;0.0;0.0;1.0;0.0;1.0;0.0;1.0;0.0;0.0;1.0;0.0;0.0;0.0
2022-10-29;Cagliari;22;0;0;79;-1;Reggina;3;3;9;10;3;4;0.55;0.45;409;0.79;19;9;3;3;0;0;4;0.0;0.0;0.0;0.0;0.0;0.0;1.0;0.0;0.0;0.0;0.0;7;0.045;0.1578947368421052;323;0.0588235294117647;587.2727272727273;0.4444444444444444;7.272727272727272;-1;0.1;-3;0;10;0.0220048899755501;0.1111111111111111;0.55;4.0;1;0;1;0;1;0;0;1;0.1111111111111111;0.3333333333333333;0.0024449877750611;9.0;0.0;0.0;0.0;1.0;0.0;0.0;0.0;0.0;0.0;0.0;0.0;1.0;0.0;0.0;1.0;0.0;0.0;0.0;0.0;1.0;0.0;0.0;0.0;0.0;1.0;0.0;0.0;1.0;0.0;1.0;0.0;0.0;1.0;1.0;1.0;0.0;0.0;0.0
2022-10-24;Cagliari;22;0;2;79;740;Ascoli;0;4;20;8;5;4;0.69;0.31;485;0.86;9;12;0;3;0;1;8;0.0;0.0;0.0;0.0;0.0;0.0;1.0;1.0;0.0;0.0;0.0;5;0.03875;0.0;417;0.0215827338129496;604.3478260869566;0.4;11.594202898550726;12;0.3799999999999999;3;-4;-3;0.0412371134020618;0.05;0.69;8.0;0;1;1;0;0;1;1;0;0.05;0.2;0.002061855670103;20.0;0.0;0.0;0.0;1.0;0.0;0.0;0.0;0.0;0.0;0.0;0.0;0.0;0.0;1.0;1.0;0.0;0.0;0.0;0.0;1.0;0.0;0.0;0.0;0.0;1.0;0.0;0.0;1.0;0.0;0.0;0.0;1.0;0.0;0.0;1.0;1.0;0.0;0.0
2022-10-20;Cagliari;35;0;3;79;29;Bolonia;1;1;6;17;0;8;0.43;0.57;433;0.79;6;9;1;1;0;0;1;0.0;1.0;0.0;0.0;0.0;0.0;0.0;0.0;0.0;0.0;0.0;8;0.0335294117647058;0.1666666666666666;342;0.0175438596491228;795.3488372093024;0.1666666666666666;2.3255813953488373;-11;-0.1399999999999999;-7;0;-3;0.0138568129330254;0.0;0.0;0.0;0;0;0;0;0;1;1;0;0.0;0.0;0.0;0.0;0.0;0.0;1.0;0.0;0.0;1.0;0.0;0.0;0.0;0.0;0.0;1.0;0.0;0.0;0.0;0.0;0.0;0.0;0.0;0.0;0.0;0.0;0.0;0.0;0.0;0.0;1.0;0.0;1.0;0.0;0.0;0.0;1.0;1.0;1.0;0.0;1.0;1.0
2022-10-15;Cagliari;22;0;20;79;600;Brescia;0;2;8;9;3;2;0.4;0.6;370;0.77;7;15;0;2;0;0;2;0.0;0.0;0.0;0.0;0.0;0.0;1.0;1.0;0.0;0.0;0.0;4;0.0666666666666666;0.0;285;0.0245614035087719;712.5;0.25;5.0;-1;-0.1999999999999999;-2;-2;-8;0.0216216216216216;0.25;0.2;1.0;2;0;2;1;0;0;0;1;0.25;0.6666666666666666;0.0054054054054054;4.0;0.0;0.0;0.0;1.0;0.0;0.0;0.0;0.0;0.0;0.0;0.0;0.0;0.0;0.0;1.0;0.0;0.0;0.0;0.0;1.0;0.0;0.0;0.0;1.0;1.0;1.0;0.0;1.0;0.0;0.0;0.0;1.0;0.0;0.0;0.0;1.0;0.0;0.0
2022-10-07;Cagliari;22;0;3;79;83;Genoa;3;3;7;15;0;5;0.4;0.6;346;0.69;16;13;3;3;0;0;2;0.0;0.0;0.0;0.0;0.0;0.0;1.0;1.0;0.0;0.0;0.0;5;0.04;0.1875;239;0.0669456066945606;597.5;0.2857142857142857;5.0;-8;-0.1999999999999999;-3;0;3;0.0202312138728323;0.0;0.0;0.0;0;0;0;0;1;0;1;0;0.0;0.0;0.0;0.0;0.0;0.0;0.0;1.0;0.0;1.0;0.0;0.0;0.0;0.0;0.0;1.0;0.0;0.0;1.0;0.0;0.0;0.0;0.0;1.0;0.0;0.0;0.0;1.0;1.0;1.0;0.0;1.0;0.0;0.0;0.0;0.0;0.0;0.0;0.0;0.0;0.0;0.0
2022-10-01;Cagliari;22;20;2;79;81;Venezia;3;2;18;15;3;8;0.63;0.37;570;0.85;12;15;3;2;0;0;6;0.0;1.0;0.0;0.0;0.0;0.0;0.0;1.0;0.0;0.0;0.0;3;0.0246666666666666;0.25;484;0.024793388429752;768.2539682539682;0.3333333333333333;9.523809523809524;3;0.26;3;1;-3;0.031578947368421;0.0555555555555555;0.63;6.0;1;0;1;0;0;1;0;1;0.0555555555555555;0.3333333333333333;0.0017543859649122;18.0;0.0;0.0;0.0;0.0;0.0;0.0;0.0;0.0;0.0;0.0;0.0;0.0;0.0;1.0;1.0;0.0;0.0;0.0;0.0;0.0;0.0;0.0;0.0;1.0;1.0;1.0;0.0;1.0;0.0;1.0;0.0;0.0;1.0;0.0;0.0;0.0;1.0;0.0
2022-09-17;Cagliari;22;0;28;79;601;Bari;3;2;10;2;1;1;0.6;0.4;516;0.86;23;14;3;1;0;1;1;0.0;1.0;0.0;0.0;0.0;0.0;1.0;0.0;0.0;0.0;0.0;0;0.2;0.1304347826086956;444;0.0518018018018018;740.0;0.1;1.6666666666666667;8;0.1999999999999999;1;1;9;0.0193798449612403;0.0;0.0;0.0;0;0;0;0;0;1;0;1;0.0;0.0;0.0;0.0;0.0;0.0;1.0;0.0;0.0;0.0;0.0;0.0;0.0;0.0;0.0;1.0;0.0;0.0;1.0;0.0;0.0;0.0;0.0;0.0;0.0;0.0;0.0;1.0;1.0;1.0;0.0;1.0;0.0;1.0;0.0;0.0;0.0;0.0;0.0;1.0;0.0;0.0
2022-09-10;Cagliari;22;0;2;79;744;Benevento;2;3;9;13;3;6;0.53;0.47;435;0.81;14;10;1;3;1;0;4;0.0;1.0;0.0;0.0;0.0;0.0;1.0;0.0;0.0;0.0;0.0;7;0.0361538461538461;0.1428571428571428;352;0.0397727272727272;664.1509433962264;0.4444444444444444;7.547169811320754;-4;0.06;-3;-1;4;0.0206896551724137;0.2222222222222222;0.265;2.0;0;2;2;1;0;0;1;0;0.2222222222222222;0.6666666666666666;0.0045977011494252;4.5;0.0;0.0;1.0;0.0;0.0;1.0;0.0;0.0;0.0;0.0;0.0;1.0;0.0;0.0;1.0;0.0;0.0;0.0;0.0;0.0;0.0;0.0;0.0;1.0;1.0;1.0;0.0;1.0;0.0;1.0;0.0;0.0;0.0;0.0;0.0;0.0;0.0;0.0
2022-09-02;Cagliari;22;0;20;79;608;Modena;2;2;24;14;11;1;0.55;0.45;439;0.8;8;15;2;2;0;0;8;0.0;1.0;0.0;0.0;0.0;0.0;1.0;0.0;0.0;0.0;0.0;4;0.0321428571428571;0.25;351;0.0227920227920227;638.1818181818181;0.3333333333333333;14.545454545454543;10;0.1;4;0;-7;0.0546697038724373;0.0416666666666666;0.55;8.0;1;0;1;1;0;0;0;1;0.0416666666666666;0.0909090909090909;0.0022779043280182;24.0;0.0;0.0;1.0;0.0;0.0;1.0;0.0;0.0;0.0;0.0;0.0;1.0;0.0;0.0;1.0;0.0;0.0;0.0;0.0;0.0;0.0;0.0;0.0;1.0;1.0;1.0;0.0;1.0;0.0;1.0;0.0;0.0;0.0;0.0;0.0;0.0;0.0;0.0
2022-08-27;Cagliari;22;0;28;79;742;SPAL;3;3;13;9;2;3;0.62;0.38;451;0.83;15;19;2;2;1;1;5;0.0;0.0;0.0;0.0;0.0;0.0;1.0;1.0;0.0;0.0;0.0;2;0.0422222222222222;0.2;374;0.0401069518716577;603.2258064516129;0.3846153846153846;8.064516129032258;4;0.24;3;0;-4;0.0288248337028824;0.0;0.0;0.0;0;0;0;0;0;1;1;0;0.0;0.0;0.0;0.0;0.0;0.0;0.0;0.0;0.0;1.0;0.0;0.0;0.0;0.0;0.0;1.0;0.0;0.0;1.0;0.0;0.0;0.0;0.0;1.0;0.0;0.0;0.0;1.0;1.0;1.0;0.0;1.0;0.0;1.0;0.0;0.0;0.0;0.0;0.0;0.0;0.0;0.0
