Fecha;Equipo_name;Torneo;Alineacion;Alineacion_contrincante;equipo;equipo_contrincante;equipo_contrincante_name;tarjetas;tarjetas_contrincante;Remates;Remates_contrincante;Remates al arco;Remates al arco_contrincante;Posesión;Posesión_contrincante;Pases;Precisión de los pases;Faltas;Faltas_contrincante;Tarjetas amarillas;Tarjetas amarillas_contrincante;Tarjetas rojas;Tarjetas rojas_contrincante;Tiros de esquina;Dean Henderson-Crystal Palace;Chris Richards-Crystal Palace;Maxence Lacroix-Crystal Palace;Marc Guéhi-Crystal Palace;Daniel Muñoz-Crystal Palace;Adam Wharton-Crystal Palace;Will Hughes-Crystal Palace;Tyrick Mitchell-Crystal Palace;Ismaïla Sarr-Crystal Palace;Eberechi Eze-Crystal Palace;Jean-Philippe Mateta-Crystal Palace;Tiros de esquina_concedidos;Posesión_contra_por_remate;tarjetas_por_falta;pases_completados;faltas_por_pases;pases_por_posesion;tirosEsquina_por_remate;tirosEsquina_por_posesion;diff_remates;diff_posesion;diff_Tiros de esquina;diff_tarjetas;diff_faltas;remates_por_pase;posesion_por_remate;posesion_por_gol;tirosEsquina_por_gol;goles_primera_mitad;goles_segunda_mitad;goles_totales;gano;empato;perdio;visitante;local;conversion_goles;conversion_arco;goles_por_pase;remates_al_arco_por_gol;Jefferson Lerma-Crystal Palace;Daichi Kamada-Crystal Palace;Nathaniel Clyne-Crystal Palace;Caleb Kporha-Crystal Palace;Romain Esse-Crystal Palace;Eddie Nketiah-Crystal Palace;Matt Turner-Crystal Palace;Ben Chilwell-Crystal Palace;Justin Devenny-Crystal Palace;Chadi Riad-Crystal Palace;Cheick Doucouré-Crystal Palace;Trevoh Chalobah-Crystal Palace;Odsonne Edouard-Crystal Palace;Joachim Andersen-Crystal Palace;Jeff Schlupp-Crystal Palace;Jordan Ayew-Crystal Palace;Sam Johnstone-Crystal Palace;Jesurun Rak-Sakyi-Crystal Palace;Rob Holding-Crystal Palace;Joel Ward-Crystal Palace;Michael Olise-Crystal Palace;Matheus França de Oliveira-Crystal Palace;Jaïro Riedewald-Crystal Palace;James Tomkins-Crystal Palace;Naouirou Ahamada-Crystal Palace;Wilfried Zaha-Crystal Palace;Albert Sambi Lokonga-Crystal Palace;Luka Milivojević-Crystal Palace;Vicente Guaita-Crystal Palace;Joe Whitworth-Crystal Palace
2025-04-19;Crystal Palace;3;17;3;65;59;Bournemouth;4;4;5;15;0;4;0.27;0.73;210;0.6;13;10;3;4;1;0;5;1.0;1.0;1.0;1.0;1.0;1.0;1.0;1.0;1.0;1.0;1.0;4;0.0486666666666666;0.3076923076923077;126;0.1031746031746031;466.6666666666666;1.0;18.51851851851852;-10;-0.4599999999999999;1;0;3;0.0238095238095238;0.0;0.0;0.0;0;0;0;0;1;0;0;1;0.0;0.0;0.0;0.0;0.0;0.0;0.0;0.0;0.0;0.0;0.0;0.0;0.0;0.0;0.0;0.0;0.0;0.0;0.0;0.0;0.0;0.0;0.0;0.0;0.0;0.0;0.0;0.0;0.0;0.0;0.0;0.0;0.0;0.0
2025-04-16;Crystal Palace;3;17;0;65;60;Newcastle;3;2;11;14;4;7;0.4;0.6;361;0.77;15;9;3;2;0;0;4;1.0;1.0;1.0;1.0;1.0;0.0;1.0;1.0;1.0;1.0;1.0;5;0.0428571428571428;0.2;278;0.0539568345323741;695.0;0.3636363636363636;10.0;-3;-0.1999999999999999;-1;1;6;0.0304709141274238;0.0;0.0;0.0;0;0;0;0;0;1;1;0;0.0;0.0;0.0;0.0;1.0;0.0;0.0;0.0;0.0;0.0;0.0;0.0;0.0;0.0;0.0;0.0;0.0;0.0;0.0;0.0;0.0;0.0;0.0;0.0;0.0;0.0;0.0;0.0;0.0;0.0;0.0;0.0;0.0;0.0
2025-04-12;Crystal Palace;3;17;3;65;3;Manchester City;3;2;8;21;3;9;0.32;0.68;341;0.81;16;10;3;2;0;0;4;1.0;1.0;1.0;0.0;1.0;1.0;0.0;1.0;1.0;1.0;1.0;1;0.0323809523809523;0.1875;276;0.0579710144927536;862.5;0.5;12.5;-13;-0.36;3;1;6;0.0234604105571847;0.25;0.16;2.0;2;0;2;0;0;1;1;0;0.25;0.6666666666666666;0.0058651026392961;4.0;1.0;1.0;0.0;0.0;0.0;0.0;0.0;0.0;0.0;0.0;0.0;0.0;0.0;0.0;0.0;0.0;0.0;0.0;0.0;0.0;0.0;0.0;0.0;0.0;0.0;0.0;0.0;0.0;0.0;0.0
2025-04-05;Crystal Palace;3;17;3;65;54;Brighton;2;2;8;11;3;5;0.37;0.63;325;0.75;12;13;0;1;2;1;2;1.0;0.0;1.0;1.0;1.0;1.0;0.0;1.0;1.0;1.0;1.0;4;0.0572727272727272;0.1666666666666666;244;0.0491803278688524;659.4594594594595;0.25;5.405405405405405;-3;-0.26;-2;0;-1;0.0246153846153846;0.25;0.185;1.0;1;1;2;1;0;0;0;1;0.25;0.6666666666666666;0.0061538461538461;4.0;1.0;1.0;0.0;0.0;0.0;0.0;0.0;0.0;0.0;0.0;0.0;0.0;0.0;0.0;0.0;0.0;0.0;0.0;0.0;0.0;0.0;0.0;0.0;0.0;0.0;0.0;0.0;0.0;0.0;0.0
2025-04-02;Crystal Palace;3;17;17;65;68;Southampton;1;2;9;8;3;2;0.58;0.42;526;0.84;9;14;1;2;0;0;2;1.0;0.0;1.0;1.0;1.0;1.0;0.0;1.0;1.0;1.0;1.0;2;0.0525;0.1111111111111111;442;0.0203619909502262;762.0689655172414;0.2222222222222222;3.4482758620689657;1;0.1599999999999999;0;-1;-5;0.0171102661596958;0.1111111111111111;0.58;2.0;0;1;1;0;1;0;1;0;0.1111111111111111;0.3333333333333333;0.0019011406844106;9.0;1.0;0.0;1.0;0.0;0.0;0.0;0.0;0.0;0.0;0.0;0.0;0.0;0.0;0.0;0.0;0.0;0.0;0.0;0.0;0.0;0.0;0.0;0.0;0.0;0.0;0.0;0.0;0.0;0.0;0.0
2025-03-29;Crystal Palace;15;17;3;65;58;Fulham;4;0;8;16;6;3;0.29;0.71;263;0.68;10;11;4;0;0;0;2;1.0;1.0;1.0;1.0;1.0;1.0;0.0;1.0;1.0;1.0;1.0;12;0.044375;0.4;179;0.0558659217877094;617.2413793103449;0.25;6.896551724137932;-8;-0.42;-10;4;-1;0.0304182509505703;0.375;0.0966666666666666;0.6666666666666666;2;1;3;1;0;0;1;0;0.375;0.5;0.0114068441064638;2.6666666666666665;1.0;0.0;0.0;0.0;0.0;0.0;0.0;0.0;0.0;0.0;0.0;0.0;0.0;0.0;0.0;0.0;0.0;0.0;0.0;0.0;0.0;0.0;0.0;0.0;0.0;0.0;0.0;0.0;0.0;0.0
2025-03-13;Crystal Palace;6;17;2;65;-1;Hamarkameratene;0;0;14;9;4;2;0.66;0.34;616;0.86;12;6;0;0;0;0;11;1.0;0.0;1.0;1.0;0.0;1.0;0.0;1.0;0.0;1.0;0.0;3;0.0377777777777777;0.0;530;0.0226415094339622;803.030303030303;0.7857142857142857;16.666666666666664;5;0.32;8;0;6;0.0227272727272727;0.0714285714285714;0.66;11.0;0;1;1;1;0;0;1;0;0.0714285714285714;0.25;0.0016233766233766;14.0;0.0;1.0;1.0;1.0;1.0;1.0;0.0;0.0;0.0;0.0;0.0;0.0;0.0;0.0;0.0;0.0;0.0;0.0;0.0;0.0;0.0;0.0;0.0;0.0;0.0;0.0;0.0;0.0;0.0;0.0
2025-03-08;Crystal Palace;3;17;3;65;66;Ipswich;4;3;19;15;4;8;0.56;0.44;407;0.73;8;7;4;3;0;0;5;1.0;1.0;1.0;1.0;1.0;1.0;0.0;1.0;1.0;1.0;0.0;4;0.0293333333333333;0.5;297;0.0269360269360269;530.3571428571428;0.2631578947368421;8.928571428571427;4;0.12;1;1;1;0.0466830466830466;0.0526315789473684;0.56;5.0;0;1;1;1;0;0;0;1;0.0526315789473684;0.25;0.0024570024570024;19.0;1.0;0.0;0.0;0.0;0.0;1.0;0.0;0.0;0.0;0.0;0.0;0.0;0.0;0.0;0.0;0.0;0.0;0.0;0.0;0.0;0.0;0.0;0.0;0.0;0.0;0.0;0.0;0.0;0.0;0.0
2025-03-01;Crystal Palace;15;17;3;65;825;Millwall;0;3;17;6;6;2;0.77;0.23;608;0.86;9;11;0;2;0;1;3;0.0;1.0;1.0;1.0;1.0;0.0;1.0;0.0;1.0;1.0;1.0;4;0.0383333333333333;0.0;523;0.017208413001912;679.2207792207791;0.1764705882352941;3.896103896103896;11;0.54;-1;-3;-2;0.0279605263157894;0.1764705882352941;0.2566666666666666;1.0;2;1;3;1;0;0;0;1;0.1764705882352941;0.5;0.0049342105263157;5.666666666666667;1.0;0.0;0.0;0.0;0.0;0.0;1.0;1.0;0.0;0.0;0.0;0.0;0.0;0.0;0.0;0.0;0.0;0.0;0.0;0.0;0.0;0.0;0.0;0.0;0.0;0.0;0.0;0.0;0.0;0.0
2025-02-25;Crystal Palace;3;17;6;65;1;Aston Villa;3;1;19;6;6;2;0.35;0.65;257;0.72;19;10;3;1;0;0;3;1.0;1.0;1.0;1.0;1.0;1.0;1.0;1.0;1.0;1.0;1.0;8;0.1083333333333333;0.1578947368421052;185;0.1027027027027027;528.5714285714286;0.1578947368421052;8.571428571428571;13;-0.3;-5;2;9;0.0739299610894941;0.2105263157894736;0.0875;0.75;1;3;4;1;0;0;0;1;0.2105263157894736;0.6666666666666666;0.0155642023346303;4.75;0.0;0.0;0.0;0.0;0.0;0.0;0.0;0.0;0.0;0.0;0.0;0.0;0.0;0.0;0.0;0.0;0.0;0.0;0.0;0.0;0.0;0.0;0.0;0.0;0.0;0.0;0.0;0.0;0.0;0.0
2025-02-15;Crystal Palace;3;17;3;65;64;Everton;0;1;17;11;6;6;0.59;0.41;520;0.77;9;12;0;1;0;0;6;1.0;1.0;1.0;1.0;1.0;0.0;1.0;1.0;1.0;0.0;1.0;2;0.0372727272727272;0.0;400;0.0225;677.9661016949153;0.3529411764705882;10.16949152542373;6;0.18;4;-1;-3;0.0326923076923076;0.0588235294117647;0.59;6.0;0;1;1;0;0;1;0;1;0.0588235294117647;0.1666666666666666;0.0019230769230769;17.0;1.0;0.0;0.0;0.0;0.0;0.0;0.0;0.0;1.0;0.0;0.0;0.0;0.0;0.0;0.0;0.0;0.0;0.0;0.0;0.0;0.0;0.0;0.0;0.0;0.0;0.0;0.0;0.0;0.0;0.0
2025-02-02;Crystal Palace;3;17;6;65;62;Manchester United;1;3;11;17;3;2;0.33;0.67;288;0.65;13;12;1;3;0;0;0;1.0;1.0;1.0;1.0;1.0;0.0;1.0;1.0;1.0;0.0;1.0;11;0.0394117647058823;0.0769230769230769;187;0.0695187165775401;566.6666666666666;0.0;0.0;-6;-0.34;-11;-2;1;0.0381944444444444;0.1818181818181818;0.165;0.0;0;2;2;1;0;0;1;0;0.1818181818181818;0.6666666666666666;0.0069444444444444;5.5;1.0;1.0;0.0;0.0;0.0;0.0;0.0;0.0;0.0;0.0;0.0;0.0;0.0;0.0;0.0;0.0;0.0;0.0;0.0;0.0;0.0;0.0;0.0;0.0;0.0;0.0;0.0;0.0;0.0;0.0
2025-01-26;Crystal Palace;3;17;3;65;57;Brentford;2;2;16;12;5;6;0.47;0.53;315;0.7;8;11;2;2;0;0;4;1.0;1.0;1.0;1.0;1.0;0.0;1.0;1.0;1.0;1.0;1.0;7;0.0441666666666666;0.25;220;0.0363636363636363;468.0851063829787;0.25;8.51063829787234;4;-0.06;-3;0;-3;0.0507936507936507;0.0625;0.47;4.0;0;1;1;0;0;1;0;1;0.0625;0.2;0.0031746031746031;16.0;1.0;0.0;0.0;0.0;0.0;0.0;0.0;0.0;0.0;0.0;0.0;0.0;0.0;0.0;0.0;0.0;0.0;0.0;0.0;0.0;0.0;0.0;0.0;0.0;0.0;0.0;0.0;0.0;0.0;0.0
2025-01-18;Crystal Palace;3;17;17;65;61;West Ham;0;2;12;7;7;0;0.46;0.54;474;0.81;10;13;0;1;0;1;4;1.0;1.0;1.0;1.0;1.0;0.0;1.0;1.0;1.0;1.0;1.0;2;0.0771428571428571;0.0;384;0.0260416666666666;834.7826086956521;0.3333333333333333;8.695652173913043;5;-0.08;2;-2;-3;0.0253164556962025;0.1666666666666666;0.23;2.0;0;2;2;1;0;0;1;0;0.1666666666666666;0.2857142857142857;0.0042194092827004;6.0;0.0;1.0;0.0;0.0;0.0;0.0;0.0;0.0;0.0;0.0;0.0;0.0;0.0;0.0;0.0;0.0;0.0;0.0;0.0;0.0;0.0;0.0;0.0;0.0;0.0;0.0;0.0;0.0;0.0;0.0
2025-01-15;Crystal Palace;3;17;3;65;63;Leicester City;0;0;9;21;4;4;0.42;0.58;456;0.78;6;7;0;0;0;0;3;1.0;1.0;1.0;1.0;1.0;0.0;1.0;1.0;1.0;1.0;1.0;4;0.0276190476190476;0.0;356;0.0168539325842696;847.6190476190477;0.3333333333333333;7.142857142857143;-12;-0.1599999999999999;-1;0;-1;0.0197368421052631;0.2222222222222222;0.21;1.5;0;2;2;1;0;0;1;0;0.2222222222222222;0.5;0.0043859649122807;4.5;1.0;0.0;0.0;0.0;0.0;0.0;0.0;0.0;0.0;0.0;0.0;0.0;0.0;0.0;0.0;0.0;0.0;0.0;0.0;0.0;0.0;0.0;0.0;0.0;0.0;0.0;0.0;0.0;0.0;0.0
2025-01-12;Crystal Palace;15;17;2;65;252;Stockport County;1;3;13;6;3;4;0.75;0.25;682;0.86;5;14;1;3;0;0;7;0.0;1.0;0.0;1.0;1.0;0.0;0.0;0.0;1.0;1.0;0.0;2;0.0416666666666666;0.2;587;0.0085178875638841;782.6666666666666;0.5384615384615384;9.333333333333334;7;0.5;5;-2;-9;0.0190615835777126;0.0769230769230769;0.75;7.0;1;0;1;1;0;0;0;1;0.0769230769230769;0.3333333333333333;0.001466275659824;13.0;1.0;1.0;1.0;0.0;0.0;1.0;1.0;0.0;0.0;1.0;0.0;0.0;0.0;0.0;0.0;0.0;0.0;0.0;0.0;0.0;0.0;0.0;0.0;0.0;0.0;0.0;0.0;0.0;0.0;0.0
2025-01-04;Crystal Palace;3;17;3;65;53;Chelsea;0;2;13;15;6;1;0.38;0.62;345;0.75;9;12;0;2;0;0;6;1.0;1.0;1.0;1.0;1.0;0.0;0.0;1.0;1.0;1.0;1.0;6;0.0413333333333333;0.0;259;0.0347490347490347;681.578947368421;0.4615384615384615;15.789473684210526;-2;-0.24;0;-2;-3;0.0376811594202898;0.0769230769230769;0.38;6.0;0;1;1;0;1;0;0;1;0.0769230769230769;0.1666666666666666;0.0028985507246376;13.0;1.0;0.0;0.0;0.0;0.0;0.0;0.0;0.0;0.0;0.0;1.0;0.0;0.0;0.0;0.0;0.0;0.0;0.0;0.0;0.0;0.0;0.0;0.0;0.0;0.0;0.0;0.0;0.0;0.0;0.0
2024-12-29;Crystal Palace;3;17;17;65;68;Southampton;2;3;19;7;10;3;0.46;0.54;386;0.77;18;19;2;3;0;0;8;1.0;1.0;1.0;0.0;1.0;0.0;1.0;1.0;1.0;1.0;1.0;7;0.0771428571428571;0.1111111111111111;297;0.0606060606060606;645.6521739130435;0.4210526315789473;17.391304347826086;12;-0.08;1;-1;-1;0.0492227979274611;0.1052631578947368;0.23;4.0;1;1;2;1;0;0;0;1;0.1052631578947368;0.2;0.005181347150259;9.5;1.0;0.0;0.0;0.0;0.0;0.0;0.0;0.0;0.0;0.0;0.0;1.0;0.0;0.0;0.0;0.0;0.0;0.0;0.0;0.0;0.0;0.0;0.0;0.0;0.0;0.0;0.0;0.0;0.0;0.0
2024-12-26;Crystal Palace;3;17;3;65;59;Bournemouth;2;2;10;18;4;4;0.47;0.53;430;0.77;12;13;2;2;0;0;2;1.0;0.0;1.0;1.0;1.0;0.0;1.0;1.0;1.0;1.0;1.0;5;0.0294444444444444;0.1666666666666666;331;0.0362537764350453;704.2553191489362;0.2;4.25531914893617;-8;-0.06;-3;0;-1;0.0232558139534883;0.0;0.0;0.0;0;0;0;0;1;0;1;0;0.0;0.0;0.0;0.0;1.0;0.0;0.0;0.0;0.0;0.0;0.0;0.0;0.0;0.0;0.0;1.0;0.0;0.0;0.0;0.0;0.0;0.0;0.0;0.0;0.0;0.0;0.0;0.0;0.0;0.0;0.0;0.0;0.0;0.0
2024-12-21;Crystal Palace;3;17;0;65;9;Arsenal;2;2;15;14;6;6;0.41;0.59;392;0.81;9;8;2;2;0;0;3;1.0;1.0;1.0;1.0;0.0;0.0;1.0;1.0;1.0;0.0;1.0;3;0.0421428571428571;0.2222222222222222;318;0.0283018867924528;775.609756097561;0.2;7.317073170731708;1;-0.18;0;0;1;0.0382653061224489;0.0666666666666666;0.41;3.0;1;0;1;0;0;1;0;1;0.0666666666666666;0.1666666666666666;0.0025510204081632;15.0;1.0;1.0;1.0;0.0;0.0;0.0;0.0;0.0;0.0;0.0;0.0;0.0;0.0;0.0;0.0;0.0;0.0;0.0;0.0;0.0;0.0;0.0;0.0;0.0;0.0;0.0;0.0;0.0;0.0;0.0
2024-12-18;Crystal Palace;14;17;0;65;9;Arsenal;1;1;8;12;4;9;0.29;0.71;225;0.64;12;7;1;1;0;0;2;1.0;0.0;1.0;1.0;0.0;0.0;1.0;1.0;1.0;1.0;1.0;4;0.0591666666666666;0.0833333333333333;144;0.0833333333333333;496.5517241379311;0.25;6.896551724137932;-4;-0.42;-2;0;5;0.0355555555555555;0.25;0.145;1.0;1;1;2;0;0;1;1;0;0.25;0.5;0.0088888888888888;4.0;1.0;0.0;0.0;1.0;0.0;0.0;0.0;0.0;0.0;0.0;0.0;1.0;0.0;0.0;0.0;0.0;0.0;0.0;0.0;0.0;0.0;0.0;0.0;0.0;0.0;0.0;0.0;0.0;0.0;0.0
2024-12-15;Crystal Palace;3;17;3;65;54;Brighton;4;1;13;17;5;5;0.34;0.66;306;0.73;15;11;4;1;0;0;5;1.0;0.0;1.0;1.0;1.0;0.0;1.0;1.0;1.0;1.0;1.0;8;0.0388235294117647;0.2666666666666666;223;0.0672645739910313;655.8823529411765;0.3846153846153846;14.705882352941176;-4;-0.32;-3;3;4;0.0424836601307189;0.2307692307692307;0.1133333333333333;1.6666666666666667;2;1;3;1;0;0;1;0;0.2307692307692307;0.6;0.0098039215686274;4.333333333333333;1.0;0.0;0.0;0.0;0.0;0.0;0.0;0.0;0.0;0.0;0.0;1.0;0.0;0.0;0.0;0.0;0.0;0.0;0.0;0.0;0.0;0.0;0.0;0.0;0.0;0.0;0.0;0.0;0.0;0.0
2024-12-07;Crystal Palace;3;17;3;65;3;Manchester City;1;1;12;12;3;4;0.31;0.69;333;0.77;4;10;1;0;0;1;6;1.0;0.0;1.0;1.0;1.0;0.0;1.0;1.0;1.0;1.0;1.0;8;0.0574999999999999;0.25;256;0.015625;825.8064516129033;0.5;19.35483870967742;0;-0.3799999999999999;-2;0;-6;0.036036036036036;0.1666666666666666;0.155;3.0;1;1;2;0;1;0;0;1;0.1666666666666666;0.6666666666666666;0.006006006006006;6.0;1.0;0.0;0.0;0.0;0.0;0.0;0.0;0.0;0.0;0.0;0.0;1.0;0.0;0.0;0.0;0.0;0.0;0.0;0.0;0.0;0.0;0.0;0.0;0.0;0.0;0.0;0.0;0.0;0.0;0.0
2024-12-03;Crystal Palace;3;17;3;65;66;Ipswich;4;2;13;9;3;2;0.45;0.55;440;0.8;13;14;4;2;0;0;7;1.0;0.0;1.0;1.0;1.0;0.0;1.0;1.0;1.0;1.0;1.0;4;0.0611111111111111;0.3076923076923077;352;0.0369318181818181;782.2222222222222;0.5384615384615384;15.555555555555555;4;-0.1;3;2;-1;0.0295454545454545;0.0769230769230769;0.45;7.0;0;1;1;1;0;0;1;0;0.0769230769230769;0.3333333333333333;0.0022727272727272;13.0;0.0;0.0;0.0;0.0;0.0;0.0;0.0;0.0;0.0;0.0;1.0;1.0;0.0;0.0;0.0;0.0;0.0;0.0;0.0;0.0;0.0;0.0;0.0;0.0;0.0;0.0;0.0;0.0;0.0;0.0
2024-11-30;Crystal Palace;3;17;0;65;60;Newcastle;3;3;16;1;4;0;0.48;0.52;402;0.79;12;11;3;3;0;0;8;1.0;0.0;1.0;1.0;1.0;0.0;1.0;1.0;1.0;1.0;1.0;9;0.52;0.25;318;0.0377358490566037;662.5;0.5;16.666666666666668;15;-0.04;-1;0;1;0.0398009950248756;0.0625;0.48;8.0;0;1;1;0;1;0;0;1;0.0625;0.25;0.0024875621890547;16.0;1.0;0.0;0.0;0.0;0.0;0.0;0.0;0.0;0.0;0.0;0.0;1.0;0.0;0.0;0.0;0.0;0.0;0.0;0.0;0.0;0.0;0.0;0.0;0.0;0.0;0.0;0.0;0.0;0.0;0.0
2024-11-23;Crystal Palace;3;17;3;65;1;Aston Villa;2;3;13;17;6;5;0.3;0.7;261;0.68;11;10;2;3;0;0;1;1.0;0.0;1.0;1.0;1.0;0.0;1.0;1.0;1.0;0.0;1.0;10;0.0411764705882352;0.1818181818181818;177;0.0621468926553672;590.0;0.0769230769230769;3.333333333333333;-4;-0.3999999999999999;-9;-1;1;0.0498084291187739;0.1538461538461538;0.15;0.5;2;0;2;0;1;0;1;0;0.1538461538461538;0.3333333333333333;0.0076628352490421;6.5;0.0;0.0;0.0;0.0;0.0;0.0;0.0;0.0;1.0;0.0;1.0;1.0;0.0;0.0;0.0;0.0;0.0;0.0;0.0;0.0;0.0;0.0;0.0;0.0;0.0;0.0;0.0;0.0;0.0;0.0
2024-11-09;Crystal Palace;3;17;3;65;58;Fulham;2;1;13;17;5;7;0.36;0.64;355;0.77;10;11;1;1;1;0;1;1.0;0.0;1.0;1.0;1.0;0.0;0.0;1.0;1.0;0.0;1.0;8;0.0376470588235294;0.2;273;0.0366300366300366;758.3333333333334;0.0769230769230769;2.7777777777777777;-4;-0.28;-7;1;-1;0.0366197183098591;0.0;0.0;0.0;0;0;0;0;0;1;0;1;0.0;0.0;0.0;0.0;0.0;1.0;1.0;0.0;0.0;0.0;0.0;0.0;1.0;0.0;0.0;1.0;0.0;0.0;0.0;0.0;0.0;0.0;0.0;0.0;0.0;0.0;0.0;0.0;0.0;0.0;0.0;0.0;0.0;0.0
2024-11-02;Crystal Palace;3;17;17;65;67;Wolves;2;1;19;11;7;6;0.43;0.57;358;0.76;9;7;2;1;0;0;6;1.0;0.0;1.0;1.0;1.0;0.0;1.0;1.0;1.0;0.0;1.0;3;0.0518181818181818;0.2222222222222222;272;0.0330882352941176;632.5581395348837;0.3157894736842105;13.953488372093023;8;-0.1399999999999999;3;1;2;0.053072625698324;0.1052631578947368;0.215;3.0;0;2;2;0;1;0;1;0;0.1052631578947368;0.2857142857142857;0.0055865921787709;9.5;0.0;1.0;0.0;0.0;0.0;1.0;0.0;0.0;0.0;0.0;0.0;1.0;0.0;0.0;0.0;0.0;0.0;0.0;0.0;0.0;0.0;0.0;0.0;0.0;0.0;0.0;0.0;0.0;0.0;0.0
2024-10-30;Crystal Palace;14;17;3;65;1;Aston Villa;4;2;12;17;2;9;0.37;0.63;300;0.76;15;6;4;2;0;0;6;0.0;0.0;1.0;1.0;1.0;1.0;1.0;1.0;0.0;1.0;1.0;5;0.0370588235294117;0.2666666666666666;228;0.0657894736842105;616.2162162162163;0.5;16.216216216216218;-5;-0.26;1;2;9;0.04;0.1666666666666666;0.185;3.0;1;1;2;1;0;0;1;0;0.1666666666666666;1.0;0.0066666666666666;6.0;0.0;0.0;0.0;0.0;0.0;1.0;1.0;0.0;0.0;0.0;0.0;1.0;0.0;0.0;0.0;0.0;0.0;0.0;0.0;0.0;0.0;0.0;0.0;0.0;0.0;0.0;0.0;0.0;0.0;0.0
2024-10-27;Crystal Palace;3;17;0;65;56;Tottenham;4;4;14;11;6;3;0.33;0.67;247;0.64;16;12;4;4;0;0;8;1.0;0.0;1.0;1.0;1.0;1.0;0.0;1.0;1.0;1.0;1.0;8;0.0609090909090909;0.25;158;0.1012658227848101;478.7878787878788;0.5714285714285714;24.24242424242424;3;-0.34;0;0;4;0.0566801619433198;0.0714285714285714;0.33;8.0;1;0;1;1;0;0;0;1;0.0714285714285714;0.1666666666666666;0.0040485829959514;14.0;1.0;0.0;0.0;0.0;0.0;0.0;0.0;0.0;0.0;0.0;0.0;1.0;0.0;0.0;0.0;0.0;0.0;0.0;0.0;0.0;0.0;0.0;0.0;0.0;0.0;0.0;0.0;0.0;0.0;0.0
2024-10-21;Crystal Palace;3;30;3;65;55;Nottingham Forest;3;2;20;20;7;6;0.49;0.51;448;0.79;12;9;3;2;0;0;6;1.0;0.0;1.0;1.0;1.0;0.0;1.0;1.0;0.0;1.0;0.0;6;0.0255;0.25;354;0.0338983050847457;722.4489795918367;0.3;12.244897959183673;0;-0.02;0;1;3;0.0446428571428571;0.0;0.0;0.0;0;0;0;0;0;1;1;0;0.0;0.0;0.0;0.0;1.0;1.0;0.0;0.0;0.0;1.0;0.0;0.0;0.0;0.0;0.0;1.0;0.0;0.0;0.0;0.0;0.0;0.0;0.0;0.0;0.0;0.0;0.0;0.0;0.0;0.0;0.0;0.0;0.0;0.0
2024-10-05;Crystal Palace;3;6;3;65;2;Liverpool;4;2;9;16;5;4;0.31;0.69;300;0.69;7;15;4;2;0;0;3;1.0;0.0;1.0;1.0;1.0;1.0;0.0;1.0;1.0;1.0;0.0;8;0.043125;0.5714285714285714;207;0.0338164251207729;667.741935483871;0.3333333333333333;9.67741935483871;-7;-0.3799999999999999;-5;2;-8;0.03;0.0;0.0;0.0;0;0;0;0;0;1;0;1;0.0;0.0;0.0;0.0;1.0;0.0;0.0;0.0;0.0;1.0;0.0;0.0;0.0;0.0;0.0;1.0;0.0;0.0;0.0;0.0;0.0;0.0;0.0;0.0;0.0;0.0;0.0;0.0;0.0;0.0;0.0;0.0;0.0;0.0
2024-09-28;Crystal Palace;3;6;3;65;64;Everton;0;2;17;8;5;2;0.6;0.4;535;0.81;11;13;0;2;0;0;8;1.0;0.0;1.0;1.0;1.0;1.0;0.0;1.0;0.0;1.0;1.0;5;0.05;0.0;433;0.0254041570438799;721.6666666666667;0.4705882352941176;13.333333333333334;9;0.1999999999999999;3;-2;-2;0.0317757009345794;0.0588235294117647;0.6;8.0;1;0;1;0;0;1;1;0;0.0588235294117647;0.2;0.0018691588785046;17.0;1.0;1.0;0.0;0.0;0.0;1.0;0.0;0.0;0.0;0.0;0.0;0.0;0.0;0.0;0.0;0.0;0.0;0.0;0.0;0.0;0.0;0.0;0.0;0.0;0.0;0.0;0.0;0.0;0.0;0.0
2024-09-21;Crystal Palace;3;17;3;65;62;Manchester United;3;2;9;15;4;6;0.33;0.67;313;0.7;7;12;3;2;0;0;4;1.0;1.0;1.0;1.0;1.0;1.0;0.0;1.0;0.0;1.0;1.0;11;0.0446666666666666;0.4285714285714285;219;0.0319634703196347;663.6363636363636;0.4444444444444444;12.12121212121212;-6;-0.34;-7;1;-5;0.0287539936102236;0.0;0.0;0.0;0;0;0;0;1;0;0;1;0.0;0.0;0.0;0.0;0.0;1.0;0.0;0.0;0.0;1.0;0.0;0.0;0.0;0.0;0.0;0.0;0.0;0.0;0.0;0.0;0.0;0.0;0.0;0.0;0.0;0.0;0.0;0.0;0.0;0.0;0.0;0.0;0.0;0.0
2024-09-17;Crystal Palace;14;17;3;65;839;QPR;3;4;8;6;4;2;0.57;0.43;583;0.87;12;14;3;4;0;0;2;1.0;1.0;1.0;1.0;1.0;0.0;0.0;1.0;0.0;1.0;1.0;6;0.0716666666666666;0.25;507;0.0236686390532544;889.4736842105264;0.25;3.5087719298245617;2;0.1399999999999999;-4;-1;-2;0.0137221269296741;0.25;0.285;1.0;1;1;2;1;0;0;1;0;0.25;0.5;0.0034305317324185;4.0;1.0;1.0;0.0;0.0;0.0;1.0;0.0;0.0;0.0;0.0;0.0;0.0;0.0;0.0;0.0;0.0;0.0;0.0;0.0;0.0;0.0;0.0;0.0;0.0;0.0;0.0;0.0;0.0;0.0;0.0
2024-09-14;Crystal Palace;3;17;3;65;63;Leicester City;0;3;20;9;4;4;0.68;0.32;595;0.84;11;15;0;3;0;0;5;1.0;0.0;1.0;1.0;1.0;1.0;0.0;1.0;0.0;1.0;1.0;2;0.0355555555555555;0.0;500;0.022;735.2941176470588;0.25;7.352941176470588;11;0.36;3;-3;-4;0.0336134453781512;0.1;0.34;2.5;0;2;2;0;1;0;0;1;0.1;0.5;0.0033613445378151;10.0;0.0;0.0;1.0;0.0;0.0;1.0;0.0;0.0;0.0;0.0;1.0;0.0;0.0;0.0;0.0;0.0;0.0;0.0;0.0;0.0;0.0;0.0;0.0;0.0;0.0;0.0;0.0;0.0;0.0;0.0
2024-09-01;Crystal Palace;3;17;3;65;53;Chelsea;2;4;9;13;3;7;0.37;0.63;350;0.78;13;9;2;4;0;0;4;1.0;1.0;0.0;1.0;1.0;1.0;1.0;1.0;0.0;1.0;1.0;4;0.0484615384615384;0.1538461538461538;273;0.0476190476190476;737.8378378378378;0.4444444444444444;10.81081081081081;-4;-0.26;0;-2;4;0.0257142857142857;0.1111111111111111;0.37;4.0;0;1;1;0;1;0;1;0;0.1111111111111111;0.3333333333333333;0.0028571428571428;9.0;0.0;1.0;1.0;0.0;0.0;0.0;0.0;0.0;0.0;0.0;0.0;0.0;0.0;0.0;0.0;0.0;0.0;0.0;0.0;0.0;0.0;0.0;0.0;0.0;0.0;0.0;0.0;0.0;0.0;0.0
2024-08-27;Crystal Palace;14;17;3;65;826;Norwich;2;0;14;8;5;3;0.43;0.57;541;0.89;13;5;2;0;0;0;4;1.0;0.0;0.0;1.0;1.0;0.0;1.0;1.0;0.0;1.0;1.0;0;0.07125;0.1538461538461538;481;0.027027027027027;1118.6046511627908;0.2857142857142857;9.30232558139535;6;-0.1399999999999999;4;2;8;0.0258780036968576;0.2857142857142857;0.1075;1.0;1;3;4;1;0;0;0;1;0.2857142857142857;0.8;0.0073937153419593;3.5;0.0;1.0;1.0;0.0;0.0;0.0;0.0;0.0;0.0;1.0;1.0;0.0;0.0;0.0;0.0;0.0;0.0;0.0;0.0;0.0;0.0;0.0;0.0;0.0;0.0;0.0;0.0;0.0;0.0;0.0
2024-08-24;Crystal Palace;3;17;7;65;61;West Ham;1;1;14;18;2;3;0.59;0.41;552;0.82;9;17;1;1;0;0;3;1.0;1.0;0.0;1.0;1.0;1.0;0.0;1.0;0.0;1.0;1.0;3;0.0227777777777777;0.1111111111111111;453;0.0198675496688741;767.7966101694916;0.2142857142857142;5.084745762711865;-4;0.18;0;0;-8;0.0253623188405797;0.0;0.0;0.0;0;0;0;0;0;1;0;1;0.0;0.0;0.0;0.0;1.0;0.0;0.0;0.0;0.0;0.0;0.0;0.0;0.0;1.0;0.0;0.0;1.0;0.0;0.0;0.0;0.0;0.0;0.0;0.0;0.0;0.0;0.0;0.0;0.0;0.0;0.0;0.0;0.0;0.0
2024-08-18;Crystal Palace;3;17;0;65;57;Brentford;5;1;14;9;6;5;0.54;0.46;481;0.8;15;6;5;1;0;0;7;1.0;1.0;0.0;1.0;1.0;1.0;1.0;1.0;0.0;1.0;1.0;4;0.0511111111111111;0.3333333333333333;385;0.0389610389610389;712.9629629629629;0.5;12.962962962962962;5;0.08;3;4;9;0.0291060291060291;0.0714285714285714;0.54;7.0;0;1;1;0;0;1;1;0;0.0714285714285714;0.1666666666666666;0.002079002079002;14.0;0.0;1.0;0.0;0.0;0.0;0.0;0.0;0.0;0.0;0.0;0.0;0.0;0.0;1.0;0.0;0.0;0.0;0.0;0.0;0.0;0.0;0.0;0.0;0.0;0.0;0.0;0.0;0.0;0.0;0.0
2024-08-11;Crystal Palace;6;17;1;65;769;Nantes;0;0;13;6;2;3;0.63;0.37;617;0.88;12;7;0;0;0;0;2;1.0;1.0;0.0;1.0;1.0;1.0;1.0;1.0;0.0;1.0;0.0;4;0.0616666666666666;0.0;543;0.0220994475138121;861.9047619047619;0.1538461538461538;3.1746031746031744;7;0.26;-2;0;5;0.0210696920583468;0.0769230769230769;0.63;2.0;0;1;1;0;1;0;0;1;0.0769230769230769;0.5;0.0016207455429497;13.0;0.0;1.0;0.0;0.0;0.0;0.0;0.0;0.0;0.0;0.0;0.0;0.0;1.0;1.0;0.0;0.0;0.0;0.0;0.0;0.0;0.0;0.0;0.0;0.0;0.0;0.0;0.0;0.0;0.0;0.0
2024-08-03;Crystal Palace;6;17;17;65;61;West Ham;1;3;16;9;8;1;0.46;0.54;386;0.76;9;14;1;3;0;0;7;1.0;1.0;0.0;0.0;0.0;0.0;1.0;1.0;0.0;0.0;0.0;4;0.06;0.1111111111111111;293;0.030716723549488;636.9565217391304;0.4375;15.217391304347826;7;-0.08;3;-2;-5;0.0414507772020725;0.0;0.0;0.0;0;0;0;1;0;0;0;1;0.0;0.0;0.0;0.0;0.0;1.0;1.0;0.0;0.0;0.0;0.0;0.0;0.0;1.0;0.0;0.0;1.0;1.0;1.0;1.0;0.0;0.0;0.0;0.0;0.0;0.0;0.0;0.0;0.0;0.0;0.0;0.0;0.0;0.0
2024-07-31;Crystal Palace;6;17;23;65;67;Wolves;2;0;9;11;4;6;0.35;0.65;328;0.75;14;10;2;0;0;0;3;1.0;1.0;0.0;0.0;0.0;1.0;1.0;1.0;0.0;0.0;0.0;3;0.059090909090909;0.1428571428571428;246;0.056910569105691;702.8571428571429;0.3333333333333333;8.571428571428571;-2;-0.3;0;2;4;0.0274390243902439;0.3333333333333333;0.1166666666666666;1.0;1;2;3;1;0;0;0;1;0.3333333333333333;0.75;0.0091463414634146;3.0;0.0;1.0;1.0;0.0;0.0;0.0;0.0;0.0;0.0;1.0;0.0;0.0;1.0;1.0;1.0;0.0;0.0;0.0;0.0;0.0;0.0;0.0;0.0;0.0;0.0;0.0;0.0;0.0;0.0;0.0
2024-07-27;Crystal Palace;6;6;17;65;264;Crawley Town;0;0;17;7;9;4;0.39;0.61;359;0.78;12;10;0;0;0;0;2;0.0;1.0;0.0;0.0;0.0;0.0;1.0;1.0;0.0;0.0;0.0;2;0.0871428571428571;0.0;280;0.0428571428571428;717.9487179487179;0.1176470588235294;5.128205128205128;10;-0.2199999999999999;0;0;2;0.0473537604456824;0.3529411764705882;0.065;0.3333333333333333;4;2;6;1;0;0;1;0;0.3529411764705882;0.6666666666666666;0.0167130919220055;2.833333333333333;0.0;1.0;1.0;0.0;0.0;0.0;0.0;0.0;0.0;1.0;1.0;0.0;1.0;1.0;0.0;0.0;1.0;1.0;0.0;0.0;0.0;0.0;0.0;0.0;0.0;0.0;0.0;0.0;0.0;0.0
2024-07-19;Crystal Palace;6;6;2;65;254;Charlton;0;0;12;3;4;1;0.65;0.35;586;0.84;10;8;0;0;0;0;5;0.0;0.0;0.0;0.0;0.0;0.0;1.0;1.0;0.0;0.0;0.0;1;0.1166666666666666;0.0;492;0.0203252032520325;756.9230769230769;0.4166666666666667;7.692307692307692;9;0.3;4;0;2;0.0204778156996587;0.0833333333333333;0.65;5.0;0;1;1;0;1;0;0;1;0.0833333333333333;0.25;0.0017064846416382;12.0;0.0;1.0;1.0;0.0;0.0;0.0;0.0;0.0;0.0;1.0;0.0;0.0;1.0;0.0;1.0;1.0;1.0;0.0;1.0;1.0;0.0;0.0;0.0;0.0;0.0;0.0;0.0;0.0;0.0;0.0
2024-05-19;Crystal Palace;3;17;1;65;1;Aston Villa;1;4;15;8;9;2;0.54;0.46;552;0.89;10;8;1;4;0;0;2;1.0;1.0;0.0;1.0;1.0;1.0;0.0;1.0;0.0;1.0;1.0;4;0.0575;0.1;491;0.020366598778004;909.2592592592592;0.1333333333333333;3.7037037037037033;7;0.08;-2;-3;2;0.0271739130434782;0.3333333333333333;0.108;0.4;2;3;5;1;0;0;0;1;0.3333333333333333;0.5555555555555556;0.0090579710144927;3.0;0.0;0.0;1.0;0.0;0.0;0.0;0.0;0.0;0.0;0.0;0.0;0.0;0.0;1.0;0.0;0.0;0.0;0.0;0.0;0.0;1.0;0.0;0.0;0.0;0.0;0.0;0.0;0.0;0.0;0.0
2024-05-11;Crystal Palace;3;17;23;65;67;Wolves;3;3;13;14;3;8;0.38;0.62;345;0.73;12;13;2;3;1;0;3;1.0;1.0;0.0;0.0;1.0;1.0;1.0;1.0;0.0;1.0;1.0;8;0.0442857142857142;0.25;252;0.0476190476190476;663.1578947368421;0.2307692307692307;7.894736842105263;-1;-0.24;-5;0;-1;0.0376811594202898;0.2307692307692307;0.1266666666666666;1.0;2;1;3;1;0;0;1;0;0.2307692307692307;1.0;0.008695652173913;4.333333333333333;0.0;0.0;1.0;0.0;0.0;0.0;0.0;0.0;0.0;0.0;0.0;0.0;0.0;1.0;0.0;0.0;0.0;0.0;0.0;0.0;1.0;0.0;0.0;0.0;0.0;0.0;0.0;0.0;0.0;0.0
2024-05-06;Crystal Palace;3;17;3;65;62;Manchester United;1;1;18;7;10;2;0.42;0.58;439;0.81;12;8;1;1;0;0;6;1.0;1.0;0.0;0.0;1.0;1.0;1.0;1.0;0.0;1.0;1.0;2;0.0828571428571428;0.0833333333333333;356;0.0337078651685393;847.6190476190477;0.3333333333333333;14.285714285714286;11;-0.1599999999999999;4;0;4;0.041002277904328;0.2222222222222222;0.105;1.5;2;2;4;1;0;0;0;1;0.2222222222222222;0.4;0.0091116173120728;4.5;0.0;0.0;1.0;0.0;0.0;0.0;0.0;0.0;0.0;0.0;0.0;0.0;0.0;1.0;0.0;0.0;0.0;0.0;0.0;0.0;1.0;0.0;0.0;0.0;0.0;0.0;0.0;0.0;0.0;0.0
2024-04-27;Crystal Palace;3;17;3;65;58;Fulham;2;0;14;9;4;2;0.46;0.54;446;0.81;15;11;2;0;0;0;9;1.0;1.0;0.0;0.0;1.0;1.0;1.0;1.0;0.0;0.0;1.0;5;0.06;0.1333333333333333;361;0.0415512465373961;784.7826086956521;0.6428571428571429;19.565217391304348;5;-0.08;4;2;4;0.0313901345291479;0.0714285714285714;0.46;9.0;0;1;1;0;1;0;1;0;0.0714285714285714;0.25;0.0022421524663677;14.0;0.0;0.0;1.0;0.0;0.0;0.0;0.0;0.0;0.0;0.0;0.0;0.0;0.0;1.0;0.0;1.0;0.0;0.0;0.0;0.0;1.0;0.0;0.0;0.0;0.0;0.0;0.0;0.0;0.0;0.0
2024-04-24;Crystal Palace;3;17;17;65;60;Newcastle;3;3;20;7;7;2;0.46;0.54;441;0.76;10;15;3;3;0;0;7;1.0;1.0;0.0;0.0;1.0;1.0;1.0;1.0;0.0;1.0;1.0;2;0.0771428571428571;0.3;335;0.0298507462686567;728.2608695652174;0.35;15.217391304347826;13;-0.08;5;0;-5;0.0453514739229024;0.1;0.23;3.5;0;2;2;1;0;0;0;1;0.1;0.2857142857142857;0.0045351473922902;10.0;0.0;0.0;1.0;0.0;0.0;0.0;0.0;0.0;0.0;0.0;0.0;0.0;0.0;1.0;0.0;1.0;0.0;0.0;0.0;0.0;0.0;0.0;0.0;0.0;0.0;0.0;0.0;0.0;0.0;0.0
2024-04-21;Crystal Palace;3;17;3;65;61;West Ham;3;2;18;4;7;1;0.61;0.39;650;0.85;9;9;3;2;0;0;4;1.0;1.0;0.0;0.0;1.0;1.0;1.0;1.0;0.0;1.0;1.0;0;0.0975;0.3333333333333333;552;0.0163043478260869;904.9180327868852;0.2222222222222222;6.557377049180328;14;0.2199999999999999;4;1;0;0.0276923076923076;0.2777777777777778;0.122;0.8;4;1;5;1;0;0;0;1;0.2777777777777778;0.7142857142857143;0.0076923076923076;3.6;0.0;0.0;1.0;0.0;0.0;0.0;0.0;0.0;0.0;0.0;0.0;0.0;0.0;1.0;0.0;0.0;0.0;0.0;0.0;0.0;1.0;0.0;0.0;0.0;0.0;0.0;0.0;0.0;0.0;0.0
2024-04-14;Crystal Palace;3;6;0;65;2;Liverpool;1;1;8;21;5;6;0.3;0.7;324;0.68;10;10;1;1;0;0;1;1.0;0.0;0.0;0.0;1.0;1.0;1.0;1.0;0.0;1.0;1.0;11;0.0333333333333333;0.1;220;0.0454545454545454;733.3333333333334;0.125;3.333333333333333;-13;-0.3999999999999999;-10;0;0;0.0246913580246913;0.125;0.3;1.0;1;0;1;1;0;0;1;0;0.125;0.2;0.0030864197530864;8.0;1.0;0.0;1.0;0.0;0.0;0.0;0.0;0.0;0.0;0.0;0.0;0.0;0.0;1.0;0.0;0.0;0.0;0.0;0.0;0.0;1.0;0.0;0.0;0.0;0.0;0.0;0.0;0.0;0.0;0.0
2024-04-06;Crystal Palace;3;6;31;65;3;Manchester City;1;1;7;18;4;8;0.24;0.76;274;0.78;13;3;1;1;0;0;2;1.0;0.0;0.0;0.0;1.0;1.0;1.0;1.0;0.0;1.0;1.0;9;0.0422222222222222;0.0769230769230769;214;0.0607476635514018;891.6666666666667;0.2857142857142857;8.333333333333334;-11;-0.52;-7;0;10;0.0255474452554744;0.2857142857142857;0.12;1.0;1;1;2;0;0;1;0;1;0.2857142857142857;0.5;0.0072992700729927;3.5;1.0;0.0;0.0;0.0;0.0;0.0;0.0;0.0;0.0;0.0;0.0;0.0;0.0;1.0;0.0;1.0;0.0;0.0;0.0;1.0;0.0;0.0;0.0;0.0;0.0;0.0;0.0;0.0;0.0;0.0
2024-04-02;Crystal Palace;3;6;0;65;59;Bournemouth;2;3;3;11;2;6;0.49;0.51;457;0.76;14;13;2;3;0;0;2;1.0;0.0;0.0;0.0;1.0;1.0;1.0;1.0;0.0;1.0;1.0;9;0.0463636363636363;0.1428571428571428;347;0.0403458213256484;708.1632653061224;0.6666666666666666;4.081632653061225;-8;-0.02;-7;-1;1;0.0065645514223194;0.0;0.0;0.0;0;0;0;0;0;1;1;0;0.0;0.0;0.0;0.0;1.0;0.0;0.0;0.0;0.0;0.0;0.0;0.0;0.0;0.0;0.0;0.0;0.0;1.0;0.0;1.0;0.0;0.0;0.0;1.0;0.0;0.0;0.0;0.0;0.0;0.0;0.0;0.0;0.0;0.0
2024-03-30;Crystal Palace;3;17;3;65;55;Nottingham Forest;1;1;10;12;3;5;0.41;0.59;397;0.75;12;14;1;1;0;0;6;1.0;1.0;0.0;0.0;1.0;1.0;0.0;1.0;0.0;1.0;1.0;4;0.0491666666666666;0.0833333333333333;298;0.0402684563758389;726.829268292683;0.6;14.634146341463415;-2;-0.18;2;0;-2;0.0251889168765743;0.1;0.41;6.0;1;0;1;0;1;0;1;0;0.1;0.3333333333333333;0.0025188916876574;10.0;1.0;0.0;0.0;0.0;0.0;0.0;0.0;0.0;0.0;0.0;0.0;0.0;0.0;1.0;0.0;1.0;0.0;0.0;0.0;1.0;0.0;0.0;0.0;0.0;0.0;0.0;0.0;0.0;0.0;0.0
2024-03-09;Crystal Palace;3;6;17;65;832;Luton;2;3;21;8;4;2;0.49;0.51;436;0.79;20;11;2;3;0;0;8;0.0;1.0;0.0;0.0;1.0;1.0;0.0;1.0;0.0;1.0;1.0;6;0.06375;0.1;344;0.0581395348837209;702.0408163265306;0.3809523809523809;16.3265306122449;13;-0.02;2;-1;9;0.0481651376146789;0.0476190476190476;0.49;8.0;1;0;1;0;1;0;0;1;0.0476190476190476;0.25;0.0022935779816513;21.0;1.0;0.0;0.0;0.0;0.0;0.0;0.0;0.0;0.0;0.0;0.0;0.0;0.0;1.0;0.0;1.0;1.0;0.0;0.0;1.0;0.0;0.0;0.0;0.0;0.0;0.0;0.0;0.0;0.0;0.0
2024-03-02;Crystal Palace;3;17;3;65;56;Tottenham;2;1;4;14;1;6;0.21;0.79;226;0.69;16;7;2;1;0;0;1;0.0;1.0;0.0;0.0;1.0;1.0;0.0;1.0;0.0;1.0;1.0;11;0.0564285714285714;0.125;156;0.1025641025641025;742.8571428571429;0.25;4.761904761904762;-10;-0.5800000000000001;-10;1;9;0.0176991150442477;0.25;0.21;1.0;0;1;1;0;0;1;1;0;0.25;1.0;0.0044247787610619;4.0;1.0;0.0;0.0;0.0;0.0;0.0;0.0;0.0;0.0;0.0;0.0;0.0;0.0;1.0;0.0;1.0;1.0;0.0;0.0;1.0;0.0;0.0;0.0;0.0;0.0;0.0;0.0;0.0;0.0;0.0
2024-02-24;Crystal Palace;3;17;1;65;819;Burnley;3;2;15;2;6;0;0.56;0.44;477;0.79;8;14;3;1;0;1;12;0.0;1.0;0.0;0.0;1.0;1.0;0.0;1.0;0.0;0.0;1.0;3;0.22;0.375;377;0.0212201591511936;673.2142857142857;0.8;21.428571428571427;13;0.12;9;1;-6;0.0314465408805031;0.2;0.1866666666666666;4.0;0;3;3;1;0;0;0;1;0.2;0.5;0.0062893081761006;5.0;1.0;0.0;0.0;0.0;0.0;0.0;0.0;0.0;0.0;0.0;0.0;0.0;1.0;1.0;0.0;1.0;1.0;0.0;0.0;1.0;0.0;0.0;0.0;0.0;0.0;0.0;0.0;0.0;0.0;0.0
2024-02-19;Crystal Palace;3;17;8;65;64;Everton;2;0;10;19;4;4;0.37;0.63;315;0.64;12;8;2;0;0;0;6;0.0;1.0;0.0;0.0;1.0;1.0;0.0;1.0;0.0;0.0;1.0;3;0.0331578947368421;0.1666666666666666;202;0.0594059405940594;545.9459459459459;0.6;16.216216216216218;-9;-0.26;3;2;4;0.0317460317460317;0.1;0.37;6.0;0;1;1;0;1;0;1;0;0.1;0.25;0.0031746031746031;10.0;1.0;0.0;0.0;0.0;0.0;0.0;0.0;0.0;0.0;0.0;0.0;0.0;1.0;1.0;0.0;1.0;1.0;0.0;0.0;1.0;0.0;0.0;0.0;0.0;0.0;0.0;0.0;0.0;0.0;0.0
2024-02-12;Crystal Palace;3;7;3;65;53;Chelsea;2;2;13;14;4;5;0.22;0.78;244;0.65;15;7;2;2;0;0;1;1.0;1.0;0.0;0.0;1.0;1.0;1.0;1.0;0.0;0.0;1.0;7;0.0557142857142857;0.1333333333333333;159;0.0943396226415094;722.7272727272727;0.0769230769230769;4.545454545454546;-1;-0.56;-6;0;8;0.0532786885245901;0.0769230769230769;0.22;1.0;1;0;1;0;0;1;0;1;0.0769230769230769;0.25;0.0040983606557377;13.0;1.0;0.0;0.0;0.0;0.0;0.0;0.0;0.0;0.0;0.0;0.0;0.0;0.0;1.0;0.0;1.0;0.0;0.0;0.0;0.0;0.0;1.0;0.0;0.0;0.0;0.0;0.0;0.0;0.0;0.0
2024-02-03;Crystal Palace;3;0;17;65;54;Brighton;3;1;7;13;5;6;0.31;0.69;389;0.84;14;8;3;1;0;0;2;1.0;1.0;0.0;1.0;1.0;0.0;1.0;1.0;0.0;0.0;1.0;3;0.053076923076923;0.2142857142857142;327;0.0428134556574923;1054.8387096774193;0.2857142857142857;6.451612903225807;-6;-0.3799999999999999;-1;2;6;0.0179948586118251;0.1428571428571428;0.31;2.0;0;1;1;0;0;1;1;0;0.1428571428571428;0.2;0.0025706940874035;7.0;1.0;0.0;0.0;0.0;0.0;0.0;0.0;0.0;0.0;0.0;0.0;0.0;0.0;1.0;1.0;1.0;0.0;0.0;0.0;0.0;0.0;0.0;0.0;0.0;0.0;0.0;0.0;0.0;0.0;0.0
2024-01-30;Crystal Palace;3;0;7;65;818;Sheffield United;1;4;12;9;4;5;0.54;0.46;472;0.83;8;18;1;4;0;0;11;1.0;1.0;0.0;1.0;0.0;0.0;1.0;1.0;0.0;1.0;1.0;1;0.0511111111111111;0.125;392;0.0204081632653061;725.9259259259259;0.9166666666666666;20.37037037037037;3;0.08;10;-3;-10;0.0254237288135593;0.25;0.18;3.6666666666666665;2;1;3;1;0;0;0;1;0.25;0.75;0.0063559322033898;4.0;1.0;0.0;0.0;0.0;0.0;0.0;0.0;0.0;0.0;0.0;0.0;0.0;0.0;1.0;0.0;1.0;0.0;0.0;0.0;0.0;1.0;0.0;0.0;0.0;0.0;0.0;0.0;0.0;0.0;0.0
2024-01-20;Crystal Palace;3;6;0;65;9;Arsenal;0;0;12;21;5;7;0.39;0.61;362;0.78;12;8;0;0;0;0;7;1.0;1.0;0.0;1.0;0.0;0.0;1.0;1.0;0.0;1.0;1.0;6;0.029047619047619;0.0;282;0.0425531914893617;723.0769230769231;0.5833333333333334;17.94871794871795;-9;-0.2199999999999999;1;0;4;0.0331491712707182;0.0;0.0;0.0;0;0;0;0;0;1;1;0;0.0;0.0;0.0;0.0;1.0;0.0;1.0;0.0;0.0;0.0;0.0;0.0;0.0;0.0;0.0;0.0;0.0;1.0;1.0;0.0;0.0;0.0;0.0;0.0;0.0;0.0;0.0;0.0;0.0;0.0;0.0;0.0;0.0;0.0
2024-01-17;Crystal Palace;15;9;3;65;64;Everton;2;3;12;9;5;5;0.54;0.46;511;0.74;17;9;2;3;0;0;1;0.0;1.0;0.0;1.0;0.0;0.0;1.0;1.0;0.0;1.0;0.0;5;0.0511111111111111;0.1176470588235294;378;0.0449735449735449;700.0;0.0833333333333333;1.851851851851852;3;0.08;-4;-1;8;0.0234833659491193;0.0;0.0;0.0;0;0;0;0;0;1;1;0;0.0;0.0;0.0;0.0;1.0;0.0;1.0;0.0;0.0;0.0;0.0;0.0;0.0;0.0;0.0;0.0;1.0;1.0;1.0;0.0;1.0;0.0;0.0;0.0;0.0;0.0;0.0;0.0;0.0;0.0;0.0;0.0;0.0;0.0
2024-01-04;Crystal Palace;15;0;3;65;64;Everton;2;1;11;13;3;3;0.53;0.47;463;0.77;6;12;2;0;0;1;7;1.0;1.0;0.0;1.0;0.0;0.0;0.0;1.0;0.0;1.0;1.0;7;0.0361538461538461;0.3333333333333333;357;0.0168067226890756;673.5849056603773;0.6363636363636364;13.20754716981132;-2;0.06;0;1;-6;0.0237580993520518;0.0;0.0;0.0;0;0;0;0;1;0;0;1;0.0;0.0;0.0;0.0;1.0;0.0;1.0;0.0;0.0;0.0;0.0;0.0;0.0;0.0;0.0;0.0;0.0;1.0;1.0;0.0;0.0;0.0;0.0;0.0;0.0;1.0;0.0;0.0;0.0;0.0;0.0;0.0;0.0;0.0
2023-12-30;Crystal Palace;3;0;2;65;57;Brentford;0;1;13;9;6;4;0.46;0.54;443;0.81;14;10;0;1;0;0;7;1.0;1.0;0.0;1.0;0.0;0.0;0.0;1.0;0.0;1.0;1.0;4;0.06;0.0;359;0.0389972144846796;780.4347826086956;0.5384615384615384;15.217391304347826;4;-0.08;3;-1;4;0.0293453724604966;0.2307692307692307;0.1533333333333333;2.333333333333333;2;1;3;1;0;0;0;1;0.2307692307692307;0.5;0.0067720090293453;4.333333333333333;1.0;0.0;1.0;0.0;0.0;0.0;0.0;0.0;0.0;0.0;0.0;0.0;0.0;1.0;0.0;1.0;0.0;0.0;0.0;0.0;1.0;0.0;0.0;0.0;0.0;0.0;0.0;0.0;0.0;0.0
2023-12-27;Crystal Palace;3;0;3;65;53;Chelsea;2;3;13;9;5;4;0.36;0.64;352;0.81;16;13;2;3;0;0;3;1.0;1.0;0.0;1.0;0.0;0.0;0.0;1.0;0.0;1.0;1.0;4;0.0711111111111111;0.125;285;0.0561403508771929;791.6666666666667;0.2307692307692307;8.333333333333334;4;-0.28;-1;-1;3;0.0369318181818181;0.0769230769230769;0.36;3.0;1;0;1;0;0;1;1;0;0.0769230769230769;0.2;0.002840909090909;13.0;1.0;0.0;1.0;0.0;0.0;0.0;0.0;0.0;0.0;0.0;0.0;0.0;0.0;1.0;0.0;1.0;0.0;0.0;0.0;0.0;1.0;0.0;0.0;0.0;0.0;0.0;0.0;0.0;0.0;0.0
2023-12-21;Crystal Palace;3;0;3;65;54;Brighton;5;2;11;18;3;6;0.34;0.66;389;0.78;12;11;5;2;0;0;3;1.0;1.0;0.0;1.0;0.0;0.0;1.0;1.0;0.0;0.0;1.0;1;0.0366666666666666;0.4166666666666667;303;0.0396039603960396;891.1764705882352;0.2727272727272727;8.823529411764705;-7;-0.32;2;3;1;0.0282776349614395;0.0909090909090909;0.34;3.0;1;0;1;0;1;0;0;1;0.0909090909090909;0.3333333333333333;0.0025706940874035;11.0;1.0;0.0;1.0;0.0;0.0;0.0;0.0;0.0;0.0;0.0;0.0;0.0;0.0;1.0;0.0;1.0;0.0;0.0;0.0;0.0;1.0;0.0;0.0;0.0;0.0;0.0;0.0;0.0;0.0;0.0
2023-12-09;Crystal Palace;3;0;0;65;2;Liverpool;6;2;8;14;4;2;0.24;0.76;197;0.58;17;17;5;2;1;0;6;0.0;1.0;0.0;1.0;0.0;0.0;1.0;0.0;0.0;0.0;0.0;5;0.0542857142857142;0.3529411764705882;114;0.1491228070175438;475.0;0.75;25.0;-6;-0.52;1;4;0;0.0406091370558375;0.125;0.24;6.0;0;1;1;0;0;1;0;1;0.125;0.25;0.0050761421319796;8.0;1.0;0.0;1.0;0.0;0.0;0.0;0.0;0.0;0.0;0.0;0.0;0.0;1.0;1.0;1.0;1.0;1.0;0.0;0.0;1.0;0.0;0.0;0.0;0.0;0.0;0.0;0.0;0.0;0.0;0.0
2023-12-06;Crystal Palace;3;3;3;65;59;Bournemouth;1;3;16;11;3;4;0.6;0.4;524;0.82;10;17;1;3;0;0;3;0.0;1.0;0.0;1.0;0.0;0.0;0.0;1.0;0.0;0.0;0.0;9;0.0363636363636363;0.1;430;0.0232558139534883;716.6666666666667;0.1875;5.0;5;0.1999999999999999;-6;-2;-7;0.0305343511450381;0.0;0.0;0.0;0;0;0;0;0;1;0;1;0.0;0.0;0.0;0.0;1.0;0.0;0.0;0.0;0.0;0.0;0.0;0.0;0.0;0.0;0.0;0.0;1.0;1.0;1.0;1.0;1.0;0.0;0.0;1.0;1.0;0.0;0.0;0.0;0.0;0.0;0.0;0.0;0.0;0.0
2023-12-03;Crystal Palace;3;0;3;65;61;West Ham;0;2;9;9;2;3;0.45;0.55;466;0.73;7;17;0;2;0;0;3;0.0;1.0;0.0;1.0;0.0;0.0;1.0;1.0;0.0;0.0;0.0;2;0.0611111111111111;0.0;340;0.0205882352941176;755.5555555555555;0.3333333333333333;6.666666666666666;0;-0.1;1;-2;-10;0.01931330472103;0.1111111111111111;0.45;3.0;0;1;1;0;1;0;1;0;0.1111111111111111;0.5;0.0021459227467811;9.0;1.0;0.0;0.0;0.0;0.0;0.0;0.0;0.0;0.0;0.0;0.0;0.0;1.0;1.0;0.0;1.0;1.0;0.0;0.0;1.0;1.0;0.0;0.0;0.0;0.0;0.0;0.0;0.0;0.0;0.0
2023-11-25;Crystal Palace;3;3;17;65;832;Luton;1;6;16;8;8;3;0.61;0.39;538;0.79;12;15;1;6;0;0;5;0.0;0.0;0.0;1.0;0.0;0.0;0.0;1.0;0.0;1.0;0.0;4;0.04875;0.0833333333333333;425;0.028235294117647;696.7213114754098;0.3125;8.19672131147541;8;0.2199999999999999;1;-5;-3;0.0297397769516728;0.0625;0.61;5.0;0;1;1;0;0;1;1;0;0.0625;0.125;0.0018587360594795;16.0;1.0;0.0;0.0;0.0;0.0;0.0;0.0;0.0;0.0;0.0;1.0;0.0;1.0;1.0;1.0;0.0;1.0;0.0;0.0;1.0;1.0;0.0;0.0;0.0;0.0;0.0;0.0;0.0;0.0;0.0
2023-11-11;Crystal Palace;3;3;8;65;64;Everton;1;4;13;8;4;4;0.68;0.32;658;0.87;9;18;1;4;0;0;9;0.0;0.0;0.0;1.0;0.0;0.0;1.0;1.0;0.0;1.0;0.0;2;0.04;0.1111111111111111;572;0.0157342657342657;841.1764705882352;0.6923076923076923;13.235294117647058;5;0.36;7;-3;-9;0.019756838905775;0.1538461538461538;0.34;4.5;1;1;2;0;0;1;0;1;0.1538461538461538;0.5;0.0030395136778115;6.5;1.0;0.0;0.0;0.0;0.0;0.0;0.0;0.0;0.0;0.0;0.0;0.0;1.0;1.0;1.0;1.0;1.0;0.0;0.0;1.0;0.0;0.0;0.0;0.0;0.0;0.0;0.0;0.0;0.0;0.0
2023-11-04;Crystal Palace;3;3;1;65;819;Burnley;5;0;4;17;3;5;0.32;0.68;296;0.72;12;9;5;0;0;0;1;0.0;0.0;0.0;1.0;0.0;0.0;1.0;1.0;0.0;0.0;0.0;12;0.04;0.4166666666666667;213;0.056338028169014;665.625;0.25;3.125;-13;-0.36;-11;5;3;0.0135135135135135;0.5;0.16;0.5;1;1;2;1;0;0;1;0;0.5;0.6666666666666666;0.0067567567567567;2.0;1.0;0.0;0.0;0.0;0.0;0.0;0.0;0.0;0.0;0.0;1.0;0.0;1.0;1.0;1.0;1.0;1.0;0.0;0.0;1.0;0.0;0.0;0.0;0.0;0.0;0.0;0.0;0.0;0.0;0.0
2023-10-27;Crystal Palace;3;3;3;65;56;Tottenham;2;1;13;10;3;1;0.24;0.76;220;0.67;19;11;2;1;0;0;11;0.0;0.0;0.0;1.0;0.0;0.0;1.0;1.0;0.0;0.0;0.0;2;0.076;0.1052631578947368;147;0.1292517006802721;612.5;0.8461538461538461;45.833333333333336;3;-0.52;9;1;8;0.059090909090909;0.0769230769230769;0.24;11.0;0;1;1;0;0;1;0;1;0.0769230769230769;0.3333333333333333;0.0045454545454545;13.0;1.0;0.0;0.0;0.0;0.0;0.0;0.0;0.0;0.0;0.0;1.0;0.0;1.0;1.0;1.0;1.0;1.0;0.0;0.0;1.0;0.0;0.0;0.0;0.0;0.0;0.0;0.0;0.0;0.0;0.0
2023-10-21;Crystal Palace;3;0;0;65;60;Newcastle;3;2;17;10;3;7;0.4;0.6;389;0.79;12;7;3;2;0;0;8;0.0;0.0;0.0;1.0;0.0;0.0;1.0;1.0;0.0;0.0;1.0;6;0.06;0.25;307;0.0390879478827361;767.5;0.4705882352941176;20.0;7;-0.1999999999999999;2;1;5;0.0437017994858611;0.0;0.0;0.0;0;0;0;0;0;1;1;0;0.0;0.0;0.0;0.0;1.0;0.0;0.0;0.0;0.0;0.0;0.0;0.0;0.0;0.0;1.0;0.0;1.0;1.0;0.0;1.0;1.0;0.0;0.0;1.0;0.0;0.0;0.0;0.0;0.0;0.0;0.0;0.0;0.0;0.0
2023-10-07;Crystal Palace;3;0;0;65;55;Nottingham Forest;0;1;8;16;2;5;0.52;0.48;528;0.87;7;12;0;1;0;0;3;0.0;0.0;0.0;1.0;0.0;0.0;1.0;1.0;0.0;0.0;1.0;7;0.03;0.0;459;0.0152505446623093;882.6923076923076;0.375;5.769230769230769;-8;0.04;-4;-1;-5;0.0151515151515151;0.0;0.0;0.0;0;0;0;0;1;0;0;1;0.0;0.0;0.0;0.0;0.0;0.0;1.0;0.0;0.0;0.0;0.0;0.0;0.0;0.0;0.0;0.0;1.0;1.0;1.0;1.0;1.0;0.0;0.0;0.0;0.0;0.0;1.0;0.0;0.0;0.0;0.0;0.0;0.0;0.0
2023-09-30;Crystal Palace;3;0;3;65;62;Manchester United;2;3;8;19;2;4;0.22;0.78;221;0.66;8;10;2;3;0;0;4;0.0;0.0;0.0;1.0;0.0;0.0;1.0;1.0;0.0;1.0;1.0;10;0.0410526315789473;0.25;146;0.0547945205479452;663.6363636363636;0.5;18.181818181818183;-11;-0.56;-6;-1;-2;0.0361990950226244;0.125;0.22;4.0;1;0;1;1;0;0;1;0;0.125;0.5;0.004524886877828;8.0;0.0;0.0;0.0;0.0;0.0;0.0;0.0;0.0;0.0;0.0;1.0;0.0;0.0;1.0;1.0;1.0;1.0;0.0;0.0;1.0;0.0;0.0;0.0;0.0;0.0;0.0;0.0;0.0;0.0;0.0
2023-09-23;Crystal Palace;3;3;0;65;58;Fulham;3;2;7;10;3;5;0.51;0.49;475;0.81;10;15;3;2;0;0;3;0.0;0.0;0.0;1.0;0.0;0.0;1.0;1.0;0.0;1.0;0.0;2;0.049;0.3;385;0.0259740259740259;754.9019607843137;0.4285714285714285;5.88235294117647;-3;0.02;1;1;-5;0.0147368421052631;0.0;0.0;0.0;0;0;0;0;1;0;0;1;0.0;0.0;0.0;0.0;0.0;0.0;0.0;0.0;0.0;0.0;0.0;0.0;0.0;0.0;1.0;0.0;1.0;1.0;1.0;1.0;1.0;0.0;0.0;1.0;0.0;0.0;0.0;0.0;0.0;0.0;0.0;0.0;0.0;0.0
2023-09-16;Crystal Palace;3;8;3;65;1;Aston Villa;3;5;6;16;3;5;0.33;0.67;303;0.74;9;13;3;5;0;0;2;0.0;1.0;0.0;0.0;0.0;0.0;1.0;1.0;0.0;1.0;0.0;4;0.041875;0.3333333333333333;224;0.0401785714285714;678.7878787878788;0.3333333333333333;6.0606060606060606;-10;-0.34;-2;-2;-4;0.0198019801980198;0.1666666666666666;0.33;2.0;0;1;1;0;0;1;1;0;0.1666666666666666;0.3333333333333333;0.0033003300330033;6.0;0.0;0.0;0.0;0.0;0.0;0.0;0.0;0.0;0.0;0.0;1.0;0.0;1.0;1.0;1.0;1.0;1.0;0.0;0.0;1.0;0.0;0.0;0.0;0.0;0.0;0.0;0.0;0.0;0.0;0.0
2023-09-03;Crystal Palace;3;0;1;65;67;Wolves;1;3;16;12;11;4;0.42;0.58;393;0.79;12;12;1;3;0;0;4;0.0;0.0;0.0;1.0;0.0;0.0;0.0;1.0;0.0;1.0;0.0;2;0.0483333333333333;0.0833333333333333;310;0.0387096774193548;738.0952380952381;0.25;9.523809523809524;4;-0.1599999999999999;2;-2;0;0.0407124681933842;0.1875;0.1399999999999999;1.3333333333333333;0;3;3;1;0;0;0;1;0.1875;0.2727272727272727;0.0076335877862595;5.333333333333333;1.0;0.0;0.0;0.0;0.0;0.0;0.0;0.0;0.0;0.0;1.0;0.0;1.0;1.0;1.0;1.0;1.0;0.0;0.0;1.0;0.0;0.0;0.0;0.0;0.0;0.0;0.0;0.0;0.0;0.0
2023-08-29;Crystal Palace;14;0;0;65;836;Plymouth Argyle;1;2;16;17;5;3;0.48;0.52;481;0.84;5;10;1;2;0;0;9;0.0;1.0;0.0;0.0;0.0;0.0;0.0;1.0;0.0;0.0;1.0;6;0.0305882352941176;0.2;404;0.0123762376237623;841.6666666666667;0.5625;18.75;-1;-0.04;3;-1;-5;0.0332640332640332;0.25;0.12;2.25;0;4;4;1;0;0;1;0;0.25;0.8;0.0083160083160083;4.0;1.0;0.0;1.0;0.0;0.0;0.0;0.0;0.0;0.0;0.0;0.0;0.0;1.0;0.0;0.0;0.0;1.0;1.0;0.0;0.0;0.0;0.0;1.0;1.0;1.0;0.0;0.0;0.0;0.0;0.0
2023-08-26;Crystal Palace;3;3;0;65;57;Brentford;0;0;15;12;5;1;0.4;0.6;348;0.81;15;9;0;0;0;0;6;0.0;0.0;0.0;1.0;0.0;0.0;0.0;1.0;0.0;1.0;0.0;8;0.0499999999999999;0.0;282;0.0531914893617021;705.0;0.4;15.0;3;-0.1999999999999999;-2;0;6;0.043103448275862;0.0666666666666666;0.4;6.0;0;1;1;0;1;0;1;0;0.0666666666666666;0.2;0.0028735632183908;15.0;1.0;0.0;0.0;0.0;0.0;0.0;0.0;0.0;0.0;0.0;1.0;0.0;1.0;1.0;1.0;1.0;1.0;0.0;0.0;1.0;0.0;0.0;0.0;0.0;0.0;0.0;0.0;0.0;0.0;0.0
2023-08-21;Crystal Palace;3;3;0;65;9;Arsenal;2;2;14;14;2;3;0.46;0.54;428;0.86;14;10;2;1;0;1;1;0.0;0.0;0.0;1.0;0.0;0.0;0.0;1.0;0.0;1.0;0.0;8;0.0385714285714285;0.1428571428571428;368;0.0380434782608695;800.0;0.0714285714285714;2.1739130434782608;0;-0.08;-7;0;4;0.0327102803738317;0.0;0.0;0.0;0;0;0;0;0;1;0;1;0.0;0.0;0.0;0.0;1.0;0.0;0.0;0.0;0.0;0.0;0.0;0.0;0.0;0.0;1.0;0.0;1.0;1.0;1.0;1.0;1.0;0.0;0.0;1.0;0.0;0.0;0.0;0.0;0.0;0.0;0.0;0.0;0.0;0.0
2023-08-12;Crystal Palace;3;3;6;65;818;Sheffield United;0;3;24;8;8;1;0.68;0.32;562;0.82;11;18;0;3;0;0;5;0.0;0.0;0.0;1.0;0.0;0.0;0.0;1.0;0.0;1.0;0.0;5;0.04;0.0;461;0.0238611713665943;677.9411764705882;0.2083333333333333;7.352941176470588;16;0.36;0;-3;-7;0.0427046263345195;0.0416666666666666;0.68;5.0;0;1;1;1;0;0;1;0;0.0416666666666666;0.125;0.0017793594306049;24.0;1.0;0.0;0.0;0.0;0.0;0.0;0.0;0.0;0.0;0.0;1.0;0.0;1.0;1.0;1.0;1.0;1.0;0.0;0.0;1.0;0.0;0.0;0.0;0.0;0.0;0.0;0.0;0.0;0.0;0.0
2023-05-28;Crystal Palace;3;3;17;65;55;Nottingham Forest;0;2;15;7;3;4;0.66;0.34;538;0.85;9;13;0;2;0;0;5;0.0;0.0;0.0;1.0;0.0;0.0;1.0;1.0;0.0;1.0;0.0;4;0.0485714285714285;0.0;457;0.0196936542669584;692.4242424242424;0.3333333333333333;7.575757575757575;8;0.32;1;-2;-4;0.0278810408921933;0.0666666666666666;0.66;5.0;0;1;1;0;1;0;0;1;0.0666666666666666;0.3333333333333333;0.0018587360594795;15.0;0.0;0.0;0.0;0.0;0.0;0.0;0.0;0.0;0.0;0.0;1.0;0.0;1.0;1.0;0.0;1.0;1.0;0.0;0.0;1.0;1.0;0.0;0.0;0.0;0.0;0.0;0.0;0.0;0.0;0.0
2023-05-20;Crystal Palace;3;3;3;65;58;Fulham;0;3;11;11;5;4;0.51;0.49;371;0.78;12;13;0;3;0;0;4;0.0;0.0;0.0;1.0;0.0;0.0;1.0;1.0;0.0;1.0;0.0;7;0.0445454545454545;0.0;289;0.0415224913494809;566.6666666666666;0.3636363636363636;7.84313725490196;0;0.02;-3;-3;-1;0.0296495956873315;0.1818181818181818;0.255;2.0;1;1;2;0;1;0;1;0;0.1818181818181818;0.4;0.0053908355795148;5.5;0.0;0.0;0.0;0.0;0.0;0.0;0.0;0.0;0.0;0.0;1.0;0.0;1.0;1.0;0.0;1.0;1.0;0.0;0.0;1.0;1.0;0.0;0.0;0.0;0.0;0.0;0.0;0.0;0.0;0.0
2023-05-13;Crystal Palace;3;3;3;65;59;Bournemouth;0;2;17;5;5;0;0.6;0.4;604;0.85;5;12;0;2;0;0;11;0.0;0.0;0.0;1.0;0.0;0.0;1.0;1.0;0.0;1.0;0.0;2;0.08;0.0;513;0.0097465886939571;855.0;0.6470588235294118;18.333333333333336;12;0.1999999999999999;9;-2;-7;0.0281456953642384;0.1176470588235294;0.3;5.5;1;1;2;1;0;0;0;1;0.1176470588235294;0.4;0.0033112582781456;8.5;0.0;0.0;0.0;0.0;0.0;0.0;0.0;0.0;0.0;0.0;1.0;0.0;0.0;1.0;0.0;1.0;1.0;0.0;0.0;1.0;1.0;0.0;0.0;0.0;0.0;1.0;0.0;0.0;0.0;0.0
2023-05-06;Crystal Palace;3;0;6;65;56;Tottenham;5;3;7;8;2;3;0.42;0.58;378;0.75;14;15;5;3;0;0;4;0.0;0.0;0.0;1.0;0.0;0.0;0.0;1.0;0.0;1.0;0.0;8;0.0725;0.3571428571428571;284;0.0492957746478873;676.1904761904763;0.5714285714285714;9.523809523809524;-1;-0.1599999999999999;-4;2;-1;0.0185185185185185;0.0;0.0;0.0;0;0;0;0;0;1;1;0;0.0;0.0;0.0;0.0;0.0;0.0;0.0;0.0;0.0;0.0;0.0;0.0;0.0;0.0;1.0;0.0;0.0;1.0;1.0;1.0;1.0;0.0;0.0;1.0;1.0;0.0;0.0;0.0;0.0;1.0;0.0;0.0;0.0;0.0
2023-04-29;Crystal Palace;3;0;3;65;61;West Ham;1;2;16;8;6;4;0.6;0.4;498;0.78;9;17;1;2;0;0;8;0.0;0.0;0.0;1.0;0.0;0.0;0.0;1.0;0.0;1.0;0.0;5;0.05;0.1111111111111111;388;0.0231958762886597;646.6666666666667;0.5;13.333333333333334;8;0.1999999999999999;3;-1;-8;0.0321285140562249;0.25;0.15;2.0;3;1;4;1;0;0;0;1;0.25;0.6666666666666666;0.0080321285140562;4.0;0.0;0.0;0.0;0.0;0.0;0.0;0.0;0.0;0.0;0.0;1.0;0.0;0.0;1.0;1.0;1.0;1.0;0.0;0.0;1.0;1.0;0.0;0.0;0.0;0.0;1.0;0.0;0.0;0.0;0.0
2023-04-25;Crystal Palace;3;0;1;65;67;Wolves;4;5;14;9;4;3;0.59;0.41;446;0.81;14;13;4;5;0;0;11;0.0;1.0;0.0;1.0;0.0;0.0;1.0;1.0;0.0;1.0;0.0;6;0.0455555555555555;0.2857142857142857;361;0.038781163434903;611.8644067796611;0.7857142857142857;18.64406779661017;5;0.18;5;-1;1;0.0313901345291479;0.0;0.0;0.0;0;0;0;0;0;1;1;0;0.0;0.0;0.0;0.0;0.0;0.0;0.0;0.0;0.0;0.0;0.0;0.0;0.0;0.0;0.0;0.0;0.0;1.0;0.0;1.0;1.0;0.0;0.0;0.0;1.0;0.0;0.0;0.0;0.0;0.0;1.0;1.0;0.0;0.0
2023-04-22;Crystal Palace;3;0;3;65;64;Everton;1;2;12;10;2;5;0.57;0.43;414;0.74;12;14;1;1;0;1;8;0.0;0.0;0.0;1.0;0.0;0.0;0.0;1.0;0.0;1.0;0.0;1;0.043;0.0833333333333333;306;0.0392156862745098;536.8421052631579;0.6666666666666666;14.035087719298248;2;0.1399999999999999;7;-1;-2;0.0289855072463768;0.0;0.0;0.0;0;0;0;0;1;0;0;1;0.0;0.0;0.0;0.0;0.0;0.0;0.0;0.0;0.0;0.0;0.0;0.0;0.0;0.0;1.0;0.0;1.0;1.0;1.0;1.0;1.0;0.0;0.0;1.0;1.0;0.0;0.0;0.0;0.0;0.0;0.0;0.0;0.0;0.0
2023-04-15;Crystal Palace;3;0;1;65;68;Southampton;1;3;10;11;2;4;0.41;0.59;362;0.75;13;6;1;3;0;0;2;0.0;0.0;0.0;1.0;0.0;0.0;0.0;1.0;0.0;1.0;0.0;6;0.0536363636363636;0.0769230769230769;272;0.0477941176470588;663.4146341463415;0.2;4.878048780487805;-1;-0.18;-4;-2;7;0.0276243093922651;0.2;0.205;1.0;0;2;2;1;0;0;1;0;0.2;1.0;0.005524861878453;5.0;0.0;0.0;0.0;0.0;0.0;0.0;0.0;0.0;0.0;0.0;1.0;0.0;1.0;1.0;1.0;1.0;1.0;0.0;0.0;1.0;1.0;0.0;0.0;0.0;0.0;0.0;0.0;0.0;0.0;0.0
2023-04-09;Crystal Palace;3;0;3;65;817;Leeds;1;3;16;11;8;7;0.52;0.48;436;0.74;8;11;1;3;0;0;4;0.0;0.0;0.0;1.0;0.0;0.0;0.0;1.0;0.0;1.0;0.0;2;0.0436363636363636;0.125;323;0.0247678018575851;621.1538461538462;0.25;7.692307692307692;5;0.04;2;-2;-3;0.036697247706422;0.3125;0.104;0.8;1;4;5;1;0;0;1;0;0.3125;0.625;0.0114678899082568;3.2;0.0;0.0;0.0;0.0;0.0;0.0;0.0;0.0;0.0;0.0;1.0;0.0;1.0;1.0;1.0;1.0;1.0;0.0;0.0;1.0;1.0;0.0;0.0;0.0;0.0;0.0;0.0;0.0;0.0;0.0
2023-04-01;Crystal Palace;3;0;3;65;63;Leicester City;3;4;31;3;9;2;0.51;0.49;446;0.8;12;16;3;4;0;0;10;0.0;0.0;0.0;1.0;0.0;0.0;0.0;1.0;0.0;1.0;0.0;1;0.1633333333333333;0.25;357;0.0336134453781512;700.0;0.3225806451612903;19.607843137254903;28;0.02;9;-1;-4;0.0695067264573991;0.064516129032258;0.255;5.0;0;2;2;1;0;0;0;1;0.064516129032258;0.2222222222222222;0.0044843049327354;15.5;0.0;0.0;0.0;0.0;0.0;0.0;0.0;0.0;0.0;0.0;1.0;0.0;1.0;1.0;1.0;0.0;0.0;0.0;0.0;1.0;1.0;0.0;0.0;0.0;0.0;1.0;0.0;0.0;1.0;0.0
2023-03-19;Crystal Palace;3;3;0;65;9;Arsenal;1;0;9;15;5;5;0.37;0.63;358;0.77;10;8;1;0;0;0;4;0.0;0.0;0.0;1.0;0.0;0.0;0.0;1.0;0.0;0.0;0.0;5;0.042;0.1;276;0.036231884057971;745.9459459459459;0.4444444444444444;10.81081081081081;-6;-0.26;-1;1;2;0.0251396648044692;0.1111111111111111;0.37;4.0;0;1;1;0;0;1;1;0;0.1111111111111111;0.2;0.0027932960893854;9.0;0.0;0.0;0.0;0.0;0.0;0.0;0.0;0.0;0.0;0.0;1.0;0.0;1.0;0.0;1.0;0.0;0.0;0.0;0.0;1.0;1.0;0.0;0.0;1.0;0.0;1.0;0.0;1.0;0.0;1.0
2023-03-15;Crystal Palace;3;0;3;65;54;Brighton;2;1;11;11;3;5;0.42;0.58;430;0.8;20;13;2;1;0;0;4;0.0;0.0;0.0;1.0;0.0;0.0;0.0;1.0;0.0;0.0;0.0;1;0.0527272727272727;0.1;344;0.0581395348837209;819.047619047619;0.3636363636363636;9.523809523809524;0;-0.1599999999999999;3;1;7;0.0255813953488372;0.0;0.0;0.0;0;0;0;0;0;1;1;0;0.0;0.0;0.0;0.0;0.0;0.0;1.0;0.0;0.0;0.0;0.0;0.0;0.0;0.0;1.0;0.0;1.0;1.0;1.0;0.0;0.0;0.0;0.0;0.0;1.0;0.0;0.0;0.0;0.0;1.0;1.0;0.0;0.0;1.0
2023-03-11;Crystal Palace;3;0;3;65;3;Manchester City;2;2;4;14;0;4;0.32;0.68;290;0.75;11;17;2;2;0;0;2;0.0;0.0;0.0;1.0;0.0;0.0;0.0;1.0;0.0;0.0;0.0;6;0.0485714285714285;0.1818181818181818;218;0.0504587155963302;681.25;0.5;6.25;-10;-0.36;-4;0;-6;0.0137931034482758;0.0;0.0;0.0;0;0;0;0;0;1;0;1;0.0;0.0;0.0;0.0;0.0;0.0;1.0;0.0;0.0;0.0;0.0;0.0;0.0;0.0;0.0;0.0;0.0;1.0;1.0;1.0;0.0;0.0;0.0;0.0;1.0;0.0;0.0;0.0;0.0;1.0;1.0;1.0;1.0;0.0
2023-03-04;Crystal Palace;3;3;3;65;1;Aston Villa;4;2;3;8;0;1;0.41;0.59;364;0.83;17;14;3;2;1;0;4;0.0;0.0;0.0;1.0;0.0;0.0;0.0;1.0;0.0;1.0;0.0;2;0.07375;0.2352941176470588;302;0.0562913907284768;736.5853658536586;1.3333333333333333;9.75609756097561;-5;-0.18;2;2;3;0.0082417582417582;0.0;0.0;0.0;0;0;0;0;0;1;1;0;0.0;0.0;0.0;0.0;0.0;0.0;1.0;0.0;0.0;0.0;0.0;0.0;0.0;0.0;1.0;0.0;0.0;1.0;0.0;1.0;0.0;0.0;0.0;0.0;1.0;0.0;0.0;0.0;0.0;1.0;1.0;0.0;1.0;0.0
2023-02-25;Crystal Palace;3;3;0;65;2;Liverpool;2;5;6;12;0;4;0.36;0.64;345;0.74;11;14;2;5;0;0;5;0.0;0.0;0.0;1.0;0.0;0.0;0.0;1.0;0.0;0.0;1.0;3;0.0533333333333333;0.1818181818181818;255;0.0431372549019607;708.3333333333334;0.8333333333333334;13.88888888888889;-6;-0.28;2;-3;-3;0.017391304347826;0.0;0.0;0.0;0;0;0;0;1;0;0;1;0.0;0.0;0.0;0.0;0.0;0.0;1.0;0.0;0.0;0.0;0.0;0.0;0.0;0.0;1.0;0.0;0.0;1.0;1.0;1.0;0.0;0.0;0.0;0.0;1.0;0.0;0.0;0.0;0.0;0.0;1.0;0.0;1.0;0.0
2023-02-18;Crystal Palace;3;3;0;65;57;Brentford;2;2;10;12;4;5;0.41;0.59;360;0.77;8;10;2;2;0;0;6;0.0;0.0;0.0;1.0;0.0;0.0;0.0;1.0;0.0;0.0;1.0;2;0.0491666666666666;0.25;277;0.0288808664259927;675.609756097561;0.6;14.634146341463415;-2;-0.18;4;0;-2;0.0277777777777777;0.1;0.41;6.0;0;1;1;0;1;0;1;0;0.1;0.25;0.0027777777777777;10.0;0.0;0.0;1.0;0.0;0.0;0.0;0.0;0.0;0.0;0.0;1.0;0.0;0.0;1.0;1.0;1.0;0.0;0.0;0.0;0.0;1.0;0.0;0.0;0.0;0.0;0.0;1.0;0.0;1.0;0.0
2023-02-11;Crystal Palace;3;1;3;65;54;Brighton;4;1;6;17;1;7;0.25;0.75;240;0.7;10;11;4;1;0;0;1;0.0;0.0;0.0;1.0;0.0;0.0;1.0;1.0;0.0;0.0;1.0;6;0.0441176470588235;0.4;168;0.0595238095238095;672.0;0.1666666666666666;4.0;-11;-0.5;-5;3;-1;0.025;0.1666666666666666;0.25;1.0;0;1;1;0;1;0;0;1;0.1666666666666666;1.0;0.0041666666666666;6.0;0.0;0.0;1.0;0.0;0.0;0.0;0.0;0.0;0.0;0.0;1.0;0.0;0.0;0.0;1.0;1.0;0.0;0.0;0.0;0.0;1.0;0.0;0.0;1.0;0.0;0.0;0.0;0.0;1.0;0.0
2023-02-04;Crystal Palace;3;3;3;65;62;Manchester United;2;2;10;14;3;5;0.46;0.54;426;0.8;9;9;2;1;0;1;5;0.0;1.0;0.0;1.0;0.0;0.0;1.0;1.0;0.0;0.0;0.0;5;0.0385714285714285;0.2222222222222222;341;0.0263929618768328;741.3043478260869;0.5;10.869565217391305;-4;-0.08;0;0;0;0.0234741784037558;0.1;0.46;5.0;0;1;1;0;0;1;1;0;0.1;0.3333333333333333;0.0023474178403755;10.0;0.0;0.0;1.0;0.0;0.0;0.0;0.0;0.0;0.0;0.0;1.0;0.0;1.0;0.0;1.0;1.0;0.0;0.0;0.0;0.0;1.0;0.0;0.0;0.0;0.0;0.0;0.0;0.0;1.0;0.0
2023-01-21;Crystal Palace;3;3;0;65;60;Newcastle;4;2;6;16;1;7;0.39;0.61;316;0.67;13;7;4;2;0;0;3;0.0;1.0;0.0;1.0;0.0;0.0;0.0;1.0;0.0;1.0;0.0;15;0.038125;0.3076923076923077;212;0.0613207547169811;543.5897435897435;0.5;7.692307692307692;-10;-0.2199999999999999;-12;2;6;0.0189873417721519;0.0;0.0;0.0;0;0;0;0;1;0;0;1;0.0;0.0;0.0;0.0;0.0;0.0;0.0;0.0;0.0;0.0;0.0;0.0;0.0;0.0;1.0;0.0;1.0;0.0;1.0;1.0;0.0;0.0;0.0;1.0;0.0;0.0;0.0;0.0;0.0;1.0;0.0;0.0;1.0;0.0
2023-01-18;Crystal Palace;3;3;3;65;62;Manchester United;1;2;10;15;5;4;0.39;0.61;399;0.73;9;10;1;2;0;0;3;0.0;1.0;0.0;1.0;0.0;0.0;1.0;1.0;0.0;0.0;1.0;3;0.0406666666666666;0.1111111111111111;291;0.0309278350515463;746.1538461538461;0.3;7.692307692307692;-5;-0.2199999999999999;0;-1;-1;0.025062656641604;0.1;0.39;3.0;0;1;1;0;1;0;0;1;0.1;0.2;0.0025062656641604;10.0;0.0;0.0;1.0;0.0;0.0;0.0;0.0;0.0;0.0;0.0;1.0;0.0;1.0;0.0;0.0;0.0;0.0;0.0;0.0;0.0;1.0;0.0;0.0;0.0;0.0;1.0;0.0;0.0;1.0;0.0
2023-01-15;Crystal Palace;3;3;3;65;53;Chelsea;5;2;10;15;5;5;0.37;0.63;335;0.74;17;10;5;2;0;0;7;0.0;0.0;0.0;1.0;0.0;0.0;0.0;1.0;0.0;1.0;0.0;11;0.042;0.2941176470588235;248;0.0685483870967741;670.2702702702703;0.7;18.91891891891892;-5;-0.26;-4;3;7;0.0298507462686567;0.0;0.0;0.0;0;0;0;0;0;1;1;0;0.0;0.0;0.0;0.0;0.0;0.0;1.0;0.0;0.0;0.0;0.0;0.0;0.0;0.0;1.0;0.0;0.0;1.0;1.0;1.0;0.0;0.0;0.0;0.0;1.0;0.0;0.0;0.0;0.0;1.0;0.0;0.0;1.0;0.0
2023-01-07;Crystal Palace;15;0;3;65;68;Southampton;1;4;13;6;2;4;0.55;0.45;503;0.79;10;21;1;4;0;0;8;0.0;0.0;0.0;1.0;0.0;0.0;1.0;0.0;0.0;0.0;0.0;1;0.075;0.1;397;0.0251889168765743;721.8181818181818;0.6153846153846154;14.545454545454543;7;0.1;7;-3;-11;0.025844930417495;0.0769230769230769;0.55;8.0;1;0;1;0;0;1;0;1;0.0769230769230769;0.5;0.0019880715705765;13.0;0.0;0.0;1.0;0.0;0.0;0.0;0.0;0.0;0.0;0.0;1.0;0.0;1.0;1.0;0.0;1.0;0.0;0.0;0.0;1.0;1.0;0.0;0.0;0.0;0.0;1.0;0.0;0.0;1.0;0.0
2023-01-04;Crystal Palace;3;3;17;65;56;Tottenham;1;2;19;14;4;6;0.46;0.54;472;0.81;11;8;1;2;0;0;10;0.0;0.0;0.0;1.0;0.0;0.0;0.0;0.0;0.0;1.0;0.0;4;0.0385714285714285;0.0909090909090909;382;0.0287958115183246;830.4347826086956;0.5263157894736842;21.73913043478261;5;-0.08;6;-1;3;0.0402542372881355;0.0;0.0;0.0;0;0;0;0;0;1;0;1;0.0;0.0;0.0;0.0;0.0;0.0;1.0;0.0;0.0;0.0;0.0;0.0;0.0;0.0;1.0;0.0;0.0;1.0;1.0;1.0;0.0;0.0;0.0;1.0;1.0;0.0;0.0;0.0;0.0;1.0;0.0;0.0;1.0;0.0
2022-12-31;Crystal Palace;3;3;1;65;59;Bournemouth;1;4;15;6;6;2;0.41;0.59;317;0.68;11;17;1;4;0;0;7;0.0;0.0;0.0;1.0;0.0;0.0;0.0;0.0;0.0;1.0;0.0;2;0.0983333333333333;0.0909090909090909;216;0.0509259259259259;526.829268292683;0.4666666666666667;17.073170731707318;9;-0.18;5;-3;-6;0.0473186119873817;0.1333333333333333;0.205;3.5;2;0;2;1;0;0;1;0;0.1333333333333333;0.3333333333333333;0.0063091482649842;7.5;0.0;0.0;1.0;0.0;0.0;0.0;0.0;0.0;0.0;0.0;1.0;0.0;0.0;1.0;1.0;1.0;0.0;0.0;0.0;1.0;1.0;0.0;0.0;0.0;0.0;1.0;0.0;0.0;1.0;0.0
2022-12-26;Crystal Palace;3;0;3;65;58;Fulham;2;0;4;23;0;11;0.36;0.64;368;0.74;12;15;0;0;2;0;1;0.0;0.0;0.0;0.0;0.0;0.0;0.0;1.0;0.0;1.0;0.0;7;0.0278260869565217;0.1666666666666666;272;0.0441176470588235;755.5555555555555;0.25;2.7777777777777777;-19;-0.28;-6;2;-3;0.0108695652173913;0.0;0.0;0.0;0;0;0;0;0;1;0;1;0.0;0.0;0.0;0.0;0.0;0.0;1.0;0.0;0.0;0.0;0.0;0.0;0.0;0.0;1.0;0.0;0.0;1.0;1.0;1.0;0.0;0.0;0.0;0.0;1.0;0.0;0.0;1.0;0.0;1.0;0.0;0.0;1.0;0.0
