Fecha;Equipo_name;Torneo;Alineacion;Alineacion_contrincante;equipo;equipo_contrincante;equipo_contrincante_name;tarjetas;tarjetas_contrincante;Remates;Remates_contrincante;Remates al arco;Remates al arco_contrincante;Posesión;Posesión_contrincante;Pases;Precisión de los pases;Faltas;Faltas_contrincante;Tarjetas amarillas;Tarjetas amarillas_contrincante;Tarjetas rojas;Tarjetas rojas_contrincante;Tiros de esquina;David Soria-Getafe;Djené Dakoman Ortega-Getafe;Domingos Duarte-Getafe;Omar Alderete-Getafe;Juan Antonio Iglesias Sánchez-Getafe;Luis Milla Manzanares-Getafe;Ramón Terrats Espacio-Getafe;Christantus Uche-Getafe;Mauro Arambarri-Getafe;Coba da Costa-Getafe;Bertuğ Yıldırım-Getafe;Tiros de esquina_concedidos;Posesión_contra_por_remate;tarjetas_por_falta;pases_completados;faltas_por_pases;pases_por_posesion;tirosEsquina_por_remate;tirosEsquina_por_posesion;diff_remates;diff_posesion;diff_Tiros de esquina;diff_tarjetas;diff_faltas;remates_por_pase;posesion_por_remate;posesion_por_gol;tirosEsquina_por_gol;goles_primera_mitad;goles_segunda_mitad;goles_totales;gano;empato;perdio;visitante;local;conversion_goles;conversion_arco;goles_por_pase;remates_al_arco_por_gol;Diego Rico-Getafe;Juan Bernat-Getafe;Juanmi Jiménez-Getafe;Carles Pérez-Getafe;Álvaro Rodríguez Muñoz-Getafe;Juan Berrocal González-Getafe;Allan Romeo Nyom-Getafe;Borja Mayoral-Getafe;Jiří Letáček-Getafe;Peter González-Getafe;Jesús Santiago Pérez-Getafe;Álex Sola-Getafe;Carles Aleñá-Getafe;Abdoulaye Keita-Getafe;David Argüelles-Getafe;John Joe Patrick Finn-Getafe;Nabil Aberdin-Getafe;Gorka Rivera-Getafe;Sang-Min Lee-Getafe;Gastón Álvarez-Getafe;Mason Greenwood-Getafe;Alberto Risco Alcántara-Getafe;Nemanja Maksimović-Getafe;Óscar Rodríguez Arnaiz-Getafe;Jaime Mata-Getafe;José Ángel Carmona-Getafe;Ilaix Moriba-Getafe;Fabrizio Angileri-Getafe;Juanmi Latasa-Getafe;Jordi Martín-Getafe;Damián Suárez-Getafe;Enes Ünal-Getafe;Daniel Fuzato-Getafe;Stefan Mitrović-Getafe;Anthony Lozano-Getafe;Cristian Portugués-Getafe;Munir El Haddadi-Getafe;Gonzalo Villar-Getafe;Ángel Algobia Esteves-Getafe;Kiko Casilla-Getafe;Jordan Amavi-Getafe;Jaime Seoane-Getafe
2025-05-02;Getafe;1;1;3;48;42;Rayo Vallecano;3;3;12;13;1;8;0.39;0.61;250;0.54;13;12;2;3;1;0;3;1.0;1.0;0.0;1.0;1.0;1.0;1.0;0.0;1.0;0.0;1.0;7;0.0469230769230769;0.2307692307692307;135;0.0962962962962963;346.15384615384613;0.25;7.692307692307692;-1;-0.2199999999999999;-4;0;1;0.048;0.0;0.0;0.0;0;0;0;0;0;1;1;0;0.0;0.0;0.0;0.0;0.0;1.0;0.0;0.0;0.0;1.0;0.0;1.0;0.0;0.0;0.0;0.0;0.0;0.0;0.0;0.0;0.0;0.0;0.0;0.0;0.0;0.0;0.0;0.0;0.0;0.0;0.0;0.0;0.0;0.0;0.0;0.0;0.0;0.0;0.0;0.0;0.0;0.0;0.0;0.0;0.0;0.0
2025-04-23;Getafe;1;9;1;48;12;Real Madrid;2;1;20;14;6;7;0.36;0.64;306;0.75;15;7;2;1;0;0;4;1.0;1.0;1.0;1.0;1.0;1.0;1.0;0.0;1.0;0.0;0.0;4;0.0457142857142857;0.1333333333333333;230;0.0652173913043478;638.8888888888889;0.2;11.11111111111111;6;-0.28;0;1;8;0.065359477124183;0.0;0.0;0.0;0;0;0;0;0;1;0;1;0.0;0.0;0.0;0.0;0.0;1.0;0.0;0.0;0.0;1.0;0.0;1.0;0.0;0.0;0.0;0.0;0.0;0.0;0.0;0.0;0.0;0.0;0.0;0.0;0.0;0.0;0.0;0.0;0.0;0.0;0.0;0.0;0.0;0.0;0.0;0.0;0.0;0.0;0.0;0.0;0.0;0.0;0.0;0.0;0.0;0.0
2025-04-18;Getafe;1;7;3;48;49;RCD Espanyol;3;0;9;9;4;3;0.37;0.63;227;0.64;15;12;2;0;1;0;8;1.0;1.0;1.0;1.0;1.0;1.0;1.0;1.0;1.0;1.0;1.0;6;0.07;0.2;145;0.1034482758620689;391.8918918918919;0.8888888888888888;21.62162162162162;0;-0.26;2;3;3;0.039647577092511;0.0;0.0;0.0;0;0;0;0;0;1;1;0;0.0;0.0;0.0;0.0;0.0;0.0;0.0;0.0;0.0;0.0;0.0;0.0;0.0;0.0;0.0;0.0;0.0;0.0;0.0;0.0;0.0;0.0;0.0;0.0;0.0;0.0;0.0;0.0;0.0;0.0;0.0;0.0;0.0;0.0;0.0;0.0;0.0;0.0;0.0;0.0;0.0;0.0;0.0;0.0;0.0;0.0
2025-04-12;Getafe;1;1;1;48;50;U. D. Las Palmas;1;2;11;10;6;5;0.41;0.59;303;0.72;14;15;0;2;1;0;3;1.0;0.0;1.0;1.0;1.0;1.0;1.0;1.0;1.0;0.0;0.0;2;0.059;0.0714285714285714;218;0.0642201834862385;531.7073170731708;0.2727272727272727;7.317073170731708;1;-0.18;1;-1;-1;0.0363036303630363;0.0909090909090909;0.41;3.0;1;0;1;0;0;1;0;1;0.0909090909090909;0.1666666666666666;0.0033003300330033;11.0;1.0;1.0;1.0;0.0;0.0;0.0;0.0;0.0;0.0;0.0;0.0;0.0;0.0;0.0;0.0;0.0;0.0;0.0;0.0;0.0;0.0;0.0;0.0;0.0;0.0;0.0;0.0;0.0;0.0;0.0;0.0;0.0;0.0;0.0;0.0;0.0;0.0;0.0;0.0;0.0;0.0;0.0
2025-04-06;Getafe;1;3;1;48;51;Valladolid;1;4;16;5;9;0;0.49;0.51;428;0.82;17;11;1;3;0;1;4;1.0;0.0;1.0;1.0;1.0;1.0;1.0;1.0;1.0;0.0;0.0;3;0.102;0.0588235294117647;351;0.0484330484330484;716.3265306122449;0.25;8.16326530612245;11;-0.02;1;-3;6;0.0373831775700934;0.25;0.1225;1.0;3;1;4;1;0;0;1;0;0.25;0.4444444444444444;0.0093457943925233;4.0;1.0;1.0;1.0;0.0;0.0;0.0;0.0;0.0;0.0;0.0;0.0;0.0;0.0;0.0;0.0;0.0;0.0;0.0;0.0;0.0;0.0;0.0;0.0;0.0;0.0;0.0;0.0;0.0;0.0;0.0;0.0;0.0;0.0;0.0;0.0;0.0;0.0;0.0;0.0;0.0;0.0;0.0
2025-03-30;Getafe;1;7;1;48;37;Villarreal;1;4;11;9;4;3;0.56;0.44;433;0.74;16;21;1;4;0;0;3;1.0;1.0;1.0;1.0;1.0;1.0;0.0;0.0;1.0;1.0;0.0;1;0.0488888888888888;0.0625;320;0.05;571.4285714285713;0.2727272727272727;5.357142857142857;2;0.12;2;-3;-5;0.0254041570438799;0.0909090909090909;0.56;3.0;1;0;1;0;0;1;0;1;0.0909090909090909;0.25;0.0023094688221709;11.0;1.0;0.0;1.0;1.0;0.0;0.0;0.0;0.0;0.0;0.0;0.0;0.0;0.0;0.0;0.0;0.0;0.0;0.0;0.0;0.0;0.0;0.0;0.0;0.0;0.0;0.0;0.0;0.0;0.0;0.0;0.0;0.0;0.0;0.0;0.0;0.0;0.0;0.0;0.0;0.0;0.0;0.0
2025-03-16;Getafe;1;3;0;48;41;Osasuna;3;2;7;12;4;4;0.37;0.63;283;0.73;15;19;2;2;1;0;2;1.0;1.0;1.0;1.0;0.0;1.0;1.0;1.0;1.0;1.0;0.0;3;0.0525;0.2;207;0.072463768115942;559.4594594594595;0.2857142857142857;5.405405405405405;-5;-0.26;-1;1;-4;0.0247349823321554;0.2857142857142857;0.185;1.0;0;2;2;1;0;0;1;0;0.2857142857142857;0.5;0.0070671378091872;3.5;1.0;0.0;1.0;0.0;0.0;0.0;0.0;0.0;0.0;0.0;0.0;0.0;0.0;0.0;0.0;0.0;0.0;0.0;0.0;0.0;0.0;0.0;0.0;0.0;0.0;0.0;0.0;0.0;0.0;0.0;0.0;0.0;0.0;0.0;0.0;0.0;0.0;0.0;0.0;0.0;0.0;0.0
2025-03-09;Getafe;1;7;1;48;27;Atlético Madrid;6;3;11;4;3;2;0.38;0.62;315;0.74;10;14;6;2;0;1;4;1.0;1.0;1.0;1.0;0.0;1.0;1.0;1.0;1.0;1.0;0.0;4;0.155;0.6;233;0.0429184549356223;613.1578947368421;0.3636363636363636;10.526315789473683;7;-0.24;0;3;-4;0.0349206349206349;0.1818181818181818;0.19;2.0;0;2;2;1;0;0;0;1;0.1818181818181818;0.6666666666666666;0.0063492063492063;5.5;1.0;0.0;0.0;0.0;1.0;0.0;0.0;0.0;0.0;0.0;0.0;0.0;0.0;0.0;0.0;0.0;0.0;0.0;0.0;0.0;0.0;0.0;0.0;0.0;0.0;0.0;0.0;0.0;0.0;0.0;0.0;0.0;0.0;0.0;0.0;0.0;0.0;0.0;0.0;0.0;0.0;0.0
2025-03-02;Getafe;1;1;9;48;47;Leganés;1;1;9;6;0;1;0.4;0.6;272;0.62;15;15;1;1;0;0;6;1.0;1.0;0.0;0.0;1.0;0.0;1.0;1.0;1.0;0.0;0.0;2;0.0999999999999999;0.0666666666666666;169;0.0887573964497041;422.5;0.6666666666666666;15.0;3;-0.1999999999999999;4;0;0;0.0330882352941176;0.0;0.0;0.0;0;0;0;0;0;1;1;0;0.0;0.0;0.0;0.0;1.0;1.0;0.0;0.0;0.0;1.0;1.0;1.0;0.0;0.0;0.0;0.0;0.0;0.0;0.0;0.0;0.0;0.0;0.0;0.0;0.0;0.0;0.0;0.0;0.0;0.0;0.0;0.0;0.0;0.0;0.0;0.0;0.0;0.0;0.0;0.0;0.0;0.0;0.0;0.0;0.0;0.0
2025-02-23;Getafe;1;1;3;48;39;Betis;2;0;10;13;4;6;0.49;0.51;370;0.7;17;20;1;0;1;0;2;1.0;1.0;1.0;1.0;1.0;0.0;1.0;0.0;1.0;0.0;0.0;5;0.0392307692307692;0.1176470588235294;259;0.0656370656370656;528.5714285714286;0.2;4.081632653061225;-3;-0.02;-3;2;-3;0.027027027027027;0.1;0.49;2.0;0;1;1;0;0;1;0;1;0.1;0.25;0.0027027027027027;10.0;1.0;1.0;1.0;0.0;0.0;0.0;0.0;1.0;0.0;0.0;0.0;0.0;0.0;0.0;0.0;0.0;0.0;0.0;0.0;0.0;0.0;0.0;0.0;0.0;0.0;0.0;0.0;0.0;0.0;0.0;0.0;0.0;0.0;0.0;0.0;0.0;0.0;0.0;0.0;0.0;0.0;0.0
2025-02-09;Getafe;1;1;13;48;45;Alavés;6;2;4;12;3;4;0.33;0.67;226;0.51;16;16;6;2;0;0;3;1.0;1.0;1.0;1.0;1.0;0.0;1.0;1.0;1.0;0.0;0.0;8;0.0558333333333333;0.375;115;0.1391304347826087;348.48484848484844;0.75;9.09090909090909;-8;-0.34;-5;4;0;0.0176991150442477;0.25;0.33;3.0;1;0;1;1;0;0;1;0;0.25;0.3333333333333333;0.0044247787610619;4.0;1.0;1.0;1.0;0.0;0.0;0.0;0.0;0.0;0.0;0.0;0.0;0.0;0.0;0.0;0.0;0.0;0.0;0.0;0.0;0.0;0.0;0.0;0.0;0.0;0.0;0.0;0.0;0.0;0.0;0.0;0.0;0.0;0.0;0.0;0.0;0.0;0.0;0.0;0.0;0.0;0.0;0.0
2025-02-04;Getafe;19;1;1;48;27;Atlético Madrid;2;1;10;14;4;8;0.51;0.49;485;0.85;9;12;2;1;0;0;3;0.0;0.0;1.0;1.0;1.0;0.0;1.0;1.0;0.0;0.0;1.0;6;0.0349999999999999;0.2222222222222222;412;0.0218446601941747;807.843137254902;0.3;5.88235294117647;-4;0.02;-3;1;-3;0.0206185567010309;0.0;0.0;0.0;0;0;0;0;0;1;1;0;0.0;0.0;0.0;0.0;0.0;1.0;0.0;0.0;0.0;0.0;0.0;0.0;1.0;1.0;1.0;1.0;0.0;0.0;0.0;0.0;0.0;0.0;0.0;0.0;0.0;0.0;0.0;0.0;0.0;0.0;0.0;0.0;0.0;0.0;0.0;0.0;0.0;0.0;0.0;0.0;0.0;0.0;0.0;0.0;0.0;0.0
2025-02-01;Getafe;1;1;0;48;43;Sevilla;4;6;7;13;1;1;0.45;0.55;308;0.73;15;12;4;6;0;0;6;1.0;1.0;1.0;0.0;1.0;0.0;0.0;1.0;1.0;1.0;0.0;5;0.0423076923076923;0.2666666666666666;225;0.0666666666666666;500.0;0.8571428571428571;13.333333333333332;-6;-0.1;1;-2;3;0.0227272727272727;0.0;0.0;0.0;0;0;0;0;1;0;0;1;0.0;0.0;0.0;0.0;1.0;0.0;1.0;1.0;0.0;1.0;0.0;0.0;0.0;0.0;0.0;0.0;0.0;0.0;0.0;0.0;0.0;0.0;0.0;0.0;0.0;0.0;0.0;0.0;0.0;0.0;0.0;0.0;0.0;0.0;0.0;0.0;0.0;0.0;0.0;0.0;0.0;0.0;0.0;0.0;0.0;0.0
2025-01-26;Getafe;1;1;7;48;46;Real Sociedad;6;3;13;13;4;4;0.43;0.57;281;0.65;15;11;6;3;0;0;2;1.0;1.0;1.0;1.0;1.0;1.0;0.0;1.0;0.0;1.0;1.0;5;0.0438461538461538;0.4;183;0.081967213114754;425.5813953488372;0.1538461538461538;4.651162790697675;0;-0.1399999999999999;-3;3;4;0.0462633451957295;0.2307692307692307;0.1433333333333333;0.6666666666666666;0;3;3;1;0;0;1;0;0.2307692307692307;0.75;0.0106761565836298;4.333333333333333;1.0;0.0;0.0;0.0;0.0;0.0;0.0;0.0;0.0;0.0;0.0;1.0;0.0;0.0;0.0;0.0;0.0;0.0;0.0;0.0;0.0;0.0;0.0;0.0;0.0;0.0;0.0;0.0;0.0;0.0;0.0;0.0;0.0;0.0;0.0;0.0;0.0;0.0;0.0;0.0;0.0;0.0
2025-01-18;Getafe;1;7;3;48;10;Barcelona;3;2;10;21;4;5;0.22;0.78;190;0.61;9;9;3;2;0;0;2;1.0;1.0;1.0;1.0;1.0;1.0;0.0;1.0;1.0;1.0;0.0;10;0.0371428571428571;0.3333333333333333;116;0.0775862068965517;527.2727272727273;0.2;9.090909090909092;-11;-0.56;-8;1;0;0.0526315789473684;0.1;0.22;2.0;1;0;1;0;1;0;0;1;0.1;0.25;0.0052631578947368;10.0;1.0;0.0;0.0;0.0;0.0;0.0;0.0;0.0;0.0;0.0;0.0;0.0;1.0;0.0;0.0;0.0;0.0;0.0;0.0;0.0;0.0;0.0;0.0;0.0;0.0;0.0;0.0;0.0;0.0;0.0;0.0;0.0;0.0;0.0;0.0;0.0;0.0;0.0;0.0;0.0;0.0;0.0
2025-01-15;Getafe;19;1;2;48;-1;Pontevedra;5;2;12;14;3;3;0.16;0.84;149;0.51;16;10;3;2;2;0;3;0.0;0.0;1.0;0.0;1.0;1.0;0.0;1.0;1.0;1.0;0.0;8;0.06;0.3125;76;0.2105263157894736;475.0;0.25;18.75;-2;-0.6799999999999999;-5;3;6;0.0805369127516778;0.0833333333333333;0.16;3.0;1;0;1;1;0;0;1;0;0.0833333333333333;0.3333333333333333;0.0067114093959731;12.0;1.0;0.0;0.0;0.0;1.0;1.0;0.0;0.0;1.0;1.0;0.0;0.0;0.0;0.0;0.0;0.0;0.0;0.0;0.0;0.0;0.0;0.0;0.0;0.0;0.0;0.0;0.0;0.0;0.0;0.0;0.0;0.0;0.0;0.0;0.0;0.0;0.0;0.0;0.0;0.0;0.0;0.0
2025-01-12;Getafe;1;1;3;48;50;U. D. Las Palmas;3;2;12;15;3;7;0.36;0.64;252;0.69;17;14;3;2;0;0;5;1.0;1.0;1.0;1.0;1.0;1.0;0.0;1.0;1.0;1.0;1.0;4;0.0426666666666666;0.1764705882352941;174;0.0977011494252873;483.33333333333337;0.4166666666666667;13.88888888888889;-3;-0.28;1;1;3;0.0476190476190476;0.1666666666666666;0.18;2.5;0;2;2;1;0;0;1;0;0.1666666666666666;0.6666666666666666;0.0079365079365079;6.0;0.0;0.0;0.0;0.0;0.0;0.0;0.0;0.0;0.0;0.0;0.0;0.0;1.0;0.0;0.0;0.0;0.0;0.0;0.0;0.0;0.0;0.0;0.0;0.0;0.0;0.0;0.0;0.0;0.0;0.0;0.0;0.0;0.0;0.0;0.0;0.0;0.0;0.0;0.0;0.0;0.0;0.0
2025-01-03;Getafe;19;1;1;48;119;Granada;5;5;19;11;4;3;0.45;0.55;470;0.73;17;18;5;5;0;0;8;0.0;1.0;1.0;0.0;1.0;1.0;0.0;1.0;1.0;1.0;0.0;11;0.05;0.2941176470588235;343;0.0495626822157434;762.2222222222222;0.4210526315789473;17.77777777777778;8;-0.1;-3;0;-1;0.0404255319148936;0.0526315789473684;0.45;8.0;0;1;1;1;0;0;1;0;0.0526315789473684;0.25;0.002127659574468;19.0;1.0;0.0;0.0;0.0;1.0;0.0;0.0;0.0;1.0;0.0;0.0;1.0;0.0;0.0;0.0;0.0;0.0;0.0;0.0;0.0;0.0;0.0;0.0;0.0;0.0;0.0;0.0;0.0;0.0;0.0;0.0;0.0;0.0;0.0;0.0;0.0;0.0;0.0;0.0;0.0;0.0;0.0
2024-12-21;Getafe;1;3;1;48;40;R.C.D. Mallorca;4;3;18;9;5;2;0.55;0.45;335;0.66;19;13;4;3;0;0;3;1.0;1.0;0.0;1.0;1.0;1.0;0.0;1.0;1.0;1.0;1.0;0;0.05;0.2105263157894736;221;0.085972850678733;401.8181818181818;0.1666666666666666;5.454545454545454;9;0.1;3;1;6;0.053731343283582;0.0;0.0;0.0;0;0;0;0;0;1;0;1;0.0;0.0;0.0;0.0;1.0;0.0;0.0;0.0;0.0;0.0;1.0;0.0;0.0;0.0;0.0;0.0;0.0;0.0;0.0;0.0;0.0;0.0;0.0;0.0;0.0;0.0;0.0;0.0;0.0;0.0;0.0;0.0;0.0;0.0;0.0;0.0;0.0;0.0;0.0;0.0;0.0;0.0;0.0;0.0;0.0;0.0
2024-12-15;Getafe;1;5;1;48;27;Atlético Madrid;1;3;7;11;1;3;0.42;0.58;374;0.74;15;13;1;3;0;0;3;1.0;1.0;1.0;1.0;1.0;1.0;0.0;0.0;0.0;1.0;0.0;8;0.0527272727272727;0.0666666666666666;277;0.0541516245487364;659.5238095238095;0.4285714285714285;7.142857142857143;-4;-0.1599999999999999;-5;-2;2;0.0187165775401069;0.0;0.0;0.0;0;0;0;0;0;1;1;0;0.0;0.0;0.0;0.0;0.0;0.0;0.0;0.0;1.0;0.0;1.0;0.0;0.0;0.0;1.0;0.0;0.0;1.0;0.0;0.0;0.0;0.0;0.0;0.0;0.0;0.0;0.0;0.0;0.0;0.0;0.0;0.0;0.0;0.0;0.0;0.0;0.0;0.0;0.0;0.0;0.0;0.0;0.0;0.0;0.0;0.0
2024-12-09;Getafe;1;1;7;48;49;RCD Espanyol;3;6;15;9;6;1;0.41;0.59;313;0.72;14;15;3;6;0;0;3;1.0;1.0;0.0;1.0;1.0;1.0;0.0;1.0;1.0;1.0;0.0;3;0.0655555555555555;0.2142857142857142;225;0.0622222222222222;548.7804878048781;0.2;7.317073170731708;6;-0.18;0;-3;-1;0.047923322683706;0.0666666666666666;0.41;3.0;1;0;1;1;0;0;0;1;0.0666666666666666;0.1666666666666666;0.0031948881789137;15.0;1.0;0.0;0.0;0.0;1.0;0.0;1.0;0.0;0.0;0.0;0.0;0.0;0.0;0.0;0.0;0.0;0.0;0.0;0.0;0.0;0.0;0.0;0.0;0.0;0.0;0.0;0.0;0.0;0.0;0.0;0.0;0.0;0.0;0.0;0.0;0.0;0.0;0.0;0.0;0.0;0.0;0.0
2024-12-05;Getafe;19;1;5;48;-1;Orihuela;3;2;24;9;8;4;0.66;0.34;594;0.82;21;21;3;2;0;0;6;0.0;1.0;1.0;0.0;0.0;0.0;0.0;0.0;0.0;0.0;1.0;4;0.0377777777777777;0.1428571428571428;487;0.0431211498973305;737.8787878787879;0.25;9.09090909090909;15;0.32;2;1;0;0.0404040404040404;0.0;0.0;0.0;0;0;0;0;1;0;1;0;0.0;0.0;0.0;0.0;0.0;0.0;0.0;1.0;1.0;0.0;0.0;0.0;1.0;1.0;1.0;1.0;0.0;0.0;1.0;1.0;0.0;0.0;0.0;0.0;0.0;0.0;0.0;0.0;0.0;0.0;0.0;0.0;0.0;0.0;0.0;0.0;0.0;0.0;0.0;0.0;0.0;0.0;0.0;0.0;0.0;0.0
2024-12-01;Getafe;1;1;0;48;12;Real Madrid;6;2;8;13;3;4;0.3;0.7;268;0.74;26;7;6;2;0;0;3;1.0;0.0;1.0;1.0;1.0;1.0;0.0;0.0;1.0;0.0;0.0;5;0.0538461538461538;0.2307692307692307;198;0.1313131313131313;660.0;0.375;10.0;-5;-0.3999999999999999;-2;4;19;0.0298507462686567;0.0;0.0;0.0;0;0;0;0;0;1;1;0;0.0;0.0;0.0;0.0;1.0;0.0;0.0;1.0;1.0;1.0;1.0;0.0;0.0;0.0;0.0;0.0;0.0;0.0;0.0;0.0;0.0;0.0;0.0;0.0;0.0;0.0;0.0;0.0;0.0;0.0;0.0;0.0;0.0;0.0;0.0;0.0;0.0;0.0;0.0;0.0;0.0;0.0;0.0;0.0;0.0;0.0
2024-11-26;Getafe;19;0;1;48;-1;Manises;1;3;23;7;11;2;0.66;0.34;431;0.84;17;11;1;3;0;0;6;0.0;0.0;1.0;0.0;1.0;0.0;0.0;0.0;0.0;1.0;1.0;0;0.0485714285714285;0.0588235294117647;362;0.0469613259668508;548.4848484848485;0.2608695652173913;9.09090909090909;16;0.32;6;-2;6;0.0533642691415313;0.1304347826086956;0.22;2.0;3;0;3;1;0;0;1;0;0.1304347826086956;0.2727272727272727;0.0069605568445475;7.666666666666667;0.0;0.0;0.0;0.0;1.0;1.0;0.0;0.0;1.0;1.0;1.0;0.0;0.0;0.0;1.0;1.0;0.0;0.0;0.0;0.0;0.0;0.0;0.0;0.0;0.0;0.0;0.0;0.0;0.0;0.0;0.0;0.0;0.0;0.0;0.0;0.0;0.0;0.0;0.0;0.0;0.0;0.0
2024-11-22;Getafe;1;1;9;48;51;Valladolid;3;2;12;6;5;3;0.57;0.43;330;0.75;15;15;3;2;0;0;3;1.0;1.0;0.0;1.0;0.0;1.0;0.0;1.0;1.0;0.0;1.0;2;0.0716666666666666;0.2;248;0.0604838709677419;435.0877192982456;0.25;5.2631578947368425;6;0.1399999999999999;1;1;0;0.0363636363636363;0.1666666666666666;0.285;1.5;0;2;2;1;0;0;0;1;0.1666666666666666;0.4;0.006060606060606;6.0;1.0;0.0;0.0;1.0;0.0;0.0;1.0;0.0;0.0;0.0;0.0;1.0;0.0;0.0;0.0;0.0;0.0;0.0;0.0;0.0;0.0;0.0;0.0;0.0;0.0;0.0;0.0;0.0;0.0;0.0;0.0;0.0;0.0;0.0;0.0;0.0;0.0;0.0;0.0;0.0;0.0;0.0
2024-11-10;Getafe;1;3;3;48;24;Girona;3;3;8;3;0;2;0.46;0.54;383;0.81;25;16;3;3;0;0;5;1.0;0.0;1.0;1.0;1.0;1.0;0.0;1.0;1.0;0.0;0.0;2;0.18;0.12;310;0.0806451612903225;673.9130434782609;0.625;10.869565217391305;5;-0.08;3;0;9;0.02088772845953;0.0;0.0;0.0;0;0;0;0;0;1;0;1;0.0;0.0;0.0;0.0;1.0;0.0;0.0;1.0;0.0;0.0;1.0;0.0;0.0;0.0;1.0;0.0;0.0;0.0;0.0;0.0;0.0;0.0;0.0;0.0;0.0;0.0;0.0;0.0;0.0;0.0;0.0;0.0;0.0;0.0;0.0;0.0;0.0;0.0;0.0;0.0;0.0;0.0;0.0;0.0;0.0;0.0
2024-11-04;Getafe;1;3;6;48;44;Celta de Vigo;3;1;10;10;2;3;0.42;0.58;410;0.78;11;12;2;1;1;0;2;1.0;1.0;0.0;1.0;0.0;1.0;0.0;1.0;1.0;0.0;0.0;0;0.0579999999999999;0.2727272727272727;320;0.034375;761.9047619047619;0.2;4.761904761904762;0;-0.1599999999999999;2;2;-1;0.024390243902439;0.0;0.0;0.0;0;0;0;0;0;1;1;0;0.0;0.0;0.0;0.0;1.0;0.0;0.0;1.0;0.0;0.0;1.0;0.0;0.0;0.0;0.0;1.0;0.0;0.0;0.0;0.0;1.0;0.0;0.0;0.0;0.0;0.0;0.0;0.0;0.0;0.0;0.0;0.0;0.0;0.0;0.0;0.0;0.0;0.0;0.0;0.0;0.0;0.0;0.0;0.0;0.0;0.0
2024-10-27;Getafe;1;1;9;48;52;Valencia C. F.;3;7;15;2;4;1;0.65;0.35;389;0.77;20;20;3;7;0;0;8;1.0;1.0;0.0;1.0;1.0;1.0;0.0;0.0;1.0;0.0;1.0;2;0.175;0.15;300;0.0666666666666666;461.5384615384616;0.5333333333333333;12.307692307692308;13;0.3;6;-4;0;0.0385604113110539;0.0666666666666666;0.65;8.0;0;1;1;0;1;0;0;1;0.0666666666666666;0.25;0.0025706940874035;15.0;1.0;0.0;0.0;1.0;1.0;0.0;0.0;0.0;0.0;0.0;0.0;1.0;0.0;0.0;0.0;0.0;0.0;0.0;0.0;0.0;0.0;0.0;0.0;0.0;0.0;0.0;0.0;0.0;0.0;0.0;0.0;0.0;0.0;0.0;0.0;0.0;0.0;0.0;0.0;0.0;0.0;0.0
2024-10-20;Getafe;1;1;3;48;37;Villarreal;3;4;21;10;4;4;0.42;0.58;269;0.71;21;18;3;4;0;0;5;1.0;1.0;0.0;1.0;1.0;1.0;0.0;1.0;1.0;0.0;1.0;5;0.0579999999999999;0.1428571428571428;191;0.1099476439790576;454.7619047619048;0.238095238095238;11.904761904761903;11;-0.1599999999999999;0;-1;3;0.0780669144981412;0.0476190476190476;0.42;5.0;0;1;1;0;1;0;1;0;0.0476190476190476;0.25;0.0037174721189591;21.0;1.0;0.0;0.0;1.0;0.0;0.0;0.0;0.0;0.0;0.0;0.0;1.0;0.0;0.0;0.0;0.0;0.0;0.0;0.0;0.0;0.0;0.0;0.0;0.0;0.0;0.0;0.0;0.0;0.0;0.0;0.0;0.0;0.0;0.0;0.0;0.0;0.0;0.0;0.0;0.0;0.0;0.0
2024-10-05;Getafe;1;1;0;48;41;Osasuna;2;4;11;6;3;2;0.39;0.61;223;0.56;17;10;2;4;0;0;4;1.0;1.0;0.0;1.0;0.0;1.0;0.0;1.0;1.0;0.0;1.0;2;0.1016666666666666;0.1176470588235294;125;0.136;320.5128205128205;0.3636363636363636;10.256410256410255;5;-0.2199999999999999;2;-2;7;0.0493273542600896;0.0909090909090909;0.39;4.0;1;0;1;0;1;0;0;1;0.0909090909090909;0.3333333333333333;0.0044843049327354;11.0;1.0;0.0;0.0;1.0;0.0;1.0;0.0;0.0;0.0;0.0;0.0;1.0;0.0;0.0;0.0;0.0;0.0;0.0;0.0;0.0;0.0;0.0;0.0;0.0;0.0;0.0;0.0;0.0;0.0;0.0;0.0;0.0;0.0;0.0;0.0;0.0;0.0;0.0;0.0;0.0;0.0;0.0
2024-09-28;Getafe;1;1;3;48;45;Alavés;3;6;14;9;8;1;0.44;0.56;203;0.54;17;24;3;6;0;0;2;1.0;1.0;0.0;1.0;0.0;1.0;0.0;1.0;1.0;0.0;1.0;2;0.0622222222222222;0.1764705882352941;110;0.1545454545454545;250.0;0.1428571428571428;4.545454545454546;5;-0.12;0;-3;-7;0.0689655172413793;0.1428571428571428;0.22;1.0;1;1;2;1;0;0;0;1;0.1428571428571428;0.25;0.0098522167487684;7.0;1.0;0.0;0.0;1.0;0.0;1.0;0.0;0.0;0.0;0.0;0.0;1.0;0.0;0.0;0.0;0.0;0.0;0.0;0.0;0.0;0.0;0.0;0.0;0.0;0.0;0.0;0.0;0.0;0.0;0.0;0.0;0.0;0.0;0.0;0.0;0.0;0.0;0.0;0.0;0.0;0.0;0.0
2024-09-25;Getafe;1;7;3;48;10;Barcelona;1;1;7;15;1;4;0.22;0.78;167;0.53;15;4;1;1;0;0;5;1.0;1.0;0.0;1.0;1.0;1.0;0.0;1.0;0.0;0.0;0.0;7;0.052;0.0666666666666666;89;0.1685393258426966;404.54545454545456;0.7142857142857143;22.727272727272727;-8;-0.56;-2;0;11;0.0419161676646706;0.0;0.0;0.0;0;0;0;0;0;1;1;0;0.0;0.0;0.0;0.0;0.0;0.0;0.0;1.0;0.0;1.0;0.0;0.0;0.0;0.0;1.0;1.0;1.0;0.0;0.0;0.0;0.0;0.0;0.0;0.0;0.0;0.0;0.0;0.0;0.0;0.0;0.0;0.0;0.0;0.0;0.0;0.0;0.0;0.0;0.0;0.0;0.0;0.0;0.0;0.0;0.0;0.0
2024-09-22;Getafe;1;4;17;48;47;Leganés;3;2;13;6;4;2;0.6;0.4;420;0.73;16;17;3;2;0;0;6;1.0;1.0;0.0;1.0;1.0;1.0;0.0;1.0;1.0;0.0;1.0;2;0.0666666666666666;0.1875;307;0.0521172638436482;511.6666666666667;0.4615384615384615;10.0;7;0.1999999999999999;4;1;-1;0.0309523809523809;0.0769230769230769;0.6;6.0;0;1;1;0;1;0;0;1;0.0769230769230769;0.25;0.0023809523809523;13.0;1.0;0.0;0.0;0.0;0.0;1.0;0.0;0.0;0.0;0.0;1.0;0.0;0.0;0.0;0.0;0.0;0.0;0.0;0.0;0.0;0.0;0.0;0.0;0.0;0.0;0.0;0.0;0.0;0.0;0.0;0.0;0.0;0.0;0.0;0.0;0.0;0.0;0.0;0.0;0.0;0.0;0.0
2024-09-18;Getafe;1;3;3;48;39;Betis;5;3;15;17;5;7;0.34;0.66;251;0.68;20;10;5;3;0;0;4;1.0;1.0;0.0;1.0;1.0;1.0;0.0;1.0;0.0;0.0;1.0;8;0.0388235294117647;0.25;171;0.1169590643274853;502.9411764705882;0.2666666666666666;11.76470588235294;-2;-0.32;-4;2;10;0.0597609561752988;0.0666666666666666;0.34;4.0;0;1;1;0;0;1;1;0;0.0666666666666666;0.2;0.0039840637450199;15.0;1.0;0.0;0.0;0.0;0.0;0.0;0.0;0.0;0.0;1.0;0.0;1.0;1.0;0.0;0.0;0.0;0.0;0.0;0.0;0.0;0.0;0.0;0.0;0.0;0.0;0.0;0.0;0.0;0.0;0.0;0.0;0.0;0.0;0.0;0.0;0.0;0.0;0.0;0.0;0.0;0.0;0.0
2024-09-14;Getafe;1;1;6;48;43;Sevilla;4;2;15;10;4;4;0.39;0.61;266;0.69;15;19;4;1;0;1;4;1.0;1.0;0.0;0.0;1.0;1.0;0.0;1.0;1.0;0.0;1.0;3;0.061;0.2666666666666666;184;0.0815217391304347;471.79487179487177;0.2666666666666666;10.256410256410255;5;-0.2199999999999999;1;2;-4;0.056390977443609;0.0;0.0;0.0;0;0;0;0;0;1;1;0;0.0;0.0;0.0;0.0;1.0;0.0;0.0;1.0;0.0;1.0;0.0;0.0;0.0;0.0;0.0;1.0;0.0;0.0;0.0;0.0;0.0;0.0;0.0;0.0;0.0;0.0;0.0;0.0;0.0;0.0;0.0;0.0;0.0;0.0;0.0;0.0;0.0;0.0;0.0;0.0;0.0;0.0;0.0;0.0;0.0;0.0
2024-09-01;Getafe;1;3;8;48;46;Real Sociedad;1;1;16;1;1;0;0.53;0.47;340;0.67;14;16;1;1;0;0;4;1.0;1.0;0.0;1.0;1.0;1.0;0.0;1.0;0.0;0.0;1.0;1;0.47;0.0714285714285714;228;0.0614035087719298;430.18867924528297;0.25;7.547169811320754;15;0.06;3;0;-2;0.0470588235294117;0.0;0.0;0.0;0;0;0;0;1;0;0;1;0.0;0.0;0.0;0.0;1.0;0.0;0.0;1.0;0.0;0.0;0.0;0.0;0.0;0.0;0.0;1.0;0.0;0.0;0.0;0.0;1.0;0.0;0.0;0.0;0.0;0.0;0.0;0.0;0.0;0.0;0.0;0.0;0.0;0.0;0.0;0.0;0.0;0.0;0.0;0.0;0.0;0.0;0.0;0.0;0.0;0.0
2024-08-24;Getafe;1;3;3;48;42;Rayo Vallecano;1;2;12;3;0;0;0.48;0.52;284;0.6;16;18;1;2;0;0;3;1.0;1.0;0.0;1.0;1.0;1.0;0.0;1.0;0.0;0.0;0.0;2;0.1733333333333333;0.0625;170;0.0941176470588235;354.1666666666667;0.25;6.25;9;-0.04;1;-1;-2;0.0422535211267605;0.0;0.0;0.0;0;0;0;0;1;0;0;1;0.0;0.0;0.0;0.0;1.0;0.0;0.0;1.0;0.0;0.0;0.0;0.0;0.0;0.0;0.0;1.0;1.0;0.0;0.0;0.0;1.0;0.0;0.0;0.0;0.0;0.0;0.0;0.0;0.0;0.0;0.0;0.0;0.0;0.0;0.0;0.0;0.0;0.0;0.0;0.0;0.0;0.0;0.0;0.0;0.0;0.0
2024-08-15;Getafe;1;7;3;48;38;Athletic;1;4;9;7;2;4;0.3;0.7;194;0.59;12;15;1;4;0;0;6;1.0;1.0;0.0;1.0;1.0;1.0;0.0;1.0;1.0;0.0;0.0;5;0.0999999999999999;0.0833333333333333;114;0.1052631578947368;380.0;0.6666666666666666;20.0;2;-0.3999999999999999;1;-3;-3;0.0463917525773195;0.1111111111111111;0.3;6.0;0;1;1;0;1;0;1;0;0.1111111111111111;0.5;0.0051546391752577;9.0;1.0;0.0;0.0;1.0;0.0;0.0;0.0;0.0;0.0;0.0;0.0;1.0;0.0;0.0;0.0;0.0;1.0;0.0;0.0;0.0;0.0;0.0;0.0;0.0;0.0;0.0;0.0;0.0;0.0;0.0;0.0;0.0;0.0;0.0;0.0;0.0;0.0;0.0;0.0;0.0;0.0;0.0
2024-08-03;Getafe;6;6;6;48;27;Atlético Madrid;2;1;5;8;1;4;0.49;0.51;432;0.82;20;15;1;1;1;0;3;1.0;1.0;0.0;1.0;1.0;1.0;0.0;1.0;0.0;0.0;0.0;1;0.06375;0.1;354;0.0564971751412429;722.4489795918367;0.6;6.122448979591836;-3;-0.02;2;1;5;0.011574074074074;0.2;0.49;3.0;0;1;1;0;0;1;0;1;0.2;1.0;0.0023148148148148;5.0;0.0;0.0;0.0;1.0;0.0;0.0;0.0;0.0;0.0;1.0;0.0;0.0;0.0;0.0;0.0;0.0;1.0;1.0;1.0;0.0;0.0;0.0;0.0;0.0;0.0;0.0;0.0;0.0;0.0;0.0;0.0;0.0;0.0;0.0;0.0;0.0;0.0;0.0;0.0;0.0;0.0;0.0
2024-05-26;Getafe;1;7;7;48;40;R.C.D. Mallorca;0;2;16;9;6;4;0.51;0.49;409;0.82;12;10;0;2;0;0;3;1.0;1.0;0.0;1.0;0.0;1.0;0.0;0.0;0.0;0.0;0.0;4;0.0544444444444444;0.0;335;0.035820895522388;656.8627450980392;0.1875;5.88235294117647;7;0.02;-1;-2;2;0.0391198044009779;0.0625;0.51;3.0;0;1;1;0;0;1;0;1;0.0625;0.1666666666666666;0.0024449877750611;16.0;0.0;0.0;0.0;0.0;0.0;0.0;0.0;0.0;0.0;0.0;0.0;0.0;0.0;0.0;0.0;0.0;1.0;0.0;0.0;1.0;1.0;1.0;1.0;1.0;1.0;0.0;0.0;0.0;0.0;0.0;0.0;0.0;0.0;0.0;0.0;0.0;0.0;0.0;0.0;0.0;0.0;0.0
2024-05-18;Getafe;1;4;3;48;45;Alavés;6;5;10;9;4;2;0.53;0.47;278;0.65;27;13;5;5;1;0;1;1.0;0.0;0.0;1.0;0.0;1.0;0.0;0.0;0.0;0.0;0.0;2;0.0522222222222222;0.2222222222222222;181;0.149171270718232;341.5094339622641;0.1;1.8867924528301885;1;0.06;-1;1;14;0.0359712230215827;0.0;0.0;0.0;0;0;0;0;0;1;1;0;0.0;0.0;0.0;0.0;1.0;0.0;0.0;0.0;0.0;0.0;0.0;0.0;0.0;0.0;1.0;0.0;0.0;0.0;0.0;0.0;1.0;0.0;0.0;1.0;1.0;0.0;1.0;0.0;1.0;1.0;0.0;0.0;0.0;0.0;0.0;0.0;0.0;0.0;0.0;0.0;0.0;0.0;0.0;0.0;0.0;0.0
2024-05-15;Getafe;1;8;9;48;27;Atlético Madrid;4;3;8;7;3;3;0.45;0.55;455;0.85;17;7;4;3;0;0;6;1.0;0.0;0.0;1.0;0.0;1.0;0.0;0.0;0.0;0.0;0.0;3;0.0785714285714285;0.2352941176470588;387;0.0439276485788113;860.0;0.75;13.333333333333332;1;-0.1;3;1;10;0.0175824175824175;0.0;0.0;0.0;0;0;0;0;0;1;0;1;0.0;0.0;0.0;0.0;1.0;0.0;0.0;0.0;0.0;0.0;0.0;0.0;0.0;0.0;0.0;0.0;1.0;0.0;0.0;0.0;0.0;0.0;0.0;1.0;1.0;0.0;1.0;1.0;0.0;1.0;1.0;0.0;0.0;0.0;0.0;0.0;0.0;0.0;0.0;0.0;0.0;0.0;0.0;0.0;0.0;0.0
2024-05-12;Getafe;1;4;1;48;130;Cádiz;2;5;10;13;4;6;0.56;0.44;438;0.79;16;23;2;5;0;0;2;1.0;1.0;0.0;0.0;0.0;1.0;0.0;0.0;0.0;0.0;0.0;6;0.0338461538461538;0.125;346;0.0462427745664739;617.8571428571428;0.2;3.571428571428571;-3;0.12;-4;-3;-7;0.0228310502283105;0.0;0.0;0.0;0;0;0;0;0;1;1;0;0.0;0.0;0.0;0.0;1.0;0.0;0.0;0.0;0.0;0.0;0.0;0.0;0.0;0.0;1.0;0.0;0.0;0.0;0.0;0.0;0.0;0.0;0.0;1.0;1.0;0.0;1.0;0.0;1.0;1.0;0.0;1.0;0.0;0.0;0.0;0.0;0.0;0.0;0.0;0.0;0.0;0.0;0.0;0.0;0.0;0.0
2024-05-03;Getafe;1;3;3;48;38;Athletic;0;2;34;7;9;2;0.64;0.36;528;0.8;6;9;0;0;0;2;10;1.0;1.0;0.0;1.0;0.0;1.0;0.0;0.0;0.0;0.0;0.0;6;0.0514285714285714;0.0;422;0.0142180094786729;659.375;0.2941176470588235;15.625;27;0.28;4;-2;-3;0.0643939393939393;0.0;0.0;0.0;0;0;0;0;0;1;0;1;0.0;0.0;0.0;0.0;1.0;0.0;0.0;0.0;0.0;0.0;0.0;0.0;0.0;0.0;0.0;0.0;0.0;0.0;0.0;0.0;0.0;0.0;0.0;0.0;1.0;0.0;1.0;1.0;1.0;1.0;1.0;0.0;0.0;0.0;0.0;0.0;0.0;0.0;0.0;0.0;0.0;0.0;0.0;0.0;0.0;0.0
2024-04-27;Getafe;1;3;3;48;126;Almería;4;4;8;21;5;11;0.44;0.56;317;0.72;31;15;4;3;0;1;2;1.0;1.0;0.0;1.0;0.0;1.0;0.0;0.0;0.0;0.0;0.0;9;0.0266666666666666;0.1290322580645161;228;0.1359649122807017;518.1818181818181;0.25;4.545454545454546;-13;-0.12;-7;0;16;0.0252365930599369;0.375;0.1466666666666666;0.6666666666666666;1;2;3;1;0;0;1;0;0.375;0.6;0.0094637223974763;2.6666666666666665;1.0;0.0;0.0;0.0;0.0;0.0;0.0;0.0;0.0;0.0;0.0;0.0;0.0;0.0;0.0;0.0;0.0;0.0;0.0;0.0;1.0;0.0;1.0;1.0;0.0;1.0;1.0;0.0;1.0;0.0;0.0;0.0;0.0;0.0;0.0;0.0;0.0;0.0;0.0;0.0;0.0;0.0
2024-04-21;Getafe;1;3;0;48;46;Real Sociedad;0;2;6;7;3;3;0.39;0.61;295;0.67;12;18;0;2;0;0;0;1.0;1.0;0.0;1.0;0.0;1.0;0.0;0.0;0.0;0.0;0.0;4;0.0871428571428571;0.0;198;0.0606060606060606;507.6923076923077;0.0;0.0;-1;-0.2199999999999999;-4;-2;-6;0.0203389830508474;0.1666666666666666;0.39;0.0;1;0;1;0;1;0;0;1;0.1666666666666666;0.3333333333333333;0.0033898305084745;6.0;1.0;0.0;0.0;0.0;0.0;0.0;0.0;0.0;0.0;0.0;1.0;0.0;0.0;0.0;0.0;0.0;0.0;0.0;0.0;0.0;1.0;0.0;1.0;1.0;0.0;1.0;0.0;0.0;1.0;0.0;0.0;0.0;0.0;0.0;0.0;0.0;0.0;0.0;0.0;0.0;0.0;0.0
2024-04-13;Getafe;1;8;1;48;42;Rayo Vallecano;6;4;7;12;0;2;0.36;0.64;262;0.61;19;17;6;4;0;0;0;1.0;1.0;0.0;1.0;1.0;1.0;0.0;0.0;0.0;0.0;0.0;3;0.0533333333333333;0.3157894736842105;160;0.11875;444.44444444444446;0.0;0.0;-5;-0.28;-3;2;2;0.0267175572519083;0.0;0.0;0.0;0;0;0;0;1;0;1;0;0.0;0.0;0.0;0.0;1.0;0.0;0.0;0.0;0.0;0.0;0.0;0.0;0.0;0.0;1.0;0.0;0.0;0.0;0.0;0.0;0.0;0.0;0.0;1.0;1.0;0.0;1.0;0.0;1.0;0.0;0.0;0.0;0.0;0.0;0.0;0.0;0.0;0.0;0.0;0.0;0.0;0.0;0.0;0.0;0.0;0.0
2024-03-30;Getafe;1;7;4;48;43;Sevilla;4;5;18;10;5;3;0.67;0.33;572;0.81;11;15;4;5;0;0;6;1.0;1.0;0.0;1.0;1.0;1.0;0.0;0.0;0.0;0.0;0.0;3;0.033;0.3636363636363636;463;0.0237580993520518;691.044776119403;0.3333333333333333;8.955223880597014;8;0.34;3;-1;-4;0.0314685314685314;0.0;0.0;0.0;0;0;0;0;0;1;0;1;0.0;0.0;0.0;0.0;0.0;0.0;0.0;0.0;0.0;0.0;0.0;0.0;0.0;0.0;1.0;0.0;0.0;0.0;0.0;0.0;0.0;0.0;0.0;1.0;1.0;0.0;1.0;1.0;0.0;0.0;1.0;0.0;0.0;0.0;0.0;0.0;0.0;0.0;0.0;0.0;0.0;0.0;0.0;0.0;0.0;0.0
2024-03-16;Getafe;1;7;3;48;24;Girona;4;4;11;13;3;3;0.41;0.59;337;0.72;16;13;4;4;0;0;2;1.0;1.0;0.0;1.0;1.0;1.0;0.0;0.0;0.0;0.0;0.0;5;0.0453846153846153;0.25;243;0.0658436213991769;592.6829268292684;0.1818181818181818;4.878048780487805;-2;-0.18;-3;0;3;0.0326409495548961;0.0909090909090909;0.41;2.0;1;0;1;1;0;0;0;1;0.0909090909090909;0.3333333333333333;0.0029673590504451;11.0;0.0;0.0;0.0;0.0;0.0;0.0;0.0;0.0;0.0;0.0;1.0;0.0;0.0;0.0;0.0;0.0;0.0;0.0;0.0;1.0;1.0;0.0;1.0;1.0;0.0;0.0;1.0;0.0;0.0;0.0;0.0;0.0;0.0;0.0;0.0;0.0;0.0;0.0;0.0;0.0;0.0;0.0
2024-03-09;Getafe;1;1;1;48;52;Valencia C. F.;3;2;15;10;5;3;0.48;0.52;366;0.72;19;10;3;2;0;0;5;1.0;1.0;0.0;1.0;1.0;1.0;0.0;0.0;0.0;0.0;0.0;5;0.052;0.1578947368421052;264;0.0719696969696969;550.0;0.3333333333333333;10.416666666666668;5;-0.04;0;1;9;0.040983606557377;0.0;0.0;0.0;0;0;0;0;0;1;1;0;0.0;0.0;0.0;0.0;0.0;0.0;0.0;0.0;0.0;0.0;0.0;0.0;0.0;0.0;0.0;0.0;1.0;0.0;0.0;0.0;0.0;0.0;0.0;1.0;0.0;0.0;1.0;0.0;1.0;0.0;1.0;0.0;1.0;0.0;0.0;0.0;0.0;0.0;0.0;0.0;0.0;0.0;0.0;0.0;0.0;0.0
2024-03-02;Getafe;1;0;5;48;50;U. D. Las Palmas;4;1;16;14;5;5;0.26;0.74;241;0.64;28;9;4;1;0;0;4;1.0;0.0;1.0;0.0;0.0;1.0;0.0;0.0;0.0;0.0;0.0;4;0.0528571428571428;0.1428571428571428;154;0.1818181818181818;592.3076923076923;0.25;15.384615384615383;2;-0.48;0;3;19;0.0663900414937759;0.1875;0.0866666666666666;1.3333333333333333;3;0;3;0;1;0;0;1;0.1875;0.6;0.0124481327800829;5.333333333333333;1.0;0.0;0.0;0.0;0.0;0.0;0.0;1.0;0.0;0.0;0.0;0.0;0.0;0.0;0.0;0.0;0.0;0.0;0.0;1.0;1.0;0.0;1.0;0.0;1.0;1.0;1.0;0.0;0.0;0.0;0.0;0.0;0.0;0.0;0.0;0.0;0.0;0.0;0.0;0.0;0.0;0.0
2024-02-16;Getafe;1;1;1;48;37;Villarreal;1;0;11;20;2;7;0.44;0.56;369;0.62;13;13;1;0;0;0;3;1.0;1.0;0.0;1.0;1.0;1.0;0.0;0.0;0.0;0.0;0.0;8;0.028;0.0769230769230769;229;0.056768558951965;520.4545454545455;0.2727272727272727;6.818181818181818;-9;-0.12;-5;1;0;0.029810298102981;0.0909090909090909;0.44;3.0;1;0;1;0;1;0;1;0;0.0909090909090909;0.5;0.002710027100271;11.0;1.0;0.0;0.0;0.0;0.0;0.0;0.0;1.0;0.0;0.0;0.0;0.0;0.0;0.0;0.0;0.0;0.0;0.0;0.0;0.0;1.0;0.0;1.0;0.0;1.0;0.0;0.0;0.0;0.0;1.0;0.0;0.0;0.0;0.0;0.0;0.0;0.0;0.0;0.0;0.0;0.0;0.0
2024-02-11;Getafe;1;1;6;48;44;Celta de Vigo;1;2;11;9;4;4;0.47;0.53;395;0.67;16;13;1;2;0;0;0;1.0;1.0;0.0;1.0;1.0;1.0;0.0;0.0;0.0;0.0;0.0;4;0.0588888888888888;0.0625;265;0.060377358490566;563.8297872340426;0.0;0.0;2;-0.06;-4;-1;3;0.0278481012658227;0.2727272727272727;0.1566666666666666;0.0;2;1;3;1;0;0;0;1;0.2727272727272727;0.75;0.0075949367088607;3.6666666666666665;1.0;0.0;0.0;0.0;0.0;0.0;0.0;1.0;0.0;0.0;0.0;0.0;0.0;0.0;0.0;0.0;0.0;0.0;0.0;0.0;1.0;0.0;1.0;0.0;1.0;0.0;0.0;0.0;0.0;1.0;0.0;0.0;0.0;0.0;0.0;0.0;0.0;0.0;0.0;0.0;0.0;0.0
2024-02-04;Getafe;1;1;3;48;39;Betis;4;7;11;9;2;3;0.45;0.55;357;0.68;19;9;4;7;0;0;5;1.0;1.0;0.0;1.0;0.0;1.0;0.0;0.0;0.0;0.0;0.0;3;0.0611111111111111;0.2105263157894736;243;0.0781893004115226;540.0;0.4545454545454545;11.11111111111111;2;-0.1;2;-3;10;0.0308123249299719;0.0909090909090909;0.45;5.0;1;0;1;0;1;0;1;0;0.0909090909090909;0.5;0.0028011204481792;11.0;1.0;0.0;0.0;0.0;0.0;0.0;0.0;0.0;0.0;0.0;1.0;0.0;0.0;0.0;0.0;0.0;0.0;0.0;0.0;1.0;1.0;0.0;0.0;0.0;1.0;0.0;0.0;0.0;1.0;1.0;0.0;0.0;0.0;0.0;0.0;0.0;0.0;0.0;0.0;0.0;0.0;0.0
2024-02-01;Getafe;1;1;28;48;12;Real Madrid;1;2;10;16;2;9;0.41;0.59;417;0.81;16;5;1;2;0;0;2;1.0;1.0;1.0;1.0;0.0;1.0;0.0;0.0;0.0;0.0;0.0;6;0.036875;0.0625;338;0.0473372781065088;824.3902439024391;0.2;4.878048780487805;-6;-0.18;-4;-1;11;0.0239808153477218;0.0;0.0;0.0;0;0;0;0;0;1;0;1;0.0;0.0;0.0;0.0;0.0;0.0;0.0;0.0;0.0;0.0;0.0;1.0;0.0;0.0;0.0;0.0;0.0;0.0;0.0;0.0;0.0;0.0;0.0;1.0;1.0;0.0;1.0;0.0;0.0;1.0;0.0;0.0;0.0;0.0;1.0;0.0;0.0;0.0;0.0;0.0;0.0;0.0;0.0;0.0;0.0;0.0
2024-01-29;Getafe;1;1;0;48;119;Granada;2;1;7;16;4;3;0.38;0.62;318;0.67;17;11;2;1;0;0;4;1.0;1.0;0.0;1.0;1.0;0.0;0.0;0.0;0.0;0.0;0.0;3;0.03875;0.1176470588235294;213;0.0798122065727699;560.5263157894736;0.5714285714285714;10.526315789473683;-9;-0.24;1;1;6;0.0220125786163522;0.2857142857142857;0.19;2.0;2;0;2;1;0;0;0;1;0.2857142857142857;0.5;0.0062893081761006;3.5;1.0;0.0;0.0;0.0;0.0;0.0;0.0;1.0;0.0;0.0;1.0;0.0;0.0;0.0;0.0;0.0;0.0;0.0;0.0;0.0;1.0;0.0;1.0;0.0;1.0;0.0;0.0;0.0;0.0;1.0;0.0;0.0;0.0;0.0;0.0;0.0;0.0;0.0;0.0;0.0;0.0;0.0
2024-01-21;Getafe;1;1;2;48;41;Osasuna;4;5;10;13;7;7;0.58;0.42;368;0.72;16;14;4;5;0;0;4;1.0;1.0;0.0;1.0;0.0;1.0;0.0;0.0;0.0;0.0;0.0;1;0.0323076923076923;0.25;265;0.060377358490566;456.896551724138;0.4;6.896551724137932;-3;0.1599999999999999;3;-1;2;0.0271739130434782;0.2;0.29;2.0;0;2;2;0;0;1;1;0;0.2;0.2857142857142857;0.0054347826086956;5.0;1.0;0.0;0.0;0.0;0.0;0.0;0.0;1.0;0.0;0.0;0.0;0.0;1.0;0.0;0.0;0.0;0.0;0.0;0.0;1.0;1.0;0.0;1.0;0.0;0.0;0.0;0.0;0.0;0.0;0.0;0.0;1.0;0.0;0.0;0.0;0.0;0.0;0.0;0.0;0.0;0.0;0.0
2024-01-16;Getafe;19;1;2;48;43;Sevilla;1;2;16;7;3;5;0.66;0.34;540;0.83;11;11;1;2;0;0;7;1.0;1.0;0.0;0.0;1.0;1.0;0.0;0.0;0.0;0.0;0.0;2;0.0485714285714285;0.0909090909090909;448;0.0245535714285714;678.7878787878788;0.4375;10.606060606060606;9;0.32;5;-1;0;0.0296296296296296;0.0625;0.66;7.0;1;0;1;0;0;1;0;1;0.0625;0.3333333333333333;0.0018518518518518;16.0;1.0;0.0;0.0;0.0;0.0;0.0;0.0;1.0;0.0;0.0;0.0;0.0;0.0;0.0;0.0;0.0;0.0;0.0;0.0;1.0;1.0;0.0;1.0;0.0;1.0;0.0;0.0;0.0;1.0;0.0;0.0;0.0;0.0;0.0;0.0;0.0;0.0;0.0;0.0;0.0;0.0;0.0
2024-01-06;Getafe;19;1;1;48;49;RCD Espanyol;2;1;13;9;2;4;0.47;0.53;381;0.72;18;11;2;1;0;0;3;1.0;0.0;0.0;1.0;1.0;1.0;0.0;0.0;0.0;0.0;0.0;4;0.0588888888888888;0.1111111111111111;274;0.0656934306569343;582.9787234042553;0.2307692307692307;6.382978723404256;4;-0.06;-1;1;7;0.0341207349081364;0.0769230769230769;0.47;3.0;0;1;1;1;0;0;1;0;0.0769230769230769;0.5;0.0026246719160104;13.0;1.0;0.0;0.0;0.0;0.0;0.0;0.0;1.0;0.0;0.0;0.0;0.0;0.0;0.0;0.0;0.0;0.0;0.0;0.0;1.0;1.0;0.0;1.0;0.0;0.0;1.0;0.0;0.0;1.0;0.0;0.0;0.0;0.0;0.0;0.0;0.0;0.0;0.0;0.0;0.0;0.0;0.0
2024-01-02;Getafe;1;1;1;48;42;Rayo Vallecano;6;3;5;12;0;7;0.37;0.63;301;0.68;16;16;4;3;2;0;2;1.0;1.0;0.0;0.0;0.0;1.0;0.0;0.0;0.0;0.0;0.0;3;0.0525;0.375;205;0.0780487804878048;554.0540540540541;0.4;5.405405405405405;-7;-0.26;-1;3;0;0.0166112956810631;0.0;0.0;0.0;0;0;0;0;0;1;0;1;0.0;0.0;0.0;0.0;1.0;0.0;0.0;0.0;0.0;0.0;0.0;1.0;0.0;0.0;0.0;0.0;0.0;0.0;0.0;0.0;0.0;0.0;0.0;1.0;1.0;0.0;1.0;0.0;1.0;0.0;0.0;0.0;1.0;0.0;1.0;0.0;0.0;0.0;0.0;0.0;0.0;0.0;0.0;0.0;0.0;0.0
2023-12-19;Getafe;1;1;2;48;27;Atlético Madrid;3;2;29;8;9;4;0.59;0.41;535;0.83;14;6;3;1;0;1;12;1.0;0.0;1.0;0.0;1.0;1.0;0.0;0.0;0.0;0.0;0.0;1;0.05125;0.2142857142857142;444;0.0315315315315315;752.542372881356;0.4137931034482758;20.33898305084746;21;0.18;11;1;8;0.0542056074766355;0.1034482758620689;0.1966666666666666;4.0;0;3;3;0;1;0;1;0;0.1034482758620689;0.3333333333333333;0.005607476635514;9.666666666666666;1.0;0.0;0.0;0.0;0.0;0.0;0.0;1.0;0.0;0.0;0.0;0.0;0.0;0.0;0.0;0.0;0.0;0.0;0.0;1.0;1.0;0.0;1.0;0.0;1.0;0.0;0.0;0.0;1.0;0.0;0.0;0.0;0.0;0.0;0.0;0.0;0.0;0.0;0.0;0.0;0.0;0.0
2023-12-16;Getafe;1;1;4;48;43;Sevilla;3;3;14;12;7;4;0.43;0.57;366;0.71;18;18;3;3;0;0;2;1.0;1.0;0.0;0.0;1.0;1.0;0.0;0.0;0.0;0.0;0.0;4;0.0474999999999999;0.1666666666666666;260;0.0692307692307692;604.6511627906976;0.1428571428571428;4.651162790697675;2;-0.1399999999999999;-2;0;0;0.0382513661202185;0.2142857142857142;0.1433333333333333;0.6666666666666666;2;1;3;1;0;0;1;0;0.2142857142857142;0.4285714285714285;0.0081967213114754;4.666666666666667;1.0;0.0;0.0;0.0;0.0;0.0;0.0;1.0;0.0;0.0;0.0;0.0;0.0;0.0;0.0;0.0;0.0;0.0;0.0;1.0;1.0;0.0;1.0;0.0;1.0;0.0;0.0;0.0;1.0;0.0;0.0;0.0;0.0;0.0;0.0;0.0;0.0;0.0;0.0;0.0;0.0;0.0
2023-12-08;Getafe;1;1;1;48;52;Valencia C. F.;3;4;8;3;6;0;0.68;0.32;583;0.8;15;15;2;2;1;2;7;1.0;1.0;1.0;0.0;1.0;1.0;0.0;0.0;0.0;0.0;0.0;0;0.1066666666666666;0.2;466;0.0321888412017167;685.2941176470588;0.875;10.294117647058822;5;0.36;7;-1;0;0.0137221269296741;0.125;0.68;7.0;0;1;1;1;0;0;0;1;0.125;0.1666666666666666;0.0017152658662092;8.0;0.0;0.0;0.0;0.0;0.0;0.0;0.0;1.0;0.0;0.0;0.0;0.0;0.0;0.0;0.0;0.0;0.0;0.0;0.0;1.0;1.0;0.0;1.0;0.0;0.0;0.0;0.0;0.0;1.0;1.0;0.0;0.0;0.0;0.0;0.0;0.0;0.0;0.0;0.0;0.0;0.0;0.0
2023-12-05;Getafe;19;1;1;48;358;Atzeneta;4;2;9;11;4;3;0.49;0.51;282;0.51;12;19;4;2;0;0;3;0.0;0.0;1.0;1.0;0.0;0.0;0.0;0.0;0.0;0.0;0.0;6;0.0463636363636363;0.3333333333333333;144;0.0833333333333333;293.8775510204082;0.3333333333333333;6.122448979591836;-2;-0.02;-3;2;-7;0.0319148936170212;0.2222222222222222;0.245;1.5;0;2;2;1;0;0;1;0;0.2222222222222222;0.5;0.0070921985815602;4.5;0.0;0.0;0.0;0.0;0.0;0.0;0.0;0.0;0.0;0.0;0.0;0.0;1.0;0.0;0.0;0.0;0.0;0.0;0.0;0.0;0.0;0.0;0.0;1.0;1.0;0.0;0.0;1.0;1.0;1.0;1.0;0.0;1.0;1.0;0.0;0.0;0.0;0.0;0.0;0.0;0.0;0.0
2023-12-01;Getafe;1;8;5;48;50;U. D. Las Palmas;6;0;12;11;4;6;0.29;0.71;270;0.63;9;11;5;0;1;0;4;1.0;1.0;0.0;1.0;0.0;1.0;0.0;0.0;0.0;0.0;0.0;4;0.0645454545454545;0.6666666666666666;170;0.0529411764705882;586.2068965517242;0.3333333333333333;13.793103448275865;1;-0.42;0;6;-2;0.0444444444444444;0.0;0.0;0.0;0;0;0;0;0;1;1;0;0.0;0.0;0.0;0.0;1.0;0.0;0.0;0.0;0.0;0.0;0.0;1.0;0.0;0.0;0.0;0.0;0.0;0.0;0.0;0.0;0.0;0.0;0.0;1.0;1.0;0.0;1.0;1.0;0.0;0.0;0.0;0.0;0.0;0.0;1.0;0.0;0.0;0.0;0.0;0.0;0.0;0.0;0.0;0.0;0.0;0.0
2023-11-25;Getafe;1;1;3;48;126;Almería;2;4;18;13;5;4;0.54;0.46;425;0.72;12;8;2;4;0;0;3;1.0;0.0;0.0;1.0;0.0;1.0;0.0;0.0;0.0;0.0;0.0;6;0.0353846153846153;0.1666666666666666;306;0.0392156862745098;566.6666666666666;0.1666666666666666;5.555555555555555;5;0.08;-3;-2;4;0.0423529411764705;0.1111111111111111;0.27;1.5;2;0;2;1;0;0;0;1;0.1111111111111111;0.4;0.0047058823529411;9.0;1.0;0.0;0.0;0.0;0.0;0.0;0.0;1.0;0.0;0.0;0.0;0.0;0.0;0.0;0.0;0.0;0.0;0.0;0.0;1.0;1.0;0.0;1.0;0.0;0.0;1.0;0.0;0.0;1.0;0.0;1.0;0.0;0.0;0.0;0.0;0.0;0.0;0.0;0.0;0.0;0.0;0.0
2023-11-11;Getafe;1;3;13;48;119;Granada;2;4;10;12;6;6;0.41;0.59;332;0.63;9;14;2;4;0;0;5;1.0;0.0;0.0;1.0;0.0;1.0;0.0;0.0;0.0;0.0;0.0;3;0.0491666666666666;0.2222222222222222;209;0.0430622009569378;509.75609756097566;0.5;12.195121951219512;-2;-0.18;2;-2;-5;0.0301204819277108;0.1;0.41;5.0;1;0;1;0;1;0;1;0;0.1;0.1666666666666666;0.003012048192771;10.0;1.0;0.0;0.0;0.0;0.0;0.0;0.0;1.0;0.0;0.0;0.0;0.0;1.0;0.0;0.0;0.0;0.0;0.0;0.0;1.0;1.0;0.0;1.0;0.0;0.0;1.0;0.0;0.0;0.0;0.0;1.0;0.0;0.0;0.0;0.0;0.0;0.0;0.0;0.0;0.0;0.0;0.0
2023-11-06;Getafe;1;1;1;48;130;Cádiz;6;0;13;6;3;2;0.44;0.56;318;0.68;18;12;5;0;1;0;6;1.0;1.0;0.0;1.0;0.0;0.0;0.0;0.0;0.0;0.0;0.0;3;0.0933333333333333;0.3333333333333333;216;0.0833333333333333;490.9090909090909;0.4615384615384615;13.636363636363637;7;-0.12;3;6;6;0.040880503144654;0.0769230769230769;0.44;6.0;0;1;1;1;0;0;0;1;0.0769230769230769;0.3333333333333333;0.0031446540880503;13.0;1.0;0.0;0.0;0.0;0.0;0.0;0.0;1.0;0.0;0.0;0.0;0.0;0.0;0.0;0.0;0.0;0.0;0.0;0.0;1.0;1.0;0.0;1.0;0.0;1.0;1.0;0.0;0.0;0.0;0.0;1.0;0.0;0.0;0.0;0.0;0.0;0.0;0.0;0.0;0.0;0.0;0.0
2023-11-01;Getafe;19;1;3;48;-1;Tardienta;0;1;35;3;25;2;0.71;0.29;653;0.87;16;6;0;1;0;0;7;0.0;0.0;1.0;1.0;1.0;1.0;0.0;0.0;0.0;0.0;0.0;1;0.0966666666666666;0.0;568;0.028169014084507;800.0;0.2;9.859154929577466;32;0.42;6;-1;10;0.0535987748851454;0.3428571428571428;0.0591666666666666;0.5833333333333334;5;7;12;1;0;0;1;0;0.3428571428571428;0.48;0.0183767228177641;2.9166666666666665;0.0;0.0;0.0;0.0;0.0;0.0;0.0;0.0;0.0;0.0;0.0;0.0;1.0;0.0;0.0;1.0;0.0;0.0;0.0;0.0;1.0;0.0;0.0;1.0;0.0;0.0;0.0;0.0;0.0;1.0;0.0;0.0;1.0;0.0;1.0;0.0;0.0;0.0;0.0;0.0;0.0;0.0
2023-10-28;Getafe;1;1;1;48;40;R.C.D. Mallorca;1;0;8;15;0;4;0.41;0.59;276;0.56;25;10;1;0;0;0;3;1.0;1.0;0.0;1.0;1.0;0.0;0.0;0.0;0.0;0.0;0.0;7;0.0393333333333333;0.04;155;0.1612903225806451;378.0487804878049;0.375;7.317073170731708;-7;-0.18;-4;1;15;0.0289855072463768;0.0;0.0;0.0;0;0;0;0;1;0;1;0;0.0;0.0;0.0;0.0;1.0;0.0;0.0;0.0;0.0;0.0;0.0;1.0;0.0;0.0;0.0;0.0;0.0;0.0;0.0;0.0;0.0;0.0;0.0;0.0;1.0;0.0;1.0;0.0;0.0;1.0;0.0;0.0;1.0;0.0;0.0;0.0;0.0;1.0;0.0;0.0;0.0;0.0;0.0;0.0;0.0;0.0
2023-10-21;Getafe;1;1;3;48;39;Betis;5;2;13;13;3;3;0.44;0.56;338;0.72;17;11;5;2;0;0;4;1.0;0.0;0.0;0.0;0.0;0.0;0.0;0.0;1.0;0.0;0.0;8;0.043076923076923;0.2941176470588235;243;0.0699588477366255;552.2727272727273;0.3076923076923077;9.090909090909092;0;-0.12;-4;3;6;0.0384615384615384;0.0769230769230769;0.44;4.0;1;0;1;0;1;0;0;1;0.0769230769230769;0.3333333333333333;0.0029585798816568;13.0;1.0;0.0;0.0;0.0;0.0;0.0;0.0;1.0;0.0;0.0;0.0;0.0;0.0;0.0;0.0;0.0;0.0;0.0;0.0;1.0;1.0;0.0;1.0;0.0;1.0;1.0;0.0;0.0;0.0;0.0;1.0;0.0;0.0;1.0;0.0;0.0;0.0;0.0;0.0;0.0;0.0;0.0
2023-10-08;Getafe;1;1;1;48;44;Celta de Vigo;8;1;3;26;2;11;0.25;0.75;210;0.54;20;14;7;1;1;0;1;1.0;1.0;1.0;0.0;0.0;0.0;0.0;0.0;0.0;0.0;0.0;13;0.0288461538461538;0.4;113;0.1769911504424778;452.0;0.3333333333333333;4.0;-23;-0.5;-12;7;6;0.0142857142857142;0.6666666666666666;0.125;0.5;2;0;2;0;1;0;1;0;0.6666666666666666;1.0;0.0095238095238095;1.5;1.0;0.0;0.0;0.0;0.0;0.0;0.0;1.0;0.0;0.0;0.0;0.0;1.0;0.0;0.0;0.0;0.0;0.0;0.0;1.0;1.0;0.0;1.0;0.0;1.0;0.0;0.0;0.0;0.0;0.0;1.0;0.0;0.0;0.0;0.0;0.0;0.0;0.0;0.0;0.0;0.0;0.0
2023-09-30;Getafe;1;1;1;48;37;Villarreal;2;5;22;3;9;0;0.65;0.35;466;0.84;19;11;2;4;0;1;6;1.0;1.0;0.0;0.0;0.0;0.0;0.0;0.0;1.0;0.0;0.0;4;0.1166666666666666;0.1052631578947368;391;0.0485933503836317;601.5384615384615;0.2727272727272727;9.23076923076923;19;0.3;2;-3;8;0.0472103004291845;0.0;0.0;0.0;0;0;0;0;1;0;0;1;0.0;0.0;0.0;0.0;1.0;0.0;0.0;0.0;0.0;0.0;0.0;1.0;0.0;0.0;0.0;0.0;0.0;0.0;0.0;0.0;0.0;0.0;0.0;1.0;0.0;0.0;1.0;1.0;1.0;0.0;0.0;0.0;0.0;0.0;1.0;0.0;0.0;1.0;0.0;0.0;0.0;0.0;0.0;0.0;0.0;0.0
2023-09-27;Getafe;1;9;3;48;38;Athletic;6;6;13;8;5;4;0.52;0.48;395;0.74;19;9;6;5;0;1;4;1.0;0.0;1.0;0.0;1.0;0.0;0.0;0.0;1.0;0.0;0.0;5;0.06;0.3157894736842105;292;0.0650684931506849;561.5384615384615;0.3076923076923077;7.692307692307692;5;0.04;-1;0;10;0.0329113924050632;0.1538461538461538;0.26;2.0;0;2;2;0;1;0;1;0;0.1538461538461538;0.4;0.0050632911392405;6.5;1.0;0.0;0.0;0.0;0.0;0.0;0.0;1.0;0.0;0.0;0.0;0.0;1.0;0.0;0.0;0.0;0.0;0.0;0.0;1.0;1.0;0.0;1.0;0.0;0.0;0.0;0.0;1.0;0.0;0.0;0.0;0.0;0.0;0.0;0.0;0.0;0.0;0.0;0.0;0.0;0.0;0.0
2023-09-24;Getafe;1;3;1;48;46;Real Sociedad;2;3;10;10;7;6;0.38;0.62;300;0.67;24;13;2;3;0;0;1;1.0;1.0;0.0;1.0;0.0;0.0;0.0;0.0;0.0;0.0;0.0;2;0.062;0.0833333333333333;201;0.1194029850746268;528.9473684210526;0.1;2.631578947368421;0;-0.24;-1;-1;11;0.0333333333333333;0.3;0.1266666666666666;0.3333333333333333;2;1;3;0;0;1;1;0;0.3;0.4285714285714285;0.01;3.333333333333333;1.0;0.0;0.0;0.0;0.0;0.0;0.0;1.0;0.0;0.0;0.0;0.0;1.0;0.0;0.0;0.0;0.0;0.0;0.0;0.0;0.0;0.0;1.0;0.0;1.0;1.0;0.0;0.0;0.0;0.0;1.0;0.0;0.0;1.0;0.0;0.0;0.0;0.0;0.0;0.0;0.0;0.0
2023-09-17;Getafe;1;1;0;48;41;Osasuna;7;2;11;8;6;3;0.45;0.55;351;0.67;15;11;6;2;1;0;6;1.0;1.0;1.0;0.0;0.0;0.0;0.0;0.0;0.0;0.0;0.0;3;0.06875;0.4666666666666667;235;0.0638297872340425;522.2222222222222;0.5454545454545454;13.333333333333332;3;-0.1;3;5;4;0.0313390313390313;0.2727272727272727;0.15;2.0;1;2;3;1;0;0;0;1;0.2727272727272727;0.5;0.0085470085470085;3.6666666666666665;1.0;0.0;0.0;0.0;0.0;0.0;0.0;1.0;0.0;0.0;0.0;0.0;0.0;0.0;0.0;0.0;0.0;0.0;0.0;0.0;0.0;0.0;1.0;0.0;1.0;1.0;0.0;0.0;1.0;0.0;1.0;0.0;0.0;1.0;0.0;0.0;0.0;0.0;0.0;0.0;0.0;0.0
2023-09-02;Getafe;1;14;28;48;12;Real Madrid;6;2;6;26;2;12;0.23;0.77;226;0.66;16;12;6;2;0;0;1;1.0;1.0;1.0;1.0;0.0;0.0;0.0;0.0;0.0;0.0;0.0;11;0.0296153846153846;0.375;149;0.1073825503355704;647.8260869565217;0.1666666666666666;4.3478260869565215;-20;-0.54;-10;4;4;0.0265486725663716;0.1666666666666666;0.23;1.0;1;0;1;0;0;1;1;0;0.1666666666666666;0.5;0.0044247787610619;6.0;0.0;0.0;0.0;0.0;0.0;0.0;0.0;1.0;0.0;0.0;0.0;0.0;1.0;0.0;0.0;0.0;0.0;0.0;0.0;1.0;0.0;0.0;1.0;0.0;0.0;0.0;0.0;0.0;1.0;0.0;1.0;0.0;0.0;1.0;0.0;0.0;0.0;0.0;0.0;0.0;0.0;0.0
2023-08-28;Getafe;1;1;0;48;45;Alavés;1;2;15;16;4;2;0.46;0.54;307;0.65;13;15;1;2;0;0;4;1.0;1.0;1.0;0.0;1.0;0.0;0.0;0.0;0.0;0.0;0.0;5;0.03375;0.0769230769230769;200;0.065;434.7826086956521;0.2666666666666666;8.695652173913043;-1;-0.08;-1;-1;-2;0.0488599348534201;0.0666666666666666;0.46;4.0;0;1;1;1;0;0;0;1;0.0666666666666666;0.25;0.003257328990228;15.0;0.0;0.0;0.0;0.0;0.0;0.0;0.0;1.0;0.0;0.0;0.0;0.0;0.0;0.0;0.0;0.0;0.0;0.0;0.0;1.0;0.0;0.0;1.0;0.0;1.0;0.0;0.0;0.0;1.0;0.0;1.0;0.0;0.0;1.0;0.0;0.0;0.0;0.0;0.0;0.0;0.0;0.0
2023-08-20;Getafe;1;3;7;48;24;Girona;5;2;9;7;2;6;0.35;0.65;274;0.68;20;11;5;2;0;0;2;1.0;1.0;1.0;0.0;1.0;0.0;0.0;0.0;0.0;0.0;0.0;3;0.0928571428571428;0.25;186;0.1075268817204301;531.4285714285714;0.2222222222222222;5.714285714285714;2;-0.3;-1;3;9;0.0328467153284671;0.0;0.0;0.0;0;0;0;0;0;1;1;0;0.0;0.0;0.0;0.0;0.0;0.0;0.0;0.0;0.0;0.0;0.0;1.0;0.0;0.0;0.0;0.0;1.0;0.0;0.0;0.0;0.0;0.0;0.0;1.0;0.0;0.0;1.0;0.0;0.0;0.0;0.0;0.0;1.0;0.0;1.0;0.0;0.0;1.0;0.0;0.0;0.0;0.0;0.0;0.0;0.0;0.0
2023-08-13;Getafe;1;5;3;48;10;Barcelona;7;3;5;14;2;4;0.25;0.75;233;0.71;20;11;6;2;1;1;3;1.0;1.0;1.0;0.0;1.0;0.0;0.0;0.0;0.0;0.0;0.0;4;0.0535714285714285;0.35;165;0.1212121212121212;660.0;0.6;12.0;-9;-0.5;-1;4;9;0.0214592274678111;0.0;0.0;0.0;0;0;0;0;1;0;0;1;0.0;0.0;0.0;0.0;0.0;0.0;0.0;0.0;0.0;0.0;0.0;0.0;0.0;0.0;0.0;0.0;1.0;0.0;0.0;0.0;0.0;0.0;0.0;1.0;0.0;0.0;1.0;0.0;1.0;0.0;0.0;0.0;1.0;0.0;1.0;0.0;0.0;1.0;0.0;0.0;0.0;0.0;0.0;0.0;0.0;0.0
2023-06-04;Getafe;1;1;0;48;51;Valladolid;3;1;4;15;1;0;0.2;0.8;157;0.4;25;9;3;1;0;0;1;1.0;0.0;0.0;1.0;1.0;0.0;0.0;0.0;1.0;0.0;0.0;6;0.0533333333333333;0.12;63;0.3968253968253968;315.0;0.25;5.0;-11;-0.6000000000000001;-5;2;16;0.0254777070063694;0.0;0.0;0.0;0;0;0;0;1;0;1;0;0.0;0.0;0.0;0.0;0.0;0.0;0.0;0.0;0.0;0.0;0.0;0.0;0.0;0.0;0.0;0.0;1.0;0.0;0.0;0.0;0.0;0.0;0.0;1.0;0.0;0.0;1.0;0.0;1.0;0.0;0.0;0.0;1.0;0.0;1.0;0.0;0.0;1.0;0.0;0.0;0.0;0.0;0.0;0.0;0.0;0.0
2023-05-28;Getafe;1;0;3;48;41;Osasuna;4;1;16;10;6;2;0.51;0.49;401;0.66;11;6;4;1;0;0;1;1.0;1.0;0.0;1.0;0.0;1.0;0.0;0.0;0.0;0.0;0.0;1;0.049;0.3636363636363636;265;0.0415094339622641;519.6078431372549;0.0625;1.96078431372549;6;0.02;0;3;5;0.0399002493765586;0.125;0.255;0.5;1;1;2;1;0;0;0;1;0.125;0.3333333333333333;0.0049875311720698;8.0;0.0;0.0;0.0;0.0;0.0;0.0;0.0;0.0;0.0;0.0;0.0;0.0;0.0;0.0;0.0;0.0;0.0;0.0;0.0;1.0;0.0;0.0;1.0;0.0;1.0;0.0;0.0;0.0;1.0;0.0;1.0;0.0;0.0;1.0;0.0;1.0;0.0;0.0;0.0;0.0;0.0;0.0
2023-05-24;Getafe;1;1;3;48;39;Betis;5;3;9;11;2;4;0.28;0.72;239;0.56;12;8;5;2;0;1;5;1.0;1.0;0.0;1.0;0.0;0.0;0.0;0.0;0.0;0.0;0.0;2;0.0654545454545454;0.4166666666666667;134;0.0895522388059701;478.5714285714285;0.5555555555555556;17.857142857142854;-2;-0.4399999999999999;3;2;4;0.0376569037656903;0.1111111111111111;0.28;5.0;0;1;1;1;0;0;1;0;0.1111111111111111;0.5;0.00418410041841;9.0;0.0;0.0;0.0;0.0;0.0;0.0;0.0;0.0;0.0;0.0;0.0;0.0;1.0;0.0;0.0;0.0;0.0;0.0;0.0;1.0;0.0;0.0;1.0;0.0;1.0;0.0;0.0;0.0;0.0;0.0;1.0;1.0;0.0;1.0;0.0;1.0;0.0;0.0;0.0;0.0;0.0;0.0
2023-05-20;Getafe;1;17;4;48;123;Elche C. F.;4;1;9;13;5;4;0.38;0.62;255;0.66;19;11;4;1;0;0;5;1.0;1.0;0.0;1.0;0.0;0.0;0.0;0.0;1.0;0.0;0.0;6;0.0476923076923076;0.2105263157894736;168;0.1130952380952381;442.10526315789474;0.5555555555555556;13.157894736842104;-4;-0.24;-1;3;8;0.0352941176470588;0.1111111111111111;0.38;5.0;1;0;1;0;1;0;0;1;0.1111111111111111;0.2;0.0039215686274509;9.0;0.0;0.0;0.0;0.0;0.0;0.0;0.0;0.0;0.0;0.0;0.0;0.0;1.0;0.0;0.0;0.0;0.0;0.0;0.0;1.0;0.0;0.0;1.0;0.0;0.0;0.0;0.0;0.0;0.0;0.0;1.0;1.0;0.0;1.0;0.0;0.0;1.0;0.0;0.0;0.0;0.0;0.0
2023-05-13;Getafe;1;0;0;48;12;Real Madrid;4;1;9;16;2;3;0.23;0.77;245;0.71;23;5;4;1;0;0;3;1.0;1.0;0.0;1.0;1.0;0.0;0.0;0.0;0.0;0.0;0.0;1;0.048125;0.1739130434782608;174;0.132183908045977;756.5217391304348;0.3333333333333333;13.043478260869565;-7;-0.54;2;3;18;0.036734693877551;0.0;0.0;0.0;0;0;0;0;0;1;1;0;0.0;0.0;0.0;0.0;0.0;0.0;0.0;0.0;0.0;0.0;0.0;1.0;0.0;0.0;0.0;0.0;1.0;0.0;0.0;0.0;0.0;0.0;0.0;1.0;0.0;0.0;1.0;0.0;1.0;0.0;0.0;0.0;0.0;0.0;0.0;0.0;0.0;1.0;0.0;1.0;0.0;0.0;0.0;0.0;0.0;0.0
2023-05-03;Getafe;1;0;1;48;44;Celta de Vigo;7;4;14;7;4;1;0.34;0.66;277;0.61;21;14;7;3;0;1;1;1.0;1.0;0.0;0.0;1.0;0.0;0.0;0.0;1.0;0.0;0.0;5;0.0942857142857142;0.3333333333333333;169;0.1242603550295858;497.0588235294117;0.0714285714285714;2.941176470588235;7;-0.32;-4;3;7;0.0505415162454873;0.0714285714285714;0.34;1.0;1;0;1;1;0;0;0;1;0.0714285714285714;0.25;0.003610108303249;14.0;0.0;0.0;0.0;0.0;0.0;0.0;0.0;0.0;0.0;0.0;0.0;0.0;1.0;0.0;0.0;0.0;0.0;0.0;0.0;1.0;0.0;0.0;1.0;0.0;1.0;0.0;0.0;0.0;0.0;0.0;1.0;1.0;0.0;1.0;0.0;0.0;0.0;0.0;0.0;0.0;0.0;0.0
2023-04-30;Getafe;1;1;4;48;49;RCD Espanyol;5;4;7;17;2;8;0.42;0.58;268;0.63;23;12;5;4;0;0;3;1.0;0.0;1.0;1.0;0.0;0.0;0.0;0.0;0.0;0.0;0.0;6;0.0341176470588235;0.217391304347826;169;0.136094674556213;402.3809523809524;0.4285714285714285;7.142857142857143;-10;-0.1599999999999999;-3;1;11;0.0261194029850746;0.0;0.0;0.0;0;0;0;0;0;1;1;0;0.0;0.0;0.0;0.0;0.0;0.0;0.0;0.0;0.0;0.0;0.0;1.0;0.0;0.0;0.0;0.0;1.0;0.0;0.0;0.0;0.0;0.0;0.0;1.0;0.0;0.0;1.0;0.0;0.0;0.0;0.0;0.0;0.0;0.0;1.0;1.0;0.0;0.0;0.0;1.0;0.0;1.0;0.0;0.0;0.0;0.0
2023-04-26;Getafe;1;6;0;48;126;Almería;3;2;21;23;9;11;0.45;0.55;370;0.68;15;9;2;2;1;0;4;1.0;1.0;1.0;1.0;0.0;1.0;0.0;0.0;0.0;0.0;0.0;6;0.0239130434782608;0.2;252;0.0595238095238095;560.0;0.1904761904761904;8.88888888888889;-2;-0.1;-2;1;6;0.0567567567567567;0.0476190476190476;0.45;4.0;0;1;1;0;0;1;0;1;0.0476190476190476;0.1111111111111111;0.0027027027027027;21.0;0.0;0.0;0.0;0.0;0.0;0.0;0.0;1.0;0.0;0.0;0.0;0.0;0.0;0.0;0.0;0.0;0.0;0.0;0.0;0.0;0.0;0.0;1.0;0.0;0.0;0.0;0.0;0.0;0.0;0.0;1.0;1.0;0.0;0.0;0.0;1.0;1.0;0.0;0.0;0.0;0.0;0.0
2023-04-23;Getafe;1;4;4;48;40;R.C.D. Mallorca;3;2;3;8;1;4;0.52;0.48;423;0.72;18;15;3;2;0;0;2;1.0;1.0;1.0;1.0;1.0;1.0;0.0;0.0;0.0;0.0;0.0;2;0.06;0.1666666666666666;305;0.0590163934426229;586.5384615384615;0.6666666666666666;3.846153846153846;-5;0.04;0;1;3;0.0070921985815602;0.3333333333333333;0.52;2.0;1;0;1;0;0;1;1;0;0.3333333333333333;1.0;0.0023640661938534;3.0;0.0;0.0;0.0;0.0;0.0;0.0;0.0;1.0;0.0;0.0;0.0;0.0;0.0;0.0;0.0;0.0;0.0;0.0;0.0;0.0;0.0;0.0;1.0;0.0;0.0;0.0;0.0;0.0;0.0;0.0;1.0;1.0;0.0;0.0;0.0;0.0;1.0;0.0;0.0;0.0;0.0;0.0
2023-04-16;Getafe;1;4;0;48;10;Barcelona;2;1;5;15;1;3;0.33;0.67;251;0.6;13;12;2;1;0;0;1;1.0;1.0;1.0;1.0;1.0;1.0;0.0;0.0;0.0;0.0;0.0;5;0.0446666666666666;0.1538461538461538;151;0.086092715231788;457.5757575757576;0.2;3.0303030303030303;-10;-0.34;-4;1;1;0.0199203187250996;0.0;0.0;0.0;0;0;0;0;1;0;0;1;0.0;0.0;0.0;0.0;0.0;0.0;0.0;0.0;0.0;0.0;0.0;1.0;0.0;0.0;0.0;0.0;0.0;0.0;0.0;0.0;0.0;0.0;0.0;0.0;0.0;0.0;1.0;0.0;0.0;0.0;0.0;0.0;0.0;0.0;1.0;1.0;0.0;0.0;0.0;0.0;1.0;0.0;0.0;0.0;0.0;0.0
2023-04-08;Getafe;1;6;22;48;46;Real Sociedad;1;2;6;11;4;6;0.39;0.61;356;0.68;9;11;1;2;0;0;2;1.0;1.0;1.0;1.0;0.0;1.0;0.0;0.0;0.0;0.0;0.0;3;0.0554545454545454;0.1111111111111111;242;0.0371900826446281;620.5128205128204;0.3333333333333333;5.128205128205128;-5;-0.2199999999999999;-1;-1;-2;0.0168539325842696;0.0;0.0;0.0;0;0;0;0;0;1;1;0;0.0;0.0;0.0;0.0;0.0;0.0;0.0;0.0;0.0;0.0;0.0;1.0;0.0;0.0;0.0;0.0;0.0;0.0;0.0;0.0;0.0;0.0;0.0;0.0;0.0;0.0;1.0;0.0;0.0;0.0;0.0;0.0;0.0;0.0;1.0;1.0;0.0;0.0;0.0;1.0;1.0;0.0;0.0;0.0;0.0;0.0
2023-04-01;Getafe;1;4;0;48;38;Athletic;0;0;10;16;1;3;0.35;0.65;284;0.6;9;9;0;0;0;0;3;1.0;1.0;1.0;1.0;1.0;1.0;0.0;0.0;0.0;0.0;0.0;13;0.040625;0.0;170;0.0529411764705882;485.7142857142857;0.3;8.571428571428571;-6;-0.3;-10;0;0;0.0352112676056338;0.0;0.0;0.0;0;0;0;0;1;0;1;0;0.0;0.0;0.0;0.0;0.0;0.0;0.0;0.0;0.0;0.0;0.0;1.0;0.0;0.0;0.0;0.0;0.0;0.0;0.0;0.0;0.0;0.0;0.0;0.0;0.0;0.0;1.0;0.0;0.0;0.0;0.0;0.0;0.0;0.0;1.0;1.0;0.0;0.0;0.0;0.0;1.0;0.0;0.0;0.0;0.0;0.0
2023-03-19;Getafe;1;6;9;48;43;Sevilla;4;2;15;11;4;4;0.37;0.63;298;0.67;22;10;4;2;0;0;4;1.0;1.0;0.0;0.0;0.0;1.0;0.0;0.0;0.0;0.0;0.0;1;0.0572727272727272;0.1818181818181818;200;0.11;540.5405405405405;0.2666666666666666;10.81081081081081;4;-0.26;3;2;12;0.0503355704697986;0.1333333333333333;0.185;2.0;0;2;2;1;0;0;0;1;0.1333333333333333;0.5;0.0067114093959731;7.5;0.0;0.0;0.0;0.0;0.0;0.0;0.0;1.0;0.0;0.0;0.0;0.0;0.0;0.0;0.0;0.0;0.0;0.0;0.0;1.0;0.0;0.0;1.0;0.0;0.0;0.0;0.0;0.0;0.0;0.0;1.0;1.0;0.0;1.0;0.0;1.0;1.0;0.0;0.0;0.0;0.0;0.0
2023-03-10;Getafe;1;6;1;48;130;Cádiz;4;5;16;11;10;4;0.47;0.53;313;0.64;16;13;3;4;1;1;6;1.0;1.0;1.0;1.0;1.0;0.0;0.0;0.0;0.0;0.0;0.0;2;0.0481818181818181;0.25;200;0.08;425.53191489361706;0.375;12.765957446808512;5;-0.06;4;-1;3;0.0511182108626198;0.125;0.235;3.0;0;2;2;0;1;0;1;0;0.125;0.2;0.0063897763578274;8.0;0.0;0.0;0.0;0.0;0.0;0.0;0.0;1.0;0.0;0.0;0.0;0.0;0.0;0.0;0.0;0.0;0.0;0.0;0.0;0.0;0.0;0.0;1.0;0.0;0.0;0.0;0.0;0.0;0.0;0.0;1.0;1.0;0.0;0.0;0.0;0.0;1.0;0.0;1.0;0.0;0.0;0.0
2023-03-04;Getafe;1;4;7;48;24;Girona;5;4;10;9;6;7;0.38;0.62;298;0.63;24;11;5;4;0;0;3;1.0;1.0;1.0;1.0;0.0;0.0;0.0;0.0;0.0;0.0;0.0;3;0.0688888888888888;0.2083333333333333;188;0.1276595744680851;494.7368421052632;0.3;7.894736842105263;1;-0.24;0;1;13;0.0335570469798657;0.3;0.1266666666666666;1.0;3;0;3;1;0;0;0;1;0.3;0.5;0.0100671140939597;3.333333333333333;0.0;0.0;0.0;0.0;0.0;0.0;0.0;1.0;0.0;0.0;0.0;0.0;0.0;0.0;0.0;0.0;0.0;0.0;0.0;0.0;0.0;0.0;1.0;0.0;0.0;0.0;0.0;0.0;0.0;0.0;1.0;1.0;0.0;0.0;0.0;1.0;1.0;0.0;1.0;0.0;0.0;0.0
2023-02-27;Getafe;1;3;7;48;37;Villarreal;1;0;8;11;3;5;0.36;0.64;327;0.68;13;9;1;0;0;0;5;1.0;1.0;1.0;1.0;0.0;1.0;0.0;0.0;1.0;0.0;0.0;6;0.0581818181818181;0.0769230769230769;222;0.0585585585585585;616.6666666666667;0.625;13.88888888888889;-3;-0.28;-1;1;4;0.0244648318042813;0.125;0.36;5.0;1;0;1;0;0;1;1;0;0.125;0.3333333333333333;0.0030581039755351;8.0;0.0;0.0;0.0;0.0;0.0;0.0;0.0;1.0;0.0;0.0;0.0;0.0;0.0;0.0;0.0;0.0;0.0;0.0;0.0;1.0;0.0;0.0;1.0;0.0;0.0;0.0;0.0;0.0;0.0;0.0;0.0;1.0;0.0;0.0;0.0;1.0;0.0;0.0;0.0;0.0;0.0;0.0
2023-02-20;Getafe;1;1;0;48;52;Valencia C. F.;6;1;15;8;6;3;0.45;0.55;320;0.65;11;8;6;1;0;0;4;1.0;1.0;1.0;1.0;0.0;0.0;0.0;0.0;1.0;0.0;0.0;5;0.06875;0.5454545454545454;208;0.0528846153846153;462.22222222222223;0.2666666666666666;8.88888888888889;7;-0.1;-1;5;3;0.046875;0.0666666666666666;0.45;4.0;0;1;1;1;0;0;0;1;0.0666666666666666;0.1666666666666666;0.003125;15.0;0.0;0.0;0.0;0.0;0.0;0.0;0.0;1.0;0.0;0.0;0.0;0.0;0.0;0.0;0.0;0.0;0.0;0.0;0.0;1.0;0.0;0.0;0.0;0.0;0.0;0.0;0.0;0.0;0.0;0.0;0.0;1.0;0.0;0.0;0.0;1.0;1.0;1.0;0.0;0.0;0.0;0.0
2023-02-12;Getafe;1;1;3;48;42;Rayo Vallecano;3;4;13;19;4;4;0.42;0.58;324;0.66;21;19;2;4;1;0;5;1.0;0.0;1.0;1.0;0.0;1.0;0.0;0.0;1.0;0.0;0.0;6;0.0305263157894736;0.1428571428571428;214;0.0981308411214953;509.5238095238095;0.3846153846153846;11.904761904761903;-6;-0.1599999999999999;-1;-1;2;0.0401234567901234;0.0769230769230769;0.42;5.0;0;1;1;0;1;0;0;1;0.0769230769230769;0.25;0.0030864197530864;13.0;0.0;0.0;0.0;0.0;0.0;0.0;0.0;1.0;0.0;0.0;0.0;0.0;1.0;0.0;0.0;0.0;0.0;0.0;0.0;1.0;0.0;0.0;0.0;0.0;0.0;0.0;0.0;0.0;0.0;0.0;0.0;1.0;0.0;0.0;0.0;1.0;0.0;1.0;0.0;0.0;0.0;0.0
2023-02-04;Getafe;1;4;1;48;27;Atlético Madrid;5;3;9;12;1;4;0.37;0.63;391;0.66;18;11;5;3;0;0;0;1.0;1.0;1.0;1.0;0.0;1.0;0.0;0.0;1.0;0.0;0.0;8;0.0525;0.2777777777777778;258;0.0697674418604651;697.2972972972973;0.0;0.0;-3;-0.26;-8;2;7;0.0230179028132992;0.1111111111111111;0.37;0.0;0;1;1;0;1;0;1;0;0.1111111111111111;1.0;0.0025575447570332;9.0;0.0;0.0;0.0;0.0;0.0;0.0;0.0;1.0;0.0;0.0;0.0;0.0;1.0;0.0;0.0;0.0;0.0;0.0;0.0;1.0;0.0;0.0;0.0;0.0;0.0;0.0;0.0;0.0;0.0;0.0;0.0;1.0;0.0;0.0;0.0;1.0;0.0;0.0;0.0;0.0;0.0;0.0
2023-01-28;Getafe;1;4;3;48;39;Betis;4;2;6;13;1;2;0.38;0.62;348;0.72;25;12;4;2;0;0;6;1.0;1.0;1.0;1.0;1.0;1.0;0.0;0.0;0.0;0.0;0.0;1;0.0476923076923076;0.16;251;0.099601593625498;660.5263157894736;1.0;15.789473684210526;-7;-0.24;5;2;13;0.0172413793103448;0.0;0.0;0.0;0;0;0;0;0;1;0;1;0.0;0.0;0.0;0.0;0.0;0.0;0.0;0.0;0.0;0.0;0.0;1.0;0.0;0.0;0.0;0.0;1.0;0.0;0.0;0.0;0.0;0.0;0.0;0.0;0.0;0.0;0.0;0.0;0.0;0.0;0.0;0.0;0.0;0.0;1.0;1.0;0.0;0.0;0.0;0.0;0.0;0.0;1.0;0.0;0.0;0.0
2023-01-22;Getafe;1;9;0;48;10;Barcelona;2;1;7;8;3;4;0.32;0.68;385;0.78;6;11;2;1;0;0;2;1.0;1.0;1.0;1.0;1.0;1.0;0.0;0.0;0.0;0.0;0.0;4;0.085;0.3333333333333333;300;0.02;937.5;0.2857142857142857;6.25;-1;-0.36;-2;1;-5;0.0181818181818181;0.0;0.0;0.0;0;0;0;0;0;1;1;0;0.0;0.0;0.0;0.0;0.0;0.0;0.0;0.0;0.0;0.0;0.0;1.0;0.0;0.0;0.0;0.0;1.0;0.0;0.0;0.0;0.0;0.0;0.0;0.0;0.0;0.0;0.0;0.0;0.0;0.0;0.0;0.0;0.0;0.0;1.0;1.0;0.0;0.0;0.0;0.0;0.0;0.0;1.0;0.0;0.0;0.0
2023-01-15;Getafe;1;4;17;48;49;RCD Espanyol;2;3;10;10;2;4;0.62;0.38;443;0.76;20;13;2;3;0;0;5;1.0;1.0;1.0;1.0;0.0;1.0;0.0;0.0;0.0;0.0;0.0;1;0.038;0.1;337;0.059347181008902;543.5483870967741;0.5;8.064516129032258;0;0.24;4;-1;7;0.0225733634311512;0.1;0.62;5.0;1;0;1;0;0;1;0;1;0.1;0.5;0.0022573363431151;10.0;0.0;0.0;0.0;0.0;0.0;0.0;0.0;1.0;0.0;0.0;0.0;0.0;1.0;0.0;0.0;0.0;0.0;0.0;0.0;0.0;0.0;0.0;0.0;0.0;0.0;0.0;0.0;0.0;0.0;0.0;1.0;1.0;0.0;0.0;0.0;1.0;0.0;0.0;1.0;0.0;0.0;0.0
2023-01-08;Getafe;1;4;30;48;43;Sevilla;3;3;11;11;2;5;0.41;0.59;400;0.76;16;13;3;3;0;0;4;1.0;1.0;1.0;1.0;1.0;1.0;0.0;0.0;0.0;0.0;0.0;3;0.0536363636363636;0.1875;304;0.0526315789473684;741.4634146341464;0.3636363636363636;9.75609756097561;0;-0.18;1;0;3;0.0275;0.0909090909090909;0.41;4.0;0;1;1;0;0;1;1;0;0.0909090909090909;0.5;0.0025;11.0;0.0;0.0;0.0;0.0;0.0;0.0;0.0;1.0;0.0;0.0;0.0;0.0;1.0;0.0;0.0;0.0;0.0;0.0;0.0;0.0;0.0;0.0;0.0;0.0;0.0;0.0;0.0;0.0;0.0;0.0;1.0;1.0;0.0;0.0;0.0;0.0;0.0;0.0;1.0;0.0;0.0;0.0
2022-12-30;Getafe;1;4;9;48;40;R.C.D. Mallorca;0;1;14;3;6;0;0.56;0.44;508;0.78;10;19;0;1;0;0;4;1.0;1.0;1.0;1.0;0.0;1.0;0.0;0.0;0.0;0.0;0.0;2;0.1466666666666666;0.0;396;0.0252525252525252;707.1428571428571;0.2857142857142857;7.142857142857142;11;0.12;2;-1;-9;0.0275590551181102;0.1428571428571428;0.28;2.0;0;2;2;1;0;0;0;1;0.1428571428571428;0.3333333333333333;0.0039370078740157;7.0;0.0;0.0;0.0;0.0;0.0;0.0;0.0;1.0;0.0;0.0;0.0;0.0;1.0;0.0;0.0;0.0;0.0;0.0;0.0;0.0;0.0;0.0;0.0;0.0;0.0;0.0;0.0;0.0;0.0;0.0;1.0;1.0;0.0;0.0;0.0;1.0;0.0;0.0;1.0;0.0;0.0;0.0
2022-12-20;Getafe;19;1;3;48;505;Diocesano;1;0;12;8;6;1;0.51;0.49;396;0.78;20;9;1;0;0;0;6;1.0;1.0;1.0;1.0;1.0;1.0;0.0;0.0;0.0;0.0;0.0;5;0.06125;0.05;309;0.0647249190938511;605.8823529411765;0.5;11.76470588235294;4;0.02;1;1;11;0.0303030303030303;0.1666666666666666;0.255;3.0;1;1;2;1;0;0;1;0;0.1666666666666666;0.3333333333333333;0.005050505050505;6.0;0.0;0.0;0.0;0.0;0.0;0.0;0.0;0.0;0.0;0.0;0.0;0.0;0.0;0.0;0.0;0.0;0.0;0.0;0.0;0.0;0.0;0.0;0.0;0.0;0.0;0.0;0.0;0.0;1.0;0.0;0.0;1.0;0.0;0.0;0.0;1.0;1.0;0.0;1.0;0.0;0.0;0.0
2022-11-13;Getafe;19;4;4;48;436;San Roque;3;5;22;11;9;3;0.6;0.4;515;0.7;28;17;3;5;0;0;11;0.0;1.0;1.0;1.0;0.0;1.0;0.0;0.0;0.0;0.0;0.0;6;0.0363636363636363;0.1071428571428571;360;0.0777777777777777;600.0;0.5;18.333333333333336;11;0.1999999999999999;5;-2;11;0.0427184466019417;0.1363636363636363;0.1999999999999999;3.6666666666666665;0;3;3;1;0;0;1;0;0.1363636363636363;0.3333333333333333;0.0058252427184466;7.333333333333333;0.0;0.0;0.0;0.0;0.0;0.0;0.0;0.0;0.0;0.0;0.0;0.0;1.0;0.0;0.0;0.0;0.0;0.0;0.0;0.0;0.0;0.0;0.0;0.0;0.0;0.0;0.0;0.0;0.0;0.0;0.0;1.0;0.0;0.0;0.0;1.0;1.0;0.0;0.0;1.0;1.0;1.0
2022-11-09;Getafe;1;4;7;48;126;Almería;4;7;11;8;3;3;0.45;0.55;361;0.72;8;17;4;6;0;1;6;1.0;1.0;0.0;1.0;1.0;1.0;0.0;0.0;0.0;0.0;0.0;7;0.06875;0.5;260;0.0307692307692307;577.7777777777777;0.5454545454545454;13.333333333333332;3;-0.1;-1;-3;-9;0.0304709141274238;0.0;0.0;0.0;0;0;0;0;0;1;1;0;0.0;0.0;0.0;0.0;0.0;0.0;0.0;0.0;0.0;0.0;0.0;1.0;0.0;0.0;0.0;0.0;1.0;0.0;0.0;0.0;0.0;0.0;0.0;0.0;0.0;0.0;1.0;0.0;0.0;0.0;0.0;0.0;0.0;0.0;0.0;1.0;0.0;1.0;0.0;0.0;0.0;0.0;0.0;0.0;1.0;0.0
2022-11-05;Getafe;1;4;1;48;130;Cádiz;6;1;13;15;2;4;0.53;0.47;424;0.8;15;16;4;0;2;1;5;1.0;1.0;1.0;0.0;1.0;1.0;0.0;0.0;0.0;0.0;0.0;5;0.0313333333333333;0.4;339;0.0442477876106194;639.622641509434;0.3846153846153846;9.433962264150942;-2;0.06;0;5;-1;0.0306603773584905;0.0;0.0;0.0;0;0;0;0;1;0;0;1;0.0;0.0;0.0;0.0;0.0;0.0;0.0;0.0;0.0;0.0;0.0;1.0;0.0;0.0;0.0;0.0;1.0;0.0;0.0;0.0;0.0;0.0;0.0;0.0;0.0;0.0;1.0;0.0;0.0;0.0;0.0;0.0;0.0;0.0;0.0;1.0;0.0;1.0;0.0;1.0;0.0;0.0;0.0;0.0;0.0;0.0
2022-10-31;Getafe;1;4;9;48;123;Elche C. F.;2;0;8;12;3;5;0.4;0.6;359;0.74;11;12;1;0;1;0;2;1.0;1.0;1.0;0.0;1.0;1.0;0.0;0.0;0.0;0.0;0.0;6;0.0499999999999999;0.1818181818181818;266;0.0413533834586466;665.0;0.25;5.0;-4;-0.1999999999999999;-4;2;-1;0.022284122562674;0.125;0.4;2.0;0;1;1;1;0;0;1;0;0.125;0.3333333333333333;0.0027855153203342;8.0;0.0;0.0;0.0;0.0;0.0;0.0;0.0;1.0;0.0;0.0;0.0;0.0;1.0;0.0;0.0;0.0;0.0;0.0;0.0;0.0;0.0;0.0;1.0;0.0;0.0;0.0;0.0;0.0;0.0;0.0;1.0;1.0;0.0;1.0;0.0;0.0;0.0;0.0;0.0;0.0;0.0;0.0
