Fecha;Equipo_name;Torneo;Alineacion;Alineacion_contrincante;equipo;equipo_contrincante;equipo_contrincante_name;tarjetas;tarjetas_contrincante;Remates;Remates_contrincante;Remates al arco;Remates al arco_contrincante;Posesión;Posesión_contrincante;Pases;Precisión de los pases;Faltas;Faltas_contrincante;Tarjetas amarillas;Tarjetas amarillas_contrincante;Tarjetas rojas;Tarjetas rojas_contrincante;Tiros de esquina;Paulo Gazzaniga-Girona;Alejandro Francés-Girona;Ladislav Krejčí-Girona;Daley Blind-Girona;Miguel Gutiérrez Ortega-Girona;Iván Martín Núñez-Girona;Arthur Melo-Girona;Viktor Tsygankov-Girona;Yangel Herrera-Girona;Arnaut Danjuma-Girona;Yáser Asprilla-Girona;Tiros de esquina_concedidos;Posesión_contra_por_remate;tarjetas_por_falta;pases_completados;faltas_por_pases;pases_por_posesion;tirosEsquina_por_remate;tirosEsquina_por_posesion;diff_remates;diff_posesion;diff_Tiros de esquina;diff_tarjetas;diff_faltas;remates_por_pase;posesion_por_remate;posesion_por_gol;tirosEsquina_por_gol;goles_primera_mitad;goles_segunda_mitad;goles_totales;gano;empato;perdio;visitante;local;conversion_goles;conversion_arco;goles_por_pase;remates_al_arco_por_gol;Arnau Martínez-Girona;David López Silva-Girona;Oriol Romeu-Girona;Abel Ruiz-Girona;Donny van de Beek-Girona;Bojan Miovski-Girona;Bryan Gil-Girona;Juanpe Ramírez-Girona;Pau López-Girona;Antal Yaakobishvili-Girona;Jhon Elmer Solís-Girona;Selvi Clua-Girona;Cristian Portugués-Girona;Kim Min-su-Girona;Christian Stuani-Girona;Juan Carlos Martín Corral-Girona;Gabriel Misehouy-Girona;Toni Villa-Girona;Eric García-Girona;Aleix García Serrano-Girona;Artem Dovbyk-Girona;Savinho-Girona;Yan Couto-Girona;Pablo Torre-Girona;Valery Fernández Estrada-Girona;Toni Fuidias-Girona;Bernardo Espinosa-Girona;Iker Almena-Girona;Ibrahima Kebe-Girona;Rodrigo Riquelme Reche-Girona;Valentín Mariano Castellanos-Girona;Reinier Jesus-Girona;Santiago Bueno-Girona;Javier Hernández Carrera-Girona;Borja García Freire-Girona;Ramón Terrats Espacio-Girona
2025-04-21;Girona;1;3;3;24;39;Betis;3;2;11;17;5;9;0.61;0.39;500;0.88;13;11;3;2;0;0;8;1.0;1.0;1.0;1.0;1.0;1.0;1.0;1.0;1.0;1.0;1.0;9;0.022941176470588236;0.23076923076923078;440;0.029545454545454545;721.3114754098361;0.7272727272727273;13.114754098360656;-6;0.21999999999999997;-1;1;2;0.022;0.09090909090909091;0.61;8.0;0;1;1;0;0;1;0;1;0.09090909090909091;0.2;0.002;11.0;0.0;0.0;0.0;0.0;0.0;0.0;0.0;0.0;0.0;0.0;0.0;0.0;0.0;0.0;0.0;0.0;0.0;0.0;0.0;0.0;0.0;0.0;0.0;0.0;0.0;0.0;0.0;0.0;0.0;0.0;0.0;0.0;0.0;0.0;0.0;0.0
2025-04-13;Girona;1;3;4;24;41;Osasuna;1;2;18;13;8;6;0.69;0.31;572;0.89;15;17;1;2;0;0;4;1.0;0.0;1.0;1.0;0.0;0.0;1.0;1.0;1.0;1.0;0.0;4;0.023846153846153847;0.06666666666666667;509;0.029469548133595286;737.6811594202899;0.2222222222222222;5.797101449275363;5;0.37999999999999995;0;-1;-2;0.03146853146853147;0.05555555555555555;0.69;4.0;0;1;1;0;0;1;1;0;0.05555555555555555;0.125;0.0017482517482517483;18.0;1.0;1.0;1.0;1.0;0.0;0.0;0.0;0.0;0.0;0.0;0.0;0.0;0.0;0.0;0.0;0.0;0.0;0.0;0.0;0.0;0.0;0.0;0.0;0.0;0.0;0.0;0.0;0.0;0.0;0.0;0.0;0.0;0.0;0.0;0.0;0.0
2025-04-05;Girona;1;3;3;24;45;Alavés;1;5;16;9;1;4;0.64;0.36;478;0.88;8;25;1;5;0;0;5;1.0;1.0;1.0;1.0;1.0;0.0;0.0;0.0;1.0;1.0;1.0;3;0.04;0.125;421;0.019002375296912115;657.8125;0.3125;7.8125;7;0.28;2;-4;-17;0.03347280334728033;0.0;0.0;0.0;0;0;0;0;0;1;0;1;0.0;0.0;0.0;0.0;0.0;0.0;1.0;1.0;1.0;0.0;0.0;0.0;0.0;0.0;0.0;0.0;0.0;0.0;0.0;0.0;0.0;0.0;0.0;0.0;0.0;0.0;0.0;0.0;0.0;0.0;0.0;0.0;0.0;0.0;0.0;0.0;0.0;0.0;0.0;0.0
2025-03-30;Girona;1;1;3;24;10;Barcelona;1;0;4;21;2;9;0.3;0.7;278;0.74;11;8;1;0;0;0;2;1.0;1.0;1.0;1.0;1.0;0.0;1.0;1.0;1.0;1.0;1.0;10;0.03333333333333333;0.09090909090909091;206;0.05339805825242718;686.6666666666667;0.5;6.666666666666667;-17;-0.39999999999999997;-8;1;3;0.014388489208633094;0.25;0.3;2.0;0;1;1;0;0;1;1;0;0.25;0.5;0.0035971223021582736;4.0;1.0;0.0;0.0;0.0;0.0;0.0;0.0;0.0;0.0;0.0;0.0;0.0;0.0;0.0;0.0;0.0;0.0;0.0;0.0;0.0;0.0;0.0;0.0;0.0;0.0;0.0;0.0;0.0;0.0;0.0;0.0;0.0;0.0;0.0;0.0;0.0
2025-03-15;Girona;1;3;9;24;52;Valencia C. F.;2;1;14;12;4;2;0.57;0.43;515;0.85;12;5;2;1;0;0;9;1.0;0.0;1.0;1.0;1.0;1.0;1.0;1.0;1.0;1.0;0.0;4;0.035833333333333335;0.16666666666666666;438;0.0273972602739726;768.421052631579;0.6428571428571429;15.789473684210527;2;0.13999999999999996;5;1;7;0.027184466019417475;0.07142857142857142;0.57;9.0;0;1;1;0;1;0;0;1;0.07142857142857142;0.25;0.001941747572815534;14.0;1.0;0.0;0.0;0.0;0.0;1.0;0.0;0.0;0.0;0.0;0.0;0.0;0.0;0.0;0.0;0.0;0.0;0.0;0.0;0.0;0.0;0.0;0.0;0.0;0.0;0.0;0.0;0.0;0.0;0.0;0.0;0.0;0.0;0.0;0.0;0.0
2025-03-10;Girona;1;0;20;24;49;RCD Espanyol;3;3;18;7;4;4;0.67;0.33;578;0.9;13;11;3;3;0;0;9;1.0;0.0;1.0;1.0;1.0;1.0;1.0;1.0;1.0;0.0;0.0;4;0.047142857142857146;0.23076923076923078;520;0.025;776.1194029850745;0.5;13.432835820895521;11;0.34;5;0;2;0.031141868512110725;0.05555555555555555;0.67;9.0;0;1;1;0;1;0;1;0;0.05555555555555555;0.25;0.0017301038062283738;18.0;1.0;0.0;0.0;0.0;0.0;1.0;1.0;0.0;0.0;0.0;0.0;0.0;0.0;0.0;0.0;0.0;0.0;0.0;0.0;0.0;0.0;0.0;0.0;0.0;0.0;0.0;0.0;0.0;0.0;0.0;0.0;0.0;0.0;0.0;0.0;0.0
2025-03-01;Girona;1;17;17;24;44;Celta de Vigo;0;0;9;10;6;6;0.51;0.49;474;0.87;8;17;0;0;0;0;4;1.0;0.0;1.0;1.0;1.0;0.0;0.0;1.0;1.0;0.0;0.0;2;0.049;0.0;412;0.019417475728155338;807.843137254902;0.4444444444444444;7.8431372549019605;-1;0.020000000000000018;2;0;-9;0.0189873417721519;0.2222222222222222;0.255;2.0;1;1;2;0;1;0;0;1;0.2222222222222222;0.3333333333333333;0.004219409282700422;4.5;1.0;1.0;1.0;0.0;0.0;1.0;1.0;0.0;0.0;0.0;0.0;0.0;0.0;0.0;0.0;0.0;0.0;0.0;0.0;0.0;0.0;0.0;0.0;0.0;0.0;0.0;0.0;0.0;0.0;0.0;0.0;0.0;0.0;0.0;0.0;0.0
2025-02-23;Girona;1;29;13;24;12;Real Madrid;2;0;6;22;2;5;0.36;0.64;385;0.9;7;1;2;0;0;0;5;1.0;0.0;1.0;1.0;1.0;1.0;0.0;1.0;0.0;1.0;0.0;11;0.02909090909090909;0.2857142857142857;346;0.02023121387283237;961.1111111111112;0.8333333333333334;13.88888888888889;-16;-0.28;-6;2;6;0.015584415584415584;0.0;0.0;0.0;0;0;0;0;0;1;1;0;0.0;0.0;0.0;0.0;1.0;1.0;1.0;0.0;1.0;0.0;0.0;0.0;0.0;0.0;0.0;0.0;0.0;0.0;0.0;0.0;0.0;0.0;0.0;0.0;0.0;0.0;0.0;0.0;0.0;0.0;0.0;0.0;0.0;0.0;0.0;0.0;0.0;0.0;0.0;0.0
2025-02-08;Girona;1;3;3;24;38;Athletic;4;0;3;23;1;8;0.56;0.44;521;0.87;12;7;4;0;0;0;2;1.0;1.0;1.0;0.0;1.0;1.0;0.0;1.0;1.0;0.0;0.0;11;0.019130434782608695;0.3333333333333333;453;0.026490066225165563;808.9285714285713;0.6666666666666666;3.571428571428571;-20;0.12000000000000005;-9;4;5;0.005758157389635317;0.0;0.0;0.0;0;0;0;0;0;1;1;0;0.0;0.0;0.0;0.0;0.0;0.0;0.0;1.0;1.0;0.0;1.0;1.0;0.0;0.0;0.0;0.0;0.0;0.0;0.0;0.0;0.0;0.0;0.0;0.0;0.0;0.0;0.0;0.0;0.0;0.0;0.0;0.0;0.0;0.0;0.0;0.0;0.0;0.0;0.0;0.0
2025-02-03;Girona;1;3;3;24;50;U. D. Las Palmas;2;3;12;10;4;2;0.46;0.54;426;0.86;12;12;2;3;0;0;11;1.0;0.0;1.0;0.0;1.0;1.0;0.0;1.0;1.0;0.0;0.0;3;0.054000000000000006;0.16666666666666666;366;0.03278688524590164;795.6521739130435;0.9166666666666666;23.913043478260867;2;-0.08000000000000002;8;-1;0;0.028169014084507043;0.16666666666666666;0.23;5.5;1;1;2;1;0;0;0;1;0.16666666666666666;0.5;0.004694835680751174;6.0;1.0;0.0;0.0;1.0;1.0;0.0;1.0;1.0;0.0;0.0;0.0;0.0;0.0;0.0;0.0;0.0;0.0;0.0;0.0;0.0;0.0;0.0;0.0;0.0;0.0;0.0;0.0;0.0;0.0;0.0;0.0;0.0;0.0;0.0;0.0;0.0
2025-01-29;Girona;0;3;0;24;9;Arsenal;4;2;7;16;3;6;0.39;0.61;311;0.83;13;13;4;2;0;0;3;0.0;1.0;0.0;0.0;0.0;1.0;0.0;1.0;0.0;1.0;1.0;13;0.038125;0.3076923076923077;258;0.050387596899224806;661.5384615384615;0.42857142857142855;7.692307692307692;-9;-0.21999999999999997;-10;2;0;0.022508038585209004;0.14285714285714285;0.39;3.0;1;0;1;0;0;1;0;1;0.14285714285714285;0.3333333333333333;0.003215434083601286;7.0;1.0;0.0;1.0;1.0;0.0;0.0;0.0;1.0;1.0;1.0;0.0;0.0;0.0;0.0;0.0;0.0;0.0;0.0;0.0;0.0;0.0;0.0;0.0;0.0;0.0;0.0;0.0;0.0;0.0;0.0;0.0;0.0;0.0;0.0;0.0;0.0
2025-01-26;Girona;1;3;3;24;42;Rayo Vallecano;1;3;12;17;5;7;0.42;0.58;400;0.77;9;19;1;3;0;0;1;1.0;0.0;0.0;1.0;0.0;1.0;0.0;0.0;1.0;1.0;1.0;4;0.03411764705882353;0.1111111111111111;308;0.02922077922077922;733.3333333333334;0.08333333333333333;2.380952380952381;-5;-0.15999999999999998;-3;-2;-10;0.03;0.08333333333333333;0.42;1.0;0;1;1;0;0;1;1;0;0.08333333333333333;0.2;0.0025;12.0;1.0;1.0;0.0;0.0;1.0;0.0;1.0;1.0;0.0;0.0;0.0;0.0;0.0;0.0;0.0;0.0;0.0;0.0;0.0;0.0;0.0;0.0;0.0;0.0;0.0;0.0;0.0;0.0;0.0;0.0;0.0;0.0;0.0;0.0;0.0;0.0
2025-01-22;Girona;0;3;3;24;25;Milan;2;2;11;17;4;5;0.58;0.42;536;0.89;18;12;2;2;0;0;3;1.0;1.0;1.0;1.0;0.0;0.0;0.0;1.0;1.0;0.0;0.0;6;0.024705882352941175;0.1111111111111111;477;0.03773584905660377;822.4137931034484;0.2727272727272727;5.172413793103448;-6;0.15999999999999998;-3;0;6;0.020522388059701493;0.0;0.0;0.0;0;0;0;0;0;1;1;0;0.0;0.0;0.0;0.0;0.0;1.0;1.0;1.0;1.0;0.0;1.0;0.0;0.0;0.0;0.0;0.0;0.0;0.0;0.0;0.0;0.0;0.0;0.0;0.0;0.0;0.0;0.0;0.0;0.0;0.0;0.0;0.0;0.0;0.0;0.0;0.0;0.0;0.0;0.0;0.0
2025-01-18;Girona;1;3;3;24;43;Sevilla;0;4;7;14;4;6;0.61;0.39;530;0.84;6;15;0;4;0;0;7;1.0;0.0;1.0;1.0;0.0;1.0;0.0;1.0;0.0;0.0;1.0;4;0.027857142857142858;0.0;445;0.01348314606741573;729.5081967213115;1.0;11.475409836065573;-7;0.21999999999999997;3;-4;-9;0.013207547169811321;0.14285714285714285;0.61;7.0;1;0;1;0;0;1;0;1;0.14285714285714285;0.25;0.0018867924528301887;7.0;1.0;1.0;1.0;1.0;0.0;0.0;1.0;0.0;0.0;0.0;0.0;0.0;0.0;0.0;0.0;0.0;0.0;0.0;0.0;0.0;0.0;0.0;0.0;0.0;0.0;0.0;0.0;0.0;0.0;0.0;0.0;0.0;0.0;0.0;0.0;0.0
2025-01-11;Girona;1;8;1;24;45;Alavés;4;1;3;11;1;2;0.57;0.43;468;0.85;11;16;4;1;0;0;3;1.0;0.0;1.0;1.0;1.0;1.0;0.0;0.0;1.0;0.0;0.0;6;0.03909090909090909;0.36363636363636365;398;0.02763819095477387;698.2456140350878;1.0;5.2631578947368425;-8;0.13999999999999996;-3;3;-5;0.00641025641025641;0.3333333333333333;0.57;3.0;0;1;1;1;0;0;1;0;0.3333333333333333;1.0;0.002136752136752137;3.0;1.0;1.0;0.0;1.0;1.0;0.0;1.0;0.0;0.0;0.0;0.0;0.0;0.0;0.0;0.0;0.0;0.0;0.0;0.0;0.0;0.0;0.0;0.0;0.0;0.0;0.0;0.0;0.0;0.0;0.0;0.0;0.0;0.0;0.0;0.0;0.0
2024-12-20;Girona;1;6;4;24;51;Valladolid;3;1;23;1;7;1;0.71;0.29;720;0.91;13;7;3;1;0;0;9;1.0;0.0;1.0;1.0;1.0;1.0;0.0;0.0;0.0;0.0;1.0;1;0.29;0.23076923076923078;655;0.01984732824427481;922.5352112676056;0.391304347826087;12.67605633802817;22;0.42;8;2;6;0.03194444444444444;0.13043478260869565;0.23666666666666666;3.0;2;1;3;1;0;0;0;1;0.13043478260869565;0.42857142857142855;0.004166666666666667;7.666666666666667;1.0;1.0;0.0;1.0;1.0;0.0;1.0;0.0;0.0;0.0;0.0;0.0;0.0;0.0;0.0;0.0;0.0;0.0;0.0;0.0;0.0;0.0;0.0;0.0;0.0;0.0;0.0;0.0;0.0;0.0;0.0;0.0;0.0;0.0;0.0;0.0
2024-12-14;Girona;1;23;1;24;40;R.C.D. Mallorca;2;6;13;8;1;2;0.69;0.31;625;0.92;14;10;2;5;0;1;4;1.0;0.0;0.0;1.0;1.0;0.0;0.0;0.0;0.0;1.0;1.0;2;0.03875;0.14285714285714285;575;0.02434782608695652;833.3333333333334;0.3076923076923077;5.797101449275363;5;0.37999999999999995;2;-4;4;0.0208;0.07692307692307693;0.69;4.0;1;0;1;0;0;1;1;0;0.07692307692307693;1.0;0.0016;13.0;1.0;1.0;1.0;0.0;1.0;0.0;1.0;1.0;0.0;0.0;0.0;0.0;0.0;0.0;0.0;0.0;0.0;0.0;0.0;0.0;0.0;0.0;0.0;0.0;0.0;0.0;0.0;0.0;0.0;0.0;0.0;0.0;0.0;0.0;0.0;0.0
2024-12-10;Girona;0;3;0;24;2;Liverpool;3;2;13;15;5;7;0.37;0.63;363;0.83;11;8;3;2;0;0;5;1.0;1.0;1.0;1.0;1.0;0.0;0.0;0.0;0.0;1.0;1.0;8;0.042;0.2727272727272727;301;0.036544850498338874;813.5135135135135;0.38461538461538464;13.513513513513514;-2;-0.26;-3;1;3;0.03581267217630854;0.0;0.0;0.0;0;0;0;0;0;1;0;1;0.0;0.0;0.0;0.0;0.0;0.0;1.0;0.0;1.0;0.0;1.0;1.0;0.0;0.0;0.0;0.0;0.0;0.0;0.0;0.0;0.0;0.0;0.0;0.0;0.0;0.0;0.0;0.0;0.0;0.0;0.0;0.0;0.0;0.0;0.0;0.0;0.0;0.0;0.0;0.0
2024-12-07;Girona;1;3;3;24;12;Real Madrid;3;2;10;10;4;7;0.41;0.59;468;0.89;6;7;3;2;0;0;6;1.0;0.0;1.0;0.0;1.0;1.0;0.0;0.0;0.0;0.0;1.0;3;0.059;0.5;417;0.014388489208633094;1017.0731707317074;0.6;14.634146341463415;0;-0.18;3;1;-1;0.021367521367521368;0.0;0.0;0.0;0;0;0;0;0;1;0;1;0.0;0.0;0.0;0.0;1.0;1.0;1.0;0.0;1.0;1.0;1.0;0.0;0.0;0.0;0.0;0.0;0.0;0.0;0.0;0.0;0.0;0.0;0.0;0.0;0.0;0.0;0.0;0.0;0.0;0.0;0.0;0.0;0.0;0.0;0.0;0.0;0.0;0.0;0.0;0.0
2024-12-04;Girona;19;17;7;24;-1;UD Logroñés;2;4;17;9;2;1;0.59;0.41;677;0.87;15;16;2;4;0;0;7;0.0;1.0;0.0;1.0;0.0;0.0;0.0;0.0;0.0;1.0;0.0;1;0.04555555555555555;0.13333333333333333;589;0.025466893039049237;998.3050847457628;0.4117647058823529;11.864406779661017;8;0.18;6;-2;-1;0.025110782865583457;0.0;0.0;0.0;0;0;0;0;1;0;1;0;0.0;0.0;0.0;0.0;0.0;0.0;0.0;0.0;0.0;0.0;0.0;1.0;1.0;1.0;1.0;1.0;1.0;1.0;1.0;0.0;0.0;0.0;0.0;0.0;0.0;0.0;0.0;0.0;0.0;0.0;0.0;0.0;0.0;0.0;0.0;0.0;0.0;0.0;0.0;0.0
2024-12-01;Girona;1;3;1;24;37;Villarreal;6;2;13;13;6;4;0.65;0.35;665;0.92;13;8;6;2;0;0;5;1.0;0.0;1.0;0.0;1.0;1.0;0.0;0.0;0.0;1.0;0.0;1;0.02692307692307692;0.46153846153846156;612;0.021241830065359478;941.5384615384615;0.38461538461538464;7.692307692307692;0;0.30000000000000004;4;4;5;0.019548872180451128;0.15384615384615385;0.325;2.5;0;2;2;0;1;0;1;0;0.15384615384615385;0.3333333333333333;0.0030075187969924814;6.5;1.0;1.0;1.0;0.0;1.0;1.0;1.0;0.0;0.0;0.0;0.0;0.0;0.0;0.0;0.0;0.0;0.0;0.0;0.0;0.0;0.0;0.0;0.0;0.0;0.0;0.0;0.0;0.0;0.0;0.0;0.0;0.0;0.0;0.0;0.0;0.0
2024-11-27;Girona;0;0;13;24;32;Sturm;1;1;9;9;1;5;0.7;0.3;661;0.88;16;11;1;1;0;0;10;1.0;1.0;1.0;1.0;1.0;1.0;0.0;1.0;0.0;0.0;0.0;1;0.03333333333333333;0.0625;582;0.027491408934707903;831.4285714285714;1.1111111111111112;14.285714285714286;0;0.39999999999999997;9;0;5;0.01361573373676248;0.0;0.0;0.0;0;0;0;0;0;1;1;0;0.0;0.0;0.0;0.0;0.0;0.0;1.0;0.0;0.0;1.0;1.0;1.0;0.0;0.0;0.0;0.0;0.0;0.0;0.0;0.0;0.0;0.0;0.0;0.0;0.0;0.0;0.0;0.0;0.0;0.0;0.0;0.0;0.0;0.0;0.0;0.0;0.0;0.0;0.0;0.0
2024-11-23;Girona;1;3;9;24;49;RCD Espanyol;0;3;12;9;5;1;0.76;0.24;774;0.9;4;19;0;3;0;0;6;1.0;0.0;1.0;1.0;1.0;0.0;0.0;0.0;0.0;0.0;1.0;3;0.026666666666666665;0.0;697;0.005738880918220947;917.1052631578947;0.5;7.894736842105263;3;0.52;3;-3;-15;0.015503875968992248;0.3333333333333333;0.19;1.5;4;0;4;1;0;0;0;1;0.3333333333333333;0.8;0.00516795865633075;3.0;1.0;1.0;1.0;0.0;1.0;1.0;1.0;0.0;0.0;0.0;0.0;0.0;0.0;0.0;0.0;0.0;0.0;0.0;0.0;0.0;0.0;0.0;0.0;0.0;0.0;0.0;0.0;0.0;0.0;0.0;0.0;0.0;0.0;0.0;0.0;0.0
2024-11-10;Girona;1;3;3;24;48;Getafe;3;3;3;8;2;0;0.54;0.46;472;0.8;16;25;3;3;0;0;2;1.0;0.0;0.0;1.0;1.0;0.0;0.0;0.0;1.0;0.0;0.0;5;0.0575;0.1875;378;0.042328042328042326;700.0;0.6666666666666666;3.7037037037037033;-5;0.08000000000000002;-3;0;-9;0.006355932203389831;0.3333333333333333;0.54;2.0;1;0;1;1;0;0;1;0;0.3333333333333333;0.5;0.00211864406779661;3.0;1.0;1.0;1.0;0.0;1.0;1.0;1.0;1.0;0.0;0.0;0.0;0.0;0.0;0.0;0.0;0.0;0.0;0.0;0.0;0.0;0.0;0.0;0.0;0.0;0.0;0.0;0.0;0.0;0.0;0.0;0.0;0.0;0.0;0.0;0.0;0.0
2024-11-05;Girona;0;13;0;24;28;PSV;4;4;7;25;3;12;0.37;0.63;351;0.82;10;11;3;4;1;0;3;1.0;0.0;1.0;1.0;1.0;0.0;0.0;0.0;1.0;0.0;0.0;7;0.0252;0.4;288;0.034722222222222224;778.3783783783784;0.42857142857142855;8.108108108108109;-18;-0.26;-4;0;-1;0.019943019943019943;0.0;0.0;0.0;0;0;0;0;0;1;1;0;0.0;0.0;0.0;0.0;1.0;1.0;0.0;0.0;1.0;1.0;1.0;0.0;0.0;0.0;0.0;1.0;0.0;0.0;0.0;0.0;0.0;0.0;0.0;0.0;0.0;0.0;0.0;0.0;0.0;0.0;0.0;0.0;0.0;0.0;0.0;0.0;0.0;0.0;0.0;0.0
2024-11-02;Girona;1;17;22;24;47;Leganés;3;4;15;8;6;5;0.55;0.45;488;0.85;17;15;3;4;0;0;6;1.0;0.0;0.0;1.0;1.0;0.0;0.0;0.0;1.0;0.0;0.0;1;0.05625;0.17647058823529413;415;0.04096385542168675;754.5454545454545;0.4;10.909090909090908;7;0.10000000000000003;5;-1;2;0.030737704918032786;0.26666666666666666;0.1375;1.5;2;2;4;1;0;0;0;1;0.26666666666666666;0.6666666666666666;0.00819672131147541;3.75;1.0;1.0;0.0;0.0;1.0;1.0;1.0;1.0;0.0;0.0;0.0;1.0;0.0;0.0;0.0;0.0;0.0;0.0;0.0;0.0;0.0;0.0;0.0;0.0;0.0;0.0;0.0;0.0;0.0;0.0;0.0;0.0;0.0;0.0;0.0;0.0
2024-10-30;Girona;19;1;1;24;506;Extremadura;2;1;19;8;5;0;0.66;0.34;573;0.92;12;9;2;1;0;0;11;0.0;0.0;1.0;1.0;0.0;0.0;0.0;0.0;0.0;1.0;0.0;1;0.0425;0.16666666666666666;527;0.022770398481973434;798.4848484848485;0.5789473684210527;16.666666666666664;11;0.32;10;1;3;0.03315881326352531;0.21052631578947367;0.165;2.75;1;3;4;1;0;0;1;0;0.21052631578947367;0.8;0.006980802792321117;4.75;1.0;0.0;0.0;0.0;0.0;1.0;1.0;1.0;0.0;0.0;0.0;1.0;0.0;1.0;0.0;1.0;1.0;0.0;0.0;0.0;0.0;0.0;0.0;0.0;0.0;0.0;0.0;0.0;0.0;0.0;0.0;0.0;0.0;0.0;0.0;0.0
2024-10-26;Girona;1;1;3;24;50;U. D. Las Palmas;6;4;8;12;3;3;0.57;0.43;474;0.84;14;12;5;4;1;0;5;1.0;1.0;1.0;0.0;1.0;0.0;0.0;0.0;0.0;1.0;0.0;3;0.035833333333333335;0.42857142857142855;398;0.035175879396984924;698.2456140350878;0.625;8.771929824561404;-4;0.13999999999999996;2;2;2;0.016877637130801686;0.0;0.0;0.0;0;0;0;0;0;1;1;0;0.0;0.0;0.0;0.0;1.0;1.0;0.0;0.0;1.0;1.0;0.0;0.0;0.0;0.0;0.0;1.0;0.0;0.0;0.0;0.0;1.0;0.0;0.0;0.0;0.0;0.0;0.0;0.0;0.0;0.0;0.0;0.0;0.0;0.0;0.0;0.0;0.0;0.0;0.0;0.0
2024-10-22;Girona;0;6;17;24;36;Slovan Bratislava;1;3;15;6;7;2;0.65;0.35;561;0.9;19;18;1;3;0;0;7;1.0;1.0;1.0;0.0;1.0;1.0;0.0;0.0;1.0;1.0;0.0;6;0.05833333333333333;0.05263157894736842;505;0.03762376237623762;776.9230769230769;0.4666666666666667;10.769230769230768;9;0.30000000000000004;1;-2;1;0.026737967914438502;0.13333333333333333;0.325;3.5;1;1;2;1;0;0;0;1;0.13333333333333333;0.2857142857142857;0.0035650623885918;7.5;1.0;0.0;0.0;0.0;1.0;0.0;0.0;1.0;0.0;0.0;0.0;0.0;0.0;0.0;1.0;0.0;0.0;0.0;0.0;0.0;0.0;0.0;0.0;0.0;0.0;0.0;0.0;0.0;0.0;0.0;0.0;0.0;0.0;0.0;0.0;0.0
2024-10-19;Girona;1;30;7;24;46;Real Sociedad;2;1;8;14;3;4;0.47;0.53;428;0.85;10;12;2;1;0;0;6;1.0;1.0;1.0;0.0;1.0;1.0;0.0;0.0;1.0;1.0;0.0;6;0.03785714285714286;0.2;364;0.027472527472527472;774.468085106383;0.75;12.765957446808512;-6;-0.06000000000000005;0;1;-2;0.018691588785046728;0.0;0.0;0.0;0;0;0;0;0;1;0;1;0.0;0.0;0.0;0.0;1.0;1.0;0.0;0.0;1.0;1.0;0.0;0.0;0.0;0.0;0.0;0.0;0.0;0.0;0.0;0.0;0.0;0.0;0.0;0.0;0.0;0.0;0.0;0.0;0.0;0.0;0.0;0.0;0.0;0.0;0.0;0.0;0.0;0.0;0.0;0.0
2024-10-06;Girona;1;3;0;24;38;Athletic;4;2;14;13;6;4;0.66;0.34;579;0.87;12;13;4;1;0;1;6;1.0;0.0;1.0;0.0;1.0;1.0;0.0;0.0;1.0;1.0;1.0;1;0.026153846153846156;0.3333333333333333;504;0.023809523809523808;763.6363636363636;0.42857142857142855;9.09090909090909;1;0.32;5;2;-1;0.024179620034542316;0.14285714285714285;0.33;3.0;1;1;2;1;0;0;0;1;0.14285714285714285;0.3333333333333333;0.0034542314335060447;7.0;1.0;1.0;0.0;1.0;1.0;0.0;0.0;0.0;0.0;0.0;0.0;0.0;0.0;0.0;0.0;0.0;0.0;0.0;0.0;0.0;0.0;0.0;0.0;0.0;0.0;0.0;0.0;0.0;0.0;0.0;0.0;0.0;0.0;0.0;0.0;0.0
2024-10-02;Girona;0;3;0;24;16;Feyenoord;6;3;14;7;7;2;0.67;0.33;584;0.88;11;15;6;3;0;0;11;1.0;0.0;1.0;0.0;1.0;1.0;0.0;1.0;1.0;0.0;0.0;0;0.047142857142857146;0.5454545454545454;514;0.021400778210116732;767.1641791044775;0.7857142857142857;16.417910447761194;7;0.34;11;3;-4;0.023972602739726026;0.14285714285714285;0.335;5.5;1;1;2;0;0;1;0;1;0.14285714285714285;0.2857142857142857;0.003424657534246575;7.0;1.0;1.0;0.0;0.0;1.0;1.0;1.0;0.0;0.0;0.0;0.0;0.0;0.0;0.0;0.0;0.0;0.0;0.0;0.0;0.0;0.0;0.0;0.0;0.0;0.0;0.0;0.0;0.0;0.0;0.0;0.0;0.0;0.0;0.0;0.0;0.0
2024-09-29;Girona;1;3;17;24;44;Celta de Vigo;0;1;9;12;4;2;0.52;0.48;601;0.9;14;9;0;1;0;0;4;1.0;1.0;1.0;1.0;1.0;1.0;0.0;1.0;1.0;1.0;0.0;4;0.04;0.0;541;0.025878003696857672;1040.3846153846152;0.4444444444444444;7.692307692307692;-3;0.040000000000000036;0;-1;5;0.014975041597337771;0.1111111111111111;0.52;4.0;1;0;1;0;1;0;1;0;0.1111111111111111;0.25;0.0016638935108153079;9.0;0.0;0.0;1.0;1.0;0.0;0.0;0.0;0.0;0.0;0.0;0.0;0.0;0.0;0.0;0.0;0.0;0.0;0.0;0.0;0.0;0.0;0.0;0.0;0.0;0.0;0.0;0.0;0.0;0.0;0.0;0.0;0.0;0.0;0.0;0.0;0.0
2024-09-25;Girona;1;1;1;24;42;Rayo Vallecano;3;4;11;2;1;0;0.71;0.29;644;0.88;8;16;3;4;0;0;4;1.0;0.0;0.0;1.0;1.0;1.0;0.0;1.0;1.0;0.0;1.0;3;0.145;0.375;567;0.014109347442680775;798.5915492957747;0.36363636363636365;5.633802816901409;9;0.42;1;-1;-8;0.017080745341614908;0.0;0.0;0.0;0;0;0;0;1;0;0;1;0.0;0.0;0.0;0.0;1.0;1.0;0.0;1.0;0.0;0.0;1.0;0.0;0.0;0.0;0.0;0.0;0.0;0.0;0.0;0.0;0.0;0.0;0.0;0.0;0.0;0.0;0.0;0.0;0.0;0.0;0.0;0.0;0.0;0.0;0.0;0.0;0.0;0.0;0.0;0.0
2024-09-21;Girona;1;1;3;24;52;Valencia C. F.;2;3;8;8;3;2;0.68;0.32;607;0.88;10;13;2;3;0;0;4;1.0;1.0;1.0;1.0;0.0;0.0;0.0;0.0;0.0;1.0;1.0;5;0.04;0.2;534;0.018726591760299626;785.2941176470588;0.5;5.88235294117647;0;0.36000000000000004;-1;-1;-3;0.013179571663920923;0.0;0.0;0.0;0;0;0;0;0;1;1;0;0.0;0.0;0.0;0.0;0.0;0.0;1.0;1.0;0.0;1.0;0.0;1.0;0.0;0.0;1.0;0.0;0.0;0.0;0.0;0.0;0.0;0.0;0.0;0.0;0.0;0.0;0.0;0.0;0.0;0.0;0.0;0.0;0.0;0.0;0.0;0.0;0.0;0.0;0.0;0.0
2024-09-18;Girona;0;3;0;24;19;PSG;3;1;3;26;1;5;0.36;0.64;363;0.79;18;8;3;1;0;0;1;1.0;0.0;1.0;0.0;1.0;1.0;0.0;1.0;0.0;0.0;0.0;5;0.024615384615384615;0.16666666666666666;287;0.0627177700348432;797.2222222222223;0.3333333333333333;2.7777777777777777;-23;-0.28;-4;2;10;0.008264462809917356;0.0;0.0;0.0;0;0;0;0;0;1;1;0;0.0;0.0;0.0;0.0;1.0;1.0;1.0;0.0;1.0;0.0;1.0;0.0;0.0;0.0;0.0;0.0;0.0;0.0;1.0;0.0;0.0;0.0;0.0;0.0;0.0;0.0;0.0;0.0;0.0;0.0;0.0;0.0;0.0;0.0;0.0;0.0;0.0;0.0;0.0;0.0
2024-09-15;Girona;1;3;3;24;10;Barcelona;3;3;9;20;4;9;0.44;0.56;392;0.87;13;4;3;2;0;1;1;1.0;1.0;0.0;1.0;1.0;1.0;0.0;1.0;0.0;1.0;0.0;6;0.028000000000000004;0.23076923076923078;341;0.03812316715542522;775.0;0.1111111111111111;2.272727272727273;-11;-0.12000000000000005;-5;0;9;0.02295918367346939;0.1111111111111111;0.44;1.0;0;1;1;0;0;1;0;1;0.1111111111111111;0.25;0.002551020408163265;9.0;0.0;1.0;0.0;1.0;0.0;0.0;1.0;0.0;0.0;0.0;1.0;0.0;0.0;0.0;0.0;0.0;0.0;0.0;0.0;0.0;0.0;0.0;0.0;0.0;0.0;0.0;0.0;0.0;0.0;0.0;0.0;0.0;0.0;0.0;0.0;0.0
2024-09-01;Girona;1;0;3;24;43;Sevilla;2;3;11;16;4;5;0.51;0.49;433;0.88;14;6;2;3;0;0;5;1.0;1.0;0.0;1.0;1.0;1.0;0.0;1.0;1.0;0.0;0.0;7;0.030625;0.14285714285714285;381;0.03674540682414698;747.0588235294117;0.45454545454545453;9.803921568627452;-5;0.020000000000000018;-2;-1;8;0.025404157043879907;0.18181818181818182;0.255;2.5;1;1;2;1;0;0;1;0;0.18181818181818182;0.5;0.004618937644341801;5.5;0.0;1.0;1.0;1.0;0.0;0.0;1.0;0.0;0.0;0.0;0.0;0.0;0.0;0.0;0.0;0.0;0.0;0.0;0.0;0.0;0.0;0.0;0.0;0.0;0.0;0.0;0.0;0.0;0.0;0.0;0.0;0.0;0.0;0.0;0.0;0.0
2024-08-29;Girona;1;1;3;24;41;Osasuna;0;0;10;1;5;0;0.6;0.4;572;0.9;10;9;0;0;0;0;5;1.0;1.0;0.0;1.0;1.0;1.0;0.0;1.0;1.0;0.0;0.0;0;0.4;0.0;515;0.019417475728155338;858.3333333333334;0.5;8.333333333333334;9;0.19999999999999996;5;0;1;0.017482517482517484;0.4;0.15;1.25;1;3;4;1;0;0;0;1;0.4;0.8;0.006993006993006993;2.5;0.0;1.0;0.0;1.0;0.0;1.0;1.0;0.0;0.0;0.0;0.0;0.0;0.0;0.0;0.0;0.0;0.0;0.0;0.0;0.0;0.0;0.0;0.0;0.0;0.0;0.0;0.0;0.0;0.0;0.0;0.0;0.0;0.0;0.0;0.0;0.0
2024-08-25;Girona;1;0;4;24;27;Atlético Madrid;3;1;13;11;4;6;0.58;0.42;610;0.91;11;11;3;1;0;0;9;1.0;0.0;0.0;1.0;1.0;1.0;0.0;1.0;1.0;0.0;0.0;1;0.03818181818181818;0.2727272727272727;555;0.01981981981981982;956.896551724138;0.6923076923076923;15.517241379310345;2;0.15999999999999998;8;2;0;0.021311475409836064;0.0;0.0;0.0;0;0;0;0;0;1;1;0;0.0;0.0;0.0;0.0;1.0;1.0;1.0;1.0;0.0;0.0;1.0;0.0;0.0;0.0;0.0;0.0;0.0;0.0;0.0;0.0;0.0;0.0;0.0;0.0;0.0;0.0;0.0;0.0;0.0;0.0;0.0;0.0;0.0;0.0;0.0;0.0;0.0;0.0;0.0;0.0
2024-08-15;Girona;1;0;3;24;39;Betis;0;2;13;19;2;4;0.61;0.39;577;0.87;7;11;0;2;0;0;4;1.0;0.0;0.0;1.0;1.0;1.0;0.0;0.0;1.0;0.0;0.0;4;0.020526315789473684;0.0;502;0.013944223107569721;822.9508196721312;0.3076923076923077;6.557377049180328;-6;0.21999999999999997;0;-2;-4;0.022530329289428077;0.07692307692307693;0.61;4.0;0;1;1;0;1;0;1;0;0.07692307692307693;0.5;0.0017331022530329288;13.0;1.0;1.0;1.0;1.0;0.0;0.0;1.0;0.0;0.0;0.0;0.0;0.0;1.0;0.0;0.0;0.0;0.0;0.0;0.0;0.0;0.0;0.0;0.0;0.0;0.0;0.0;0.0;0.0;0.0;0.0;0.0;0.0;0.0;0.0;0.0;0.0
2024-08-09;Girona;6;5;3;24;60;Newcastle;0;0;10;20;2;11;0.51;0.49;542;0.86;10;11;0;0;0;0;5;1.0;1.0;0.0;1.0;0.0;1.0;0.0;0.0;1.0;0.0;0.0;2;0.0245;0.0;466;0.02145922746781116;913.7254901960785;0.5;9.803921568627452;-10;0.020000000000000018;3;0;-1;0.01845018450184502;0.0;0.0;0.0;0;0;0;0;0;1;1;0;0.0;0.0;0.0;0.0;1.0;1.0;1.0;0.0;1.0;0.0;0.0;0.0;0.0;0.0;0.0;0.0;1.0;0.0;0.0;0.0;0.0;1.0;0.0;0.0;0.0;0.0;0.0;0.0;0.0;0.0;0.0;0.0;0.0;0.0;0.0;0.0;0.0;0.0;0.0;0.0
2024-05-24;Girona;1;0;3;24;119;Granada;3;4;16;10;9;2;0.7;0.3;626;0.91;6;13;3;3;0;1;4;1.0;0.0;0.0;1.0;1.0;1.0;0.0;1.0;1.0;0.0;0.0;2;0.03;0.5;570;0.010526315789473684;814.2857142857143;0.25;5.714285714285714;6;0.39999999999999997;2;-1;-7;0.025559105431309903;0.4375;0.09999999999999999;0.5714285714285714;3;4;7;1;0;0;0;1;0.4375;0.7777777777777778;0.011182108626198083;2.2857142857142856;0.0;1.0;0.0;0.0;0.0;0.0;0.0;0.0;0.0;0.0;0.0;0.0;1.0;0.0;0.0;0.0;0.0;0.0;1.0;1.0;1.0;0.0;0.0;0.0;0.0;0.0;0.0;0.0;0.0;0.0;0.0;0.0;0.0;0.0;0.0;0.0
2024-05-19;Girona;1;3;1;24;52;Valencia C. F.;0;2;18;20;5;6;0.64;0.36;629;0.91;8;10;0;2;0;0;4;1.0;0.0;0.0;1.0;0.0;1.0;0.0;1.0;1.0;0.0;0.0;5;0.018;0.0;572;0.013986013986013986;893.75;0.2222222222222222;6.25;-2;0.28;-1;-2;-2;0.028616852146263912;0.16666666666666666;0.21333333333333335;1.3333333333333333;1;2;3;1;0;0;1;0;0.16666666666666666;0.6;0.0047694753577106515;6.0;1.0;1.0;0.0;0.0;0.0;0.0;0.0;0.0;0.0;0.0;0.0;0.0;0.0;0.0;0.0;0.0;0.0;0.0;1.0;1.0;1.0;1.0;0.0;0.0;0.0;0.0;0.0;0.0;0.0;0.0;0.0;0.0;0.0;0.0;0.0;0.0
2024-05-14;Girona;1;3;1;24;37;Villarreal;1;4;22;11;5;3;0.67;0.33;749;0.92;3;14;1;3;0;1;5;1.0;0.0;0.0;1.0;1.0;1.0;0.0;1.0;1.0;0.0;0.0;1;0.030000000000000002;0.3333333333333333;689;0.0043541364296081275;1028.3582089552237;0.22727272727272727;7.462686567164178;11;0.34;4;-3;-11;0.029372496662216287;0.0;0.0;0.0;0;0;0;0;0;1;0;1;0.0;0.0;0.0;0.0;0.0;1.0;0.0;0.0;0.0;0.0;0.0;0.0;0.0;0.0;0.0;0.0;0.0;0.0;0.0;0.0;0.0;0.0;1.0;1.0;1.0;1.0;0.0;0.0;0.0;0.0;0.0;0.0;0.0;0.0;0.0;0.0;0.0;0.0;0.0;0.0
2024-05-10;Girona;1;3;3;24;45;Alavés;2;3;15;14;5;8;0.65;0.35;582;0.89;6;13;2;3;0;0;3;1.0;0.0;0.0;1.0;1.0;1.0;0.0;1.0;1.0;0.0;0.0;5;0.024999999999999998;0.3333333333333333;518;0.011583011583011582;796.9230769230769;0.2;4.615384615384615;1;0.30000000000000004;-2;-1;-7;0.02577319587628866;0.13333333333333333;0.325;1.5;2;0;2;0;1;0;1;0;0.13333333333333333;0.4;0.003436426116838488;7.5;1.0;0.0;0.0;0.0;0.0;0.0;0.0;0.0;0.0;0.0;0.0;0.0;1.0;0.0;0.0;0.0;0.0;0.0;1.0;0.0;1.0;1.0;0.0;0.0;0.0;0.0;0.0;0.0;0.0;0.0;0.0;0.0;0.0;0.0;0.0;0.0
2024-05-04;Girona;1;3;0;24;10;Barcelona;0;3;9;16;7;7;0.39;0.61;383;0.83;11;8;0;3;0;0;5;1.0;0.0;0.0;1.0;1.0;1.0;0.0;1.0;1.0;0.0;0.0;4;0.038125;0.0;318;0.03459119496855346;815.3846153846154;0.5555555555555556;12.82051282051282;-7;-0.21999999999999997;1;-3;3;0.02349869451697128;0.4444444444444444;0.0975;1.25;1;3;4;1;0;0;0;1;0.4444444444444444;0.5714285714285714;0.010443864229765013;2.25;0.0;1.0;0.0;0.0;0.0;0.0;0.0;0.0;0.0;0.0;0.0;0.0;0.0;0.0;0.0;0.0;0.0;0.0;1.0;1.0;1.0;1.0;0.0;0.0;0.0;0.0;0.0;0.0;0.0;0.0;0.0;0.0;0.0;0.0;0.0;0.0
2024-04-27;Girona;1;3;5;24;50;U. D. Las Palmas;3;1;6;10;3;5;0.39;0.61;381;0.77;10;12;3;1;0;0;2;1.0;0.0;0.0;1.0;1.0;1.0;0.0;0.0;1.0;0.0;0.0;4;0.061;0.3;293;0.034129692832764506;751.2820512820513;0.3333333333333333;5.128205128205128;-4;-0.21999999999999997;-2;2;-2;0.015748031496062992;0.3333333333333333;0.195;1.0;1;1;2;1;0;0;1;0;0.3333333333333333;0.6666666666666666;0.005249343832020997;3.0;0.0;1.0;0.0;0.0;0.0;0.0;0.0;0.0;0.0;0.0;0.0;0.0;0.0;0.0;0.0;0.0;0.0;0.0;1.0;1.0;1.0;1.0;1.0;0.0;0.0;0.0;0.0;0.0;0.0;0.0;0.0;0.0;0.0;0.0;0.0;0.0
2024-04-20;Girona;1;3;1;24;130;Cádiz;1;2;10;12;5;5;0.58;0.42;553;0.9;11;14;1;2;0;0;2;1.0;0.0;0.0;1.0;1.0;1.0;0.0;0.0;1.0;0.0;0.0;4;0.034999999999999996;0.09090909090909091;498;0.02208835341365462;858.6206896551724;0.2;3.4482758620689657;-2;0.15999999999999998;-2;-1;-3;0.018083182640144666;0.4;0.145;0.5;2;2;4;1;0;0;0;1;0.4;0.8;0.007233273056057866;2.5;0.0;1.0;0.0;0.0;0.0;0.0;0.0;0.0;0.0;0.0;0.0;0.0;0.0;0.0;0.0;0.0;0.0;0.0;1.0;1.0;1.0;1.0;1.0;0.0;0.0;0.0;0.0;0.0;0.0;0.0;0.0;0.0;0.0;0.0;0.0;0.0
2024-04-13;Girona;1;5;1;24;27;Atlético Madrid;2;3;12;17;5;4;0.6;0.4;627;0.9;12;18;2;3;0;0;0;1.0;0.0;0.0;1.0;1.0;0.0;0.0;0.0;1.0;0.0;0.0;2;0.023529411764705882;0.16666666666666666;564;0.02127659574468085;940.0;0.0;0.0;-5;0.19999999999999996;-2;-1;-6;0.019138755980861243;0.08333333333333333;0.6;0.0;1;0;1;0;0;1;1;0;0.08333333333333333;0.2;0.001594896331738437;12.0;0.0;1.0;0.0;0.0;0.0;0.0;0.0;0.0;0.0;0.0;1.0;0.0;0.0;0.0;0.0;0.0;0.0;0.0;1.0;1.0;1.0;1.0;1.0;0.0;0.0;0.0;0.0;0.0;0.0;0.0;0.0;0.0;0.0;0.0;0.0;0.0
2024-03-31;Girona;1;17;7;24;39;Betis;3;4;9;7;5;4;0.57;0.43;575;0.87;13;14;3;4;0;0;5;1.0;0.0;0.0;1.0;1.0;1.0;0.0;1.0;0.0;0.0;0.0;4;0.06142857142857143;0.23076923076923078;500;0.026;877.1929824561404;0.5555555555555556;8.771929824561404;2;0.13999999999999996;1;-1;-1;0.01565217391304348;0.3333333333333333;0.18999999999999997;1.6666666666666667;1;2;3;1;0;0;0;1;0.3333333333333333;0.6;0.0052173913043478265;3.0;0.0;1.0;0.0;0.0;0.0;0.0;0.0;0.0;0.0;0.0;0.0;0.0;1.0;0.0;0.0;0.0;0.0;0.0;1.0;1.0;1.0;0.0;1.0;0.0;0.0;0.0;0.0;0.0;0.0;0.0;0.0;0.0;0.0;0.0;0.0;0.0
2024-03-16;Girona;1;3;7;24;48;Getafe;4;4;13;11;3;3;0.59;0.41;470;0.82;13;16;4;4;0;0;5;1.0;0.0;0.0;1.0;0.0;1.0;0.0;0.0;0.0;0.0;0.0;2;0.03727272727272727;0.3076923076923077;385;0.033766233766233764;652.542372881356;0.38461538461538464;8.474576271186441;2;0.18;3;0;-3;0.027659574468085105;0.0;0.0;0.0;0;0;0;0;0;1;1;0;0.0;0.0;0.0;0.0;0.0;0.0;0.0;0.0;0.0;0.0;0.0;1.0;0.0;0.0;0.0;0.0;1.0;0.0;0.0;0.0;0.0;0.0;1.0;1.0;1.0;1.0;1.0;1.0;0.0;0.0;0.0;0.0;0.0;0.0;0.0;0.0;0.0;0.0;0.0;0.0
2024-03-09;Girona;1;17;23;24;41;Osasuna;3;3;11;7;6;1;0.6;0.4;550;0.9;10;16;3;3;0;0;5;1.0;0.0;0.0;1.0;1.0;1.0;0.0;1.0;0.0;0.0;0.0;7;0.05714285714285715;0.3;495;0.020202020202020204;825.0;0.45454545454545453;8.333333333333334;4;0.19999999999999996;-2;0;-6;0.02;0.18181818181818182;0.3;2.5;1;1;2;1;0;0;0;1;0.18181818181818182;0.3333333333333333;0.0036363636363636364;5.5;0.0;1.0;0.0;0.0;0.0;0.0;0.0;0.0;0.0;0.0;0.0;0.0;1.0;0.0;0.0;0.0;0.0;0.0;1.0;1.0;1.0;1.0;0.0;0.0;0.0;0.0;0.0;0.0;0.0;0.0;0.0;0.0;0.0;0.0;0.0;0.0
2024-03-03;Girona;1;3;4;24;40;R.C.D. Mallorca;0;5;15;16;4;2;0.6;0.4;491;0.81;9;19;0;5;0;0;5;1.0;0.0;0.0;0.0;1.0;1.0;0.0;1.0;0.0;0.0;0.0;8;0.025;0.0;398;0.022613065326633167;663.3333333333334;0.3333333333333333;8.333333333333334;-1;0.19999999999999996;-3;-5;-10;0.03054989816700611;0.0;0.0;0.0;0;0;0;0;0;1;1;0;0.0;0.0;0.0;0.0;0.0;0.0;0.0;0.0;0.0;0.0;0.0;1.0;0.0;0.0;1.0;0.0;0.0;0.0;0.0;0.0;0.0;0.0;1.0;1.0;1.0;1.0;1.0;0.0;0.0;0.0;0.0;0.0;0.0;0.0;0.0;0.0;0.0;0.0;0.0;0.0
2024-02-26;Girona;1;3;3;24;42;Rayo Vallecano;3;4;14;7;8;1;0.55;0.45;523;0.87;13;16;3;3;0;1;2;1.0;0.0;0.0;0.0;1.0;0.0;0.0;1.0;1.0;0.0;0.0;2;0.0642857142857143;0.23076923076923078;455;0.02857142857142857;827.2727272727273;0.14285714285714285;3.6363636363636362;7;0.10000000000000003;0;-1;-3;0.02676864244741874;0.21428571428571427;0.18333333333333335;0.6666666666666666;0;3;3;1;0;0;0;1;0.21428571428571427;0.375;0.0057361376673040155;4.666666666666667;0.0;1.0;0.0;0.0;0.0;0.0;0.0;0.0;0.0;0.0;0.0;0.0;1.0;0.0;0.0;0.0;0.0;0.0;1.0;1.0;1.0;1.0;1.0;0.0;0.0;0.0;0.0;0.0;0.0;0.0;0.0;0.0;0.0;0.0;0.0;0.0
2024-02-19;Girona;1;3;3;24;38;Athletic;2;1;12;14;6;7;0.7;0.3;674;0.89;13;16;2;1;0;0;4;1.0;0.0;0.0;0.0;1.0;1.0;0.0;1.0;1.0;0.0;0.0;3;0.02142857142857143;0.15384615384615385;600;0.021666666666666667;857.1428571428572;0.3333333333333333;5.714285714285714;-2;0.39999999999999997;1;1;-3;0.017804154302670624;0.16666666666666666;0.35;2.0;0;2;2;0;0;1;1;0;0.16666666666666666;0.3333333333333333;0.002967359050445104;6.0;1.0;0.0;0.0;0.0;0.0;0.0;0.0;1.0;0.0;0.0;0.0;0.0;0.0;0.0;0.0;0.0;0.0;0.0;1.0;1.0;1.0;1.0;0.0;0.0;0.0;0.0;0.0;0.0;0.0;0.0;0.0;0.0;0.0;0.0;0.0;0.0
2024-02-10;Girona;1;3;28;24;12;Real Madrid;2;1;5;16;0;6;0.46;0.54;499;0.92;12;9;2;1;0;0;2;1.0;0.0;0.0;0.0;1.0;1.0;0.0;1.0;0.0;0.0;0.0;0;0.03375;0.16666666666666666;459;0.026143790849673203;997.8260869565217;0.4;4.3478260869565215;-11;-0.08000000000000002;2;1;3;0.01002004008016032;0.0;0.0;0.0;0;0;0;0;0;1;1;0;0.0;0.0;0.0;0.0;0.0;0.0;0.0;0.0;0.0;0.0;0.0;1.0;0.0;0.0;0.0;0.0;1.0;0.0;0.0;0.0;0.0;0.0;1.0;1.0;1.0;1.0;1.0;0.0;0.0;0.0;0.0;0.0;0.0;0.0;0.0;0.0;0.0;0.0;0.0;0.0
2024-02-03;Girona;1;3;8;24;46;Real Sociedad;2;3;11;11;3;2;0.48;0.52;403;0.83;8;19;2;3;0;0;3;1.0;0.0;0.0;1.0;1.0;1.0;0.0;1.0;1.0;0.0;0.0;4;0.04727272727272727;0.25;334;0.023952095808383235;695.8333333333334;0.2727272727272727;6.25;0;-0.040000000000000036;-1;-1;-11;0.02729528535980149;0.0;0.0;0.0;0;0;0;0;1;0;0;1;0.0;0.0;0.0;0.0;0.0;0.0;0.0;0.0;0.0;0.0;0.0;0.0;0.0;0.0;0.0;0.0;1.0;0.0;0.0;0.0;0.0;0.0;1.0;1.0;0.0;1.0;1.0;0.0;0.0;0.0;0.0;0.0;0.0;0.0;0.0;0.0;0.0;0.0;0.0;0.0
2024-01-28;Girona;1;3;6;24;44;Celta de Vigo;1;1;15;10;6;5;0.61;0.39;567;0.84;11;13;1;1;0;0;7;1.0;0.0;0.0;1.0;1.0;0.0;0.0;1.0;1.0;0.0;0.0;5;0.039;0.09090909090909091;476;0.023109243697478993;780.327868852459;0.4666666666666667;11.475409836065573;5;0.21999999999999997;2;0;-2;0.026455026455026454;0.06666666666666667;0.61;7.0;1;0;1;1;0;0;1;0;0.06666666666666667;0.16666666666666666;0.001763668430335097;15.0;1.0;0.0;0.0;0.0;0.0;0.0;0.0;0.0;0.0;0.0;0.0;0.0;1.0;0.0;0.0;0.0;0.0;0.0;0.0;1.0;1.0;1.0;1.0;0.0;0.0;0.0;0.0;0.0;0.0;0.0;0.0;0.0;0.0;0.0;0.0;0.0
2024-01-24;Girona;19;3;4;24;40;R.C.D. Mallorca;2;6;19;14;5;6;0.76;0.24;609;0.9;5;20;2;5;0;1;7;0.0;0.0;0.0;1.0;1.0;1.0;0.0;1.0;1.0;0.0;0.0;3;0.017142857142857144;0.4;548;0.009124087591240875;721.0526315789474;0.3684210526315789;9.210526315789474;5;0.52;4;-4;-15;0.031198686371100164;0.10526315789473684;0.38;3.5;0;2;2;0;0;1;1;0;0.10526315789473684;0.4;0.003284072249589491;9.5;1.0;0.0;0.0;0.0;0.0;0.0;0.0;0.0;0.0;1.0;0.0;0.0;0.0;0.0;1.0;1.0;0.0;0.0;0.0;1.0;0.0;1.0;0.0;0.0;0.0;0.0;0.0;0.0;0.0;0.0;0.0;0.0;0.0;0.0;0.0;0.0
2024-01-21;Girona;1;1;4;24;43;Sevilla;0;2;12;9;8;3;0.56;0.44;568;0.88;9;11;0;2;0;0;4;1.0;0.0;0.0;1.0;1.0;1.0;0.0;1.0;1.0;0.0;0.0;5;0.04888888888888889;0.0;500;0.018;892.8571428571428;0.3333333333333333;7.142857142857142;3;0.12000000000000005;-1;-2;-2;0.02112676056338028;0.4166666666666667;0.11200000000000002;0.8;3;2;5;1;0;0;0;1;0.4166666666666667;0.625;0.008802816901408451;2.4;0.0;0.0;0.0;0.0;0.0;0.0;0.0;1.0;0.0;0.0;0.0;0.0;1.0;0.0;0.0;0.0;0.0;0.0;0.0;0.0;1.0;1.0;1.0;0.0;0.0;0.0;0.0;0.0;0.0;0.0;0.0;0.0;0.0;0.0;0.0;0.0
2024-01-17;Girona;19;3;0;24;42;Rayo Vallecano;1;1;18;21;8;3;0.56;0.44;567;0.92;10;14;1;1;0;0;3;0.0;0.0;0.0;1.0;1.0;0.0;0.0;1.0;1.0;0.0;0.0;7;0.02095238095238095;0.1;522;0.019157088122605363;932.1428571428571;0.16666666666666666;5.357142857142857;-3;0.12000000000000005;-4;0;-4;0.031746031746031744;0.16666666666666666;0.18666666666666668;1.0;3;0;3;1;0;0;0;1;0.16666666666666666;0.375;0.005291005291005291;6.0;1.0;0.0;0.0;0.0;0.0;0.0;0.0;1.0;0.0;0.0;1.0;0.0;1.0;0.0;1.0;1.0;0.0;0.0;0.0;0.0;0.0;1.0;0.0;0.0;0.0;0.0;0.0;0.0;0.0;0.0;0.0;0.0;0.0;0.0;0.0;0.0
2024-01-14;Girona;1;8;7;24;126;Almería;5;4;5;20;1;3;0.55;0.45;471;0.85;8;13;4;4;1;0;3;1.0;0.0;0.0;1.0;1.0;1.0;0.0;0.0;0.0;0.0;0.0;4;0.0225;0.625;400;0.02;727.2727272727273;0.6;5.454545454545454;-15;0.10000000000000003;-1;1;-5;0.010615711252653927;0.0;0.0;0.0;0;0;0;0;1;0;1;0;0.0;0.0;0.0;0.0;1.0;0.0;0.0;0.0;0.0;0.0;0.0;1.0;0.0;0.0;0.0;0.0;0.0;0.0;0.0;0.0;0.0;0.0;0.0;1.0;1.0;0.0;1.0;1.0;1.0;0.0;0.0;0.0;0.0;0.0;0.0;0.0;0.0;0.0;0.0;0.0
2024-01-06;Girona;19;3;17;24;123;Elche C. F.;0;2;10;22;6;5;0.54;0.46;508;0.9;4;14;0;2;0;0;5;0.0;0.0;0.0;0.0;1.0;1.0;0.0;0.0;0.0;0.0;0.0;9;0.02090909090909091;0.0;457;0.0087527352297593;846.2962962962962;0.5;9.25925925925926;-12;0.08000000000000002;-4;-2;-10;0.01968503937007874;0.2;0.27;2.5;1;1;2;1;0;0;1;0;0.2;0.3333333333333333;0.003937007874015748;5.0;1.0;0.0;0.0;0.0;0.0;0.0;0.0;1.0;0.0;0.0;1.0;0.0;1.0;0.0;1.0;1.0;0.0;0.0;1.0;0.0;0.0;0.0;1.0;0.0;1.0;0.0;0.0;0.0;0.0;0.0;0.0;0.0;0.0;0.0;0.0;0.0
2024-01-03;Girona;1;8;30;24;27;Atlético Madrid;0;1;17;18;9;12;0.52;0.48;496;0.9;8;10;0;1;0;0;7;1.0;0.0;0.0;1.0;1.0;1.0;0.0;0.0;0.0;0.0;0.0;8;0.026666666666666665;0.0;446;0.017937219730941704;857.6923076923076;0.4117647058823529;13.461538461538462;-1;0.040000000000000036;-1;-1;-2;0.034274193548387094;0.23529411764705882;0.13;1.75;3;1;4;1;0;0;0;1;0.23529411764705882;0.4444444444444444;0.008064516129032258;4.25;0.0;0.0;0.0;0.0;0.0;0.0;0.0;0.0;0.0;0.0;0.0;0.0;0.0;0.0;0.0;0.0;0.0;0.0;1.0;1.0;1.0;1.0;1.0;1.0;1.0;0.0;0.0;0.0;0.0;0.0;0.0;0.0;0.0;0.0;0.0;0.0
2023-12-21;Girona;1;3;3;24;39;Betis;2;2;12;21;4;4;0.53;0.47;576;0.9;9;6;2;2;0;0;6;1.0;0.0;0.0;1.0;1.0;1.0;0.0;0.0;0.0;0.0;0.0;7;0.02238095238095238;0.2222222222222222;518;0.017374517374517374;977.3584905660376;0.5;11.320754716981131;-9;0.06000000000000005;-1;0;3;0.020833333333333332;0.08333333333333333;0.53;6.0;1;0;1;0;1;0;1;0;0.08333333333333333;0.25;0.001736111111111111;12.0;0.0;1.0;0.0;0.0;0.0;0.0;0.0;0.0;0.0;0.0;0.0;0.0;0.0;0.0;0.0;0.0;0.0;0.0;1.0;1.0;1.0;1.0;1.0;1.0;0.0;0.0;0.0;0.0;0.0;0.0;0.0;0.0;0.0;0.0;0.0;0.0
2023-12-18;Girona;1;17;6;24;45;Alavés;0;1;9;12;4;2;0.67;0.33;701;0.9;9;7;0;1;0;0;3;1.0;0.0;0.0;1.0;1.0;1.0;0.0;0.0;0.0;0.0;0.0;2;0.0275;0.0;631;0.014263074484944533;941.7910447761193;0.3333333333333333;4.477611940298507;-3;0.34;1;-1;2;0.012838801711840228;0.3333333333333333;0.22333333333333336;1.0;2;1;3;1;0;0;0;1;0.3333333333333333;0.75;0.0042796005706134095;3.0;0.0;1.0;0.0;0.0;0.0;0.0;0.0;0.0;0.0;0.0;0.0;0.0;1.0;0.0;0.0;0.0;0.0;0.0;1.0;1.0;1.0;1.0;1.0;0.0;0.0;0.0;0.0;0.0;0.0;0.0;0.0;0.0;0.0;0.0;0.0;0.0
2023-12-10;Girona;1;17;0;24;10;Barcelona;2;1;15;31;7;11;0.46;0.54;466;0.85;10;7;2;1;0;0;3;1.0;0.0;0.0;1.0;1.0;1.0;0.0;1.0;0.0;0.0;0.0;8;0.01741935483870968;0.2;396;0.025252525252525252;860.8695652173913;0.2;6.521739130434782;-16;-0.08000000000000002;-5;1;3;0.032188841201716736;0.26666666666666666;0.115;0.75;2;2;4;1;0;0;1;0;0.26666666666666666;0.5714285714285714;0.008583690987124463;3.75;0.0;1.0;0.0;0.0;0.0;0.0;0.0;0.0;0.0;0.0;0.0;0.0;0.0;0.0;0.0;0.0;0.0;0.0;1.0;1.0;1.0;1.0;1.0;0.0;0.0;0.0;0.0;0.0;0.0;0.0;0.0;0.0;0.0;0.0;0.0;0.0
2023-12-07;Girona;19;2;4;24;-1;Orihuela;1;1;20;7;9;5;0.7;0.3;608;0.88;6;13;1;1;0;0;8;0.0;0.0;0.0;0.0;0.0;0.0;0.0;0.0;0.0;0.0;0.0;3;0.04285714285714286;0.16666666666666666;535;0.011214953271028037;764.2857142857143;0.4;11.428571428571429;13;0.39999999999999997;5;0;-7;0.03289473684210526;0.25;0.13999999999999999;1.6;1;4;5;1;0;0;1;0;0.25;0.5555555555555556;0.008223684210526315;4.0;1.0;0.0;0.0;0.0;0.0;0.0;0.0;1.0;0.0;0.0;1.0;0.0;1.0;0.0;1.0;0.0;0.0;0.0;0.0;0.0;0.0;0.0;0.0;1.0;1.0;1.0;1.0;1.0;1.0;0.0;0.0;0.0;0.0;0.0;0.0;0.0
2023-12-02;Girona;1;17;1;24;52;Valencia C. F.;3;3;9;9;5;3;0.76;0.24;664;0.89;6;7;3;3;0;0;3;1.0;0.0;0.0;1.0;1.0;1.0;0.0;1.0;1.0;0.0;0.0;2;0.026666666666666665;0.5;591;0.01015228426395939;777.6315789473684;0.3333333333333333;3.9473684210526314;0;0.52;1;0;-1;0.01355421686746988;0.2222222222222222;0.38;1.5;0;2;2;1;0;0;0;1;0.2222222222222222;0.4;0.0030120481927710845;4.5;0.0;1.0;0.0;0.0;0.0;0.0;0.0;0.0;0.0;0.0;0.0;0.0;0.0;0.0;0.0;0.0;0.0;0.0;1.0;1.0;1.0;1.0;0.0;0.0;0.0;0.0;0.0;0.0;0.0;0.0;0.0;0.0;0.0;0.0;0.0;0.0
2023-11-27;Girona;1;8;3;24;38;Athletic;1;1;13;13;2;6;0.61;0.39;619;0.88;8;16;1;1;0;0;2;1.0;0.0;0.0;1.0;1.0;1.0;0.0;1.0;1.0;0.0;0.0;6;0.030000000000000002;0.125;545;0.014678899082568808;893.4426229508197;0.15384615384615385;3.278688524590164;0;0.21999999999999997;-4;0;-8;0.0210016155088853;0.07692307692307693;0.61;2.0;0;1;1;0;1;0;0;1;0.07692307692307693;0.5;0.0016155088852988692;13.0;1.0;0.0;0.0;0.0;0.0;0.0;0.0;0.0;0.0;0.0;0.0;0.0;0.0;0.0;1.0;0.0;0.0;0.0;1.0;1.0;0.0;1.0;0.0;0.0;0.0;0.0;0.0;0.0;0.0;0.0;0.0;0.0;0.0;0.0;0.0;0.0
2023-11-11;Girona;1;17;1;24;42;Rayo Vallecano;2;1;19;22;7;9;0.54;0.46;515;0.86;13;15;2;1;0;0;3;1.0;0.0;0.0;1.0;1.0;1.0;0.0;1.0;1.0;0.0;0.0;8;0.02090909090909091;0.15384615384615385;443;0.029345372460496615;820.3703703703703;0.15789473684210525;5.555555555555555;-3;0.08000000000000002;-5;1;-2;0.036893203883495145;0.10526315789473684;0.27;1.5;1;1;2;1;0;0;1;0;0.10526315789473684;0.2857142857142857;0.003883495145631068;9.5;1.0;0.0;0.0;0.0;0.0;0.0;0.0;0.0;0.0;0.0;0.0;0.0;0.0;0.0;0.0;0.0;0.0;0.0;1.0;1.0;1.0;1.0;0.0;0.0;0.0;0.0;0.0;0.0;0.0;0.0;0.0;0.0;0.0;0.0;0.0;0.0
2023-11-04;Girona;1;6;3;24;41;Osasuna;3;5;11;15;4;3;0.51;0.49;431;0.85;10;14;3;5;0;0;7;1.0;0.0;0.0;1.0;1.0;1.0;0.0;0.0;1.0;0.0;0.0;2;0.03266666666666666;0.3;366;0.0273224043715847;717.6470588235294;0.6363636363636364;13.72549019607843;-4;0.020000000000000018;5;-2;-4;0.025522041763341066;0.36363636363636365;0.1275;1.75;1;3;4;1;0;0;1;0;0.36363636363636365;1.0;0.009280742459396751;2.75;1.0;0.0;0.0;0.0;0.0;0.0;0.0;0.0;0.0;0.0;0.0;0.0;0.0;0.0;0.0;0.0;0.0;0.0;1.0;1.0;1.0;1.0;1.0;0.0;0.0;0.0;0.0;0.0;0.0;0.0;0.0;0.0;0.0;0.0;0.0;0.0
2023-11-01;Girona;19;0;6;24;436;San Roque;1;3;15;13;2;4;0.7;0.3;482;0.8;19;10;1;3;0;0;11;0.0;0.0;0.0;0.0;1.0;0.0;0.0;1.0;0.0;0.0;0.0;6;0.023076923076923075;0.05263157894736842;386;0.04922279792746114;551.4285714285714;0.7333333333333333;15.714285714285715;2;0.39999999999999997;5;-2;9;0.03112033195020747;0.13333333333333333;0.35;5.5;0;2;2;1;0;0;1;0;0.13333333333333333;1.0;0.004149377593360996;7.5;1.0;0.0;0.0;0.0;0.0;0.0;0.0;1.0;0.0;0.0;1.0;0.0;1.0;0.0;1.0;0.0;0.0;0.0;0.0;0.0;0.0;0.0;0.0;0.0;1.0;1.0;1.0;0.0;1.0;0.0;0.0;0.0;0.0;0.0;0.0;0.0
2023-10-27;Girona;1;6;1;24;44;Celta de Vigo;3;2;12;4;2;2;0.66;0.34;590;0.86;15;12;3;2;0;0;10;1.0;0.0;0.0;1.0;1.0;1.0;0.0;0.0;1.0;0.0;0.0;1;0.085;0.2;507;0.029585798816568046;768.1818181818181;0.8333333333333334;15.15151515151515;8;0.32;9;1;3;0.020338983050847456;0.08333333333333333;0.66;10.0;0;1;1;1;0;0;0;1;0.08333333333333333;0.5;0.001694915254237288;12.0;1.0;1.0;0.0;0.0;0.0;0.0;0.0;0.0;0.0;0.0;0.0;0.0;0.0;0.0;0.0;0.0;0.0;0.0;0.0;1.0;1.0;1.0;1.0;0.0;0.0;0.0;0.0;0.0;0.0;0.0;0.0;0.0;0.0;0.0;0.0;0.0
2023-10-22;Girona;1;17;3;24;126;Almería;1;2;19;9;8;5;0.67;0.33;624;0.89;11;14;1;2;0;0;9;1.0;0.0;0.0;1.0;1.0;1.0;0.0;0.0;1.0;0.0;0.0;6;0.03666666666666667;0.09090909090909091;555;0.01981981981981982;828.3582089552239;0.47368421052631576;13.432835820895521;10;0.34;3;-1;-3;0.030448717948717948;0.2631578947368421;0.134;1.8;3;2;5;1;0;0;0;1;0.2631578947368421;0.625;0.008012820512820512;3.8;0.0;1.0;0.0;0.0;0.0;0.0;0.0;0.0;0.0;0.0;0.0;0.0;0.0;0.0;0.0;0.0;0.0;0.0;1.0;1.0;1.0;1.0;1.0;0.0;0.0;0.0;0.0;0.0;0.0;0.0;0.0;0.0;0.0;0.0;0.0;0.0
2023-10-07;Girona;1;6;1;24;130;Cádiz;3;2;20;8;5;2;0.74;0.26;615;0.89;13;12;3;1;0;1;5;1.0;0.0;0.0;1.0;1.0;1.0;0.0;0.0;1.0;0.0;0.0;5;0.0325;0.23076923076923078;547;0.02376599634369287;739.1891891891892;0.25;6.756756756756757;12;0.48;0;1;1;0.032520325203252036;0.05;0.74;5.0;0;1;1;1;0;0;1;0;0.05;0.2;0.0016260162601626016;20.0;0.0;1.0;0.0;0.0;0.0;0.0;0.0;0.0;0.0;0.0;0.0;0.0;0.0;0.0;0.0;0.0;0.0;0.0;1.0;1.0;1.0;1.0;1.0;0.0;0.0;0.0;0.0;0.0;0.0;0.0;0.0;0.0;0.0;0.0;0.0;0.0
2023-09-30;Girona;1;7;28;24;12;Real Madrid;2;3;13;14;3;7;0.53;0.47;552;0.9;13;14;2;2;0;1;1;1.0;0.0;0.0;1.0;1.0;0.0;0.0;1.0;1.0;0.0;0.0;4;0.03357142857142857;0.15384615384615385;497;0.026156941649899398;937.7358490566037;0.07692307692307693;1.8867924528301885;-1;0.06000000000000005;-3;-1;-1;0.02355072463768116;0.0;0.0;0.0;0;0;0;0;0;1;0;1;0.0;0.0;0.0;0.0;0.0;1.0;0.0;0.0;0.0;0.0;0.0;0.0;0.0;0.0;0.0;0.0;0.0;0.0;0.0;0.0;0.0;0.0;1.0;1.0;1.0;1.0;1.0;0.0;0.0;0.0;0.0;0.0;0.0;0.0;0.0;0.0;0.0;0.0;0.0;0.0
2023-09-27;Girona;1;7;1;24;37;Villarreal;2;3;17;14;5;3;0.46;0.54;405;0.87;11;9;2;3;0;0;6;1.0;0.0;0.0;0.0;1.0;1.0;0.0;1.0;1.0;0.0;0.0;5;0.038571428571428576;0.18181818181818182;352;0.03125;765.2173913043478;0.35294117647058826;13.043478260869565;3;-0.08000000000000002;1;-1;2;0.04197530864197531;0.11764705882352941;0.23;3.0;0;2;2;1;0;0;1;0;0.11764705882352941;0.4;0.0049382716049382715;8.5;1.0;1.0;0.0;0.0;0.0;0.0;0.0;0.0;0.0;0.0;0.0;0.0;0.0;0.0;0.0;0.0;0.0;0.0;1.0;1.0;1.0;1.0;0.0;0.0;0.0;0.0;0.0;0.0;0.0;0.0;0.0;0.0;0.0;0.0;0.0;0.0
2023-09-23;Girona;1;7;9;24;40;R.C.D. Mallorca;1;5;23;15;10;5;0.57;0.43;530;0.87;10;12;1;5;0;0;6;1.0;0.0;0.0;1.0;0.0;1.0;0.0;1.0;1.0;0.0;0.0;5;0.028666666666666667;0.1;461;0.021691973969631236;808.7719298245614;0.2608695652173913;10.526315789473685;8;0.13999999999999996;1;-4;-2;0.04339622641509434;0.21739130434782608;0.11399999999999999;1.2;4;1;5;1;0;0;0;1;0.21739130434782608;0.5;0.009433962264150943;4.6;0.0;1.0;0.0;0.0;0.0;0.0;0.0;0.0;0.0;0.0;0.0;0.0;0.0;0.0;0.0;0.0;0.0;0.0;1.0;1.0;1.0;1.0;1.0;0.0;0.0;0.0;0.0;0.0;0.0;0.0;0.0;0.0;0.0;0.0;0.0;0.0
2023-09-18;Girona;1;7;1;24;119;Granada;3;3;13;12;7;5;0.58;0.42;443;0.85;21;13;3;3;0;0;5;1.0;0.0;0.0;1.0;1.0;1.0;0.0;1.0;0.0;0.0;0.0;4;0.034999999999999996;0.14285714285714285;377;0.05570291777188329;650.0;0.38461538461538464;8.620689655172415;1;0.15999999999999998;1;0;8;0.029345372460496615;0.3076923076923077;0.145;1.25;3;1;4;1;0;0;1;0;0.3076923076923077;0.5714285714285714;0.009029345372460496;3.25;0.0;1.0;0.0;0.0;0.0;0.0;0.0;0.0;0.0;0.0;0.0;0.0;0.0;0.0;0.0;0.0;0.0;0.0;1.0;1.0;1.0;1.0;1.0;0.0;0.0;0.0;0.0;0.0;0.0;0.0;0.0;0.0;0.0;0.0;0.0;0.0
2023-09-03;Girona;1;7;3;24;50;U. D. Las Palmas;3;3;11;10;6;5;0.46;0.54;410;0.86;15;10;3;3;0;0;3;1.0;0.0;0.0;1.0;1.0;1.0;0.0;1.0;1.0;0.0;0.0;5;0.054000000000000006;0.2;353;0.042492917847025496;767.391304347826;0.2727272727272727;6.521739130434782;1;-0.08000000000000002;-2;0;5;0.026829268292682926;0.09090909090909091;0.46;3.0;0;1;1;1;0;0;0;1;0.09090909090909091;0.16666666666666666;0.0024390243902439024;11.0;1.0;1.0;0.0;0.0;0.0;0.0;0.0;0.0;0.0;0.0;0.0;0.0;0.0;0.0;1.0;0.0;0.0;0.0;0.0;1.0;0.0;1.0;0.0;0.0;0.0;0.0;0.0;0.0;0.0;0.0;0.0;0.0;0.0;0.0;0.0;0.0
2023-08-26;Girona;1;7;3;24;43;Sevilla;1;2;8;21;3;4;0.49;0.51;417;0.8;18;11;1;2;0;0;6;1.0;0.0;0.0;1.0;1.0;1.0;0.0;1.0;1.0;0.0;0.0;6;0.024285714285714285;0.05555555555555555;334;0.05389221556886228;681.6326530612245;0.75;12.244897959183673;-13;-0.020000000000000018;0;-1;7;0.019184652278177457;0.25;0.245;3.0;1;1;2;1;0;0;1;0;0.25;0.6666666666666666;0.004796163069544364;4.0;1.0;1.0;0.0;0.0;0.0;0.0;0.0;0.0;0.0;0.0;0.0;0.0;0.0;0.0;1.0;0.0;0.0;0.0;0.0;1.0;0.0;1.0;0.0;0.0;0.0;0.0;0.0;0.0;0.0;0.0;0.0;0.0;0.0;0.0;0.0;0.0
2023-08-20;Girona;1;7;3;24;48;Getafe;2;5;7;9;6;2;0.65;0.35;529;0.86;11;20;2;5;0;0;3;1.0;0.0;0.0;1.0;1.0;1.0;0.0;1.0;1.0;0.0;0.0;2;0.03888888888888889;0.18181818181818182;455;0.024175824175824177;700.0;0.42857142857142855;4.615384615384615;-2;0.30000000000000004;1;-3;-9;0.013232514177693762;0.42857142857142855;0.21666666666666667;1.0;1;2;3;1;0;0;0;1;0.42857142857142855;0.5;0.005671077504725898;2.3333333333333335;1.0;1.0;0.0;0.0;0.0;0.0;0.0;0.0;0.0;0.0;0.0;0.0;0.0;0.0;1.0;0.0;0.0;0.0;0.0;1.0;0.0;1.0;0.0;0.0;0.0;0.0;0.0;0.0;0.0;0.0;0.0;0.0;0.0;0.0;0.0;0.0
2023-08-12;Girona;1;7;0;24;46;Real Sociedad;5;2;6;15;1;2;0.53;0.47;415;0.82;9;22;5;2;0;0;1;1.0;0.0;0.0;1.0;1.0;0.0;0.0;1.0;1.0;0.0;0.0;4;0.03133333333333333;0.5555555555555556;340;0.026470588235294117;641.5094339622641;0.16666666666666666;1.8867924528301885;-9;0.06000000000000005;-3;3;-13;0.014457831325301205;0.16666666666666666;0.53;1.0;0;1;1;0;1;0;1;0;0.16666666666666666;1.0;0.0024096385542168677;6.0;1.0;1.0;0.0;0.0;0.0;0.0;0.0;0.0;0.0;0.0;0.0;0.0;0.0;0.0;1.0;0.0;0.0;0.0;0.0;1.0;0.0;1.0;1.0;0.0;0.0;0.0;0.0;0.0;0.0;0.0;0.0;0.0;0.0;0.0;0.0;0.0
2023-06-04;Girona;1;7;0;24;41;Osasuna;5;1;11;14;6;7;0.64;0.36;545;0.88;9;12;5;1;0;0;2;1.0;0.0;0.0;0.0;1.0;1.0;0.0;1.0;1.0;0.0;0.0;5;0.025714285714285714;0.5555555555555556;480;0.01875;750.0;0.18181818181818182;3.125;-3;0.28;-3;4;-3;0.02018348623853211;0.09090909090909091;0.64;2.0;0;1;1;0;0;1;1;0;0.09090909090909091;0.16666666666666666;0.001834862385321101;11.0;1.0;1.0;1.0;0.0;0.0;0.0;0.0;0.0;0.0;0.0;0.0;0.0;0.0;0.0;0.0;0.0;0.0;0.0;0.0;0.0;0.0;0.0;0.0;0.0;0.0;0.0;1.0;0.0;0.0;1.0;1.0;0.0;0.0;0.0;0.0;0.0
2023-05-28;Girona;1;7;3;24;39;Betis;0;1;9;18;3;7;0.54;0.46;501;0.87;14;12;0;1;0;0;8;1.0;0.0;0.0;0.0;1.0;0.0;0.0;1.0;1.0;0.0;0.0;5;0.025555555555555557;0.0;436;0.03211009174311927;807.4074074074074;0.8888888888888888;14.814814814814813;-9;0.08000000000000002;3;-1;2;0.017964071856287425;0.1111111111111111;0.54;8.0;1;0;1;0;0;1;0;1;0.1111111111111111;0.3333333333333333;0.001996007984031936;9.0;1.0;1.0;1.0;0.0;0.0;0.0;0.0;1.0;0.0;0.0;0.0;0.0;0.0;0.0;0.0;0.0;0.0;0.0;0.0;0.0;0.0;0.0;0.0;0.0;1.0;0.0;0.0;0.0;0.0;0.0;1.0;1.0;0.0;0.0;0.0;0.0
2023-05-23;Girona;1;8;0;24;44;Celta de Vigo;0;0;11;16;4;7;0.61;0.39;557;0.9;13;13;0;0;0;0;3;1.0;0.0;0.0;0.0;1.0;1.0;0.0;1.0;0.0;0.0;0.0;9;0.024375;0.0;501;0.02594810379241517;821.3114754098361;0.2727272727272727;4.918032786885246;-5;0.21999999999999997;-6;0;0;0.019748653500897665;0.09090909090909091;0.61;3.0;0;1;1;0;1;0;1;0;0.09090909090909091;0.25;0.0017953321364452424;11.0;1.0;0.0;1.0;0.0;0.0;0.0;0.0;0.0;0.0;0.0;0.0;0.0;0.0;0.0;1.0;0.0;0.0;0.0;0.0;0.0;0.0;0.0;1.0;0.0;1.0;0.0;1.0;0.0;0.0;0.0;0.0;0.0;1.0;0.0;0.0;0.0
2023-05-20;Girona;1;3;3;24;37;Villarreal;2;1;9;10;3;5;0.45;0.55;406;0.83;16;11;2;1;0;0;3;1.0;0.0;0.0;0.0;1.0;1.0;0.0;1.0;0.0;0.0;0.0;1;0.05500000000000001;0.125;337;0.04747774480712166;748.8888888888889;0.3333333333333333;6.666666666666666;-1;-0.10000000000000003;2;1;5;0.022167487684729065;0.1111111111111111;0.45;3.0;1;0;1;0;0;1;0;1;0.1111111111111111;0.3333333333333333;0.0024630541871921183;9.0;1.0;1.0;0.0;0.0;0.0;0.0;0.0;1.0;0.0;0.0;0.0;0.0;0.0;0.0;0.0;0.0;0.0;0.0;0.0;0.0;0.0;0.0;1.0;0.0;0.0;0.0;0.0;0.0;0.0;1.0;1.0;0.0;1.0;0.0;0.0;0.0
2023-05-13;Girona;1;7;1;24;46;Real Sociedad;2;6;13;18;6;6;0.48;0.52;398;0.8;12;22;1;6;1;0;4;1.0;0.0;0.0;0.0;0.0;1.0;0.0;1.0;0.0;0.0;0.0;7;0.02888888888888889;0.16666666666666666;318;0.03773584905660377;662.5;0.3076923076923077;8.333333333333334;-5;-0.040000000000000036;-3;-4;-10;0.032663316582914576;0.15384615384615385;0.24;2.0;2;0;2;0;1;0;1;0;0.15384615384615385;0.3333333333333333;0.005025125628140704;6.5;1.0;1.0;1.0;0.0;0.0;0.0;0.0;0.0;0.0;0.0;0.0;0.0;0.0;0.0;1.0;0.0;0.0;0.0;0.0;0.0;0.0;0.0;1.0;0.0;0.0;0.0;0.0;0.0;0.0;1.0;0.0;0.0;1.0;1.0;0.0;0.0
2023-05-04;Girona;1;7;9;24;40;R.C.D. Mallorca;4;0;17;8;7;2;0.63;0.37;496;0.85;9;13;4;0;0;0;9;1.0;0.0;0.0;0.0;1.0;1.0;0.0;1.0;0.0;0.0;0.0;5;0.04625;0.4444444444444444;422;0.02132701421800948;669.8412698412699;0.5294117647058824;14.285714285714286;9;0.26;4;4;-4;0.034274193548387094;0.11764705882352941;0.315;4.5;1;1;2;1;0;0;0;1;0.11764705882352941;0.2857142857142857;0.004032258064516129;8.5;1.0;0.0;1.0;0.0;0.0;0.0;0.0;0.0;0.0;0.0;0.0;0.0;0.0;0.0;0.0;0.0;0.0;0.0;0.0;0.0;0.0;0.0;0.0;0.0;0.0;0.0;1.0;0.0;0.0;1.0;1.0;1.0;1.0;0.0;0.0;0.0
2023-05-01;Girona;1;9;3;24;43;Sevilla;1;2;9;23;3;5;0.36;0.64;315;0.73;11;14;1;2;0;0;1;1.0;0.0;0.0;0.0;1.0;1.0;0.0;1.0;0.0;0.0;0.0;6;0.02782608695652174;0.09090909090909091;230;0.04782608695652174;638.8888888888889;0.1111111111111111;2.7777777777777777;-14;-0.28;-5;-1;-3;0.02857142857142857;0.2222222222222222;0.18;0.5;1;1;2;1;0;0;1;0;0.2222222222222222;0.6666666666666666;0.006349206349206349;4.5;0.0;0.0;1.0;0.0;0.0;0.0;0.0;1.0;0.0;0.0;0.0;0.0;0.0;0.0;0.0;0.0;0.0;0.0;0.0;0.0;0.0;0.0;1.0;0.0;0.0;0.0;0.0;0.0;0.0;1.0;1.0;0.0;1.0;1.0;0.0;0.0
2023-04-25;Girona;1;7;0;24;12;Real Madrid;1;2;13;18;5;3;0.28;0.72;276;0.78;7;6;1;2;0;0;3;1.0;0.0;0.0;0.0;1.0;1.0;0.0;1.0;0.0;0.0;0.0;8;0.04;0.14285714285714285;215;0.03255813953488372;767.8571428571428;0.23076923076923078;10.714285714285714;-5;-0.43999999999999995;-5;-1;1;0.04710144927536232;0.3076923076923077;0.07;0.75;2;2;4;1;0;0;0;1;0.3076923076923077;0.8;0.014492753623188406;3.25;1.0;0.0;1.0;0.0;0.0;0.0;0.0;1.0;0.0;0.0;0.0;0.0;0.0;0.0;0.0;0.0;0.0;0.0;0.0;0.0;0.0;0.0;1.0;0.0;0.0;0.0;0.0;0.0;0.0;1.0;1.0;0.0;1.0;0.0;0.0;0.0
2023-04-22;Girona;1;7;0;24;51;Valladolid;1;1;12;15;6;6;0.62;0.38;527;0.83;9;14;1;1;0;0;7;1.0;0.0;0.0;0.0;0.0;1.0;0.0;1.0;0.0;0.0;0.0;5;0.025333333333333333;0.1111111111111111;437;0.020594965675057208;704.8387096774194;0.5833333333333334;11.290322580645162;-3;0.24;2;0;-5;0.022770398481973434;0.0;0.0;0.0;0;0;0;0;0;1;1;0;0.0;0.0;0.0;0.0;1.0;0.0;1.0;0.0;0.0;0.0;0.0;1.0;0.0;0.0;0.0;0.0;0.0;0.0;1.0;0.0;0.0;1.0;0.0;1.0;0.0;0.0;0.0;0.0;0.0;0.0;1.0;0.0;0.0;0.0;0.0;0.0;0.0;1.0;0.0;0.0
2023-04-16;Girona;1;7;3;24;123;Elche C. F.;3;4;14;13;4;5;0.48;0.52;405;0.79;9;14;3;3;0;1;3;1.0;0.0;0.0;0.0;0.0;1.0;0.0;1.0;0.0;0.0;0.0;4;0.04;0.3333333333333333;320;0.028125;666.6666666666667;0.21428571428571427;6.25;1;-0.040000000000000036;-1;-1;-5;0.0345679012345679;0.14285714285714285;0.24;1.5;1;1;2;1;0;0;0;1;0.14285714285714285;0.5;0.0049382716049382715;7.0;1.0;0.0;1.0;0.0;0.0;0.0;0.0;1.0;0.0;0.0;0.0;0.0;0.0;0.0;0.0;0.0;0.0;1.0;0.0;0.0;0.0;0.0;0.0;0.0;0.0;0.0;0.0;0.0;0.0;0.0;1.0;0.0;1.0;1.0;1.0;0.0
2023-04-10;Girona;1;7;0;24;10;Barcelona;2;0;5;18;0;3;0.4;0.6;368;0.79;14;14;2;0;0;0;2;1.0;0.0;0.0;0.0;0.0;1.0;0.0;1.0;0.0;0.0;0.0;12;0.03333333333333333;0.14285714285714285;291;0.048109965635738834;727.5;0.4;5.0;-13;-0.19999999999999996;-10;2;0;0.01358695652173913;0.0;0.0;0.0;0;0;0;0;1;0;1;0;0.0;0.0;0.0;0.0;1.0;1.0;1.0;0.0;0.0;0.0;0.0;0.0;0.0;0.0;0.0;0.0;0.0;0.0;0.0;0.0;0.0;1.0;0.0;0.0;0.0;0.0;0.0;0.0;0.0;0.0;0.0;0.0;0.0;0.0;1.0;0.0;1.0;1.0;1.0;0.0
2023-04-01;Girona;1;7;8;24;49;RCD Espanyol;5;3;14;5;4;1;0.63;0.37;464;0.8;12;16;4;2;1;1;5;1.0;0.0;0.0;0.0;0.0;1.0;0.0;1.0;0.0;0.0;0.0;2;0.074;0.4166666666666667;371;0.03234501347708895;588.8888888888889;0.35714285714285715;7.936507936507937;9;0.26;3;2;-4;0.03017241379310345;0.14285714285714285;0.315;2.5;0;2;2;1;0;0;0;1;0.14285714285714285;0.5;0.004310344827586207;7.0;1.0;1.0;1.0;0.0;0.0;0.0;0.0;0.0;0.0;0.0;0.0;0.0;0.0;0.0;0.0;0.0;0.0;1.0;0.0;0.0;0.0;0.0;0.0;0.0;0.0;0.0;0.0;0.0;0.0;0.0;1.0;0.0;1.0;1.0;1.0;0.0
2023-03-18;Girona;1;7;3;24;42;Rayo Vallecano;2;2;12;15;4;3;0.53;0.47;415;0.79;16;15;2;2;0;0;5;1.0;0.0;0.0;0.0;1.0;1.0;0.0;1.0;0.0;0.0;0.0;3;0.03133333333333333;0.125;328;0.04878048780487805;618.8679245283018;0.4166666666666667;9.433962264150942;-3;0.06000000000000005;2;0;1;0.02891566265060241;0.16666666666666666;0.265;2.5;1;1;2;0;1;0;1;0;0.16666666666666666;0.5;0.004819277108433735;6.0;1.0;1.0;1.0;0.0;0.0;0.0;0.0;0.0;0.0;0.0;0.0;0.0;0.0;0.0;0.0;0.0;0.0;0.0;0.0;0.0;0.0;0.0;0.0;0.0;0.0;0.0;0.0;0.0;0.0;1.0;1.0;0.0;1.0;0.0;1.0;0.0
2023-03-13;Girona;1;7;4;24;27;Atlético Madrid;2;3;6;14;4;4;0.49;0.51;530;0.87;6;12;2;3;0;0;1;1.0;0.0;0.0;0.0;1.0;0.0;0.0;1.0;0.0;0.0;0.0;3;0.03642857142857143;0.3333333333333333;461;0.013015184381778741;940.8163265306123;0.16666666666666666;2.0408163265306123;-8;-0.020000000000000018;-2;-1;-6;0.011320754716981131;0.0;0.0;0.0;0;0;0;0;0;1;0;1;0.0;0.0;0.0;0.0;1.0;1.0;1.0;0.0;0.0;0.0;0.0;0.0;0.0;0.0;0.0;0.0;0.0;0.0;0.0;0.0;0.0;0.0;0.0;1.0;0.0;0.0;0.0;0.0;0.0;0.0;0.0;0.0;0.0;1.0;1.0;0.0;1.0;0.0;1.0;0.0
2023-02-26;Girona;1;7;3;24;38;Athletic;5;5;8;17;4;3;0.4;0.6;351;0.72;8;17;5;5;0;0;3;1.0;0.0;0.0;0.0;0.0;0.0;0.0;1.0;0.0;0.0;0.0;11;0.03529411764705882;0.625;253;0.03162055335968379;632.5;0.375;7.5;-9;-0.19999999999999996;-8;0;-9;0.022792022792022793;0.375;0.13333333333333333;1.0;3;0;3;1;0;0;1;0;0.375;0.75;0.008547008547008548;2.6666666666666665;1.0;0.0;1.0;0.0;0.0;0.0;0.0;1.0;0.0;0.0;0.0;0.0;0.0;0.0;0.0;0.0;0.0;0.0;0.0;1.0;0.0;0.0;0.0;0.0;0.0;0.0;0.0;0.0;0.0;1.0;1.0;0.0;1.0;1.0;1.0;0.0
2023-02-17;Girona;1;1;0;24;126;Almería;1;1;14;16;8;4;0.52;0.48;464;0.78;10;8;1;1;0;0;1;1.0;0.0;0.0;0.0;0.0;0.0;0.0;1.0;0.0;0.0;0.0;7;0.03;0.1;362;0.027624309392265192;696.1538461538461;0.07142857142857142;1.923076923076923;-2;0.040000000000000036;-6;0;2;0.03017241379310345;0.42857142857142855;0.08666666666666667;0.16666666666666666;4;2;6;1;0;0;0;1;0.42857142857142855;0.75;0.01293103448275862;2.3333333333333335;1.0;0.0;1.0;0.0;0.0;0.0;0.0;1.0;0.0;0.0;0.0;0.0;0.0;0.0;0.0;0.0;0.0;0.0;0.0;1.0;0.0;0.0;0.0;0.0;0.0;0.0;0.0;0.0;0.0;1.0;1.0;0.0;1.0;1.0;1.0;0.0
2023-02-10;Girona;1;1;1;24;130;Cádiz;4;4;7;12;1;3;0.58;0.42;450;0.84;11;17;4;4;0;0;6;1.0;0.0;0.0;0.0;1.0;1.0;0.0;0.0;0.0;0.0;0.0;5;0.034999999999999996;0.36363636363636365;378;0.0291005291005291;651.7241379310345;0.8571428571428571;10.344827586206897;-5;0.15999999999999998;1;0;-6;0.015555555555555555;0.0;0.0;0.0;0;0;0;0;0;1;1;0;0.0;0.0;0.0;0.0;1.0;0.0;1.0;0.0;0.0;0.0;0.0;0.0;0.0;0.0;0.0;0.0;0.0;0.0;0.0;0.0;0.0;1.0;0.0;1.0;0.0;0.0;0.0;0.0;0.0;0.0;1.0;0.0;0.0;0.0;1.0;0.0;1.0;0.0;1.0;0.0
2023-02-05;Girona;1;1;7;24;52;Valencia C. F.;1;4;20;8;8;4;0.52;0.48;506;0.86;11;10;1;4;0;0;8;1.0;0.0;0.0;0.0;1.0;1.0;0.0;0.0;0.0;0.0;0.0;4;0.06;0.09090909090909091;435;0.02528735632183908;836.5384615384615;0.4;15.384615384615383;12;0.040000000000000036;4;-3;1;0.039525691699604744;0.05;0.52;8.0;0;1;1;1;0;0;0;1;0.05;0.125;0.001976284584980237;20.0;0.0;0.0;1.0;0.0;0.0;0.0;0.0;0.0;0.0;0.0;0.0;0.0;0.0;0.0;0.0;0.0;0.0;1.0;0.0;1.0;0.0;0.0;0.0;0.0;1.0;0.0;1.0;0.0;0.0;0.0;1.0;0.0;1.0;0.0;1.0;0.0
2023-01-28;Girona;1;1;0;24;10;Barcelona;2;3;8;8;2;3;0.4;0.6;383;0.82;10;15;2;3;0;0;4;1.0;0.0;0.0;0.0;1.0;0.0;0.0;0.0;1.0;0.0;0.0;2;0.075;0.2;314;0.03184713375796178;785.0;0.5;10.0;0;-0.19999999999999996;2;-1;-5;0.020887728459530026;0.0;0.0;0.0;0;0;0;0;0;1;0;1;0.0;0.0;0.0;0.0;1.0;0.0;1.0;0.0;0.0;0.0;0.0;1.0;0.0;0.0;0.0;0.0;0.0;0.0;0.0;0.0;0.0;0.0;0.0;1.0;0.0;0.0;1.0;0.0;0.0;0.0;1.0;0.0;0.0;1.0;1.0;0.0;0.0;0.0;0.0;0.0
2023-01-22;Girona;1;3;0;24;37;Villarreal;4;5;8;19;1;9;0.3;0.7;263;0.71;15;21;3;5;1;0;2;1.0;0.0;0.0;0.0;1.0;1.0;0.0;0.0;0.0;0.0;0.0;3;0.03684210526315789;0.26666666666666666;187;0.08021390374331551;623.3333333333334;0.25;6.666666666666667;-11;-0.39999999999999997;-1;-1;-6;0.030418250950570342;0.0;0.0;0.0;0;0;0;0;0;1;1;0;0.0;0.0;0.0;0.0;1.0;0.0;1.0;0.0;0.0;0.0;0.0;0.0;0.0;0.0;0.0;0.0;0.0;0.0;1.0;0.0;0.0;1.0;0.0;1.0;0.0;0.0;0.0;0.0;0.0;0.0;1.0;0.0;0.0;1.0;0.0;0.0;1.0;0.0;0.0;0.0
2023-01-14;Girona;1;1;4;24;43;Sevilla;3;1;19;10;7;2;0.45;0.55;451;0.87;11;7;3;1;0;0;5;1.0;0.0;0.0;0.0;1.0;1.0;0.0;0.0;0.0;0.0;0.0;1;0.05500000000000001;0.2727272727272727;392;0.02806122448979592;871.1111111111111;0.2631578947368421;11.11111111111111;9;-0.10000000000000003;4;2;4;0.04212860310421286;0.10526315789473684;0.225;2.5;0;2;2;1;0;0;0;1;0.10526315789473684;0.2857142857142857;0.004434589800443459;9.5;1.0;1.0;1.0;0.0;0.0;0.0;0.0;0.0;0.0;0.0;0.0;0.0;0.0;0.0;1.0;0.0;0.0;1.0;0.0;1.0;0.0;0.0;0.0;0.0;0.0;0.0;0.0;0.0;0.0;1.0;0.0;0.0;1.0;0.0;0.0;0.0
2023-01-07;Girona;1;7;0;24;49;RCD Espanyol;2;3;12;12;5;6;0.56;0.44;458;0.86;16;13;2;3;0;0;2;1.0;0.0;0.0;0.0;1.0;1.0;0.0;0.0;0.0;0.0;0.0;5;0.03666666666666667;0.125;394;0.04060913705583756;703.5714285714286;0.16666666666666666;3.571428571428571;0;0.12000000000000005;-3;-1;3;0.026200873362445413;0.16666666666666666;0.28;1.0;1;1;2;0;1;0;1;0;0.16666666666666666;0.4;0.004366812227074236;6.0;1.0;1.0;0.0;0.0;0.0;0.0;0.0;0.0;0.0;0.0;0.0;0.0;0.0;0.0;0.0;0.0;0.0;1.0;0.0;1.0;0.0;0.0;0.0;0.0;0.0;0.0;0.0;0.0;0.0;1.0;1.0;0.0;1.0;0.0;0.0;1.0
2022-12-29;Girona;1;7;3;24;42;Rayo Vallecano;3;2;16;12;7;4;0.6;0.4;515;0.83;14;14;3;2;0;0;2;1.0;0.0;0.0;0.0;1.0;1.0;0.0;0.0;0.0;0.0;0.0;4;0.03333333333333333;0.21428571428571427;427;0.03278688524590164;711.6666666666667;0.125;3.3333333333333335;4;0.19999999999999996;-2;1;0;0.031067961165048542;0.125;0.3;1.0;1;1;2;0;1;0;0;1;0.125;0.2857142857142857;0.003883495145631068;8.0;1.0;1.0;1.0;0.0;0.0;0.0;0.0;0.0;0.0;0.0;0.0;0.0;0.0;0.0;0.0;0.0;0.0;0.0;0.0;1.0;0.0;0.0;1.0;0.0;0.0;0.0;0.0;0.0;0.0;1.0;1.0;0.0;1.0;0.0;0.0;0.0
2022-12-22;Girona;19;7;7;24;-1;Cacereño;1;2;8;10;2;7;0.67;0.33;541;0.8;13;17;1;2;0;0;4;0.0;0.0;0.0;0.0;1.0;1.0;0.0;0.0;0.0;0.0;0.0;1;0.033;0.07692307692307693;433;0.03002309468822171;646.2686567164179;0.5;5.970149253731343;-2;0.34;3;-1;-4;0.014787430683918669;0.125;0.67;4.0;1;0;1;0;0;1;1;0;0.125;0.5;0.0018484288354898336;8.0;1.0;0.0;1.0;0.0;0.0;0.0;0.0;0.0;0.0;0.0;0.0;0.0;0.0;0.0;0.0;1.0;0.0;1.0;0.0;1.0;0.0;0.0;1.0;0.0;0.0;0.0;0.0;0.0;0.0;0.0;1.0;0.0;1.0;0.0;0.0;1.0
2022-12-17;Girona;6;1;0;24;3;Manchester City;0;0;14;6;4;2;0.46;0.54;531;0.88;7;12;0;0;0;0;6;1.0;0.0;0.0;0.0;1.0;1.0;0.0;0.0;0.0;0.0;0.0;2;0.09000000000000001;0.0;467;0.014989293361884369;1015.2173913043478;0.42857142857142855;13.043478260869565;8;-0.08000000000000002;4;0;-5;0.026365348399246705;0.0;0.0;0.0;0;0;0;0;0;1;1;0;0.0;0.0;0.0;0.0;1.0;0.0;1.0;0.0;0.0;0.0;0.0;0.0;0.0;0.0;0.0;0.0;0.0;0.0;0.0;0.0;0.0;1.0;0.0;1.0;0.0;0.0;1.0;0.0;0.0;0.0;0.0;0.0;0.0;0.0;1.0;0.0;1.0;0.0;0.0;1.0
