Fecha;Equipo_name;Torneo;Alineacion;Alineacion_contrincante;equipo;equipo_contrincante;equipo_contrincante_name;tarjetas;tarjetas_contrincante;Remates;Remates_contrincante;Remates al arco;Remates al arco_contrincante;Posesión;Posesión_contrincante;Pases;Precisión de los pases;Faltas;Faltas_contrincante;Tarjetas amarillas;Tarjetas amarillas_contrincante;Tarjetas rojas;Tarjetas rojas_contrincante;Tiros de esquina;Kevin Müller-Heidenheim;Omar Haktab Traoré-Heidenheim;Patrick Mainka-Heidenheim;Benedikt Gimber-Heidenheim;Tim Siersleben-Heidenheim;Frans Krätzig-Heidenheim;Marnon Busch-Heidenheim;Jan Schöppner-Heidenheim;Niklas Dorsch-Heidenheim;Adrian Beck-Heidenheim;Marvin Pieringer-Heidenheim;Tiros de esquina_concedidos;Posesión_contra_por_remate;tarjetas_por_falta;pases_completados;faltas_por_pases;pases_por_posesion;tirosEsquina_por_remate;tirosEsquina_por_posesion;diff_remates;diff_posesion;diff_Tiros de esquina;diff_tarjetas;diff_faltas;remates_por_pase;posesion_por_remate;posesion_por_gol;tirosEsquina_por_gol;goles_primera_mitad;goles_segunda_mitad;goles_totales;gano;empato;perdio;visitante;local;conversion_goles;conversion_arco;goles_por_pase;remates_al_arco_por_gol;Sirlord Conteh-Heidenheim;Budu Zivzivadze-Heidenheim;Mathias Honsak-Heidenheim;Luca Kerber-Heidenheim;Paul Wanner-Heidenheim;Jonas Föhrenbach-Heidenheim;Frank Feller-Heidenheim;Thomas Keller-Heidenheim;Julian Niehues-Heidenheim;Norman Theuerkauf-Heidenheim;Léo Scienza-Heidenheim;Mikkel Kaufmann-Heidenheim;Vitus Eicher-Heidenheim;Lennard Maloney-Heidenheim;Maximilian Breunig-Heidenheim;Denis Thomalla-Heidenheim;Stefan Schimmer-Heidenheim;Eren Dinkci-Heidenheim;Kevin Sessa-Heidenheim;Jan-Niklas Beste-Heidenheim;Tim Kleindienst-Heidenheim;Nikola Dovedan-Heidenheim;Florian Pick-Heidenheim;Dženis Burnić-Heidenheim;Christian Kühlwetter-Heidenheim;Marvin Rittmüller-Heidenheim;Andreas Geipl-Heidenheim
2025-04-25;Heidenheim;9;4;3;142;18;Stuttgart;4;0;6;19;2;3;0.3;0.7;307;0.74;16;14;4;0;0;0;5;1.0;1.0;1.0;1.0;1.0;1.0;1.0;1.0;1.0;1.0;1.0;6;0.03684210526315789;0.25;227;0.07048458149779736;756.6666666666667;0.8333333333333334;16.666666666666668;-13;-0.39999999999999997;-1;4;2;0.019543973941368076;0.16666666666666666;0.3;5.0;0;1;1;1;0;0;1;0;0.16666666666666666;0.5;0.003257328990228013;6.0;0.0;0.0;0.0;0.0;0.0;0.0;0.0;0.0;0.0;0.0;0.0;0.0;0.0;0.0;0.0;0.0;0.0;0.0;0.0;0.0;0.0;0.0;0.0;0.0;0.0;0.0;0.0
2025-04-19;Heidenheim;9;28;3;142;23;Bayern;3;1;4;18;1;11;0.31;0.69;341;0.81;8;11;3;1;0;0;4;1.0;1.0;1.0;1.0;0.0;1.0;1.0;1.0;1.0;1.0;1.0;4;0.03833333333333333;0.375;276;0.028985507246376812;890.3225806451613;1.0;12.903225806451614;-14;-0.37999999999999995;0;2;-3;0.011730205278592375;0.0;0.0;0.0;0;0;0;0;0;1;0;1;0.0;0.0;0.0;0.0;1.0;0.0;0.0;0.0;0.0;0.0;0.0;0.0;0.0;0.0;0.0;0.0;0.0;0.0;0.0;0.0;0.0;0.0;0.0;0.0;0.0;0.0;0.0;0.0;0.0;0.0;0.0
2025-04-13;Heidenheim;9;30;3;142;87;Frankfurt;1;1;14;19;3;8;0.56;0.44;608;0.87;7;6;1;1;0;0;3;1.0;1.0;1.0;1.0;1.0;1.0;1.0;1.0;1.0;1.0;1.0;5;0.023157894736842106;0.14285714285714285;529;0.013232514177693762;944.642857142857;0.21428571428571427;5.357142857142857;-5;0.12000000000000005;-2;0;1;0.023026315789473683;0.0;0.0;0.0;0;0;0;0;0;1;1;0;0.0;0.0;0.0;0.0;0.0;0.0;0.0;0.0;0.0;0.0;0.0;0.0;0.0;0.0;0.0;0.0;0.0;0.0;0.0;0.0;0.0;0.0;0.0;0.0;0.0;0.0;0.0;0.0;0.0;0.0;0.0
2025-04-05;Heidenheim;9;9;17;142;6;Leverkusen;1;0;10;6;2;2;0.48;0.52;506;0.8;14;10;1;0;0;0;4;1.0;1.0;1.0;1.0;1.0;1.0;1.0;1.0;1.0;1.0;1.0;0;0.08666666666666667;0.07142857142857142;405;0.0345679012345679;843.75;0.4;8.333333333333334;4;-0.040000000000000036;4;1;4;0.019762845849802372;0.0;0.0;0.0;0;0;0;0;0;1;0;1;0.0;0.0;0.0;0.0;0.0;0.0;0.0;0.0;0.0;0.0;0.0;0.0;0.0;0.0;0.0;0.0;0.0;0.0;0.0;0.0;0.0;0.0;0.0;0.0;0.0;0.0;0.0;0.0;0.0;0.0;0.0
2025-03-29;Heidenheim;9;29;0;142;175;Wolfsburg;4;2;11;11;4;2;0.38;0.62;361;0.73;10;8;4;2;0;0;5;1.0;0.0;1.0;1.0;1.0;1.0;1.0;1.0;1.0;1.0;1.0;4;0.056363636363636366;0.4;264;0.03787878787878788;694.7368421052631;0.45454545454545453;13.157894736842104;0;-0.24;1;2;2;0.030470914127423823;0.09090909090909091;0.38;5.0;1;0;1;1;0;0;1;0;0.09090909090909091;0.25;0.002770083102493075;11.0;0.0;1.0;0.0;0.0;0.0;0.0;0.0;0.0;0.0;0.0;0.0;0.0;0.0;0.0;0.0;0.0;0.0;0.0;0.0;0.0;0.0;0.0;0.0;0.0;0.0;0.0;0.0
2025-03-16;Heidenheim;9;29;2;142;177;KSV Holstein;1;3;14;16;5;4;0.38;0.62;320;0.74;15;13;1;3;0;0;3;1.0;1.0;1.0;1.0;0.0;1.0;1.0;1.0;1.0;1.0;1.0;5;0.03875;0.06666666666666667;237;0.06329113924050633;623.6842105263158;0.21428571428571427;7.894736842105263;-2;-0.24;-2;-2;2;0.04375;0.21428571428571427;0.12666666666666668;1.0;1;2;3;1;0;0;0;1;0.21428571428571427;0.6;0.009375;4.666666666666667;0.0;1.0;0.0;0.0;0.0;0.0;0.0;0.0;0.0;0.0;0.0;0.0;0.0;0.0;0.0;0.0;0.0;0.0;0.0;0.0;0.0;0.0;0.0;0.0;0.0;0.0;0.0
2025-03-09;Heidenheim;9;28;14;142;97;Hoffenheim;3;2;23;16;5;3;0.45;0.55;387;0.77;11;9;3;2;0;0;4;1.0;1.0;1.0;1.0;1.0;0.0;1.0;1.0;1.0;1.0;1.0;6;0.034375;0.2727272727272727;298;0.03691275167785235;662.2222222222222;0.17391304347826086;8.88888888888889;7;-0.10000000000000003;-2;1;2;0.059431524547803614;0.043478260869565216;0.45;4.0;0;1;1;0;1;0;1;0;0.043478260869565216;0.2;0.002583979328165375;23.0;0.0;0.0;1.0;0.0;0.0;0.0;0.0;0.0;0.0;0.0;0.0;0.0;0.0;0.0;0.0;0.0;0.0;0.0;0.0;0.0;0.0;0.0;0.0;0.0;0.0;0.0;0.0
2025-03-01;Heidenheim;9;17;3;142;172;Mönchengladbach;2;3;20;13;5;5;0.44;0.56;389;0.83;9;15;2;3;0;0;6;1.0;1.0;1.0;1.0;1.0;0.0;0.0;0.0;0.0;0.0;0.0;2;0.04307692307692308;0.2222222222222222;323;0.02786377708978328;734.0909090909091;0.3;13.636363636363637;7;-0.12000000000000005;4;-1;-6;0.05141388174807198;0.0;0.0;0.0;0;0;0;0;0;1;0;1;0.0;0.0;0.0;0.0;1.0;1.0;1.0;1.0;1.0;1.0;0.0;0.0;0.0;0.0;0.0;0.0;0.0;0.0;0.0;0.0;0.0;0.0;0.0;0.0;0.0;0.0;0.0;0.0;0.0;0.0;0.0
2025-02-23;Heidenheim;9;17;13;142;31;RB Leipzig;3;3;4;17;2;6;0.26;0.74;192;0.59;15;15;3;3;0;0;4;1.0;1.0;1.0;1.0;1.0;0.0;0.0;1.0;0.0;0.0;1.0;7;0.04352941176470588;0.2;113;0.13274336283185842;434.6153846153846;1.0;15.384615384615383;-13;-0.48;-3;0;0;0.020833333333333332;0.5;0.13;2.0;2;0;2;0;1;0;1;0;0.5;1.0;0.010416666666666666;2.0;1.0;0.0;1.0;1.0;0.0;1.0;0.0;0.0;0.0;0.0;0.0;0.0;0.0;0.0;0.0;0.0;0.0;0.0;0.0;0.0;0.0;0.0;0.0;0.0;0.0;0.0;0.0
2025-02-20;Heidenheim;21;17;3;142;158;København;3;3;22;15;7;6;0.59;0.41;687;0.8;18;19;3;3;0;0;2;0.0;0.0;1.0;0.0;1.0;0.0;1.0;0.0;0.0;1.0;0.0;5;0.02733333333333333;0.16666666666666666;550;0.03272727272727273;932.2033898305085;0.09090909090909091;3.3898305084745766;7;0.18;-3;0;-1;0.03202328966521106;0.045454545454545456;0.59;2.0;0;1;1;0;0;1;0;1;0.045454545454545456;0.14285714285714285;0.001455604075691412;22.0;0.0;1.0;0.0;1.0;1.0;1.0;1.0;1.0;1.0;0.0;0.0;0.0;0.0;0.0;0.0;0.0;0.0;0.0;0.0;0.0;0.0;0.0;0.0;0.0;0.0;0.0;0.0
2025-02-16;Heidenheim;9;17;29;142;174;Mainz 05;1;3;12;6;3;5;0.57;0.43;479;0.78;9;16;1;3;0;0;8;1.0;1.0;1.0;0.0;1.0;1.0;0.0;1.0;0.0;1.0;0.0;4;0.07166666666666667;0.1111111111111111;374;0.02406417112299465;656.140350877193;0.6666666666666666;14.035087719298247;6;0.13999999999999996;4;-2;-7;0.025052192066805846;0.0;0.0;0.0;0;0;0;0;0;1;0;1;0.0;0.0;0.0;0.0;0.0;1.0;1.0;0.0;0.0;1.0;0.0;1.0;0.0;0.0;0.0;0.0;0.0;0.0;0.0;0.0;0.0;0.0;0.0;0.0;0.0;0.0;0.0;0.0;0.0;0.0;0.0
2025-02-13;Heidenheim;21;7;3;142;158;København;1;3;11;15;7;7;0.39;0.61;377;0.75;15;17;1;3;0;0;4;0.0;0.0;1.0;0.0;1.0;0.0;1.0;0.0;0.0;0.0;1.0;5;0.04066666666666666;0.06666666666666667;283;0.053003533568904596;725.6410256410256;0.36363636363636365;10.256410256410255;-4;-0.21999999999999997;-1;-2;-2;0.029177718832891247;0.18181818181818182;0.195;2.0;0;2;2;1;0;0;1;0;0.18181818181818182;0.2857142857142857;0.005305039787798408;5.5;1.0;0.0;0.0;0.0;1.0;0.0;1.0;1.0;1.0;1.0;1.0;0.0;0.0;0.0;0.0;0.0;0.0;0.0;0.0;0.0;0.0;0.0;0.0;0.0;0.0;0.0;0.0
2025-02-08;Heidenheim;9;3;3;142;170;Friburgo;1;3;11;9;5;3;0.46;0.54;456;0.81;8;11;1;3;0;0;3;1.0;1.0;1.0;1.0;0.0;1.0;0.0;1.0;0.0;1.0;0.0;6;0.060000000000000005;0.125;369;0.02168021680216802;802.1739130434783;0.2727272727272727;6.521739130434782;2;-0.08000000000000002;-3;-2;-3;0.02412280701754386;0.0;0.0;0.0;0;0;0;0;0;1;1;0;0.0;0.0;0.0;0.0;0.0;1.0;1.0;1.0;0.0;1.0;0.0;0.0;0.0;0.0;0.0;0.0;0.0;0.0;0.0;0.0;0.0;0.0;0.0;0.0;0.0;0.0;0.0;0.0;0.0;0.0;0.0
2025-02-01;Heidenheim;9;3;31;142;11;Dortmund;1;4;11;16;5;5;0.35;0.65;328;0.72;11;9;1;4;0;0;4;1.0;1.0;1.0;1.0;0.0;1.0;0.0;1.0;0.0;0.0;1.0;5;0.040625;0.09090909090909091;236;0.046610169491525424;674.2857142857143;0.36363636363636365;11.428571428571429;-5;-0.30000000000000004;-1;-3;2;0.03353658536585366;0.09090909090909091;0.35;4.0;0;1;1;0;0;1;0;1;0.09090909090909091;0.2;0.003048780487804878;11.0;0.0;1.0;0.0;1.0;0.0;1.0;0.0;0.0;0.0;0.0;1.0;0.0;0.0;0.0;0.0;0.0;0.0;0.0;0.0;0.0;0.0;0.0;0.0;0.0;0.0;0.0;0.0
2025-01-25;Heidenheim;9;3;17;142;173;Augsburgo;0;1;11;11;6;7;0.39;0.61;372;0.79;9;8;0;1;0;0;4;1.0;1.0;1.0;1.0;0.0;1.0;0.0;1.0;0.0;1.0;0.0;6;0.05545454545454545;0.0;294;0.030612244897959183;753.8461538461538;0.36363636363636365;10.256410256410255;0;-0.21999999999999997;-2;-1;1;0.02956989247311828;0.09090909090909091;0.39;4.0;0;1;1;0;0;1;1;0;0.09090909090909091;0.16666666666666666;0.002688172043010753;11.0;0.0;1.0;0.0;1.0;1.0;1.0;0.0;0.0;0.0;0.0;0.0;0.0;0.0;0.0;0.0;0.0;0.0;0.0;0.0;0.0;0.0;0.0;0.0;0.0;0.0;0.0;0.0
2025-01-18;Heidenheim;9;3;6;142;176;St. Pauli;1;2;8;7;1;4;0.6;0.4;554;0.8;11;18;1;2;0;0;4;1.0;0.0;1.0;1.0;0.0;1.0;1.0;1.0;0.0;0.0;1.0;4;0.05714285714285715;0.09090909090909091;443;0.024830699774266364;738.3333333333334;0.5;6.666666666666667;1;0.19999999999999996;0;-1;-7;0.01444043321299639;0.0;0.0;0.0;0;0;0;0;0;1;0;1;0.0;0.0;0.0;0.0;1.0;1.0;0.0;1.0;0.0;0.0;0.0;0.0;0.0;0.0;1.0;0.0;0.0;0.0;0.0;0.0;0.0;0.0;0.0;0.0;0.0;0.0;0.0;0.0;0.0;0.0;0.0
2025-01-15;Heidenheim;9;1;30;142;171;Werder Bremen;3;6;14;12;5;5;0.48;0.52;426;0.77;15;10;3;6;0;0;2;1.0;1.0;1.0;1.0;0.0;1.0;1.0;1.0;1.0;0.0;1.0;4;0.043333333333333335;0.2;328;0.04573170731707317;683.3333333333334;0.14285714285714285;4.166666666666667;2;-0.040000000000000036;-2;-3;5;0.03286384976525822;0.21428571428571427;0.16;0.6666666666666666;1;2;3;0;1;0;1;0;0.21428571428571427;0.6;0.007042253521126761;4.666666666666667;0.0;1.0;0.0;0.0;1.0;0.0;0.0;0.0;0.0;0.0;0.0;0.0;0.0;0.0;0.0;0.0;0.0;0.0;0.0;0.0;0.0;0.0;0.0;0.0;0.0;0.0;0.0
2025-01-11;Heidenheim;9;3;1;142;169;FC Union Berlin;0;2;16;10;9;6;0.59;0.41;580;0.85;8;10;0;1;0;1;5;1.0;1.0;1.0;1.0;0.0;1.0;0.0;1.0;1.0;0.0;0.0;4;0.040999999999999995;0.0;493;0.016227180527383367;835.5932203389831;0.3125;8.474576271186441;6;0.18;1;-2;-2;0.027586206896551724;0.125;0.295;2.5;1;1;2;1;0;0;0;1;0.125;0.2222222222222222;0.0034482758620689655;8.0;0.0;1.0;0.0;0.0;1.0;1.0;0.0;0.0;0.0;0.0;1.0;0.0;0.0;0.0;0.0;0.0;0.0;0.0;0.0;0.0;0.0;0.0;0.0;0.0;0.0;0.0;0.0
2024-12-22;Heidenheim;9;14;2;142;178;Bochum;7;2;10;14;2;4;0.48;0.52;399;0.71;15;18;7;2;0;0;2;1.0;1.0;1.0;0.0;1.0;0.0;0.0;1.0;1.0;0.0;1.0;5;0.037142857142857144;0.4666666666666667;283;0.053003533568904596;589.5833333333334;0.2;4.166666666666667;-4;-0.040000000000000036;-3;5;-3;0.02506265664160401;0.0;0.0;0.0;0;0;0;0;0;1;1;0;0.0;0.0;0.0;0.0;0.0;0.0;1.0;0.0;1.0;1.0;0.0;1.0;0.0;0.0;0.0;0.0;0.0;0.0;0.0;0.0;0.0;0.0;0.0;0.0;0.0;0.0;0.0;0.0;0.0;0.0;0.0
2024-12-19;Heidenheim;21;3;3;142;167;St Gallen;2;3;20;7;5;2;0.61;0.39;495;0.85;9;17;2;3;0;0;9;1.0;1.0;1.0;1.0;0.0;0.0;0.0;1.0;0.0;0.0;0.0;6;0.055714285714285716;0.2222222222222222;421;0.021377672209026127;690.1639344262295;0.45;14.754098360655737;13;0.21999999999999997;3;-1;-8;0.04040404040404041;0.05;0.61;9.0;1;0;1;0;1;0;0;1;0.05;0.2;0.00202020202020202;20.0;1.0;0.0;0.0;1.0;1.0;0.0;0.0;0.0;0.0;1.0;1.0;1.0;0.0;0.0;0.0;0.0;0.0;0.0;0.0;0.0;0.0;0.0;0.0;0.0;0.0;0.0;0.0
2024-12-15;Heidenheim;9;3;6;142;18;Stuttgart;4;3;9;18;2;7;0.33;0.67;280;0.68;25;13;4;3;0;0;9;1.0;1.0;1.0;1.0;0.0;0.0;0.0;1.0;1.0;0.0;1.0;6;0.037222222222222226;0.16;190;0.13157894736842105;575.7575757575758;1.0;27.27272727272727;-9;-0.34;3;1;12;0.03214285714285714;0.1111111111111111;0.33;9.0;1;0;1;0;0;1;0;1;0.1111111111111111;0.5;0.0035714285714285713;9.0;0.0;0.0;1.0;0.0;1.0;1.0;0.0;0.0;0.0;0.0;1.0;0.0;0.0;0.0;0.0;0.0;0.0;0.0;0.0;0.0;0.0;0.0;0.0;0.0;0.0;0.0;0.0
2024-12-12;Heidenheim;21;3;0;142;165;Istanbul BB;3;1;16;10;4;6;0.59;0.41;474;0.8;16;13;3;1;0;0;6;0.0;0.0;0.0;0.0;1.0;0.0;1.0;0.0;1.0;1.0;0.0;9;0.040999999999999995;0.1875;379;0.04221635883905013;642.3728813559322;0.375;10.16949152542373;6;0.18;-3;2;3;0.03375527426160337;0.0625;0.59;6.0;0;1;1;0;0;1;1;0;0.0625;0.25;0.002109704641350211;16.0;0.0;0.0;0.0;1.0;1.0;0.0;0.0;0.0;0.0;1.0;1.0;0.0;1.0;1.0;1.0;0.0;0.0;0.0;0.0;0.0;0.0;0.0;0.0;0.0;0.0;0.0;0.0
2024-12-07;Heidenheim;9;4;3;142;23;Bayern;0;1;2;21;2;10;0.17;0.83;206;0.66;5;4;0;1;0;0;0;1.0;1.0;1.0;1.0;1.0;0.0;0.0;1.0;0.0;0.0;0.0;8;0.039523809523809524;0.0;136;0.03676470588235294;799.9999999999999;0.0;0.0;-19;-0.6599999999999999;-8;-1;1;0.009708737864077669;1.0;0.085;0.0;0;2;2;0;0;1;1;0;1.0;1.0;0.009708737864077669;1.0;0.0;0.0;1.0;1.0;1.0;1.0;0.0;0.0;0.0;0.0;0.0;0.0;0.0;1.0;0.0;0.0;0.0;0.0;0.0;0.0;0.0;0.0;0.0;0.0;0.0;0.0;0.0
2024-12-01;Heidenheim;9;6;1;142;87;Frankfurt;0;2;8;14;1;8;0.46;0.54;427;0.76;7;9;0;2;0;0;6;1.0;0.0;1.0;1.0;0.0;0.0;1.0;1.0;1.0;0.0;0.0;5;0.038571428571428576;0.0;325;0.021538461538461538;706.5217391304348;0.75;13.043478260869565;-6;-0.08000000000000002;1;-2;-2;0.01873536299765808;0.0;0.0;0.0;0;0;0;0;0;1;0;1;0.0;0.0;0.0;0.0;0.0;0.0;0.0;0.0;1.0;1.0;0.0;0.0;0.0;0.0;1.0;1.0;0.0;1.0;0.0;0.0;0.0;0.0;0.0;0.0;0.0;0.0;0.0;0.0;0.0;0.0;0.0
2024-11-28;Heidenheim;21;7;3;142;53;Chelsea;2;4;16;17;11;9;0.33;0.67;296;0.79;14;10;2;3;0;1;3;1.0;1.0;1.0;0.0;1.0;0.0;0.0;0.0;1.0;0.0;0.0;6;0.039411764705882354;0.14285714285714285;234;0.05982905982905983;709.090909090909;0.1875;9.09090909090909;-1;-0.34;-3;-2;4;0.05405405405405406;0.0;0.0;0.0;0;0;0;0;0;1;0;1;0.0;0.0;0.0;0.0;0.0;0.0;1.0;0.0;1.0;0.0;0.0;0.0;0.0;1.0;1.0;1.0;0.0;1.0;0.0;0.0;0.0;0.0;0.0;0.0;0.0;0.0;0.0;0.0;0.0;0.0;0.0
2024-11-23;Heidenheim;9;28;17;142;6;Leverkusen;0;0;6;20;3;10;0.21;0.79;252;0.71;11;8;0;0;0;0;0;1.0;1.0;1.0;1.0;0.0;0.0;0.0;1.0;1.0;1.0;1.0;6;0.0395;0.0;179;0.061452513966480445;852.3809523809524;0.0;0.0;-14;-0.5800000000000001;-6;0;3;0.023809523809523808;0.3333333333333333;0.105;0.0;2;0;2;0;0;1;1;0;0.3333333333333333;0.6666666666666666;0.007936507936507936;3.0;0.0;0.0;1.0;0.0;0.0;1.0;0.0;0.0;0.0;0.0;0.0;0.0;0.0;1.0;0.0;0.0;0.0;0.0;0.0;0.0;0.0;0.0;0.0;0.0;0.0;0.0;0.0
2024-11-07;Heidenheim;21;7;0;142;139;Hearts;1;0;10;17;3;4;0.53;0.47;537;0.79;13;8;1;0;0;0;1;1.0;0.0;1.0;0.0;1.0;0.0;1.0;0.0;0.0;1.0;0.0;5;0.02764705882352941;0.07692307692307693;424;0.030660377358490566;800.0;0.1;1.8867924528301885;-7;0.06000000000000005;-4;1;5;0.0186219739292365;0.2;0.265;0.5;0;2;2;1;0;0;1;0;0.2;0.6666666666666666;0.0037243947858473;5.0;1.0;0.0;0.0;1.0;0.0;0.0;0.0;0.0;0.0;1.0;0.0;1.0;0.0;1.0;1.0;0.0;0.0;0.0;0.0;0.0;0.0;0.0;0.0;0.0;0.0;0.0;0.0
2024-11-02;Heidenheim;9;17;2;142;177;KSV Holstein;5;4;17;11;5;6;0.55;0.45;389;0.78;14;16;5;4;0;0;6;1.0;1.0;1.0;1.0;1.0;0.0;0.0;1.0;1.0;0.0;1.0;5;0.04090909090909091;0.35714285714285715;303;0.0462046204620462;550.9090909090909;0.35294117647058826;10.909090909090908;6;0.10000000000000003;1;1;-2;0.043701799485861184;0.0;0.0;0.0;0;0;0;0;0;1;1;0;0.0;0.0;0.0;0.0;0.0;0.0;0.0;0.0;1.0;1.0;0.0;0.0;0.0;0.0;1.0;0.0;0.0;0.0;0.0;0.0;0.0;0.0;0.0;0.0;0.0;0.0;0.0;0.0;0.0;0.0;0.0
2024-10-30;Heidenheim;23;3;1;142;184;Hertha Berlin;1;5;10;11;1;5;0.55;0.45;474;0.83;13;18;1;5;0;0;3;0.0;0.0;0.0;1.0;1.0;0.0;1.0;0.0;1.0;0.0;0.0;3;0.04090909090909091;0.07692307692307693;393;0.03307888040712468;714.5454545454545;0.3;5.454545454545454;-1;0.10000000000000003;0;-4;-5;0.02109704641350211;0.1;0.55;3.0;0;1;1;0;0;1;1;0;0.1;1.0;0.002109704641350211;10.0;0.0;0.0;0.0;1.0;0.0;0.0;1.0;0.0;0.0;1.0;0.0;1.0;0.0;1.0;0.0;1.0;1.0;0.0;0.0;0.0;0.0;0.0;0.0;0.0;0.0;0.0;0.0
2024-10-27;Heidenheim;9;0;29;142;97;Hoffenheim;1;2;17;12;3;4;0.46;0.54;380;0.76;12;16;1;2;0;0;7;1.0;1.0;1.0;1.0;0.0;0.0;0.0;1.0;1.0;0.0;1.0;3;0.045000000000000005;0.08333333333333333;289;0.04152249134948097;628.2608695652174;0.4117647058823529;15.217391304347826;5;-0.08000000000000002;4;-1;-4;0.04473684210526316;0.0;0.0;0.0;0;0;0;0;1;0;0;1;0.0;0.0;0.0;0.0;0.0;0.0;0.0;0.0;1.0;1.0;0.0;0.0;0.0;0.0;1.0;0.0;0.0;1.0;0.0;0.0;0.0;0.0;0.0;0.0;0.0;0.0;0.0;0.0;0.0;0.0;0.0
2024-10-24;Heidenheim;21;3;3;142;147;Pafos;1;1;9;15;3;3;0.38;0.62;305;0.7;13;15;1;1;0;0;3;1.0;0.0;1.0;0.0;1.0;0.0;1.0;0.0;1.0;1.0;0.0;6;0.04133333333333333;0.07692307692307693;214;0.06074766355140187;563.1578947368421;0.3333333333333333;7.894736842105263;-6;-0.24;-3;0;-2;0.029508196721311476;0.1111111111111111;0.38;3.0;1;0;1;1;0;0;1;0;0.1111111111111111;0.3333333333333333;0.003278688524590164;9.0;1.0;0.0;1.0;1.0;0.0;0.0;0.0;0.0;0.0;1.0;0.0;1.0;0.0;0.0;0.0;0.0;0.0;0.0;0.0;0.0;0.0;0.0;0.0;0.0;0.0;0.0;0.0
2024-10-19;Heidenheim;9;3;3;142;172;Mönchengladbach;3;3;19;20;6;10;0.33;0.67;257;0.68;9;15;3;3;0;0;3;1.0;0.0;1.0;1.0;0.0;0.0;1.0;1.0;0.0;1.0;1.0;6;0.0335;0.3333333333333333;175;0.05142857142857143;530.3030303030303;0.15789473684210525;9.09090909090909;-1;-0.34;-3;0;-6;0.07392996108949416;0.10526315789473684;0.165;1.5;1;1;2;0;0;1;1;0;0.10526315789473684;0.3333333333333333;0.007782101167315175;9.5;0.0;0.0;0.0;0.0;1.0;1.0;0.0;0.0;0.0;0.0;1.0;0.0;0.0;1.0;0.0;0.0;0.0;0.0;0.0;0.0;0.0;0.0;0.0;0.0;0.0;0.0;0.0
2024-10-06;Heidenheim;9;29;13;142;31;RB Leipzig;2;2;14;13;4;2;0.45;0.55;397;0.72;12;13;2;2;0;0;3;1.0;1.0;1.0;1.0;0.0;0.0;1.0;1.0;0.0;0.0;1.0;2;0.04230769230769231;0.16666666666666666;286;0.04195804195804196;635.5555555555555;0.21428571428571427;6.666666666666666;1;-0.10000000000000003;1;0;-1;0.03526448362720403;0.0;0.0;0.0;0;0;0;0;0;1;0;1;0.0;0.0;0.0;0.0;0.0;0.0;0.0;0.0;1.0;1.0;0.0;0.0;0.0;0.0;0.0;1.0;0.0;1.0;0.0;0.0;0.0;0.0;0.0;0.0;0.0;0.0;0.0;0.0;0.0;0.0;0.0
2024-10-03;Heidenheim;21;7;1;142;150;Olimpija Ljubljana;3;3;18;14;8;3;0.67;0.33;546;0.85;14;15;3;3;0;0;6;1.0;1.0;1.0;0.0;1.0;0.0;0.0;0.0;1.0;1.0;0.0;4;0.023571428571428573;0.21428571428571427;464;0.03017241379310345;692.5373134328357;0.3333333333333333;8.955223880597014;4;0.34;2;0;-1;0.03296703296703297;0.1111111111111111;0.335;3.0;1;1;2;1;0;0;0;1;0.1111111111111111;0.25;0.003663003663003663;9.0;1.0;0.0;0.0;0.0;0.0;0.0;0.0;0.0;0.0;1.0;1.0;0.0;0.0;1.0;1.0;0.0;0.0;0.0;0.0;0.0;0.0;0.0;0.0;0.0;0.0;0.0;0.0
2024-09-28;Heidenheim;9;3;17;142;174;Mainz 05;5;3;14;7;6;2;0.49;0.51;389;0.74;10;10;4;2;1;1;6;1.0;1.0;1.0;1.0;0.0;0.0;1.0;1.0;1.0;0.0;1.0;7;0.07285714285714286;0.5;288;0.034722222222222224;587.7551020408164;0.42857142857142855;12.244897959183673;7;-0.020000000000000018;-1;2;0;0.03598971722365039;0.14285714285714285;0.245;3.0;1;1;2;1;0;0;1;0;0.14285714285714285;0.3333333333333333;0.005141388174807198;7.0;0.0;0.0;0.0;0.0;1.0;1.0;0.0;0.0;0.0;0.0;0.0;1.0;0.0;0.0;0.0;0.0;0.0;0.0;0.0;0.0;0.0;0.0;0.0;0.0;0.0;0.0;0.0
2024-09-21;Heidenheim;9;30;3;142;170;Friburgo;1;1;7;15;1;5;0.42;0.58;374;0.75;6;7;1;1;0;0;3;1.0;1.0;1.0;1.0;0.0;0.0;1.0;0.0;0.0;0.0;1.0;9;0.03866666666666666;0.16666666666666666;280;0.02142857142857143;666.6666666666667;0.42857142857142855;7.142857142857143;-8;-0.15999999999999998;-6;0;-1;0.01871657754010695;0.0;0.0;0.0;0;0;0;0;0;1;0;1;0.0;0.0;0.0;0.0;0.0;0.0;1.0;0.0;1.0;1.0;0.0;0.0;0.0;0.0;0.0;0.0;0.0;1.0;1.0;0.0;0.0;0.0;0.0;0.0;0.0;0.0;0.0;0.0;0.0;0.0;0.0
2024-09-13;Heidenheim;9;3;3;142;11;Dortmund;2;2;11;13;4;6;0.38;0.62;342;0.78;18;12;2;2;0;0;1;1.0;1.0;1.0;1.0;0.0;0.0;0.0;1.0;0.0;1.0;1.0;8;0.047692307692307694;0.1111111111111111;267;0.06741573033707865;702.6315789473684;0.09090909090909091;2.6315789473684212;-2;-0.24;-7;0;6;0.03216374269005848;0.18181818181818182;0.19;0.5;1;1;2;0;0;1;1;0;0.18181818181818182;0.5;0.005847953216374269;5.5;0.0;0.0;0.0;0.0;1.0;1.0;0.0;0.0;0.0;0.0;1.0;0.0;0.0;1.0;0.0;0.0;0.0;0.0;0.0;0.0;0.0;0.0;0.0;0.0;0.0;0.0;0.0
2024-09-01;Heidenheim;9;3;22;142;173;Augsburgo;1;4;15;15;8;1;0.36;0.64;299;0.74;15;10;1;4;0;0;5;1.0;1.0;1.0;1.0;0.0;0.0;0.0;1.0;0.0;1.0;1.0;6;0.042666666666666665;0.06666666666666667;221;0.06787330316742081;613.8888888888889;0.3333333333333333;13.88888888888889;0;-0.28;-1;-3;5;0.05016722408026756;0.26666666666666666;0.09;1.25;2;2;4;1;0;0;0;1;0.26666666666666666;0.5;0.013377926421404682;3.75;0.0;0.0;0.0;0.0;1.0;1.0;0.0;0.0;0.0;0.0;1.0;0.0;0.0;1.0;0.0;0.0;0.0;0.0;0.0;0.0;0.0;0.0;0.0;0.0;0.0;0.0;0.0
2024-08-29;Heidenheim;21;1;0;142;-1;Häcken;4;5;17;13;5;4;0.36;0.64;295;0.78;17;10;4;5;0;0;8;1.0;0.0;1.0;0.0;1.0;0.0;1.0;0.0;0.0;0.0;1.0;4;0.04923076923076923;0.23529411764705882;230;0.07391304347826087;638.8888888888889;0.47058823529411764;22.22222222222222;4;-0.28;4;-1;7;0.0576271186440678;0.17647058823529413;0.12;2.6666666666666665;1;2;3;1;0;0;0;1;0.17647058823529413;0.6;0.010169491525423728;5.666666666666667;1.0;0.0;0.0;1.0;0.0;0.0;0.0;0.0;0.0;1.0;0.0;1.0;0.0;1.0;0.0;1.0;0.0;0.0;0.0;0.0;0.0;0.0;0.0;0.0;0.0;0.0;0.0
2024-08-25;Heidenheim;9;3;2;142;176;St. Pauli;3;2;5;11;3;3;0.38;0.62;351;0.7;15;10;3;2;0;0;2;1.0;1.0;1.0;1.0;0.0;0.0;0.0;1.0;0.0;1.0;0.0;4;0.056363636363636366;0.2;246;0.06097560975609756;647.3684210526316;0.4;5.2631578947368425;-6;-0.24;-2;1;5;0.014245014245014245;0.4;0.19;1.0;0;2;2;1;0;0;1;0;0.4;0.6666666666666666;0.005698005698005698;2.5;0.0;0.0;0.0;0.0;1.0;1.0;0.0;0.0;0.0;0.0;1.0;0.0;0.0;1.0;1.0;0.0;0.0;0.0;0.0;0.0;0.0;0.0;0.0;0.0;0.0;0.0;0.0
2024-08-22;Heidenheim;21;7;0;142;-1;Häcken;3;1;5;18;3;6;0.34;0.66;256;0.77;13;10;3;1;0;0;1;0.0;0.0;1.0;0.0;1.0;0.0;1.0;1.0;0.0;0.0;0.0;5;0.03666666666666667;0.23076923076923078;197;0.06598984771573604;579.4117647058823;0.2;2.941176470588235;-13;-0.32;-4;2;3;0.01953125;0.4;0.17;0.5;1;1;2;1;0;0;1;0;0.4;0.6666666666666666;0.0078125;2.5;1.0;0.0;1.0;1.0;0.0;0.0;1.0;0.0;0.0;1.0;1.0;1.0;0.0;0.0;0.0;0.0;0.0;0.0;0.0;0.0;0.0;0.0;0.0;0.0;0.0;0.0;0.0
2024-08-17;Heidenheim;23;1;3;142;-1;Villingen;0;1;21;11;10;2;0.68;0.32;610;0.91;10;7;0;1;0;0;4;1.0;1.0;1.0;1.0;0.0;0.0;0.0;0.0;0.0;1.0;1.0;1;0.02909090909090909;0.0;555;0.018018018018018018;816.1764705882352;0.19047619047619047;5.88235294117647;10;0.36000000000000004;3;-1;3;0.03442622950819672;0.19047619047619047;0.17;1.0;1;3;4;1;0;0;1;0;0.19047619047619047;0.4;0.006557377049180328;5.25;0.0;0.0;0.0;0.0;1.0;1.0;0.0;0.0;0.0;0.0;1.0;0.0;0.0;1.0;1.0;0.0;0.0;0.0;0.0;0.0;0.0;0.0;0.0;0.0;0.0;0.0;0.0
2024-05-18;Heidenheim;9;3;3;142;190;Colonia;1;3;16;22;8;9;0.48;0.52;389;0.79;9;20;1;3;0;0;5;1.0;1.0;1.0;1.0;0.0;0.0;0.0;1.0;0.0;0.0;0.0;12;0.023636363636363636;0.1111111111111111;307;0.029315960912052116;639.5833333333334;0.3125;10.416666666666668;-6;-0.040000000000000036;-7;-2;-11;0.04113110539845758;0.25;0.12;1.25;3;1;4;1;0;0;0;1;0.25;0.5;0.010282776349614395;4.0;0.0;0.0;0.0;0.0;0.0;1.0;0.0;0.0;0.0;0.0;0.0;0.0;0.0;1.0;0.0;0.0;0.0;1.0;1.0;1.0;1.0;0.0;0.0;0.0;0.0;0.0;0.0
2024-05-11;Heidenheim;9;3;17;142;170;Friburgo;1;1;8;20;3;4;0.43;0.57;404;0.8;11;9;1;1;0;0;4;1.0;1.0;1.0;1.0;0.0;0.0;0.0;1.0;0.0;0.0;1.0;2;0.028499999999999998;0.09090909090909091;323;0.034055727554179564;751.1627906976744;0.5;9.30232558139535;-12;-0.13999999999999996;2;0;2;0.019801980198019802;0.125;0.43;4.0;1;0;1;0;1;0;1;0;0.125;0.3333333333333333;0.0024752475247524753;8.0;0.0;0.0;0.0;0.0;0.0;1.0;0.0;0.0;0.0;1.0;0.0;0.0;0.0;0.0;0.0;0.0;0.0;1.0;1.0;1.0;0.0;0.0;0.0;0.0;0.0;0.0;0.0
2024-05-05;Heidenheim;9;14;17;142;174;Mainz 05;2;3;15;10;5;4;0.45;0.55;429;0.76;8;8;2;3;0;0;6;1.0;1.0;1.0;1.0;0.0;0.0;0.0;1.0;0.0;0.0;1.0;3;0.05500000000000001;0.25;326;0.024539877300613498;724.4444444444445;0.4;13.333333333333332;5;-0.10000000000000003;3;-1;0;0.03496503496503497;0.06666666666666667;0.45;6.0;0;1;1;0;1;0;0;1;0.06666666666666667;0.2;0.002331002331002331;15.0;0.0;0.0;0.0;0.0;0.0;1.0;0.0;0.0;0.0;0.0;0.0;0.0;0.0;0.0;0.0;0.0;0.0;1.0;1.0;1.0;1.0;0.0;0.0;0.0;0.0;0.0;0.0
2024-04-28;Heidenheim;9;14;29;142;191;SV Darmstadt 98;1;2;17;11;5;3;0.55;0.45;441;0.78;12;14;1;2;0;0;8;1.0;0.0;1.0;1.0;0.0;0.0;0.0;1.0;0.0;0.0;1.0;3;0.04090909090909091;0.08333333333333333;344;0.03488372093023256;625.4545454545454;0.47058823529411764;14.545454545454545;6;0.10000000000000003;5;-1;-2;0.03854875283446712;0.058823529411764705;0.55;8.0;0;1;1;1;0;0;1;0;0.058823529411764705;0.2;0.0022675736961451248;17.0;0.0;0.0;0.0;0.0;0.0;1.0;0.0;0.0;0.0;1.0;0.0;0.0;0.0;0.0;0.0;0.0;0.0;1.0;1.0;1.0;1.0;0.0;0.0;0.0;0.0;0.0;0.0
2024-04-20;Heidenheim;9;22;13;142;31;RB Leipzig;3;1;10;12;4;4;0.39;0.61;363;0.73;13;8;3;1;0;0;2;1.0;1.0;1.0;1.0;0.0;0.0;0.0;0.0;0.0;0.0;1.0;6;0.050833333333333335;0.23076923076923078;265;0.04905660377358491;679.4871794871794;0.2;5.128205128205128;-2;-0.21999999999999997;-4;2;5;0.027548209366391185;0.1;0.39;2.0;0;1;1;0;0;1;0;1;0.1;0.25;0.0027548209366391185;10.0;0.0;0.0;0.0;0.0;0.0;1.0;0.0;0.0;0.0;0.0;0.0;0.0;0.0;1.0;0.0;0.0;0.0;1.0;1.0;1.0;1.0;0.0;0.0;0.0;0.0;0.0;0.0
2024-04-13;Heidenheim;9;3;3;142;178;Bochum;1;4;11;23;3;5;0.39;0.61;282;0.62;21;12;1;4;0;0;2;1.0;1.0;1.0;1.0;0.0;0.0;0.0;1.0;0.0;0.0;0.0;6;0.026521739130434784;0.047619047619047616;175;0.12;448.71794871794873;0.18181818181818182;5.128205128205128;-12;-0.21999999999999997;-4;-3;9;0.03900709219858156;0.09090909090909091;0.39;2.0;0;1;1;0;1;0;1;0;0.09090909090909091;0.3333333333333333;0.0035460992907801418;11.0;0.0;0.0;0.0;0.0;0.0;1.0;0.0;0.0;0.0;0.0;0.0;0.0;0.0;1.0;0.0;0.0;0.0;1.0;1.0;1.0;1.0;0.0;0.0;0.0;0.0;0.0;0.0
2024-04-06;Heidenheim;9;3;3;142;23;Bayern;2;0;9;15;4;7;0.32;0.68;310;0.73;9;8;2;0;0;0;3;1.0;1.0;1.0;1.0;0.0;0.0;0.0;1.0;0.0;1.0;0.0;3;0.04533333333333334;0.2222222222222222;226;0.03982300884955752;706.25;0.3333333333333333;9.375;-6;-0.36000000000000004;0;2;1;0.02903225806451613;0.3333333333333333;0.10666666666666667;1.0;0;3;3;1;0;0;0;1;0.3333333333333333;0.75;0.00967741935483871;3.0;0.0;0.0;0.0;0.0;0.0;1.0;0.0;0.0;0.0;0.0;0.0;0.0;0.0;1.0;0.0;0.0;0.0;1.0;0.0;1.0;1.0;0.0;0.0;0.0;0.0;0.0;0.0
2024-03-31;Heidenheim;9;3;13;142;18;Stuttgart;1;1;6;20;3;6;0.26;0.74;274;0.66;9;5;0;1;1;0;7;1.0;1.0;1.0;1.0;0.0;0.0;0.0;1.0;0.0;0.0;1.0;6;0.037;0.1111111111111111;181;0.049723756906077346;696.1538461538461;1.1666666666666667;26.923076923076923;-14;-0.48;1;0;4;0.021897810218978103;0.5;0.08666666666666667;2.3333333333333335;0;3;3;0;1;0;1;0;0.5;1.0;0.010948905109489052;2.0;0.0;0.0;0.0;0.0;0.0;1.0;0.0;0.0;0.0;1.0;0.0;0.0;0.0;0.0;0.0;0.0;0.0;1.0;0.0;1.0;1.0;0.0;0.0;0.0;0.0;0.0;0.0
2024-03-16;Heidenheim;9;3;0;142;172;Mönchengladbach;1;3;19;7;3;2;0.54;0.46;458;0.79;16;8;1;3;0;0;10;1.0;1.0;1.0;0.0;1.0;0.0;0.0;1.0;0.0;0.0;0.0;4;0.06571428571428571;0.0625;362;0.04419889502762431;670.3703703703703;0.5263157894736842;18.51851851851852;12;0.08000000000000002;6;-2;8;0.04148471615720524;0.05263157894736842;0.54;10.0;0;1;1;0;1;0;0;1;0.05263157894736842;0.3333333333333333;0.002183406113537118;19.0;0.0;0.0;0.0;0.0;0.0;1.0;0.0;0.0;0.0;1.0;0.0;0.0;0.0;0.0;0.0;0.0;0.0;1.0;0.0;1.0;1.0;1.0;0.0;0.0;0.0;0.0;0.0
2024-03-09;Heidenheim;9;14;22;142;173;Augsburgo;3;1;6;7;1;3;0.41;0.59;331;0.61;20;14;3;1;0;0;2;1.0;1.0;1.0;1.0;0.0;0.0;0.0;1.0;0.0;0.0;1.0;5;0.08428571428571428;0.15;202;0.09900990099009901;492.6829268292683;0.3333333333333333;4.878048780487805;-1;-0.18;-3;2;6;0.01812688821752266;0.0;0.0;0.0;0;0;0;0;0;1;1;0;0.0;0.0;0.0;0.0;0.0;0.0;0.0;0.0;0.0;1.0;0.0;0.0;0.0;0.0;0.0;0.0;0.0;0.0;0.0;0.0;0.0;1.0;0.0;1.0;1.0;1.0;0.0;0.0;0.0;0.0;0.0
2024-03-02;Heidenheim;9;3;1;142;87;Frankfurt;1;4;15;10;3;5;0.58;0.42;443;0.75;7;10;1;4;0;0;7;1.0;1.0;1.0;1.0;0.0;0.0;1.0;1.0;0.0;0.0;0.0;3;0.041999999999999996;0.14285714285714285;332;0.02108433734939759;572.4137931034484;0.4666666666666667;12.06896551724138;5;0.15999999999999998;4;-3;-3;0.033860045146726865;0.06666666666666667;0.58;7.0;0;1;1;0;0;1;0;1;0.06666666666666667;0.3333333333333333;0.002257336343115124;15.0;0.0;0.0;0.0;0.0;0.0;1.0;0.0;0.0;0.0;0.0;0.0;0.0;0.0;0.0;0.0;0.0;0.0;1.0;1.0;0.0;1.0;1.0;0.0;0.0;0.0;0.0;0.0
2024-02-24;Heidenheim;9;5;2;142;169;FC Union Berlin;1;2;10;12;4;3;0.42;0.58;370;0.67;12;9;1;2;0;0;2;1.0;1.0;1.0;1.0;0.0;0.0;0.0;1.0;0.0;0.0;0.0;4;0.04833333333333333;0.08333333333333333;248;0.04838709677419355;590.4761904761905;0.2;4.761904761904762;-2;-0.15999999999999998;-2;-1;3;0.02702702702702703;0.2;0.21;1.0;1;1;2;0;1;0;1;0;0.2;0.5;0.005405405405405406;5.0;0.0;0.0;0.0;0.0;0.0;1.0;0.0;0.0;0.0;0.0;0.0;0.0;0.0;1.0;0.0;0.0;0.0;1.0;0.0;1.0;1.0;1.0;0.0;0.0;0.0;0.0;0.0
2024-02-17;Heidenheim;9;3;29;142;6;Leverkusen;2;1;6;18;3;3;0.37;0.63;366;0.71;15;5;2;1;0;0;4;1.0;1.0;1.0;1.0;0.0;0.0;0.0;1.0;0.0;1.0;0.0;5;0.035;0.13333333333333333;260;0.057692307692307696;702.7027027027027;0.6666666666666666;10.81081081081081;-12;-0.26;-1;1;10;0.01639344262295082;0.16666666666666666;0.37;4.0;0;1;1;0;0;1;0;1;0.16666666666666666;0.3333333333333333;0.00273224043715847;6.0;0.0;0.0;0.0;0.0;0.0;1.0;0.0;0.0;0.0;0.0;0.0;0.0;0.0;1.0;0.0;0.0;0.0;1.0;0.0;1.0;1.0;0.0;0.0;0.0;0.0;0.0;0.0
2024-02-10;Heidenheim;9;3;2;142;171;Werder Bremen;2;1;11;15;3;3;0.34;0.66;316;0.63;13;10;2;1;0;0;10;1.0;1.0;1.0;1.0;0.0;0.0;0.0;1.0;0.0;0.0;1.0;5;0.044000000000000004;0.15384615384615385;199;0.06532663316582915;585.2941176470588;0.9090909090909091;29.41176470588235;-4;-0.32;5;1;3;0.03481012658227848;0.18181818181818182;0.17;5.0;2;0;2;1;0;0;1;0;0.18181818181818182;0.6666666666666666;0.006329113924050633;5.5;0.0;0.0;0.0;0.0;0.0;1.0;0.0;0.0;0.0;0.0;0.0;0.0;0.0;1.0;0.0;0.0;0.0;1.0;0.0;1.0;1.0;0.0;0.0;0.0;0.0;0.0;0.0
2024-02-02;Heidenheim;9;3;13;142;11;Dortmund;0;2;12;14;0;5;0.3;0.7;292;0.69;7;7;0;2;0;0;4;1.0;1.0;1.0;1.0;0.0;0.0;0.0;1.0;0.0;0.0;1.0;6;0.049999999999999996;0.0;201;0.03482587064676617;670.0;0.3333333333333333;13.333333333333334;-2;-0.39999999999999997;-2;-2;0;0.0410958904109589;0.0;0.0;0.0;0;0;0;0;1;0;0;1;0.0;0.0;0.0;0.0;0.0;0.0;0.0;0.0;0.0;1.0;0.0;0.0;0.0;0.0;0.0;0.0;0.0;1.0;0.0;0.0;0.0;1.0;0.0;1.0;1.0;0.0;0.0;0.0;0.0;0.0;0.0
2024-01-27;Heidenheim;9;3;28;142;97;Hoffenheim;0;4;14;23;3;7;0.32;0.68;313;0.67;13;11;0;4;0;0;5;1.0;1.0;1.0;1.0;0.0;0.0;0.0;1.0;0.0;1.0;0.0;9;0.02956521739130435;0.0;210;0.06190476190476191;656.25;0.35714285714285715;15.625;-9;-0.36000000000000004;-4;-4;2;0.04472843450479233;0.07142857142857142;0.32;5.0;1;0;1;0;1;0;1;0;0.07142857142857142;0.3333333333333333;0.003194888178913738;14.0;0.0;0.0;0.0;0.0;0.0;1.0;0.0;0.0;0.0;0.0;0.0;0.0;0.0;1.0;0.0;0.0;0.0;1.0;0.0;1.0;1.0;0.0;0.0;0.0;0.0;0.0;0.0
2024-01-20;Heidenheim;9;7;3;142;175;Wolfsburg;0;1;12;13;3;3;0.52;0.48;500;0.76;11;10;0;1;0;0;4;1.0;1.0;1.0;1.0;0.0;0.0;0.0;1.0;0.0;1.0;0.0;2;0.03692307692307692;0.0;380;0.02894736842105263;730.7692307692307;0.3333333333333333;7.692307692307692;-1;0.040000000000000036;2;-1;1;0.024;0.08333333333333333;0.52;4.0;1;0;1;0;1;0;0;1;0.08333333333333333;0.3333333333333333;0.002;12.0;0.0;0.0;0.0;0.0;0.0;1.0;0.0;0.0;0.0;0.0;0.0;0.0;0.0;1.0;0.0;0.0;0.0;1.0;0.0;1.0;1.0;0.0;0.0;0.0;0.0;0.0;0.0
2024-01-13;Heidenheim;9;1;3;142;190;Colonia;1;3;9;14;2;5;0.48;0.52;421;0.76;11;12;1;3;0;0;6;1.0;0.0;1.0;1.0;0.0;0.0;1.0;0.0;0.0;0.0;1.0;9;0.037142857142857144;0.09090909090909091;320;0.034375;666.6666666666667;0.6666666666666666;12.5;-5;-0.040000000000000036;-3;-2;-1;0.021377672209026127;0.1111111111111111;0.48;6.0;0;1;1;0;1;0;1;0;0.1111111111111111;0.5;0.0023752969121140144;9.0;0.0;0.0;0.0;0.0;0.0;1.0;0.0;0.0;0.0;1.0;0.0;0.0;0.0;1.0;0.0;0.0;0.0;1.0;0.0;1.0;1.0;0.0;0.0;0.0;0.0;0.0;0.0
2023-12-20;Heidenheim;9;1;3;142;170;Friburgo;3;4;15;11;3;4;0.53;0.47;456;0.8;20;12;3;4;0;0;7;1.0;0.0;1.0;1.0;0.0;0.0;1.0;1.0;0.0;1.0;1.0;4;0.042727272727272725;0.15;365;0.0547945205479452;688.6792452830189;0.4666666666666667;13.20754716981132;4;0.06000000000000005;3;-1;8;0.03289473684210526;0.2;0.17666666666666667;2.3333333333333335;0;3;3;1;0;0;0;1;0.2;1.0;0.006578947368421052;5.0;0.0;0.0;0.0;0.0;0.0;1.0;0.0;0.0;0.0;0.0;0.0;0.0;0.0;1.0;0.0;0.0;0.0;1.0;0.0;0.0;1.0;0.0;0.0;0.0;0.0;0.0;0.0
2023-12-16;Heidenheim;9;5;13;142;174;Mainz 05;3;3;6;19;2;4;0.34;0.66;275;0.53;20;9;3;3;0;0;1;1.0;0.0;1.0;1.0;0.0;0.0;1.0;1.0;0.0;0.0;1.0;8;0.034736842105263156;0.15;146;0.136986301369863;429.4117647058823;0.16666666666666666;2.941176470588235;-13;-0.32;-7;0;11;0.02181818181818182;0.16666666666666666;0.34;1.0;1;0;1;1;0;0;1;0;0.16666666666666666;0.5;0.0036363636363636364;6.0;0.0;0.0;0.0;0.0;0.0;1.0;0.0;0.0;0.0;0.0;0.0;0.0;0.0;1.0;0.0;0.0;0.0;1.0;0.0;1.0;1.0;0.0;0.0;0.0;0.0;0.0;0.0
2023-12-09;Heidenheim;9;13;29;142;191;SV Darmstadt 98;2;2;16;20;7;7;0.44;0.56;328;0.64;17;13;2;2;0;0;8;1.0;1.0;1.0;1.0;0.0;0.0;0.0;1.0;0.0;0.0;1.0;3;0.028000000000000004;0.11764705882352941;210;0.08095238095238096;477.27272727272725;0.5;18.181818181818183;-4;-0.12000000000000005;5;0;4;0.04878048780487805;0.1875;0.14666666666666667;2.6666666666666665;1;2;3;1;0;0;0;1;0.1875;0.42857142857142855;0.009146341463414634;5.333333333333333;0.0;0.0;0.0;0.0;0.0;1.0;0.0;0.0;0.0;0.0;0.0;0.0;0.0;1.0;0.0;0.0;0.0;1.0;0.0;1.0;1.0;0.0;0.0;0.0;0.0;0.0;0.0
2023-12-02;Heidenheim;9;9;13;142;31;RB Leipzig;2;2;7;23;1;8;0.29;0.71;295;0.63;16;13;2;2;0;0;3;1.0;1.0;1.0;1.0;0.0;0.0;0.0;1.0;0.0;0.0;1.0;5;0.030869565217391304;0.125;186;0.08602150537634409;641.3793103448277;0.42857142857142855;10.344827586206897;-16;-0.42;-2;0;3;0.023728813559322035;0.14285714285714285;0.29;3.0;1;0;1;0;0;1;1;0;0.14285714285714285;1.0;0.003389830508474576;7.0;0.0;0.0;0.0;0.0;0.0;1.0;0.0;0.0;0.0;1.0;0.0;0.0;0.0;1.0;0.0;0.0;0.0;0.0;0.0;1.0;1.0;0.0;0.0;0.0;0.0;0.0;0.0
2023-11-26;Heidenheim;9;7;0;142;178;Bochum;4;3;9;10;3;2;0.48;0.52;402;0.7;14;7;4;3;0;0;6;1.0;1.0;1.0;1.0;0.0;0.0;0.0;1.0;0.0;1.0;0.0;5;0.052000000000000005;0.2857142857142857;281;0.0498220640569395;585.4166666666667;0.6666666666666666;12.5;-1;-0.040000000000000036;1;1;7;0.022388059701492536;0.0;0.0;0.0;0;0;0;0;1;0;0;1;0.0;0.0;0.0;0.0;0.0;0.0;0.0;0.0;0.0;1.0;0.0;0.0;0.0;0.0;0.0;0.0;0.0;1.0;0.0;0.0;0.0;1.0;0.0;1.0;1.0;0.0;0.0;0.0;0.0;0.0;0.0
2023-11-11;Heidenheim;9;7;3;142;23;Bayern;0;1;8;19;2;8;0.27;0.73;293;0.71;8;8;0;1;0;0;2;1.0;1.0;1.0;1.0;0.0;0.0;0.0;1.0;0.0;0.0;0.0;7;0.038421052631578946;0.0;208;0.038461538461538464;770.3703703703703;0.25;7.4074074074074066;-11;-0.45999999999999996;-5;-1;0;0.027303754266211604;0.25;0.135;1.0;0;2;2;0;0;1;1;0;0.25;1.0;0.006825938566552901;4.0;0.0;0.0;0.0;0.0;0.0;1.0;0.0;0.0;0.0;1.0;0.0;0.0;0.0;1.0;0.0;0.0;0.0;1.0;0.0;1.0;1.0;0.0;0.0;0.0;0.0;0.0;0.0
2023-11-05;Heidenheim;9;3;3;142;18;Stuttgart;2;2;19;17;3;2;0.3;0.7;258;0.62;7;13;2;2;0;0;9;1.0;1.0;1.0;1.0;0.0;0.0;0.0;1.0;0.0;1.0;0.0;6;0.041176470588235294;0.2857142857142857;160;0.04375;533.3333333333334;0.47368421052631576;30.0;2;-0.39999999999999997;3;0;-6;0.07364341085271318;0.10526315789473684;0.15;4.5;0;2;2;1;0;0;0;1;0.10526315789473684;0.6666666666666666;0.007751937984496124;9.5;0.0;0.0;0.0;0.0;0.0;0.0;0.0;0.0;0.0;1.0;0.0;0.0;0.0;1.0;0.0;0.0;0.0;1.0;0.0;1.0;1.0;0.0;0.0;0.0;0.0;0.0;0.0
2023-10-31;Heidenheim;23;14;3;142;172;Mönchengladbach;0;0;5;14;1;4;0.53;0.47;586;0.84;8;9;0;0;0;0;4;0.0;1.0;1.0;0.0;1.0;0.0;0.0;0.0;0.0;0.0;1.0;6;0.03357142857142857;0.0;492;0.016260162601626018;928.3018867924528;0.8;7.547169811320754;-9;0.06000000000000005;-2;0;-1;0.008532423208191127;0.2;0.53;4.0;0;1;1;0;0;1;1;0;0.2;1.0;0.0017064846416382253;5.0;0.0;0.0;0.0;0.0;0.0;1.0;0.0;0.0;0.0;0.0;0.0;0.0;1.0;1.0;0.0;1.0;0.0;0.0;1.0;0.0;1.0;0.0;1.0;0.0;0.0;0.0;0.0
2023-10-28;Heidenheim;9;3;3;142;172;Mönchengladbach;3;0;9;13;4;6;0.46;0.54;501;0.84;17;5;3;0;0;0;4;1.0;1.0;1.0;0.0;1.0;0.0;0.0;0.0;0.0;1.0;0.0;6;0.04153846153846154;0.17647058823529413;421;0.040380047505938245;915.2173913043478;0.4444444444444444;8.695652173913043;-4;-0.08000000000000002;-2;3;12;0.017964071856287425;0.1111111111111111;0.46;4.0;1;0;1;0;0;1;1;0;0.1111111111111111;0.25;0.001996007984031936;9.0;0.0;0.0;0.0;0.0;0.0;1.0;0.0;0.0;0.0;1.0;0.0;0.0;0.0;1.0;0.0;0.0;0.0;1.0;0.0;1.0;1.0;0.0;0.0;0.0;0.0;0.0;0.0
2023-10-22;Heidenheim;9;7;13;142;173;Augsburgo;3;2;15;9;5;6;0.6;0.4;554;0.84;11;11;3;2;0;0;6;1.0;1.0;1.0;0.0;1.0;0.0;0.0;0.0;0.0;1.0;0.0;5;0.044444444444444446;0.2727272727272727;465;0.023655913978494623;775.0;0.4;10.0;6;0.19999999999999996;1;1;0;0.02707581227436823;0.13333333333333333;0.3;3.0;2;0;2;0;0;1;0;1;0.13333333333333333;0.4;0.0036101083032490976;7.5;0.0;0.0;0.0;0.0;0.0;1.0;0.0;0.0;0.0;0.0;0.0;0.0;0.0;1.0;0.0;1.0;0.0;1.0;0.0;1.0;1.0;0.0;0.0;0.0;0.0;0.0;0.0
2023-10-08;Heidenheim;9;3;17;142;87;Frankfurt;3;2;7;13;2;6;0.51;0.49;496;0.77;10;14;3;2;0;0;6;1.0;1.0;1.0;0.0;1.0;0.0;0.0;0.0;0.0;0.0;1.0;3;0.03769230769230769;0.3;382;0.02617801047120419;749.0196078431372;0.8571428571428571;11.76470588235294;-6;0.020000000000000018;3;1;-4;0.014112903225806451;0.0;0.0;0.0;0;0;0;0;0;1;1;0;0.0;0.0;0.0;0.0;0.0;0.0;0.0;0.0;0.0;1.0;0.0;0.0;0.0;1.0;0.0;0.0;0.0;1.0;0.0;0.0;0.0;1.0;0.0;1.0;1.0;0.0;0.0;0.0;0.0;0.0;0.0
2023-09-30;Heidenheim;9;3;6;142;169;FC Union Berlin;1;2;10;20;4;8;0.48;0.52;405;0.76;11;14;1;2;0;0;5;1.0;1.0;1.0;0.0;1.0;0.0;0.0;0.0;0.0;0.0;1.0;7;0.026000000000000002;0.09090909090909091;308;0.03571428571428571;641.6666666666667;0.5;10.416666666666668;-10;-0.040000000000000036;-2;-1;-3;0.024691358024691357;0.1;0.48;5.0;0;1;1;1;0;0;0;1;0.1;0.25;0.0024691358024691358;10.0;0.0;0.0;0.0;0.0;0.0;1.0;0.0;0.0;0.0;1.0;0.0;0.0;0.0;1.0;0.0;0.0;0.0;1.0;0.0;1.0;1.0;0.0;0.0;0.0;0.0;0.0;0.0
2023-09-24;Heidenheim;9;3;17;142;6;Leverkusen;1;1;2;21;2;10;0.28;0.72;321;0.75;10;9;1;1;0;0;2;1.0;1.0;1.0;0.0;1.0;0.0;0.0;0.0;0.0;0.0;0.0;7;0.03428571428571429;0.1;241;0.04149377593360996;860.7142857142857;1.0;7.142857142857142;-19;-0.43999999999999995;-5;0;1;0.006230529595015576;0.5;0.28;2.0;0;1;1;0;0;1;1;0;0.5;0.5;0.003115264797507788;2.0;0.0;0.0;0.0;0.0;0.0;1.0;0.0;0.0;0.0;1.0;0.0;0.0;0.0;1.0;0.0;0.0;0.0;1.0;0.0;1.0;1.0;1.0;0.0;0.0;0.0;0.0;0.0
2023-09-17;Heidenheim;9;3;2;142;171;Werder Bremen;1;1;18;11;5;4;0.41;0.59;324;0.73;20;8;1;1;0;0;10;1.0;1.0;1.0;0.0;1.0;0.0;0.0;0.0;0.0;0.0;1.0;1;0.053636363636363635;0.05;237;0.08438818565400844;578.048780487805;0.5555555555555556;24.390243902439025;7;-0.18;9;0;12;0.05555555555555555;0.2222222222222222;0.1025;2.5;2;2;4;1;0;0;0;1;0.2222222222222222;0.8;0.012345679012345678;4.5;0.0;0.0;0.0;0.0;0.0;1.0;0.0;0.0;0.0;1.0;0.0;0.0;0.0;1.0;0.0;0.0;0.0;1.0;0.0;1.0;1.0;0.0;0.0;0.0;0.0;0.0;0.0
2023-09-01;Heidenheim;9;3;0;142;11;Dortmund;3;3;14;19;6;8;0.37;0.63;298;0.69;22;9;3;3;0;0;6;1.0;1.0;1.0;0.0;1.0;0.0;0.0;0.0;0.0;1.0;0.0;3;0.03315789473684211;0.13636363636363635;206;0.10679611650485436;556.7567567567568;0.42857142857142855;16.216216216216218;-5;-0.26;3;0;13;0.04697986577181208;0.14285714285714285;0.185;3.0;0;2;2;0;1;0;1;0;0.14285714285714285;0.3333333333333333;0.006711409395973154;7.0;0.0;0.0;0.0;0.0;0.0;0.0;0.0;0.0;0.0;1.0;0.0;0.0;0.0;1.0;0.0;1.0;0.0;1.0;0.0;1.0;1.0;0.0;0.0;0.0;0.0;0.0;0.0
2023-08-26;Heidenheim;9;1;6;142;97;Hoffenheim;1;5;20;16;9;6;0.37;0.63;281;0.69;13;9;1;5;0;0;10;1.0;1.0;1.0;0.0;1.0;0.0;0.0;0.0;0.0;0.0;1.0;6;0.039375;0.07692307692307693;194;0.06701030927835051;524.3243243243244;0.5;27.027027027027028;4;-0.26;4;-4;4;0.0711743772241993;0.1;0.185;5.0;1;1;2;0;0;1;0;1;0.1;0.2222222222222222;0.0071174377224199285;10.0;0.0;0.0;0.0;0.0;0.0;1.0;0.0;0.0;0.0;0.0;0.0;0.0;0.0;1.0;0.0;1.0;0.0;1.0;0.0;1.0;1.0;0.0;0.0;0.0;0.0;0.0;0.0
2023-08-19;Heidenheim;9;14;0;142;175;Wolfsburg;0;3;14;18;1;8;0.52;0.48;484;0.79;9;10;0;3;0;0;7;1.0;0.0;1.0;0.0;1.0;0.0;1.0;0.0;0.0;1.0;1.0;1;0.026666666666666665;0.0;382;0.02356020942408377;734.6153846153846;0.5;13.461538461538462;-4;0.040000000000000036;6;-3;-1;0.028925619834710745;0.0;0.0;0.0;0;0;0;0;0;1;1;0;0.0;0.0;0.0;0.0;0.0;0.0;0.0;0.0;0.0;1.0;0.0;0.0;0.0;0.0;0.0;0.0;0.0;1.0;0.0;0.0;0.0;1.0;0.0;0.0;1.0;0.0;1.0;0.0;0.0;0.0;0.0
2023-08-13;Heidenheim;23;14;4;142;-1;Rostocker FC;0;2;39;1;21;0;0.63;0.37;562;0.87;10;22;0;2;0;0;4;1.0;0.0;1.0;0.0;1.0;0.0;1.0;0.0;0.0;1.0;1.0;0;0.37;0.0;489;0.02044989775051125;776.1904761904761;0.10256410256410256;6.349206349206349;38;0.26;4;-2;-12;0.0693950177935943;0.20512820512820512;0.07875;0.5;5;3;8;1;0;0;1;0;0.20512820512820512;0.38095238095238093;0.014234875444839857;4.875;0.0;0.0;0.0;0.0;0.0;1.0;0.0;0.0;0.0;0.0;0.0;0.0;0.0;1.0;0.0;0.0;0.0;1.0;0.0;1.0;1.0;0.0;0.0;0.0;0.0;0.0;0.0
2023-05-28;Heidenheim;24;3;3;142;196;Jahn Regensburg;0;6;19;11;10;5;0.52;0.48;385;0.73;11;21;0;6;0;0;4;1.0;0.0;1.0;0.0;1.0;0.0;1.0;1.0;0.0;0.0;0.0;5;0.04363636363636363;0.0;281;0.03914590747330961;540.3846153846154;0.21052631578947367;7.692307692307692;8;0.040000000000000036;-1;-6;-10;0.04935064935064935;0.15789473684210525;0.17333333333333334;1.3333333333333333;0;3;3;1;0;0;1;0;0.15789473684210525;0.3;0.007792207792207792;6.333333333333333;0.0;0.0;0.0;0.0;0.0;1.0;0.0;0.0;0.0;0.0;0.0;0.0;0.0;1.0;0.0;1.0;0.0;0.0;0.0;1.0;1.0;0.0;1.0;0.0;0.0;0.0;0.0
2023-05-20;Heidenheim;24;3;29;142;613;SV Sandhausen;2;3;21;3;6;0;0.61;0.39;465;0.76;9;12;2;3;0;0;13;1.0;0.0;1.0;0.0;1.0;0.0;1.0;1.0;0.0;0.0;0.0;1;0.13;0.2222222222222222;353;0.025495750708215296;578.688524590164;0.6190476190476191;21.311475409836067;18;0.21999999999999997;12;-1;-3;0.04516129032258064;0.047619047619047616;0.61;13.0;0;1;1;1;0;0;0;1;0.047619047619047616;0.16666666666666666;0.002150537634408602;21.0;0.0;0.0;0.0;0.0;0.0;1.0;0.0;0.0;0.0;0.0;0.0;0.0;0.0;1.0;0.0;1.0;0.0;0.0;0.0;1.0;1.0;0.0;1.0;0.0;0.0;0.0;0.0
2023-05-14;Heidenheim;24;3;29;142;181;Paderborn;1;2;14;17;3;8;0.46;0.54;470;0.79;8;9;1;2;0;0;3;1.0;0.0;1.0;0.0;1.0;0.0;1.0;1.0;0.0;0.0;0.0;5;0.031764705882352945;0.125;371;0.0215633423180593;806.5217391304348;0.21428571428571427;6.521739130434782;-3;-0.08000000000000002;-2;-1;-1;0.029787234042553193;0.14285714285714285;0.23;1.5;2;0;2;0;0;1;1;0;0.14285714285714285;0.6666666666666666;0.00425531914893617;7.0;0.0;0.0;0.0;0.0;0.0;1.0;0.0;0.0;0.0;0.0;0.0;0.0;0.0;0.0;0.0;1.0;0.0;0.0;0.0;1.0;1.0;0.0;1.0;1.0;0.0;0.0;0.0
2023-05-07;Heidenheim;24;3;0;142;187;1. FC Magdeburg;2;2;20;11;7;2;0.39;0.61;348;0.75;11;8;2;2;0;0;8;1.0;0.0;1.0;0.0;1.0;0.0;1.0;1.0;0.0;0.0;0.0;3;0.05545454545454545;0.18181818181818182;261;0.0421455938697318;669.2307692307692;0.4;20.51282051282051;9;-0.21999999999999997;5;0;3;0.05747126436781609;0.0;0.0;0.0;0;0;0;0;1;0;0;1;0.0;0.0;0.0;0.0;0.0;0.0;0.0;0.0;0.0;1.0;0.0;0.0;0.0;0.0;0.0;0.0;0.0;1.0;0.0;1.0;0.0;0.0;0.0;1.0;1.0;0.0;1.0;0.0;0.0;0.0;0.0
2023-04-28;Heidenheim;24;7;2;142;189;Greuther Fürth;2;0;14;18;10;5;0.39;0.61;345;0.66;14;7;2;0;0;0;4;1.0;0.0;1.0;0.0;1.0;0.0;1.0;1.0;0.0;0.0;0.0;9;0.033888888888888885;0.14285714285714285;228;0.06140350877192982;584.6153846153846;0.2857142857142857;10.256410256410255;-4;-0.21999999999999997;-5;2;7;0.04057971014492753;0.14285714285714285;0.195;2.0;1;1;2;1;0;0;1;0;0.14285714285714285;0.2;0.005797101449275362;7.0;0.0;0.0;0.0;0.0;0.0;1.0;0.0;0.0;0.0;0.0;0.0;0.0;0.0;1.0;0.0;1.0;0.0;0.0;0.0;1.0;1.0;0.0;1.0;0.0;0.0;0.0;0.0
2023-04-23;Heidenheim;24;7;3;142;177;KSV Holstein;2;2;21;7;6;2;0.42;0.58;366;0.78;11;11;2;2;0;0;12;1.0;0.0;1.0;0.0;1.0;0.0;1.0;1.0;0.0;0.0;0.0;1;0.08285714285714285;0.18181818181818182;285;0.03859649122807018;678.5714285714286;0.5714285714285714;28.571428571428573;14;-0.15999999999999998;11;0;0;0.05737704918032787;0.14285714285714285;0.13999999999999999;4.0;1;2;3;1;0;0;0;1;0.14285714285714285;0.5;0.00819672131147541;7.0;0.0;0.0;0.0;0.0;0.0;1.0;0.0;0.0;0.0;0.0;0.0;0.0;0.0;1.0;0.0;1.0;0.0;0.0;0.0;1.0;1.0;0.0;1.0;0.0;0.0;0.0;0.0
2023-04-14;Heidenheim;24;7;29;142;180;Hannover 96;1;3;13;14;4;6;0.46;0.54;415;0.73;13;11;1;3;0;0;8;1.0;0.0;1.0;0.0;1.0;0.0;1.0;1.0;0.0;0.0;0.0;6;0.038571428571428576;0.07692307692307693;303;0.0429042904290429;658.695652173913;0.6153846153846154;17.391304347826086;-1;-0.08000000000000002;2;-2;2;0.03132530120481928;0.23076923076923078;0.15333333333333335;2.6666666666666665;3;0;3;1;0;0;1;0;0.23076923076923078;0.75;0.007228915662650603;4.333333333333333;0.0;0.0;0.0;0.0;0.0;1.0;0.0;0.0;0.0;0.0;0.0;0.0;0.0;1.0;0.0;1.0;0.0;0.0;0.0;1.0;1.0;0.0;1.0;0.0;0.0;0.0;0.0
2023-04-08;Heidenheim;24;3;17;142;176;St. Pauli;2;2;11;10;1;4;0.56;0.44;509;0.75;11;11;2;2;0;0;5;1.0;0.0;1.0;0.0;1.0;0.0;1.0;1.0;0.0;0.0;0.0;3;0.044;0.18181818181818182;382;0.028795811518324606;682.1428571428571;0.45454545454545453;8.928571428571427;1;0.12000000000000005;2;0;0;0.021611001964636542;0.0;0.0;0.0;0;0;0;0;0;1;0;1;0.0;0.0;0.0;0.0;0.0;0.0;0.0;0.0;0.0;1.0;0.0;0.0;0.0;0.0;0.0;0.0;0.0;1.0;0.0;1.0;0.0;0.0;0.0;1.0;1.0;0.0;1.0;0.0;0.0;0.0;0.0
2023-04-01;Heidenheim;24;3;6;142;188;1. FCK;2;2;12;14;2;4;0.52;0.48;420;0.67;16;10;2;2;0;0;5;1.0;0.0;1.0;0.0;1.0;0.0;1.0;1.0;0.0;0.0;0.0;3;0.03428571428571429;0.125;281;0.05693950177935943;540.3846153846154;0.4166666666666667;9.615384615384615;-2;0.040000000000000036;2;0;6;0.02857142857142857;0.16666666666666666;0.26;2.5;0;2;2;0;1;0;1;0;0.16666666666666666;1.0;0.004761904761904762;6.0;0.0;0.0;0.0;0.0;0.0;1.0;0.0;0.0;0.0;0.0;0.0;0.0;0.0;1.0;0.0;0.0;0.0;0.0;1.0;1.0;1.0;0.0;1.0;0.0;0.0;0.0;0.0
2023-03-17;Heidenheim;24;3;22;142;182;Karlsruher;2;1;14;13;8;5;0.49;0.51;401;0.69;9;8;2;1;0;0;4;1.0;0.0;1.0;0.0;1.0;0.0;1.0;1.0;0.0;0.0;0.0;2;0.03923076923076923;0.2222222222222222;277;0.032490974729241874;565.3061224489796;0.2857142857142857;8.16326530612245;1;-0.020000000000000018;2;1;1;0.034912718204488775;0.35714285714285715;0.098;0.8;2;3;5;1;0;0;0;1;0.35714285714285715;0.625;0.012468827930174564;2.8;0.0;0.0;0.0;0.0;0.0;1.0;0.0;0.0;0.0;0.0;0.0;0.0;0.0;1.0;0.0;0.0;0.0;0.0;0.0;1.0;1.0;0.0;1.0;0.0;1.0;0.0;0.0
2023-03-11;Heidenheim;24;3;13;142;179;Düsseldorf;3;3;9;13;2;5;0.51;0.49;494;0.8;10;11;2;3;1;0;1;1.0;0.0;1.0;0.0;1.0;0.0;0.0;1.0;0.0;0.0;0.0;3;0.03769230769230769;0.3;395;0.02531645569620253;774.5098039215686;0.1111111111111111;1.9607843137254901;-4;0.020000000000000018;-2;0;-1;0.018218623481781375;0.1111111111111111;0.51;1.0;1;0;1;0;1;0;1;0;0.1111111111111111;0.5;0.0020242914979757085;9.0;0.0;0.0;0.0;0.0;0.0;1.0;0.0;0.0;0.0;1.0;0.0;0.0;0.0;1.0;0.0;1.0;0.0;0.0;0.0;1.0;1.0;0.0;1.0;0.0;0.0;0.0;0.0
2023-03-04;Heidenheim;24;3;29;142;191;SV Darmstadt 98;2;1;18;10;6;2;0.52;0.48;420;0.63;18;11;1;1;1;0;9;1.0;0.0;1.0;0.0;1.0;0.0;1.0;1.0;0.0;0.0;0.0;2;0.048;0.1111111111111111;265;0.06792452830188679;509.6153846153846;0.5;17.307692307692307;8;0.040000000000000036;7;1;7;0.04285714285714286;0.05555555555555555;0.52;9.0;0;1;1;1;0;0;0;1;0.05555555555555555;0.16666666666666666;0.002380952380952381;18.0;0.0;0.0;0.0;0.0;0.0;1.0;0.0;0.0;0.0;0.0;0.0;0.0;0.0;1.0;0.0;1.0;0.0;0.0;0.0;1.0;1.0;0.0;1.0;0.0;0.0;0.0;0.0
2023-02-26;Heidenheim;24;7;2;142;614;Arminia;2;3;5;15;4;4;0.51;0.49;394;0.7;14;9;2;3;0;0;0;1.0;0.0;1.0;0.0;1.0;0.0;1.0;1.0;0.0;0.0;0.0;6;0.03266666666666666;0.14285714285714285;276;0.050724637681159424;541.1764705882352;0.0;0.0;-10;0.020000000000000018;-6;-1;5;0.012690355329949238;0.2;0.51;0.0;0;1;1;1;0;0;1;0;0.2;0.25;0.0025380710659898475;5.0;0.0;0.0;0.0;0.0;0.0;0.0;0.0;0.0;0.0;1.0;0.0;0.0;0.0;1.0;0.0;1.0;0.0;0.0;0.0;1.0;1.0;0.0;1.0;0.0;0.0;0.0;0.0
2023-02-19;Heidenheim;24;3;14;142;186;Nürnberg;0;2;17;6;7;2;0.71;0.29;716;0.89;8;8;0;1;0;1;5;1.0;0.0;1.0;0.0;1.0;0.0;1.0;1.0;0.0;0.0;0.0;5;0.04833333333333333;0.0;637;0.012558869701726845;897.1830985915493;0.29411764705882354;7.042253521126761;11;0.42;0;-2;0;0.023743016759776536;0.29411764705882354;0.142;1.0;3;2;5;1;0;0;0;1;0.29411764705882354;0.7142857142857143;0.006983240223463687;3.4;0.0;0.0;0.0;0.0;0.0;1.0;0.0;0.0;0.0;0.0;0.0;0.0;0.0;1.0;0.0;1.0;0.0;0.0;0.0;1.0;1.0;0.0;1.0;0.0;0.0;0.0;0.0
2023-02-11;Heidenheim;24;3;3;142;183;Hamburg;3;2;22;12;9;6;0.4;0.6;340;0.73;8;9;3;2;0;0;4;1.0;0.0;1.0;0.0;1.0;0.0;1.0;1.0;0.0;0.0;0.0;5;0.049999999999999996;0.375;248;0.03225806451612903;620.0;0.18181818181818182;10.0;10;-0.19999999999999996;-1;1;-1;0.06470588235294118;0.13636363636363635;0.13333333333333333;1.3333333333333333;3;0;3;0;1;0;0;1;0.13636363636363635;0.3333333333333333;0.008823529411764706;7.333333333333333;0.0;0.0;0.0;0.0;0.0;1.0;0.0;0.0;0.0;0.0;0.0;0.0;0.0;1.0;0.0;1.0;0.0;0.0;0.0;1.0;1.0;0.0;1.0;0.0;0.0;0.0;0.0
2023-02-04;Heidenheim;24;7;2;142;195;Eintracht Braunschweig;1;0;17;9;6;4;0.66;0.34;588;0.8;12;7;1;0;0;0;6;1.0;0.0;1.0;0.0;1.0;0.0;0.0;1.0;0.0;0.0;0.0;3;0.03777777777777778;0.08333333333333333;470;0.02553191489361702;712.1212121212121;0.35294117647058826;9.09090909090909;8;0.32;3;1;5;0.02891156462585034;0.0;0.0;0.0;0;0;0;0;0;1;1;0;0.0;0.0;0.0;0.0;0.0;0.0;0.0;0.0;0.0;1.0;0.0;0.0;0.0;0.0;0.0;0.0;0.0;1.0;0.0;1.0;0.0;0.0;1.0;1.0;1.0;0.0;0.0;0.0;0.0;1.0;0.0
2023-01-28;Heidenheim;24;3;9;142;626;Hansa Rostock;1;0;15;8;5;0;0.53;0.47;471;0.76;7;9;1;0;0;0;5;1.0;0.0;1.0;0.0;1.0;0.0;1.0;1.0;0.0;0.0;0.0;0;0.05875;0.14285714285714285;358;0.019553072625698324;675.4716981132075;0.3333333333333333;9.433962264150942;7;0.06000000000000005;5;1;-2;0.03184713375796178;0.13333333333333333;0.265;2.5;0;2;2;1;0;0;0;1;0.13333333333333333;0.4;0.004246284501061571;7.5;0.0;0.0;0.0;0.0;0.0;1.0;0.0;0.0;0.0;0.0;0.0;0.0;0.0;1.0;0.0;1.0;0.0;0.0;1.0;1.0;1.0;0.0;0.0;0.0;0.0;0.0;0.0
2022-11-12;Heidenheim;24;7;0;142;196;Jahn Regensburg;1;4;10;17;6;4;0.55;0.45;427;0.79;17;11;1;4;0;0;4;1.0;0.0;1.0;0.0;1.0;0.0;0.0;0.0;0.0;1.0;0.0;3;0.026470588235294117;0.058823529411764705;337;0.050445103857566766;612.7272727272726;0.4;7.2727272727272725;-7;0.10000000000000003;1;-3;6;0.0234192037470726;0.5;0.11000000000000001;0.8;3;2;5;1;0;0;0;1;0.5;0.8333333333333334;0.0117096018735363;2.0;0.0;0.0;0.0;0.0;0.0;1.0;0.0;0.0;0.0;0.0;0.0;0.0;0.0;1.0;0.0;1.0;0.0;0.0;1.0;1.0;1.0;0.0;0.0;0.0;1.0;0.0;0.0
2022-11-09;Heidenheim;24;3;2;142;613;SV Sandhausen;4;1;15;14;6;6;0.57;0.43;445;0.8;13;10;4;1;0;0;2;1.0;0.0;1.0;0.0;1.0;0.0;1.0;0.0;0.0;1.0;0.0;5;0.030714285714285715;0.3076923076923077;356;0.03651685393258427;624.561403508772;0.13333333333333333;3.5087719298245617;1;0.13999999999999996;-3;3;3;0.033707865168539325;0.26666666666666666;0.1425;0.5;2;2;4;1;0;0;1;0;0.26666666666666666;0.6666666666666666;0.008988764044943821;3.75;0.0;0.0;0.0;0.0;0.0;1.0;0.0;0.0;0.0;1.0;0.0;0.0;0.0;1.0;0.0;0.0;0.0;0.0;0.0;1.0;1.0;0.0;0.0;0.0;1.0;0.0;0.0
2022-11-05;Heidenheim;24;3;29;142;181;Paderborn;1;2;14;6;3;0;0.42;0.58;310;0.7;9;10;1;2;0;0;9;1.0;0.0;1.0;0.0;1.0;0.0;1.0;0.0;0.0;1.0;0.0;4;0.09666666666666666;0.1111111111111111;217;0.041474654377880185;516.6666666666667;0.6428571428571429;21.42857142857143;8;-0.15999999999999998;5;-1;-1;0.04516129032258064;0.21428571428571427;0.13999999999999999;3.0;1;2;3;1;0;0;0;1;0.21428571428571427;1.0;0.00967741935483871;4.666666666666667;0.0;0.0;0.0;0.0;0.0;1.0;0.0;0.0;0.0;1.0;0.0;0.0;0.0;1.0;0.0;1.0;0.0;0.0;1.0;1.0;0.0;0.0;0.0;0.0;0.0;0.0;0.0
2022-10-28;Heidenheim;24;3;0;142;187;1. FC Magdeburg;1;2;12;15;4;1;0.24;0.76;244;0.58;11;11;1;2;0;0;4;1.0;0.0;1.0;0.0;1.0;0.0;1.0;0.0;0.0;1.0;0.0;7;0.050666666666666665;0.09090909090909091;142;0.07746478873239436;591.6666666666667;0.3333333333333333;16.666666666666668;-3;-0.52;-3;-1;0;0.04918032786885246;0.08333333333333333;0.24;4.0;1;0;1;0;1;0;1;0;0.08333333333333333;0.25;0.004098360655737705;12.0;0.0;0.0;0.0;0.0;0.0;1.0;0.0;0.0;0.0;0.0;0.0;0.0;0.0;1.0;0.0;1.0;0.0;0.0;1.0;1.0;1.0;0.0;0.0;0.0;0.0;0.0;0.0
2022-10-23;Heidenheim;24;7;14;142;189;Greuther Fürth;1;2;13;9;6;3;0.39;0.61;327;0.7;13;15;1;2;0;0;5;1.0;0.0;1.0;0.0;1.0;0.0;1.0;0.0;0.0;1.0;0.0;3;0.06777777777777777;0.07692307692307693;229;0.056768558951965066;587.1794871794872;0.38461538461538464;12.82051282051282;4;-0.21999999999999997;2;-1;-2;0.039755351681957186;0.23076923076923078;0.13;1.6666666666666667;2;1;3;1;0;0;0;1;0.23076923076923078;0.5;0.009174311926605505;4.333333333333333;0.0;0.0;0.0;0.0;0.0;1.0;0.0;0.0;0.0;0.0;0.0;0.0;0.0;1.0;0.0;1.0;0.0;0.0;0.0;1.0;1.0;0.0;0.0;0.0;1.0;0.0;0.0
2022-10-19;Heidenheim;23;6;2;142;169;FC Union Berlin;2;1;7;19;1;9;0.4;0.6;386;0.66;12;8;2;1;0;0;5;0.0;0.0;1.0;0.0;1.0;0.0;1.0;0.0;0.0;0.0;0.0;8;0.031578947368421054;0.16666666666666666;255;0.047058823529411764;637.5;0.7142857142857143;12.5;-12;-0.19999999999999996;-3;1;4;0.018134715025906734;0.0;0.0;0.0;0;0;0;0;0;1;1;0;0.0;0.0;0.0;0.0;0.0;0.0;0.0;0.0;0.0;1.0;0.0;0.0;0.0;1.0;0.0;0.0;1.0;1.0;0.0;0.0;0.0;0.0;1.0;1.0;1.0;0.0;0.0;0.0;0.0;0.0;1.0
2022-10-16;Heidenheim;24;7;23;142;177;KSV Holstein;1;0;10;15;4;5;0.48;0.52;436;0.79;10;7;1;0;0;0;7;1.0;0.0;1.0;0.0;1.0;0.0;1.0;0.0;0.0;1.0;0.0;6;0.034666666666666665;0.1;344;0.029069767441860465;716.6666666666667;0.7;14.583333333333334;-5;-0.040000000000000036;1;1;3;0.022935779816513763;0.1;0.48;7.0;1;0;1;0;0;1;1;0;0.1;0.25;0.0022935779816513763;10.0;0.0;0.0;0.0;0.0;0.0;1.0;0.0;0.0;0.0;0.0;0.0;0.0;0.0;1.0;0.0;1.0;0.0;0.0;1.0;1.0;1.0;0.0;0.0;0.0;0.0;0.0;0.0
2022-10-09;Heidenheim;24;7;29;142;180;Hannover 96;0;2;14;12;8;2;0.43;0.57;376;0.69;21;8;0;2;0;0;3;1.0;0.0;1.0;0.0;1.0;0.0;1.0;0.0;0.0;1.0;0.0;4;0.047499999999999994;0.0;259;0.08108108108108109;602.3255813953489;0.21428571428571427;6.976744186046512;2;-0.13999999999999996;-1;-2;13;0.03723404255319149;0.14285714285714285;0.215;1.5;1;1;2;1;0;0;0;1;0.14285714285714285;0.25;0.005319148936170213;7.0;0.0;0.0;0.0;0.0;0.0;1.0;0.0;0.0;0.0;0.0;0.0;0.0;0.0;1.0;0.0;1.0;0.0;0.0;1.0;1.0;1.0;0.0;0.0;0.0;0.0;0.0;0.0
2022-10-01;Heidenheim;24;7;1;142;176;St. Pauli;5;2;9;10;1;3;0.42;0.58;380;0.72;16;10;5;2;0;0;5;1.0;0.0;1.0;0.0;1.0;0.0;0.0;0.0;0.0;1.0;0.0;2;0.057999999999999996;0.3125;274;0.058394160583941604;652.3809523809524;0.5555555555555556;11.904761904761905;-1;-0.15999999999999998;3;3;6;0.02368421052631579;0.0;0.0;0.0;0;0;0;0;1;0;1;0;0.0;0.0;0.0;0.0;0.0;0.0;0.0;0.0;0.0;1.0;0.0;0.0;0.0;0.0;0.0;0.0;0.0;1.0;0.0;1.0;0.0;0.0;0.0;1.0;1.0;0.0;0.0;0.0;1.0;0.0;1.0
