Fecha;Equipo_name;Torneo;Alineacion;Alineacion_contrincante;equipo;equipo_contrincante;equipo_contrincante_name;tarjetas;tarjetas_contrincante;Remates;Remates_contrincante;Remates al arco;Remates al arco_contrincante;Posesión;Posesión_contrincante;Pases;Precisión de los pases;Faltas;Faltas_contrincante;Tarjetas amarillas;Tarjetas amarillas_contrincante;Tarjetas rojas;Tarjetas rojas_contrincante;Tiros de esquina;Luca Philipp-Hoffenheim;Arthur Chaves-Hoffenheim;Leo Skiri Østigård-Hoffenheim;Stanley N'Soki-Hoffenheim;Pavel Kadeřábek-Hoffenheim;Anton Stach-Hoffenheim;Tom Bischof-Hoffenheim;Bazoumana Touré-Hoffenheim;Andrej Kramarić-Hoffenheim;Marius Bülter-Hoffenheim;Adam Hložek-Hoffenheim;Tiros de esquina_concedidos;Posesión_contra_por_remate;tarjetas_por_falta;pases_completados;faltas_por_pases;pases_por_posesion;tirosEsquina_por_remate;tirosEsquina_por_posesion;diff_remates;diff_posesion;diff_Tiros de esquina;diff_tarjetas;diff_faltas;remates_por_pase;posesion_por_remate;posesion_por_gol;tirosEsquina_por_gol;goles_primera_mitad;goles_segunda_mitad;goles_totales;gano;empato;perdio;visitante;local;conversion_goles;conversion_arco;goles_por_pase;remates_al_arco_por_gol;Oliver Baumann-Hoffenheim;Kevin Akpoguma-Hoffenheim;Dennis Geiger-Hoffenheim;Valentin Gendrey-Hoffenheim;Haris Tabaković-Hoffenheim;David Jurásek-Hoffenheim;Gift Orban-Hoffenheim;Finn Ole Becker-Hoffenheim;Umut Tohumcu-Hoffenheim;Diadie Samassékou-Hoffenheim;Alexander Prass-Hoffenheim;Max Moerstedt-Hoffenheim;Robin Hranáč-Hoffenheim;Erencan Yardimci-Hoffenheim;David Mokwa-Hoffenheim;Jacob Bruun Larsen-Hoffenheim;Mërgim Berisha-Hoffenheim;Florian Grillitsch-Hoffenheim;Tim Drexler-Hoffenheim;Grischa Prömel-Hoffenheim;Ozan Kabak-Hoffenheim;Maximilian Beier-Hoffenheim;Ihlas Bebou-Hoffenheim;Robert Skov-Hoffenheim;Wout Weghorst-Hoffenheim;John Anthony Brooks-Hoffenheim;Kevin Vogt-Hoffenheim;Attila Szalai-Hoffenheim;Angelo Stiller-Hoffenheim;Sebastian Rudy-Hoffenheim;José Ángel Esmorís Tasende-Hoffenheim;Christoph Baumgartner-Hoffenheim;Moanes Dabour-Hoffenheim;Thomas Delaney-Hoffenheim;Kasper Dolberg-Hoffenheim;Georginio Rutter-Hoffenheim;Eduardo Quaresma-Hoffenheim;Muhammed Damar-Hoffenheim
2025-05-03;Hoffenheim;9;17;3;97;172;Mönchengladbach;0;0;26;12;8;7;0.56;0.44;488;0.81;8;6;0;0;0;0;7;1.0;1.0;1.0;1.0;1.0;1.0;1.0;1.0;1.0;1.0;1.0;4;0.03666666666666667;0.0;395;0.020253164556962026;705.3571428571428;0.2692307692307692;12.499999999999998;14;0.12000000000000005;3;0;2;0.05327868852459016;0.15384615384615385;0.14;1.75;1;3;4;0;1;0;1;0;0.15384615384615385;0.5;0.00819672131147541;6.5;0.0;0.0;0.0;0.0;0.0;0.0;0.0;0.0;0.0;0.0;0.0;0.0;0.0;0.0;0.0;0.0;0.0;0.0;0.0;0.0;0.0;0.0;0.0;0.0;0.0;0.0;0.0;0.0;0.0;0.0;0.0;0.0;0.0;0.0;0.0;0.0;0.0;0.0
2025-04-26;Hoffenheim;9;17;17;97;11;Dortmund;5;1;11;16;3;8;0.37;0.63;369;0.78;17;9;5;1;0;0;2;0.0;1.0;1.0;0.0;1.0;1.0;0.0;1.0;1.0;1.0;1.0;5;0.039375;0.29411764705882354;288;0.059027777777777776;778.3783783783784;0.18181818181818182;5.405405405405405;-5;-0.26;-3;4;8;0.02981029810298103;0.18181818181818182;0.185;1.0;0;2;2;0;0;1;0;1;0.18181818181818182;0.6666666666666666;0.005420054200542005;5.5;1.0;1.0;1.0;0.0;0.0;0.0;0.0;0.0;0.0;0.0;0.0;0.0;0.0;0.0;0.0;0.0;0.0;0.0;0.0;0.0;0.0;0.0;0.0;0.0;0.0;0.0;0.0;0.0;0.0;0.0;0.0;0.0;0.0;0.0;0.0;0.0;0.0;0.0
2025-04-19;Hoffenheim;9;17;8;97;170;Friburgo;2;3;19;12;6;6;0.61;0.39;500;0.83;13;14;2;3;0;0;6;0.0;1.0;0.0;1.0;0.0;1.0;1.0;1.0;1.0;1.0;0.0;2;0.0325;0.15384615384615385;415;0.03132530120481928;680.327868852459;0.3157894736842105;9.836065573770492;7;0.21999999999999997;4;-1;-1;0.038;0.10526315789473684;0.305;3.0;2;0;2;0;0;1;1;0;0.10526315789473684;0.3333333333333333;0.004;9.5;1.0;1.0;0.0;1.0;1.0;0.0;0.0;0.0;0.0;0.0;0.0;0.0;0.0;0.0;0.0;0.0;0.0;0.0;0.0;0.0;0.0;0.0;0.0;0.0;0.0;0.0;0.0;0.0;0.0;0.0;0.0;0.0;0.0;0.0;0.0;0.0;0.0;0.0
2025-04-12;Hoffenheim;9;3;17;97;174;Mainz 05;4;1;8;14;5;1;0.35;0.65;279;0.69;18;11;4;0;0;1;4;0.0;1.0;0.0;1.0;0.0;1.0;1.0;1.0;1.0;1.0;0.0;7;0.04642857142857143;0.2222222222222222;193;0.09326424870466321;551.4285714285714;0.5;11.428571428571429;-6;-0.30000000000000004;-3;3;7;0.02867383512544803;0.25;0.175;2.0;2;0;2;1;0;0;0;1;0.25;0.4;0.007168458781362007;4.0;1.0;1.0;0.0;1.0;1.0;0.0;0.0;0.0;0.0;0.0;0.0;0.0;0.0;0.0;0.0;0.0;0.0;0.0;0.0;0.0;0.0;0.0;0.0;0.0;0.0;0.0;0.0;0.0;0.0;0.0;0.0;0.0;0.0;0.0;0.0;0.0;0.0;0.0
2025-04-05;Hoffenheim;9;3;13;97;31;RB Leipzig;4;0;9;16;5;5;0.33;0.67;298;0.8;12;10;3;0;1;0;2;0.0;1.0;1.0;1.0;0.0;1.0;1.0;1.0;1.0;1.0;0.0;8;0.041875;0.3333333333333333;238;0.05042016806722689;721.2121212121211;0.2222222222222222;6.0606060606060606;-7;-0.34;-6;4;2;0.030201342281879196;0.1111111111111111;0.33;2.0;1;0;1;0;0;1;1;0;0.1111111111111111;0.2;0.003355704697986577;9.0;1.0;0.0;0.0;1.0;1.0;0.0;0.0;0.0;0.0;0.0;0.0;0.0;0.0;0.0;0.0;0.0;0.0;0.0;0.0;0.0;0.0;0.0;0.0;0.0;0.0;0.0;0.0;0.0;0.0;0.0;0.0;0.0;0.0;0.0;0.0;0.0;0.0;0.0
2025-03-29;Hoffenheim;9;3;17;97;173;Augsburgo;1;2;13;11;4;4;0.57;0.43;512;0.81;14;12;1;2;0;0;2;0.0;1.0;1.0;0.0;1.0;1.0;1.0;1.0;1.0;1.0;0.0;2;0.03909090909090909;0.07142857142857142;415;0.033734939759036145;728.0701754385966;0.15384615384615385;3.5087719298245617;2;0.13999999999999996;0;-1;2;0.025390625;0.07692307692307693;0.57;2.0;0;1;1;0;1;0;0;1;0.07692307692307693;0.25;0.001953125;13.0;1.0;0.0;0.0;0.0;0.0;1.0;1.0;0.0;0.0;0.0;0.0;0.0;0.0;0.0;0.0;0.0;0.0;0.0;0.0;0.0;0.0;0.0;0.0;0.0;0.0;0.0;0.0;0.0;0.0;0.0;0.0;0.0;0.0;0.0;0.0;0.0;0.0;0.0
2025-03-14;Hoffenheim;9;3;29;97;176;St. Pauli;1;0;4;10;0;5;0.57;0.43;487;0.77;8;6;1;0;0;0;2;0.0;0.0;1.0;0.0;1.0;1.0;1.0;0.0;1.0;0.0;0.0;11;0.043;0.125;375;0.021333333333333333;657.8947368421053;0.5;3.5087719298245617;-6;0.13999999999999996;-9;1;2;0.008213552361396304;0.0;0.0;0.0;0;0;0;0;0;1;1;0;0.0;0.0;0.0;0.0;1.0;1.0;0.0;0.0;0.0;1.0;1.0;1.0;1.0;0.0;0.0;0.0;0.0;0.0;0.0;0.0;0.0;0.0;0.0;0.0;0.0;0.0;0.0;0.0;0.0;0.0;0.0;0.0;0.0;0.0;0.0;0.0;0.0;0.0;0.0;0.0;0.0;0.0
2025-03-09;Hoffenheim;9;14;28;97;142;Heidenheim;2;3;16;23;3;5;0.55;0.45;459;0.8;9;11;2;3;0;0;6;0.0;1.0;1.0;0.0;1.0;0.0;1.0;0.0;1.0;0.0;0.0;4;0.01956521739130435;0.2222222222222222;367;0.02452316076294278;667.2727272727273;0.375;10.909090909090908;-7;0.10000000000000003;2;-1;-2;0.034858387799564274;0.0625;0.55;6.0;1;0;1;0;1;0;0;1;0.0625;0.3333333333333333;0.002178649237472767;16.0;1.0;0.0;0.0;1.0;1.0;0.0;1.0;1.0;0.0;1.0;0.0;0.0;0.0;0.0;0.0;0.0;0.0;0.0;0.0;0.0;0.0;0.0;0.0;0.0;0.0;0.0;0.0;0.0;0.0;0.0;0.0;0.0;0.0;0.0;0.0;0.0;0.0;0.0
2025-03-01;Hoffenheim;9;3;2;97;178;Bochum;1;0;10;12;2;3;0.42;0.58;290;0.64;17;16;1;0;0;0;5;0.0;1.0;1.0;0.0;1.0;1.0;1.0;0.0;1.0;0.0;0.0;8;0.04833333333333333;0.058823529411764705;186;0.0913978494623656;442.8571428571429;0.5;11.904761904761905;-2;-0.15999999999999998;-3;1;1;0.034482758620689655;0.1;0.42;5.0;0;1;1;1;0;0;1;0;0.1;0.5;0.0034482758620689655;10.0;1.0;0.0;0.0;0.0;0.0;0.0;1.0;1.0;0.0;0.0;1.0;1.0;0.0;0.0;0.0;0.0;0.0;0.0;0.0;0.0;0.0;0.0;0.0;0.0;0.0;0.0;0.0;0.0;0.0;0.0;0.0;0.0;0.0;0.0;0.0;0.0;0.0;0.0
2025-02-23;Hoffenheim;9;4;13;97;18;Stuttgart;0;0;9;14;2;7;0.44;0.56;475;0.8;8;10;0;0;0;0;4;1.0;1.0;0.0;1.0;0.0;1.0;1.0;0.0;1.0;1.0;0.0;8;0.04;0.0;380;0.021052631578947368;863.6363636363636;0.4444444444444444;9.090909090909092;-5;-0.12000000000000005;-4;0;-2;0.018947368421052633;0.1111111111111111;0.44;4.0;0;1;1;0;1;0;0;1;0.1111111111111111;0.5;0.002105263157894737;9.0;0.0;1.0;0.0;0.0;0.0;0.0;1.0;1.0;0.0;0.0;1.0;0.0;0.0;0.0;0.0;0.0;0.0;0.0;0.0;0.0;0.0;0.0;0.0;0.0;0.0;0.0;0.0;0.0;0.0;0.0;0.0;0.0;0.0;0.0;0.0;0.0;0.0;0.0
2025-02-16;Hoffenheim;9;3;2;97;171;Werder Bremen;3;2;15;14;6;2;0.38;0.62;340;0.71;12;14;3;2;0;0;4;1.0;1.0;1.0;1.0;1.0;1.0;1.0;0.0;1.0;1.0;0.0;6;0.04428571428571428;0.25;241;0.04979253112033195;634.2105263157895;0.26666666666666666;10.526315789473685;1;-0.24;-2;1;-2;0.04411764705882353;0.2;0.12666666666666668;1.3333333333333333;2;1;3;1;0;0;1;0;0.2;0.5;0.008823529411764706;5.0;0.0;0.0;0.0;0.0;0.0;0.0;1.0;1.0;0.0;0.0;0.0;0.0;0.0;0.0;0.0;0.0;0.0;0.0;0.0;0.0;0.0;0.0;0.0;0.0;0.0;0.0;0.0;0.0;0.0;0.0;0.0;0.0;0.0;0.0;0.0;0.0;0.0;0.0
2025-02-08;Hoffenheim;9;3;3;97;169;FC Union Berlin;2;1;16;22;4;7;0.65;0.35;567;0.84;9;16;2;1;0;0;8;1.0;1.0;1.0;0.0;0.0;0.0;1.0;0.0;1.0;1.0;1.0;4;0.015909090909090907;0.2222222222222222;476;0.018907563025210083;732.3076923076923;0.5;12.307692307692307;-6;0.30000000000000004;4;1;-7;0.02821869488536155;0.0;0.0;0.0;0;0;0;0;0;1;0;1;0.0;0.0;0.0;0.0;0.0;1.0;1.0;0.0;0.0;1.0;0.0;0.0;0.0;0.0;0.0;1.0;0.0;0.0;0.0;0.0;0.0;0.0;0.0;0.0;0.0;0.0;0.0;0.0;0.0;0.0;0.0;0.0;0.0;0.0;0.0;0.0;0.0;0.0;0.0;0.0;0.0;0.0
2025-02-02;Hoffenheim;9;17;17;97;6;Leverkusen;3;3;16;9;7;5;0.52;0.48;531;0.83;7;14;3;2;0;1;3;1.0;1.0;0.0;0.0;0.0;0.0;1.0;0.0;0.0;1.0;1.0;3;0.05333333333333333;0.42857142857142855;441;0.015873015873015872;848.0769230769231;0.1875;5.769230769230769;7;0.040000000000000036;0;0;-7;0.030131826741996232;0.0625;0.52;3.0;0;1;1;0;0;1;1;0;0.0625;0.14285714285714285;0.0018832391713747645;16.0;0.0;1.0;1.0;0.0;0.0;1.0;0.0;1.0;0.0;0.0;0.0;0.0;1.0;1.0;0.0;0.0;0.0;0.0;0.0;0.0;0.0;0.0;0.0;0.0;0.0;0.0;0.0;0.0;0.0;0.0;0.0;0.0;0.0;0.0;0.0;0.0;0.0;0.0
2025-01-30;Hoffenheim;5;0;7;97;84;Anderlecht;5;0;10;19;6;6;0.51;0.49;465;0.78;13;7;5;0;0;0;4;1.0;1.0;0.0;0.0;0.0;0.0;1.0;0.0;0.0;0.0;1.0;7;0.025789473684210525;0.38461538461538464;363;0.03581267217630854;711.7647058823529;0.4;7.8431372549019605;-9;0.020000000000000018;-3;5;6;0.021505376344086023;0.4;0.1275;1.0;1;3;4;1;0;0;1;0;0.4;0.6666666666666666;0.008602150537634409;2.5;0.0;1.0;1.0;0.0;0.0;1.0;0.0;1.0;0.0;0.0;0.0;1.0;1.0;0.0;1.0;0.0;0.0;0.0;0.0;0.0;0.0;0.0;0.0;0.0;0.0;0.0;0.0;0.0;0.0;0.0;0.0;0.0;0.0;0.0;0.0;0.0;0.0;0.0
2025-01-26;Hoffenheim;9;3;17;97;87;Frankfurt;3;0;24;12;8;7;0.49;0.51;427;0.83;16;8;3;0;0;0;9;1.0;1.0;0.0;0.0;0.0;1.0;1.0;0.0;1.0;0.0;1.0;3;0.0425;0.1875;354;0.04519774011299435;722.4489795918367;0.375;18.367346938775512;12;-0.020000000000000018;6;3;8;0.05620608899297424;0.08333333333333333;0.245;4.5;0;2;2;0;1;0;0;1;0.08333333333333333;0.25;0.00468384074941452;12.0;0.0;1.0;0.0;1.0;0.0;1.0;0.0;1.0;0.0;0.0;0.0;1.0;0.0;0.0;0.0;0.0;0.0;0.0;0.0;0.0;0.0;0.0;0.0;0.0;0.0;0.0;0.0;0.0;0.0;0.0;0.0;0.0;0.0;0.0;0.0;0.0;0.0;0.0
2025-01-18;Hoffenheim;9;3;17;97;177;KSV Holstein;1;2;11;12;6;3;0.46;0.54;351;0.7;13;13;1;2;0;0;3;0.0;1.0;0.0;0.0;0.0;1.0;1.0;0.0;1.0;0.0;1.0;4;0.045000000000000005;0.07692307692307693;246;0.052845528455284556;534.7826086956521;0.2727272727272727;6.521739130434782;-1;-0.08000000000000002;-1;-1;0;0.03133903133903134;0.2727272727272727;0.15333333333333335;1.0;2;1;3;1;0;0;1;0;0.2727272727272727;0.5;0.008547008547008548;3.6666666666666665;1.0;1.0;0.0;1.0;0.0;0.0;0.0;0.0;0.0;0.0;1.0;1.0;0.0;1.0;0.0;0.0;0.0;0.0;0.0;0.0;0.0;0.0;0.0;0.0;0.0;0.0;0.0;0.0;0.0;0.0;0.0;0.0;0.0;0.0;0.0;0.0;0.0;0.0
2025-01-15;Hoffenheim;9;3;3;97;23;Bayern;1;1;5;25;2;10;0.35;0.65;411;0.82;10;8;1;1;0;0;1;0.0;1.0;0.0;1.0;0.0;0.0;1.0;0.0;1.0;0.0;1.0;13;0.026000000000000002;0.1;337;0.02967359050445104;962.8571428571429;0.2;2.857142857142857;-20;-0.30000000000000004;-12;0;2;0.012165450121654502;0.0;0.0;0.0;0;0;0;0;0;1;1;0;0.0;0.0;0.0;0.0;1.0;1.0;1.0;1.0;0.0;0.0;0.0;0.0;0.0;1.0;0.0;0.0;0.0;1.0;0.0;0.0;0.0;0.0;0.0;0.0;0.0;0.0;0.0;0.0;0.0;0.0;0.0;0.0;0.0;0.0;0.0;0.0;0.0;0.0;0.0;0.0;0.0;0.0
2024-12-21;Hoffenheim;9;1;3;97;172;Mönchengladbach;0;0;18;5;8;3;0.65;0.35;651;0.88;14;6;0;0;0;0;8;0.0;0.0;0.0;1.0;0.0;1.0;1.0;0.0;1.0;0.0;1.0;4;0.06999999999999999;0.0;573;0.02443280977312391;881.5384615384615;0.4444444444444444;12.307692307692307;13;0.30000000000000004;4;0;8;0.027649769585253458;0.05555555555555555;0.65;8.0;0;1;1;0;0;1;0;1;0.05555555555555555;0.125;0.0015360983102918587;18.0;1.0;1.0;0.0;1.0;0.0;0.0;0.0;0.0;0.0;1.0;1.0;0.0;0.0;0.0;0.0;1.0;0.0;0.0;0.0;0.0;0.0;0.0;0.0;0.0;0.0;0.0;0.0;0.0;0.0;0.0;0.0;0.0;0.0;0.0;0.0;0.0;0.0;0.0
2024-12-15;Hoffenheim;9;1;3;97;11;Dortmund;2;5;12;6;1;2;0.46;0.54;368;0.78;10;9;2;5;0;0;9;0.0;1.0;0.0;1.0;0.0;1.0;1.0;0.0;1.0;0.0;1.0;3;0.09000000000000001;0.2;287;0.03484320557491289;623.9130434782609;0.75;19.565217391304348;6;-0.08000000000000002;6;-3;1;0.03260869565217391;0.08333333333333333;0.46;9.0;0;1;1;0;1;0;1;0;0.08333333333333333;1.0;0.002717391304347826;12.0;1.0;0.0;0.0;1.0;0.0;0.0;0.0;0.0;0.0;1.0;1.0;1.0;0.0;0.0;0.0;0.0;0.0;0.0;0.0;0.0;0.0;0.0;0.0;0.0;0.0;0.0;0.0;0.0;0.0;0.0;0.0;0.0;0.0;0.0;0.0;0.0;0.0;0.0
2024-12-12;Hoffenheim;5;3;3;97;93;FCSB;4;3;14;8;3;4;0.69;0.31;662;0.85;17;18;4;3;0;0;4;0.0;1.0;0.0;1.0;1.0;1.0;1.0;0.0;1.0;0.0;1.0;2;0.03875;0.23529411764705882;563;0.03019538188277087;815.9420289855074;0.2857142857142857;5.797101449275363;6;0.37999999999999995;2;1;-1;0.021148036253776436;0.0;0.0;0.0;0;0;0;0;1;0;0;1;0.0;0.0;0.0;0.0;1.0;0.0;0.0;0.0;0.0;1.0;0.0;0.0;0.0;1.0;0.0;0.0;0.0;0.0;0.0;1.0;0.0;0.0;0.0;0.0;0.0;0.0;0.0;0.0;0.0;0.0;0.0;0.0;0.0;0.0;0.0;0.0;0.0;0.0;0.0;0.0;0.0;0.0
2024-12-08;Hoffenheim;9;3;1;97;170;Friburgo;1;1;15;11;5;4;0.49;0.51;517;0.81;10;5;1;1;0;0;6;0.0;1.0;0.0;1.0;0.0;1.0;1.0;0.0;1.0;0.0;1.0;1;0.046363636363636364;0.1;419;0.02386634844868735;855.1020408163265;0.4;12.244897959183673;4;-0.020000000000000018;5;0;5;0.029013539651837523;0.06666666666666667;0.49;6.0;0;1;1;0;1;0;0;1;0.06666666666666667;0.2;0.0019342359767891683;15.0;1.0;0.0;0.0;1.0;0.0;0.0;0.0;0.0;0.0;1.0;1.0;0.0;0.0;0.0;0.0;1.0;0.0;0.0;0.0;0.0;0.0;0.0;0.0;0.0;0.0;0.0;0.0;0.0;0.0;0.0;0.0;0.0;0.0;0.0;0.0;0.0;0.0;0.0
2024-12-04;Hoffenheim;23;3;0;97;175;Wolfsburg;2;2;11;16;0;5;0.57;0.43;549;0.84;15;12;2;2;0;0;5;0.0;1.0;0.0;0.0;0.0;1.0;1.0;0.0;1.0;0.0;1.0;4;0.026875;0.13333333333333333;461;0.03253796095444685;808.7719298245614;0.45454545454545453;8.771929824561404;-5;0.13999999999999996;1;0;3;0.020036429872495445;0.0;0.0;0.0;0;0;0;0;0;1;1;0;0.0;0.0;0.0;0.0;1.0;1.0;0.0;1.0;0.0;0.0;0.0;0.0;0.0;1.0;1.0;1.0;0.0;0.0;0.0;0.0;0.0;0.0;0.0;0.0;0.0;0.0;0.0;0.0;0.0;0.0;0.0;0.0;0.0;0.0;0.0;0.0;0.0;0.0;0.0;0.0;0.0;0.0
2024-12-01;Hoffenheim;9;3;17;97;174;Mainz 05;3;1;10;18;2;8;0.47;0.53;406;0.75;12;13;3;1;0;0;3;0.0;0.0;0.0;1.0;1.0;1.0;1.0;0.0;1.0;0.0;1.0;8;0.029444444444444447;0.25;304;0.039473684210526314;646.8085106382979;0.3;6.382978723404256;-8;-0.06000000000000005;-5;2;-1;0.024630541871921183;0.0;0.0;0.0;0;0;0;0;0;1;1;0;0.0;0.0;0.0;0.0;1.0;1.0;0.0;0.0;1.0;0.0;0.0;0.0;0.0;0.0;1.0;0.0;0.0;0.0;0.0;1.0;0.0;0.0;0.0;0.0;0.0;0.0;0.0;0.0;0.0;0.0;0.0;0.0;0.0;0.0;0.0;0.0;0.0;0.0;0.0;0.0;0.0;0.0
2024-11-28;Hoffenheim;5;3;0;97;103;Braga;1;0;15;9;4;5;0.56;0.44;499;0.84;13;9;1;0;0;0;9;0.0;1.0;0.0;0.0;0.0;1.0;1.0;0.0;1.0;0.0;1.0;1;0.04888888888888889;0.07692307692307693;419;0.031026252983293555;748.2142857142857;0.6;16.07142857142857;6;0.12000000000000005;8;1;4;0.03006012024048096;0.0;0.0;0.0;0;0;0;0;0;1;1;0;0.0;0.0;0.0;0.0;1.0;1.0;0.0;1.0;0.0;1.0;0.0;0.0;0.0;0.0;0.0;0.0;0.0;0.0;0.0;1.0;1.0;0.0;0.0;0.0;0.0;0.0;0.0;0.0;0.0;0.0;0.0;0.0;0.0;0.0;0.0;0.0;0.0;0.0;0.0;0.0;0.0;0.0
2024-11-23;Hoffenheim;9;3;17;97;31;RB Leipzig;2;1;20;14;7;6;0.6;0.4;508;0.83;14;12;2;1;0;0;4;0.0;1.0;0.0;1.0;1.0;1.0;1.0;0.0;1.0;1.0;1.0;3;0.028571428571428574;0.14285714285714285;422;0.03317535545023697;703.3333333333334;0.2;6.666666666666667;6;0.19999999999999996;1;1;2;0.03937007874015748;0.2;0.15;1.0;1;3;4;1;0;0;0;1;0.2;0.5714285714285714;0.007874015748031496;5.0;1.0;0.0;0.0;0.0;1.0;0.0;0.0;0.0;0.0;0.0;1.0;0.0;0.0;0.0;0.0;0.0;0.0;0.0;0.0;0.0;0.0;0.0;0.0;0.0;0.0;0.0;0.0;0.0;0.0;0.0;0.0;0.0;0.0;0.0;0.0;0.0;0.0;0.0
2024-11-10;Hoffenheim;9;29;2;97;173;Augsburgo;3;2;11;16;2;4;0.56;0.44;561;0.83;7;16;3;2;0;0;6;0.0;1.0;0.0;0.0;1.0;1.0;1.0;0.0;1.0;1.0;0.0;10;0.0275;0.42857142857142855;466;0.015021459227467811;832.1428571428571;0.5454545454545454;10.714285714285714;-5;0.12000000000000005;-4;1;-9;0.0196078431372549;0.0;0.0;0.0;0;0;0;0;1;0;1;0;0.0;0.0;0.0;0.0;1.0;1.0;0.0;0.0;0.0;1.0;0.0;0.0;1.0;0.0;0.0;0.0;0.0;0.0;0.0;0.0;0.0;1.0;0.0;0.0;0.0;0.0;0.0;0.0;0.0;0.0;0.0;0.0;0.0;0.0;0.0;0.0;0.0;0.0;0.0;0.0;0.0;0.0
2024-11-07;Hoffenheim;5;29;6;97;90;Lyon;2;1;18;11;12;4;0.43;0.57;367;0.78;13;12;2;1;0;0;8;0.0;1.0;0.0;0.0;0.0;1.0;1.0;0.0;1.0;0.0;0.0;8;0.05181818181818181;0.15384615384615385;286;0.045454545454545456;665.1162790697674;0.4444444444444444;18.6046511627907;7;-0.13999999999999996;0;1;1;0.04904632152588556;0.1111111111111111;0.215;4.0;0;2;2;0;1;0;0;1;0.1111111111111111;0.16666666666666666;0.005449591280653951;9.0;1.0;1.0;0.0;1.0;0.0;0.0;0.0;0.0;1.0;0.0;1.0;1.0;0.0;0.0;0.0;0.0;0.0;1.0;0.0;0.0;0.0;0.0;0.0;0.0;0.0;0.0;0.0;0.0;0.0;0.0;0.0;0.0;0.0;0.0;0.0;0.0;0.0;0.0
2024-11-02;Hoffenheim;9;29;17;97;176;St. Pauli;0;1;12;7;6;3;0.68;0.32;620;0.84;10;10;0;1;0;0;7;0.0;1.0;0.0;1.0;0.0;1.0;1.0;0.0;1.0;1.0;1.0;2;0.045714285714285714;0.0;521;0.019193857965451054;766.1764705882352;0.5833333333333334;10.294117647058822;5;0.36000000000000004;5;-1;0;0.01935483870967742;0.0;0.0;0.0;0;0;0;0;0;1;0;1;0.0;0.0;0.0;0.0;1.0;0.0;0.0;1.0;0.0;0.0;0.0;0.0;0.0;0.0;1.0;0.0;0.0;0.0;0.0;0.0;0.0;1.0;0.0;0.0;0.0;0.0;0.0;0.0;0.0;0.0;0.0;0.0;0.0;0.0;0.0;0.0;0.0;0.0;0.0;0.0;0.0;0.0
2024-10-30;Hoffenheim;23;6;6;97;186;Nürnberg;2;2;23;15;10;5;0.51;0.49;436;0.82;15;9;2;2;0;0;10;0.0;1.0;0.0;0.0;1.0;1.0;0.0;0.0;0.0;1.0;1.0;6;0.03266666666666666;0.13333333333333333;358;0.04189944134078212;701.9607843137255;0.43478260869565216;19.607843137254903;8;0.020000000000000018;4;0;6;0.052752293577981654;0.08695652173913043;0.255;5.0;1;1;2;1;0;0;0;1;0.08695652173913043;0.2;0.0045871559633027525;11.5;1.0;1.0;0.0;0.0;1.0;1.0;0.0;0.0;1.0;0.0;0.0;0.0;0.0;0.0;0.0;0.0;0.0;1.0;0.0;0.0;0.0;0.0;0.0;0.0;0.0;0.0;0.0;0.0;0.0;0.0;0.0;0.0;0.0;0.0;0.0;0.0;0.0;0.0
2024-10-27;Hoffenheim;9;29;0;97;142;Heidenheim;2;1;12;17;4;3;0.54;0.46;444;0.79;16;12;2;1;0;0;3;0.0;0.0;0.0;1.0;0.0;1.0;1.0;0.0;1.0;1.0;1.0;7;0.027058823529411767;0.125;351;0.045584045584045586;650.0;0.25;5.555555555555555;-5;0.08000000000000002;-4;1;4;0.02702702702702703;0.0;0.0;0.0;0;0;0;0;1;0;1;0;0.0;0.0;0.0;0.0;1.0;1.0;0.0;1.0;0.0;0.0;0.0;0.0;0.0;0.0;1.0;0.0;0.0;0.0;0.0;0.0;0.0;1.0;0.0;0.0;0.0;0.0;0.0;0.0;0.0;0.0;0.0;0.0;0.0;0.0;0.0;0.0;0.0;0.0;0.0;0.0;0.0;0.0
2024-10-24;Hoffenheim;5;29;3;97;95;Porto;1;3;15;11;1;4;0.55;0.45;481;0.87;9;16;1;3;0;0;9;0.0;1.0;0.0;1.0;0.0;1.0;1.0;0.0;1.0;0.0;1.0;6;0.04090909090909091;0.1111111111111111;418;0.0215311004784689;759.9999999999999;0.6;16.363636363636363;4;0.10000000000000003;3;-2;-7;0.031185031185031187;0.0;0.0;0.0;0;0;0;0;0;1;1;0;0.0;0.0;0.0;0.0;1.0;0.0;0.0;1.0;0.0;0.0;0.0;0.0;0.0;0.0;1.0;0.0;0.0;0.0;0.0;1.0;0.0;1.0;0.0;0.0;0.0;0.0;0.0;0.0;0.0;0.0;0.0;0.0;0.0;0.0;0.0;0.0;0.0;0.0;0.0;0.0;0.0;0.0
2024-10-19;Hoffenheim;9;29;7;97;178;Bochum;1;1;12;13;7;4;0.5;0.5;415;0.77;10;12;1;1;0;0;4;0.0;1.0;0.0;0.0;0.0;1.0;1.0;0.0;1.0;1.0;1.0;2;0.038461538461538464;0.1;320;0.03125;640.0;0.3333333333333333;8.0;-1;0.0;2;0;-2;0.02891566265060241;0.25;0.16666666666666666;1.3333333333333333;1;2;3;1;0;0;0;1;0.25;0.42857142857142855;0.007228915662650603;4.0;1.0;1.0;0.0;1.0;0.0;0.0;0.0;0.0;0.0;0.0;1.0;0.0;0.0;0.0;0.0;0.0;0.0;1.0;0.0;0.0;0.0;0.0;0.0;0.0;0.0;0.0;0.0;0.0;0.0;0.0;0.0;0.0;0.0;0.0;0.0;0.0;0.0;0.0
2024-10-06;Hoffenheim;9;29;2;97;18;Stuttgart;4;1;7;20;5;6;0.32;0.68;323;0.77;7;10;4;1;0;0;5;0.0;0.0;0.0;0.0;0.0;1.0;1.0;0.0;1.0;1.0;1.0;10;0.034;0.5714285714285714;249;0.028112449799196786;778.125;0.7142857142857143;15.625;-13;-0.36000000000000004;-5;3;-3;0.021671826625386997;0.14285714285714285;0.32;5.0;1;0;1;0;1;0;1;0;0.14285714285714285;0.2;0.0030959752321981426;7.0;1.0;1.0;0.0;1.0;0.0;0.0;0.0;0.0;0.0;0.0;1.0;0.0;0.0;0.0;0.0;0.0;0.0;1.0;1.0;0.0;0.0;0.0;0.0;0.0;0.0;0.0;0.0;0.0;0.0;0.0;0.0;0.0;0.0;0.0;0.0;0.0;0.0;0.0
2024-10-03;Hoffenheim;5;29;0;97;112;Dinamo;1;0;19;8;6;1;0.48;0.52;493;0.85;14;8;1;0;0;0;4;0.0;0.0;0.0;1.0;0.0;1.0;1.0;0.0;1.0;0.0;1.0;7;0.065;0.07142857142857142;419;0.03341288782816229;872.9166666666667;0.21052631578947367;8.333333333333334;11;-0.040000000000000036;-3;1;6;0.038539553752535496;0.10526315789473684;0.24;2.0;1;1;2;1;0;0;0;1;0.10526315789473684;0.3333333333333333;0.004056795131845842;9.5;1.0;1.0;0.0;1.0;0.0;0.0;0.0;0.0;0.0;0.0;1.0;1.0;0.0;0.0;0.0;0.0;0.0;1.0;0.0;0.0;0.0;0.0;0.0;0.0;0.0;0.0;0.0;0.0;0.0;0.0;0.0;0.0;0.0;0.0;0.0;0.0;0.0;0.0
2024-09-29;Hoffenheim;9;29;17;97;171;Werder Bremen;4;3;10;23;5;10;0.35;0.65;325;0.79;11;19;3;3;1;0;2;0.0;0.0;0.0;1.0;1.0;0.0;1.0;0.0;0.0;1.0;1.0;6;0.02826086956521739;0.36363636363636365;257;0.042801556420233464;734.2857142857143;0.2;5.714285714285714;-13;-0.30000000000000004;-4;1;-8;0.03076923076923077;0.3;0.11666666666666665;0.6666666666666666;3;0;3;0;0;1;0;1;0.3;0.6;0.009230769230769232;3.3333333333333335;1.0;1.0;0.0;0.0;0.0;0.0;0.0;0.0;1.0;0.0;1.0;0.0;0.0;0.0;0.0;0.0;1.0;1.0;0.0;0.0;0.0;0.0;0.0;0.0;0.0;0.0;0.0;0.0;0.0;0.0;0.0;0.0;0.0;0.0;0.0;0.0;0.0;0.0
2024-09-25;Hoffenheim;5;17;1;97;88;Midtjylland;0;1;14;13;3;7;0.51;0.49;433;0.81;7;16;0;1;0;0;5;0.0;0.0;0.0;1.0;0.0;0.0;1.0;0.0;0.0;1.0;1.0;10;0.03769230769230769;0.0;351;0.019943019943019943;688.2352941176471;0.35714285714285715;9.803921568627452;1;0.020000000000000018;-5;-1;-9;0.03233256351039261;0.07142857142857142;0.51;5.0;0;1;1;0;1;0;1;0;0.07142857142857142;0.3333333333333333;0.0023094688221709007;14.0;1.0;1.0;0.0;1.0;1.0;0.0;0.0;0.0;1.0;0.0;0.0;0.0;0.0;0.0;0.0;1.0;0.0;1.0;0.0;0.0;0.0;0.0;0.0;0.0;0.0;0.0;0.0;0.0;0.0;0.0;0.0;0.0;0.0;0.0;0.0;0.0;0.0;0.0
2024-09-21;Hoffenheim;9;2;17;97;169;FC Union Berlin;3;3;7;12;3;2;0.48;0.52;425;0.76;18;17;3;3;0;0;5;0.0;0.0;0.0;0.0;1.0;1.0;1.0;0.0;1.0;1.0;0.0;5;0.043333333333333335;0.16666666666666666;323;0.05572755417956656;672.9166666666667;0.7142857142857143;10.416666666666668;-5;-0.040000000000000036;0;0;1;0.01647058823529412;0.14285714285714285;0.48;5.0;0;1;1;0;0;1;1;0;0.14285714285714285;0.3333333333333333;0.002352941176470588;7.0;1.0;1.0;0.0;0.0;0.0;0.0;0.0;0.0;0.0;0.0;1.0;0.0;1.0;0.0;0.0;0.0;1.0;0.0;1.0;0.0;0.0;0.0;0.0;0.0;0.0;0.0;0.0;0.0;0.0;0.0;0.0;0.0;0.0;0.0;0.0;0.0;0.0;0.0
2024-09-14;Hoffenheim;9;29;17;97;6;Leverkusen;2;2;15;20;5;8;0.39;0.61;410;0.84;9;10;2;2;0;0;4;0.0;0.0;0.0;0.0;1.0;1.0;0.0;0.0;1.0;1.0;0.0;12;0.0305;0.2222222222222222;344;0.02616279069767442;882.051282051282;0.26666666666666666;10.256410256410255;-5;-0.21999999999999997;-8;0;-1;0.036585365853658534;0.06666666666666667;0.39;4.0;1;0;1;0;0;1;0;1;0.06666666666666667;0.2;0.0024390243902439024;15.0;1.0;1.0;1.0;0.0;0.0;0.0;0.0;0.0;0.0;0.0;1.0;0.0;0.0;0.0;0.0;0.0;1.0;1.0;1.0;0.0;0.0;0.0;0.0;0.0;0.0;0.0;0.0;0.0;0.0;0.0;0.0;0.0;0.0;0.0;0.0;0.0;0.0;0.0
2024-08-31;Hoffenheim;9;29;6;97;87;Frankfurt;3;0;11;18;3;7;0.49;0.51;444;0.84;10;10;3;0;0;0;4;0.0;0.0;0.0;0.0;1.0;1.0;0.0;0.0;1.0;1.0;1.0;1;0.028333333333333335;0.3;373;0.02680965147453083;761.2244897959184;0.36363636363636365;8.16326530612245;-7;-0.020000000000000018;3;3;0;0.024774774774774775;0.09090909090909091;0.49;4.0;0;1;1;0;0;1;1;0;0.09090909090909091;0.3333333333333333;0.0022522522522522522;11.0;1.0;1.0;1.0;0.0;0.0;0.0;0.0;0.0;0.0;0.0;1.0;0.0;0.0;0.0;0.0;0.0;0.0;0.0;1.0;1.0;0.0;0.0;0.0;0.0;0.0;0.0;0.0;0.0;0.0;0.0;0.0;0.0;0.0;0.0;0.0;0.0;0.0;0.0
2024-08-24;Hoffenheim;9;29;29;97;177;KSV Holstein;2;2;21;17;8;6;0.55;0.45;460;0.83;8;14;2;1;0;1;8;0.0;0.0;0.0;0.0;1.0;1.0;0.0;0.0;1.0;1.0;1.0;6;0.026470588235294117;0.25;382;0.020942408376963352;694.5454545454545;0.38095238095238093;14.545454545454545;4;0.10000000000000003;2;0;-6;0.04565217391304348;0.14285714285714285;0.18333333333333335;2.6666666666666665;2;1;3;1;0;0;0;1;0.14285714285714285;0.375;0.006521739130434782;7.0;1.0;1.0;0.0;0.0;0.0;0.0;0.0;0.0;0.0;0.0;1.0;0.0;0.0;0.0;0.0;0.0;0.0;1.0;1.0;1.0;0.0;0.0;0.0;0.0;0.0;0.0;0.0;0.0;0.0;0.0;0.0;0.0;0.0;0.0;0.0;0.0;0.0;0.0
2024-08-16;Hoffenheim;23;29;0;97;-1;Würzburger Kickers;1;2;20;11;11;4;0.7;0.3;802;0.83;13;14;1;2;0;0;6;1.0;0.0;0.0;0.0;1.0;1.0;0.0;0.0;1.0;1.0;0.0;3;0.02727272727272727;0.07692307692307693;666;0.01951951951951952;951.4285714285714;0.3;8.571428571428571;9;0.39999999999999997;3;-1;-1;0.02493765586034913;0.1;0.35;3.0;1;1;2;0;1;0;1;0;0.1;0.18181818181818182;0.0024937655860349127;10.0;0.0;1.0;0.0;0.0;0.0;0.0;0.0;0.0;0.0;0.0;1.0;0.0;0.0;0.0;0.0;1.0;0.0;1.0;1.0;1.0;0.0;0.0;0.0;0.0;0.0;0.0;0.0;0.0;0.0;0.0;0.0;0.0;0.0;0.0;0.0;0.0;0.0;0.0
2024-05-18;Hoffenheim;9;17;30;97;23;Bayern;3;1;17;11;9;4;0.48;0.52;457;0.86;7;9;3;1;0;0;6;0.0;0.0;0.0;0.0;1.0;1.0;0.0;0.0;1.0;1.0;0.0;5;0.04727272727272727;0.42857142857142855;393;0.017811704834605598;818.75;0.35294117647058826;12.5;6;-0.040000000000000036;1;2;-2;0.037199124726477024;0.23529411764705882;0.12;1.5;1;3;4;1;0;0;0;1;0.23529411764705882;0.4444444444444444;0.0087527352297593;4.25;1.0;1.0;0.0;0.0;0.0;0.0;0.0;0.0;0.0;0.0;0.0;0.0;0.0;0.0;0.0;0.0;0.0;1.0;0.0;1.0;1.0;1.0;1.0;0.0;0.0;0.0;0.0;0.0;0.0;0.0;0.0;0.0;0.0;0.0;0.0;0.0;0.0;0.0
2024-05-12;Hoffenheim;9;29;6;97;191;SV Darmstadt 98;0;3;12;10;7;0;0.6;0.4;648;0.88;3;9;0;3;0;0;3;0.0;0.0;0.0;0.0;1.0;1.0;0.0;0.0;1.0;1.0;0.0;2;0.04;0.0;570;0.005263157894736842;950.0;0.25;5.0;2;0.19999999999999996;1;-3;-6;0.018518518518518517;0.5;0.09999999999999999;0.5;5;1;6;1;0;0;1;0;0.5;0.8571428571428571;0.009259259259259259;2.0;1.0;1.0;0.0;0.0;0.0;0.0;0.0;0.0;0.0;0.0;0.0;0.0;0.0;0.0;0.0;0.0;0.0;1.0;0.0;1.0;1.0;1.0;1.0;0.0;0.0;0.0;0.0;0.0;0.0;0.0;0.0;0.0;0.0;0.0;0.0;0.0;0.0;0.0
2024-05-03;Hoffenheim;9;2;13;97;31;RB Leipzig;1;2;20;8;8;4;0.56;0.44;586;0.88;6;8;1;1;0;1;4;0.0;0.0;0.0;0.0;1.0;1.0;0.0;0.0;1.0;1.0;0.0;4;0.055;0.16666666666666666;516;0.011627906976744186;921.4285714285713;0.2;7.142857142857142;12;0.12000000000000005;0;-1;-2;0.034129692832764506;0.05;0.56;4.0;0;1;1;0;1;0;0;1;0.05;0.125;0.0017064846416382253;20.0;1.0;1.0;0.0;0.0;0.0;0.0;0.0;0.0;0.0;0.0;0.0;0.0;0.0;0.0;0.0;0.0;0.0;1.0;0.0;1.0;1.0;1.0;1.0;0.0;0.0;0.0;0.0;0.0;0.0;0.0;0.0;0.0;0.0;0.0;0.0;0.0;0.0;0.0
2024-04-26;Hoffenheim;9;2;3;97;178;Bochum;1;1;10;36;4;13;0.55;0.45;418;0.72;11;13;1;1;0;0;4;0.0;0.0;0.0;0.0;1.0;0.0;0.0;0.0;1.0;0.0;0.0;10;0.0125;0.09090909090909091;301;0.036544850498338874;547.2727272727273;0.4;7.2727272727272725;-26;0.10000000000000003;-6;0;-2;0.023923444976076555;0.2;0.275;2.0;0;2;2;0;0;1;1;0;0.2;0.5;0.004784688995215311;5.0;1.0;0.0;0.0;0.0;0.0;0.0;0.0;0.0;1.0;0.0;0.0;0.0;0.0;0.0;0.0;0.0;0.0;1.0;1.0;1.0;1.0;1.0;0.0;1.0;1.0;0.0;0.0;0.0;0.0;0.0;0.0;0.0;0.0;0.0;0.0;0.0;0.0;0.0
2024-04-20;Hoffenheim;9;2;9;97;172;Mönchengladbach;1;3;28;13;9;7;0.6;0.4;622;0.87;6;11;1;3;0;0;6;0.0;0.0;0.0;0.0;1.0;0.0;0.0;0.0;1.0;0.0;0.0;5;0.03076923076923077;0.16666666666666666;541;0.011090573012939002;901.6666666666667;0.21428571428571427;10.0;15;0.19999999999999996;1;-2;-5;0.04501607717041801;0.14285714285714285;0.15;1.5;1;3;4;1;0;0;0;1;0.14285714285714285;0.4444444444444444;0.006430868167202572;7.0;1.0;0.0;0.0;0.0;0.0;0.0;0.0;0.0;1.0;0.0;0.0;0.0;0.0;0.0;0.0;0.0;0.0;1.0;1.0;1.0;1.0;1.0;0.0;1.0;1.0;0.0;0.0;0.0;0.0;0.0;0.0;0.0;0.0;0.0;0.0;0.0;0.0;0.0
2024-04-13;Hoffenheim;9;2;17;97;174;Mainz 05;2;0;5;25;1;8;0.54;0.46;397;0.74;14;12;2;0;0;0;3;0.0;0.0;0.0;0.0;1.0;1.0;0.0;0.0;1.0;0.0;0.0;9;0.0184;0.14285714285714285;294;0.047619047619047616;544.4444444444445;0.6;5.555555555555555;-20;0.08000000000000002;-6;2;2;0.012594458438287154;0.2;0.54;3.0;1;0;1;0;0;1;1;0;0.2;1.0;0.0025188916876574307;5.0;1.0;0.0;0.0;0.0;0.0;1.0;0.0;0.0;0.0;0.0;0.0;0.0;0.0;0.0;0.0;0.0;0.0;1.0;1.0;1.0;1.0;1.0;0.0;0.0;1.0;0.0;0.0;0.0;0.0;0.0;0.0;0.0;0.0;0.0;0.0;0.0;0.0;0.0
2024-04-07;Hoffenheim;9;29;4;97;173;Augsburgo;3;1;18;15;6;7;0.55;0.45;477;0.82;8;14;3;1;0;0;11;0.0;0.0;0.0;0.0;1.0;1.0;0.0;0.0;1.0;0.0;0.0;6;0.030000000000000002;0.375;391;0.020460358056265986;710.9090909090909;0.6111111111111112;20.0;3;0.10000000000000003;5;2;-6;0.03773584905660377;0.16666666666666666;0.18333333333333335;3.6666666666666665;2;1;3;1;0;0;0;1;0.16666666666666666;0.5;0.006289308176100629;6.0;1.0;0.0;0.0;0.0;0.0;1.0;0.0;0.0;0.0;0.0;0.0;0.0;0.0;0.0;0.0;0.0;0.0;1.0;1.0;1.0;1.0;1.0;0.0;0.0;1.0;0.0;0.0;0.0;0.0;0.0;0.0;0.0;0.0;0.0;0.0;0.0;0.0;0.0
2024-03-30;Hoffenheim;9;4;17;97;6;Leverkusen;1;0;6;34;2;11;0.32;0.68;345;0.76;8;9;1;0;0;0;2;0.0;0.0;0.0;0.0;1.0;1.0;0.0;0.0;1.0;0.0;0.0;9;0.02;0.125;262;0.030534351145038167;818.75;0.3333333333333333;6.25;-28;-0.36000000000000004;-7;1;-1;0.017391304347826087;0.16666666666666666;0.32;2.0;1;0;1;0;0;1;1;0;0.16666666666666666;0.5;0.002898550724637681;6.0;1.0;0.0;0.0;0.0;0.0;1.0;0.0;0.0;1.0;0.0;0.0;0.0;0.0;0.0;0.0;0.0;0.0;1.0;1.0;0.0;1.0;1.0;0.0;0.0;1.0;0.0;0.0;0.0;0.0;0.0;0.0;0.0;0.0;0.0;0.0;0.0;0.0;0.0
2024-03-16;Hoffenheim;9;17;17;97;18;Stuttgart;1;0;7;25;1;11;0.43;0.57;396;0.73;8;12;1;0;0;0;5;0.0;0.0;0.0;0.0;1.0;1.0;0.0;0.0;0.0;0.0;0.0;6;0.022799999999999997;0.125;289;0.02768166089965398;672.0930232558139;0.7142857142857143;11.627906976744185;-18;-0.13999999999999996;-1;1;-4;0.017676767676767676;0.0;0.0;0.0;0;0;0;0;0;1;0;1;0.0;0.0;0.0;0.0;1.0;1.0;0.0;0.0;0.0;1.0;0.0;0.0;1.0;0.0;0.0;0.0;0.0;0.0;0.0;0.0;0.0;1.0;1.0;0.0;0.0;1.0;1.0;0.0;1.0;0.0;0.0;0.0;0.0;0.0;0.0;0.0;0.0;0.0;0.0;0.0;0.0;0.0
2024-03-10;Hoffenheim;9;29;17;97;87;Frankfurt;3;2;6;17;2;7;0.35;0.65;350;0.74;10;11;1;2;2;0;1;0.0;0.0;0.0;1.0;0.0;1.0;0.0;0.0;1.0;0.0;0.0;5;0.03823529411764706;0.3;259;0.03861003861003861;740.0;0.16666666666666666;2.857142857142857;-11;-0.30000000000000004;-4;1;-1;0.017142857142857144;0.16666666666666666;0.35;1.0;1;0;1;0;0;1;1;0;0.16666666666666666;0.5;0.002857142857142857;6.0;1.0;1.0;0.0;0.0;0.0;0.0;0.0;1.0;0.0;0.0;0.0;0.0;0.0;0.0;0.0;0.0;0.0;1.0;0.0;0.0;1.0;1.0;1.0;0.0;0.0;1.0;0.0;0.0;0.0;0.0;0.0;0.0;0.0;0.0;0.0;0.0;0.0;0.0
2024-03-03;Hoffenheim;9;17;2;97;171;Werder Bremen;4;1;14;18;7;7;0.46;0.54;435;0.79;11;10;3;1;1;0;3;0.0;0.0;0.0;0.0;1.0;1.0;0.0;0.0;0.0;1.0;0.0;3;0.030000000000000002;0.36363636363636365;344;0.03197674418604651;747.8260869565217;0.21428571428571427;6.521739130434782;-4;-0.08000000000000002;0;3;1;0.03218390804597701;0.14285714285714285;0.23;1.5;2;0;2;1;0;0;0;1;0.14285714285714285;0.2857142857142857;0.004597701149425287;7.0;1.0;0.0;0.0;0.0;0.0;0.0;0.0;0.0;1.0;0.0;0.0;0.0;0.0;0.0;0.0;0.0;0.0;1.0;0.0;0.0;1.0;1.0;1.0;0.0;1.0;1.0;0.0;0.0;0.0;0.0;0.0;0.0;0.0;0.0;0.0;0.0;0.0;0.0
2024-02-25;Hoffenheim;9;29;3;97;11;Dortmund;3;2;9;21;5;7;0.3;0.7;288;0.73;10;7;3;2;0;0;3;0.0;0.0;0.0;0.0;1.0;1.0;0.0;0.0;1.0;0.0;0.0;10;0.03333333333333333;0.3;210;0.047619047619047616;700.0;0.3333333333333333;10.0;-12;-0.39999999999999997;-7;1;3;0.03125;0.3333333333333333;0.09999999999999999;1.0;1;2;3;1;0;0;1;0;0.3333333333333333;0.6;0.010416666666666666;3.0;1.0;0.0;0.0;0.0;0.0;0.0;0.0;0.0;1.0;0.0;0.0;0.0;0.0;0.0;0.0;0.0;0.0;1.0;0.0;0.0;1.0;1.0;1.0;1.0;0.0;1.0;0.0;0.0;0.0;0.0;0.0;0.0;0.0;0.0;0.0;0.0;0.0;0.0
2024-02-17;Hoffenheim;9;22;2;97;169;FC Union Berlin;2;3;18;10;4;3;0.68;0.32;638;0.88;10;8;1;2;1;1;6;0.0;0.0;0.0;1.0;1.0;1.0;0.0;0.0;1.0;0.0;0.0;2;0.032;0.2;561;0.017825311942959002;824.9999999999999;0.3333333333333333;8.823529411764705;8;0.36000000000000004;4;-1;2;0.02821316614420063;0.0;0.0;0.0;0;0;0;0;0;1;0;1;0.0;0.0;0.0;0.0;1.0;0.0;0.0;0.0;0.0;0.0;0.0;0.0;1.0;0.0;0.0;0.0;0.0;0.0;0.0;0.0;0.0;1.0;0.0;1.0;1.0;1.0;1.0;0.0;0.0;0.0;0.0;0.0;0.0;0.0;0.0;0.0;0.0;0.0;0.0;0.0;0.0;0.0
2024-02-11;Hoffenheim;9;6;3;97;190;Colonia;3;4;10;6;3;1;0.58;0.42;535;0.79;12;13;3;4;0;0;10;0.0;0.0;0.0;1.0;1.0;0.0;0.0;0.0;0.0;0.0;0.0;3;0.06999999999999999;0.25;423;0.028368794326241134;729.3103448275863;1.0;17.24137931034483;4;0.15999999999999998;7;-1;-1;0.018691588785046728;0.1;0.58;10.0;0;1;1;0;1;0;0;1;0.1;0.3333333333333333;0.001869158878504673;10.0;1.0;0.0;0.0;0.0;0.0;0.0;0.0;0.0;1.0;0.0;0.0;0.0;0.0;0.0;0.0;0.0;0.0;1.0;0.0;1.0;1.0;1.0;1.0;1.0;1.0;0.0;0.0;0.0;0.0;0.0;0.0;0.0;0.0;0.0;0.0;0.0;0.0;0.0
2024-02-04;Hoffenheim;9;22;1;97;175;Wolfsburg;3;2;17;14;7;7;0.55;0.45;456;0.79;16;12;3;2;0;0;2;0.0;0.0;0.0;1.0;1.0;1.0;0.0;0.0;1.0;0.0;0.0;7;0.03214285714285715;0.1875;360;0.044444444444444446;654.5454545454545;0.11764705882352941;3.6363636363636362;3;0.10000000000000003;-5;1;4;0.03728070175438596;0.11764705882352941;0.275;1.0;1;1;2;0;1;0;1;0;0.11764705882352941;0.2857142857142857;0.0043859649122807015;8.5;1.0;0.0;0.0;0.0;0.0;0.0;0.0;0.0;1.0;0.0;0.0;0.0;0.0;0.0;0.0;0.0;0.0;0.0;0.0;1.0;1.0;1.0;0.0;0.0;1.0;1.0;0.0;0.0;0.0;0.0;0.0;0.0;0.0;0.0;0.0;0.0;0.0;0.0
2024-01-27;Hoffenheim;9;28;3;97;142;Heidenheim;4;0;23;14;7;3;0.68;0.32;648;0.83;11;13;4;0;0;0;9;0.0;0.0;0.0;1.0;1.0;1.0;0.0;0.0;1.0;0.0;0.0;5;0.022857142857142857;0.36363636363636365;538;0.020446096654275093;791.1764705882352;0.391304347826087;13.235294117647058;9;0.36000000000000004;4;4;-2;0.035493827160493825;0.043478260869565216;0.68;9.0;1;0;1;0;1;0;0;1;0.043478260869565216;0.14285714285714285;0.0015432098765432098;23.0;1.0;1.0;0.0;0.0;0.0;0.0;0.0;0.0;0.0;0.0;0.0;0.0;0.0;0.0;0.0;0.0;0.0;1.0;0.0;1.0;0.0;1.0;0.0;0.0;1.0;1.0;0.0;0.0;0.0;0.0;0.0;0.0;0.0;0.0;0.0;0.0;0.0;0.0
2024-01-20;Hoffenheim;9;30;14;97;170;Friburgo;3;2;16;18;4;9;0.57;0.43;480;0.81;10;18;3;1;0;1;2;0.0;0.0;0.0;1.0;1.0;1.0;0.0;0.0;1.0;1.0;0.0;2;0.02388888888888889;0.3;389;0.02570694087403599;682.4561403508773;0.125;3.5087719298245617;-2;0.13999999999999996;0;1;-8;0.03333333333333333;0.125;0.285;1.0;0;2;2;0;0;1;1;0;0.125;0.5;0.004166666666666667;8.0;1.0;0.0;0.0;0.0;0.0;0.0;0.0;1.0;0.0;0.0;0.0;0.0;0.0;0.0;0.0;0.0;0.0;1.0;0.0;0.0;1.0;1.0;0.0;0.0;1.0;0.0;0.0;0.0;0.0;0.0;0.0;0.0;0.0;0.0;0.0;0.0;0.0;0.0
2024-01-12;Hoffenheim;9;30;3;97;23;Bayern;2;1;11;27;4;11;0.38;0.62;400;0.81;6;8;1;1;1;0;2;0.0;0.0;0.0;1.0;1.0;1.0;0.0;0.0;1.0;1.0;0.0;11;0.022962962962962963;0.3333333333333333;324;0.018518518518518517;852.6315789473684;0.18181818181818182;5.2631578947368425;-16;-0.24;-9;1;-2;0.0275;0.0;0.0;0.0;0;0;0;0;0;1;1;0;0.0;0.0;0.0;0.0;1.0;0.0;0.0;0.0;0.0;0.0;0.0;0.0;0.0;0.0;0.0;0.0;0.0;0.0;0.0;0.0;0.0;1.0;0.0;1.0;1.0;1.0;0.0;0.0;1.0;0.0;0.0;0.0;0.0;0.0;0.0;0.0;0.0;0.0;0.0;0.0;0.0;0.0
2023-12-19;Hoffenheim;9;30;29;97;191;SV Darmstadt 98;2;4;14;15;4;3;0.44;0.56;394;0.79;9;15;2;4;0;0;8;0.0;0.0;0.0;0.0;1.0;1.0;0.0;0.0;1.0;1.0;0.0;3;0.037333333333333336;0.2222222222222222;311;0.028938906752411574;706.8181818181819;0.5714285714285714;18.181818181818183;-1;-0.12000000000000005;5;-2;-6;0.03553299492385787;0.21428571428571427;0.14666666666666667;2.6666666666666665;2;1;3;0;1;0;0;1;0.21428571428571427;0.75;0.007614213197969543;4.666666666666667;1.0;0.0;0.0;0.0;0.0;0.0;0.0;0.0;1.0;0.0;0.0;0.0;0.0;0.0;0.0;0.0;0.0;0.0;0.0;1.0;1.0;0.0;1.0;0.0;0.0;1.0;1.0;0.0;0.0;0.0;0.0;0.0;0.0;0.0;0.0;0.0;0.0;0.0
2023-12-16;Hoffenheim;9;29;13;97;31;RB Leipzig;2;3;9;22;4;10;0.42;0.58;383;0.83;9;11;2;3;0;0;2;0.0;0.0;0.0;0.0;1.0;1.0;0.0;0.0;1.0;1.0;0.0;9;0.026363636363636363;0.2222222222222222;318;0.02830188679245283;757.1428571428572;0.2222222222222222;4.761904761904762;-13;-0.15999999999999998;-7;-1;-2;0.02349869451697128;0.1111111111111111;0.42;2.0;1;0;1;0;0;1;1;0;0.1111111111111111;0.25;0.0026109660574412533;9.0;1.0;0.0;0.0;0.0;0.0;0.0;0.0;0.0;0.0;0.0;0.0;0.0;0.0;0.0;0.0;0.0;0.0;0.0;0.0;1.0;1.0;0.0;1.0;1.0;0.0;1.0;1.0;0.0;0.0;0.0;0.0;0.0;0.0;0.0;0.0;0.0;0.0;0.0
2023-12-08;Hoffenheim;9;22;0;97;178;Bochum;3;2;17;22;7;5;0.41;0.59;364;0.71;17;11;3;2;0;0;4;0.0;0.0;0.0;0.0;1.0;1.0;0.0;0.0;1.0;1.0;0.0;5;0.026818181818181817;0.17647058823529413;258;0.06589147286821706;629.2682926829268;0.23529411764705882;9.75609756097561;-5;-0.18;-1;1;6;0.046703296703296704;0.17647058823529413;0.13666666666666666;1.3333333333333333;2;1;3;1;0;0;0;1;0.17647058823529413;0.42857142857142855;0.008241758241758242;5.666666666666667;1.0;0.0;0.0;0.0;0.0;0.0;0.0;0.0;1.0;0.0;0.0;0.0;0.0;0.0;0.0;0.0;0.0;0.0;0.0;1.0;0.0;0.0;0.0;0.0;1.0;1.0;1.0;1.0;0.0;0.0;0.0;0.0;0.0;0.0;0.0;0.0;0.0;0.0
2023-12-02;Hoffenheim;9;30;23;97;172;Mönchengladbach;2;2;19;9;5;3;0.51;0.49;486;0.86;15;11;2;2;0;0;3;0.0;0.0;0.0;0.0;1.0;1.0;0.0;0.0;0.0;0.0;0.0;6;0.05444444444444444;0.13333333333333333;418;0.03588516746411483;819.6078431372549;0.15789473684210525;5.88235294117647;10;0.020000000000000018;-3;0;4;0.03909465020576132;0.05263157894736842;0.51;3.0;0;1;1;0;0;1;1;0;0.05263157894736842;0.2;0.00205761316872428;19.0;1.0;1.0;0.0;0.0;0.0;0.0;0.0;1.0;1.0;0.0;0.0;0.0;0.0;0.0;0.0;0.0;0.0;0.0;0.0;0.0;1.0;1.0;0.0;1.0;1.0;0.0;1.0;0.0;0.0;0.0;0.0;0.0;0.0;0.0;0.0;0.0;0.0;0.0
2023-11-26;Hoffenheim;9;30;3;97;174;Mainz 05;4;4;15;14;4;5;0.54;0.46;522;0.8;9;14;4;4;0;0;4;0.0;0.0;0.0;0.0;0.0;1.0;0.0;0.0;1.0;1.0;0.0;5;0.032857142857142856;0.4444444444444444;418;0.0215311004784689;774.074074074074;0.26666666666666666;7.4074074074074066;1;0.08000000000000002;-1;0;-5;0.028735632183908046;0.06666666666666667;0.54;4.0;0;1;1;0;1;0;0;1;0.06666666666666667;0.25;0.0019157088122605363;15.0;1.0;0.0;0.0;0.0;0.0;0.0;0.0;0.0;0.0;0.0;0.0;0.0;0.0;0.0;0.0;0.0;0.0;0.0;0.0;1.0;1.0;1.0;0.0;1.0;1.0;1.0;1.0;0.0;0.0;0.0;0.0;0.0;0.0;0.0;0.0;0.0;0.0;0.0
2023-11-11;Hoffenheim;9;30;3;97;173;Augsburgo;2;1;12;11;6;6;0.67;0.33;590;0.85;11;9;2;1;0;0;5;0.0;0.0;0.0;0.0;0.0;1.0;0.0;0.0;0.0;1.0;0.0;3;0.030000000000000002;0.18181818181818182;502;0.021912350597609563;749.2537313432836;0.4166666666666667;7.462686567164178;1;0.34;2;1;2;0.020338983050847456;0.08333333333333333;0.67;5.0;1;0;1;0;1;0;1;0;0.08333333333333333;0.16666666666666666;0.001694915254237288;12.0;1.0;1.0;0.0;0.0;0.0;0.0;0.0;1.0;0.0;0.0;0.0;0.0;0.0;0.0;0.0;0.0;0.0;0.0;0.0;1.0;1.0;1.0;1.0;0.0;1.0;0.0;1.0;0.0;0.0;0.0;0.0;0.0;0.0;0.0;0.0;0.0;0.0;0.0
2023-11-04;Hoffenheim;9;2;17;97;6;Leverkusen;3;2;12;9;7;5;0.47;0.53;502;0.86;6;10;3;2;0;0;4;0.0;0.0;0.0;0.0;0.0;1.0;0.0;0.0;0.0;1.0;0.0;3;0.05888888888888889;0.5;432;0.013888888888888888;919.1489361702128;0.3333333333333333;8.51063829787234;3;-0.06000000000000005;1;1;-4;0.02390438247011952;0.16666666666666666;0.235;2.0;0;2;2;0;0;1;0;1;0.16666666666666666;0.2857142857142857;0.00398406374501992;6.0;1.0;1.0;0.0;0.0;0.0;0.0;0.0;1.0;0.0;0.0;0.0;0.0;0.0;0.0;0.0;0.0;0.0;0.0;0.0;1.0;1.0;1.0;0.0;1.0;1.0;0.0;1.0;0.0;0.0;0.0;0.0;0.0;0.0;0.0;0.0;0.0;0.0;0.0
2023-11-01;Hoffenheim;23;29;7;97;11;Dortmund;2;1;6;22;3;7;0.45;0.55;444;0.81;14;13;1;1;1;0;3;0.0;0.0;0.0;0.0;0.0;1.0;0.0;0.0;0.0;1.0;0.0;8;0.025;0.14285714285714285;360;0.03888888888888889;800.0;0.5;6.666666666666666;-16;-0.10000000000000003;-5;1;1;0.013513513513513514;0.0;0.0;0.0;0;0;0;0;0;1;1;0;0.0;0.0;0.0;0.0;1.0;1.0;0.0;0.0;0.0;0.0;0.0;0.0;0.0;0.0;0.0;0.0;0.0;0.0;0.0;0.0;1.0;0.0;0.0;1.0;0.0;1.0;1.0;0.0;1.0;1.0;1.0;0.0;0.0;0.0;0.0;0.0;0.0;0.0;0.0;0.0;0.0;0.0
2023-10-28;Hoffenheim;9;30;3;97;18;Stuttgart;1;2;7;23;5;10;0.26;0.74;262;0.65;11;13;1;2;0;0;0;0.0;0.0;0.0;0.0;1.0;0.0;1.0;0.0;0.0;0.0;0.0;6;0.03217391304347826;0.09090909090909091;170;0.06470588235294118;653.8461538461538;0.0;0.0;-16;-0.48;-6;-1;-2;0.026717557251908396;0.42857142857142855;0.08666666666666667;0.0;2;1;3;1;0;0;1;0;0.42857142857142855;0.6;0.011450381679389313;2.3333333333333335;1.0;1.0;0.0;0.0;0.0;0.0;0.0;0.0;0.0;0.0;0.0;0.0;0.0;0.0;0.0;0.0;0.0;1.0;0.0;1.0;0.0;1.0;0.0;1.0;1.0;1.0;1.0;0.0;0.0;0.0;0.0;0.0;0.0;0.0;0.0;0.0;0.0;0.0
2023-10-21;Hoffenheim;9;2;17;97;87;Frankfurt;3;0;14;15;4;5;0.55;0.45;561;0.83;7;7;3;0;0;0;6;0.0;0.0;0.0;0.0;1.0;1.0;0.0;0.0;0.0;0.0;0.0;3;0.030000000000000002;0.42857142857142855;466;0.015021459227467811;847.2727272727273;0.42857142857142855;10.909090909090908;-1;0.10000000000000003;3;3;0;0.024955436720142603;0.07142857142857142;0.55;6.0;1;0;1;0;0;1;0;1;0.07142857142857142;0.25;0.0017825311942959;14.0;1.0;0.0;0.0;0.0;0.0;0.0;0.0;0.0;0.0;0.0;0.0;0.0;0.0;0.0;0.0;0.0;0.0;1.0;0.0;1.0;0.0;1.0;0.0;1.0;1.0;1.0;1.0;1.0;0.0;0.0;0.0;0.0;0.0;0.0;0.0;0.0;0.0;0.0
2023-10-07;Hoffenheim;9;2;30;97;171;Werder Bremen;4;5;10;13;4;3;0.52;0.48;525;0.76;7;15;4;5;0;0;4;0.0;0.0;0.0;0.0;1.0;1.0;0.0;0.0;0.0;0.0;0.0;4;0.03692307692307692;0.5714285714285714;399;0.017543859649122806;767.3076923076923;0.4;7.692307692307692;-3;0.040000000000000036;0;-1;-8;0.01904761904761905;0.3;0.17333333333333334;1.3333333333333333;2;1;3;1;0;0;1;0;0.3;0.75;0.005714285714285714;3.3333333333333335;1.0;0.0;0.0;0.0;0.0;0.0;0.0;0.0;0.0;0.0;0.0;0.0;0.0;0.0;0.0;0.0;0.0;1.0;0.0;1.0;1.0;1.0;0.0;1.0;1.0;1.0;1.0;0.0;0.0;0.0;0.0;0.0;0.0;0.0;0.0;0.0;0.0;0.0
2023-09-29;Hoffenheim;9;2;3;97;11;Dortmund;3;4;15;6;3;5;0.53;0.47;431;0.81;14;16;3;3;0;1;4;0.0;0.0;0.0;0.0;0.0;1.0;0.0;0.0;1.0;0.0;0.0;3;0.07833333333333332;0.21428571428571427;349;0.04011461318051576;658.4905660377358;0.26666666666666666;7.547169811320754;9;0.06000000000000005;1;-1;-2;0.03480278422273782;0.06666666666666667;0.53;4.0;1;0;1;0;0;1;0;1;0.06666666666666667;0.3333333333333333;0.002320185614849188;15.0;1.0;0.0;0.0;0.0;0.0;0.0;0.0;0.0;0.0;0.0;0.0;0.0;0.0;0.0;0.0;0.0;0.0;1.0;0.0;1.0;1.0;1.0;1.0;1.0;0.0;1.0;1.0;0.0;0.0;0.0;0.0;0.0;0.0;0.0;0.0;0.0;0.0;0.0
2023-09-23;Hoffenheim;9;2;2;97;169;FC Union Berlin;3;1;11;22;3;6;0.43;0.57;388;0.73;13;11;3;1;0;0;6;0.0;0.0;0.0;0.0;1.0;1.0;0.0;0.0;1.0;0.0;0.0;11;0.025909090909090906;0.23076923076923078;283;0.045936395759717315;658.1395348837209;0.5454545454545454;13.953488372093023;-11;-0.13999999999999996;-5;2;2;0.028350515463917526;0.18181818181818182;0.215;3.0;2;0;2;1;0;0;1;0;0.18181818181818182;0.6666666666666666;0.005154639175257732;5.5;1.0;0.0;0.0;0.0;0.0;0.0;0.0;0.0;0.0;0.0;0.0;0.0;0.0;0.0;0.0;0.0;0.0;0.0;0.0;1.0;1.0;1.0;0.0;1.0;1.0;1.0;1.0;0.0;0.0;0.0;0.0;0.0;0.0;0.0;0.0;0.0;0.0;0.0
2023-09-16;Hoffenheim;9;2;3;97;190;Colonia;4;3;13;18;5;7;0.43;0.57;341;0.7;14;15;4;2;0;1;4;0.0;0.0;0.0;0.0;1.0;0.0;0.0;0.0;1.0;0.0;0.0;13;0.03166666666666666;0.2857142857142857;239;0.058577405857740586;555.8139534883721;0.3076923076923077;9.30232558139535;-5;-0.13999999999999996;-9;1;-1;0.03812316715542522;0.23076923076923078;0.14333333333333334;1.3333333333333333;2;1;3;1;0;0;1;0;0.23076923076923078;0.6;0.008797653958944282;4.333333333333333;1.0;0.0;0.0;0.0;0.0;0.0;0.0;0.0;0.0;0.0;0.0;0.0;0.0;0.0;0.0;0.0;0.0;1.0;0.0;1.0;1.0;1.0;0.0;1.0;1.0;1.0;1.0;0.0;0.0;0.0;0.0;0.0;0.0;0.0;0.0;0.0;0.0;0.0
2023-09-02;Hoffenheim;9;2;0;97;175;Wolfsburg;2;2;10;13;5;7;0.39;0.61;338;0.76;12;15;2;2;0;0;3;0.0;0.0;0.0;0.0;0.0;0.0;0.0;0.0;1.0;1.0;0.0;3;0.04692307692307692;0.16666666666666666;257;0.04669260700389105;658.974358974359;0.3;7.692307692307692;-3;-0.21999999999999997;0;0;-3;0.029585798816568046;0.3;0.13;1.0;1;2;3;1;0;0;0;1;0.3;0.6;0.008875739644970414;3.3333333333333335;1.0;0.0;0.0;0.0;0.0;0.0;0.0;0.0;0.0;0.0;0.0;0.0;0.0;0.0;0.0;0.0;0.0;1.0;0.0;1.0;0.0;1.0;1.0;0.0;1.0;1.0;1.0;1.0;0.0;0.0;0.0;0.0;0.0;0.0;0.0;0.0;0.0;0.0
2023-08-26;Hoffenheim;9;6;1;97;142;Heidenheim;5;1;16;20;6;9;0.63;0.37;489;0.84;9;13;5;1;0;0;6;0.0;0.0;0.0;0.0;1.0;0.0;0.0;0.0;1.0;1.0;0.0;10;0.0185;0.5555555555555556;411;0.021897810218978103;652.3809523809524;0.375;9.523809523809524;-4;0.26;-4;4;-4;0.032719836400818;0.1875;0.21;2.0;0;3;3;1;0;0;1;0;0.1875;0.5;0.006134969325153374;5.333333333333333;1.0;1.0;0.0;0.0;0.0;0.0;0.0;0.0;0.0;0.0;0.0;0.0;0.0;0.0;0.0;0.0;0.0;1.0;0.0;1.0;1.0;0.0;1.0;0.0;1.0;1.0;0.0;0.0;0.0;0.0;0.0;0.0;0.0;0.0;0.0;0.0;0.0;0.0
2023-08-19;Hoffenheim;9;2;13;97;170;Friburgo;0;1;22;18;4;9;0.51;0.49;449;0.78;9;9;0;1;0;0;4;0.0;0.0;0.0;0.0;1.0;0.0;0.0;0.0;1.0;1.0;0.0;2;0.02722222222222222;0.0;350;0.025714285714285714;686.2745098039215;0.18181818181818182;7.8431372549019605;4;0.020000000000000018;2;-1;0;0.04899777282850779;0.045454545454545456;0.51;4.0;0;1;1;0;0;1;0;1;0.045454545454545456;0.25;0.0022271714922048997;22.0;1.0;0.0;0.0;0.0;0.0;0.0;0.0;0.0;0.0;0.0;0.0;0.0;0.0;0.0;0.0;0.0;0.0;1.0;0.0;1.0;1.0;0.0;1.0;0.0;0.0;1.0;0.0;1.0;1.0;0.0;0.0;0.0;0.0;0.0;0.0;0.0;0.0;0.0
2023-08-14;Hoffenheim;23;2;3;97;-1;VfB Lübeck;1;0;27;14;15;3;0.69;0.31;529;0.86;11;7;1;0;0;0;10;0.0;0.0;0.0;0.0;1.0;0.0;0.0;0.0;1.0;1.0;0.0;4;0.02214285714285714;0.09090909090909091;455;0.024175824175824177;659.4202898550725;0.37037037037037035;14.492753623188406;13;0.37999999999999995;6;1;4;0.05103969754253308;0.14814814814814814;0.1725;2.5;1;3;4;1;0;0;1;0;0.14814814814814814;0.26666666666666666;0.007561436672967864;6.75;1.0;0.0;0.0;0.0;0.0;0.0;0.0;0.0;0.0;0.0;0.0;0.0;0.0;0.0;0.0;0.0;0.0;1.0;0.0;1.0;1.0;0.0;0.0;0.0;1.0;1.0;1.0;0.0;1.0;0.0;0.0;0.0;0.0;0.0;0.0;0.0;0.0;0.0
2023-05-27;Hoffenheim;9;2;17;97;18;Stuttgart;0;0;8;23;2;4;0.42;0.58;418;0.77;10;12;0;0;0;0;2;0.0;0.0;0.0;1.0;0.0;0.0;0.0;0.0;1.0;0.0;0.0;9;0.025217391304347823;0.0;322;0.031055900621118012;766.6666666666667;0.25;4.761904761904762;-15;-0.15999999999999998;-7;0;-2;0.019138755980861243;0.125;0.42;2.0;0;1;1;0;1;0;1;0;0.125;0.5;0.0023923444976076554;8.0;1.0;0.0;0.0;0.0;0.0;0.0;0.0;1.0;0.0;0.0;0.0;0.0;0.0;0.0;0.0;0.0;0.0;0.0;0.0;1.0;1.0;0.0;1.0;0.0;0.0;1.0;0.0;0.0;0.0;1.0;1.0;1.0;0.0;0.0;0.0;0.0;0.0;0.0
2023-05-20;Hoffenheim;9;6;2;97;169;FC Union Berlin;4;5;10;18;5;3;0.42;0.58;384;0.75;15;15;4;5;0;0;1;0.0;0.0;0.0;0.0;0.0;0.0;0.0;0.0;1.0;0.0;0.0;5;0.03222222222222222;0.26666666666666666;288;0.052083333333333336;685.7142857142858;0.1;2.380952380952381;-8;-0.15999999999999998;-4;-1;0;0.026041666666666668;0.4;0.105;0.25;2;2;4;1;0;0;0;1;0.4;0.8;0.010416666666666666;2.5;1.0;1.0;1.0;0.0;0.0;0.0;0.0;1.0;0.0;0.0;0.0;0.0;0.0;0.0;0.0;0.0;0.0;0.0;0.0;1.0;1.0;0.0;1.0;0.0;0.0;1.0;0.0;0.0;0.0;0.0;1.0;1.0;0.0;0.0;0.0;0.0;0.0;0.0
2023-05-13;Hoffenheim;9;2;30;97;175;Wolfsburg;2;2;10;9;2;3;0.54;0.46;457;0.77;12;17;2;2;0;0;7;0.0;0.0;0.0;0.0;0.0;0.0;0.0;0.0;1.0;0.0;0.0;3;0.051111111111111114;0.16666666666666666;352;0.03409090909090909;651.8518518518518;0.7;12.962962962962962;1;0.08000000000000002;4;0;-5;0.02188183807439825;0.1;0.54;7.0;0;1;1;0;0;1;1;0;0.1;0.5;0.002188183807439825;10.0;1.0;1.0;0.0;0.0;0.0;0.0;0.0;0.0;0.0;0.0;0.0;0.0;0.0;0.0;0.0;0.0;0.0;0.0;0.0;1.0;1.0;0.0;1.0;0.0;0.0;1.0;0.0;0.0;0.0;1.0;1.0;1.0;1.0;0.0;0.0;0.0;0.0;0.0
2023-05-06;Hoffenheim;9;2;17;97;87;Frankfurt;3;4;8;19;4;7;0.31;0.69;251;0.72;17;14;2;4;1;0;1;0.0;0.0;0.0;1.0;0.0;0.0;0.0;0.0;1.0;0.0;0.0;11;0.03631578947368421;0.17647058823529413;181;0.09392265193370165;583.8709677419355;0.125;3.2258064516129035;-11;-0.37999999999999995;-10;-1;3;0.03187250996015936;0.375;0.10333333333333333;0.3333333333333333;3;0;3;1;0;0;0;1;0.375;0.75;0.01195219123505976;2.6666666666666665;1.0;0.0;1.0;0.0;0.0;0.0;0.0;0.0;0.0;0.0;0.0;0.0;0.0;0.0;0.0;0.0;0.0;0.0;0.0;1.0;1.0;0.0;1.0;0.0;0.0;1.0;0.0;0.0;0.0;0.0;1.0;1.0;1.0;0.0;0.0;0.0;0.0;0.0
2023-04-29;Hoffenheim;9;2;17;97;31;RB Leipzig;2;0;5;15;1;2;0.41;0.59;420;0.79;14;10;2;0;0;0;1;0.0;0.0;0.0;0.0;1.0;0.0;0.0;0.0;1.0;0.0;0.0;7;0.03933333333333333;0.14285714285714285;332;0.04216867469879518;809.7560975609756;0.2;2.4390243902439024;-10;-0.18;-6;2;4;0.011904761904761904;0.0;0.0;0.0;0;0;0;0;0;1;1;0;0.0;0.0;0.0;0.0;1.0;1.0;1.0;0.0;0.0;0.0;0.0;0.0;0.0;0.0;0.0;0.0;0.0;0.0;0.0;0.0;0.0;0.0;0.0;0.0;1.0;0.0;1.0;0.0;0.0;1.0;0.0;0.0;0.0;0.0;1.0;1.0;1.0;0.0;0.0;0.0;0.0;0.0
2023-04-22;Hoffenheim;9;2;3;97;190;Colonia;1;2;12;13;4;6;0.55;0.45;485;0.75;11;11;1;2;0;0;2;0.0;0.0;0.0;0.0;1.0;0.0;0.0;0.0;1.0;0.0;0.0;5;0.03461538461538462;0.09090909090909091;364;0.03021978021978022;661.8181818181818;0.16666666666666666;3.6363636363636362;-1;0.10000000000000003;-3;-1;0;0.024742268041237112;0.08333333333333333;0.55;2.0;0;1;1;0;0;1;0;1;0.08333333333333333;0.25;0.002061855670103093;12.0;1.0;1.0;1.0;0.0;0.0;0.0;0.0;1.0;0.0;0.0;0.0;0.0;0.0;0.0;0.0;0.0;0.0;0.0;0.0;0.0;0.0;0.0;1.0;0.0;0.0;1.0;1.0;0.0;0.0;0.0;1.0;1.0;0.0;0.0;0.0;0.0;0.0;0.0
2023-04-15;Hoffenheim;9;2;3;97;23;Bayern;1;2;4;22;1;8;0.34;0.66;337;0.75;10;7;1;2;0;0;4;0.0;0.0;0.0;0.0;1.0;0.0;0.0;0.0;1.0;0.0;0.0;13;0.030000000000000002;0.1;253;0.039525691699604744;744.1176470588234;1.0;11.76470588235294;-18;-0.32;-9;-1;3;0.011869436201780416;0.25;0.34;4.0;0;1;1;0;1;0;1;0;0.25;1.0;0.002967359050445104;4.0;1.0;1.0;1.0;0.0;0.0;0.0;0.0;0.0;0.0;0.0;0.0;0.0;0.0;0.0;0.0;0.0;0.0;0.0;0.0;0.0;1.0;0.0;1.0;0.0;0.0;1.0;0.0;0.0;1.0;0.0;1.0;1.0;0.0;0.0;0.0;0.0;0.0;0.0
2023-04-09;Hoffenheim;9;2;3;97;194;Schalke 04;3;0;15;11;4;3;0.44;0.56;303;0.65;14;13;3;0;0;0;9;0.0;0.0;0.0;0.0;1.0;0.0;0.0;0.0;1.0;0.0;0.0;8;0.05090909090909091;0.21428571428571427;197;0.07106598984771574;447.72727272727275;0.6;20.454545454545453;4;-0.12000000000000005;1;3;1;0.04950495049504951;0.13333333333333333;0.22;4.5;1;1;2;1;0;0;0;1;0.13333333333333333;0.5;0.006600660066006601;7.5;1.0;1.0;1.0;0.0;0.0;0.0;0.0;1.0;0.0;0.0;0.0;0.0;0.0;0.0;0.0;0.0;0.0;0.0;0.0;0.0;0.0;0.0;1.0;0.0;0.0;1.0;1.0;0.0;0.0;0.0;1.0;1.0;0.0;0.0;0.0;0.0;0.0;0.0
2023-04-02;Hoffenheim;9;2;17;97;171;Werder Bremen;4;3;8;12;2;4;0.42;0.58;395;0.73;16;12;4;3;0;0;6;0.0;0.0;0.0;0.0;1.0;0.0;0.0;0.0;1.0;0.0;0.0;1;0.04833333333333333;0.25;288;0.05555555555555555;685.7142857142858;0.75;14.285714285714286;-4;-0.15999999999999998;5;1;4;0.020253164556962026;0.25;0.21;3.0;0;2;2;1;0;0;1;0;0.25;1.0;0.005063291139240506;4.0;1.0;1.0;1.0;0.0;0.0;0.0;0.0;1.0;0.0;0.0;0.0;0.0;0.0;0.0;0.0;0.0;0.0;0.0;0.0;0.0;0.0;0.0;1.0;0.0;0.0;1.0;1.0;0.0;0.0;0.0;1.0;1.0;0.0;0.0;0.0;0.0;0.0;0.0
2023-03-18;Hoffenheim;9;6;2;97;184;Hertha Berlin;1;3;16;11;7;5;0.46;0.54;304;0.67;10;11;0;3;1;0;8;0.0;0.0;0.0;0.0;1.0;0.0;0.0;0.0;1.0;0.0;0.0;9;0.049090909090909095;0.1;204;0.049019607843137254;443.4782608695652;0.5;17.391304347826086;5;-0.08000000000000002;-1;-2;-1;0.05263157894736842;0.1875;0.15333333333333335;2.6666666666666665;2;1;3;1;0;0;0;1;0.1875;0.42857142857142855;0.009868421052631578;5.333333333333333;1.0;1.0;1.0;0.0;0.0;0.0;0.0;0.0;0.0;0.0;0.0;0.0;0.0;0.0;0.0;0.0;0.0;0.0;0.0;0.0;0.0;0.0;1.0;1.0;0.0;1.0;1.0;0.0;1.0;0.0;0.0;1.0;0.0;0.0;0.0;0.0;0.0;0.0
2023-03-12;Hoffenheim;9;2;1;97;170;Friburgo;4;2;12;9;1;3;0.4;0.6;322;0.68;25;11;3;2;1;0;2;0.0;0.0;0.0;0.0;1.0;0.0;0.0;0.0;0.0;0.0;0.0;2;0.06666666666666667;0.16;219;0.1141552511415525;547.5;0.16666666666666666;5.0;3;-0.19999999999999996;0;2;14;0.037267080745341616;0.08333333333333333;0.4;2.0;0;1;1;0;0;1;1;0;0.08333333333333333;1.0;0.003105590062111801;12.0;1.0;1.0;1.0;0.0;0.0;0.0;0.0;1.0;0.0;0.0;0.0;0.0;0.0;0.0;0.0;0.0;0.0;0.0;0.0;0.0;1.0;0.0;1.0;1.0;0.0;1.0;0.0;0.0;1.0;0.0;0.0;0.0;1.0;0.0;0.0;0.0;0.0;0.0
2023-03-04;Hoffenheim;9;17;17;97;174;Mainz 05;4;1;15;16;3;6;0.54;0.46;426;0.73;15;12;4;1;0;0;3;0.0;0.0;0.0;0.0;1.0;0.0;0.0;0.0;1.0;0.0;0.0;11;0.02875;0.26666666666666666;311;0.04823151125401929;575.9259259259259;0.2;5.555555555555555;-1;0.08000000000000002;-8;3;3;0.035211267605633804;0.0;0.0;0.0;0;0;0;0;0;1;1;0;0.0;0.0;0.0;0.0;1.0;1.0;1.0;0.0;0.0;0.0;0.0;0.0;0.0;0.0;0.0;0.0;0.0;0.0;0.0;0.0;0.0;0.0;0.0;0.0;1.0;0.0;0.0;0.0;0.0;0.0;1.0;0.0;0.0;0.0;1.0;1.0;0.0;1.0;1.0;0.0;0.0;0.0
2023-02-25;Hoffenheim;9;29;0;97;11;Dortmund;3;1;13;25;4;11;0.43;0.57;366;0.75;11;7;3;1;0;0;12;0.0;0.0;0.0;0.0;1.0;0.0;0.0;0.0;1.0;0.0;0.0;11;0.022799999999999997;0.2727272727272727;274;0.040145985401459854;637.2093023255815;0.9230769230769231;27.906976744186046;-12;-0.13999999999999996;1;2;4;0.03551912568306011;0.0;0.0;0.0;0;0;0;0;0;1;0;1;0.0;0.0;0.0;0.0;1.0;1.0;0.0;0.0;0.0;0.0;0.0;0.0;1.0;0.0;0.0;0.0;0.0;0.0;0.0;0.0;0.0;0.0;0.0;0.0;1.0;0.0;1.0;0.0;0.0;0.0;1.0;0.0;0.0;1.0;1.0;1.0;0.0;0.0;0.0;0.0;0.0;0.0
2023-02-17;Hoffenheim;9;29;1;97;173;Augsburgo;3;3;8;13;2;3;0.55;0.45;449;0.73;14;13;3;3;0;0;1;0.0;0.0;0.0;0.0;1.0;0.0;0.0;0.0;0.0;0.0;0.0;6;0.03461538461538462;0.21428571428571427;328;0.042682926829268296;596.3636363636363;0.125;1.8181818181818181;-5;0.10000000000000003;-5;0;1;0.017817371937639197;0.0;0.0;0.0;0;0;0;0;0;1;1;0;0.0;0.0;0.0;0.0;1.0;0.0;0.0;0.0;0.0;0.0;0.0;0.0;1.0;0.0;0.0;0.0;0.0;0.0;0.0;0.0;0.0;0.0;0.0;0.0;1.0;0.0;1.0;0.0;0.0;1.0;1.0;0.0;0.0;0.0;1.0;1.0;0.0;1.0;1.0;0.0;0.0;0.0
2023-02-11;Hoffenheim;9;17;6;97;6;Leverkusen;3;1;11;12;6;4;0.49;0.51;484;0.82;15;9;3;1;0;0;5;0.0;0.0;0.0;1.0;0.0;0.0;0.0;0.0;1.0;0.0;0.0;8;0.0425;0.2;397;0.037783375314861464;810.2040816326531;0.45454545454545453;10.204081632653061;-1;-0.020000000000000018;-3;2;6;0.022727272727272728;0.09090909090909091;0.49;5.0;0;1;1;0;0;1;0;1;0.09090909090909091;0.16666666666666666;0.002066115702479339;11.0;1.0;1.0;1.0;0.0;0.0;0.0;0.0;0.0;0.0;0.0;0.0;0.0;0.0;0.0;0.0;0.0;0.0;0.0;0.0;0.0;1.0;0.0;1.0;0.0;0.0;1.0;0.0;0.0;0.0;0.0;1.0;1.0;0.0;1.0;0.0;0.0;0.0;0.0
2023-02-04;Hoffenheim;9;29;3;97;178;Bochum;3;2;9;16;4;10;0.54;0.46;369;0.7;15;13;3;2;0;0;6;0.0;0.0;0.0;1.0;0.0;0.0;1.0;0.0;0.0;0.0;0.0;6;0.02875;0.2;258;0.05813953488372093;477.77777777777777;0.6666666666666666;11.11111111111111;-7;0.08000000000000002;0;1;2;0.024390243902439025;0.2222222222222222;0.27;3.0;0;2;2;0;0;1;1;0;0.2222222222222222;0.5;0.005420054200542005;4.5;1.0;0.0;1.0;0.0;0.0;0.0;0.0;0.0;0.0;0.0;0.0;0.0;0.0;0.0;0.0;0.0;0.0;0.0;0.0;0.0;1.0;0.0;1.0;0.0;0.0;1.0;0.0;0.0;0.0;0.0;1.0;1.0;0.0;1.0;1.0;0.0;0.0;0.0
2023-02-01;Hoffenheim;23;9;13;97;31;RB Leipzig;3;0;3;11;1;6;0.35;0.65;355;0.72;9;12;2;0;1;0;0;0.0;0.0;0.0;1.0;0.0;0.0;0.0;0.0;1.0;0.0;0.0;5;0.05909090909090909;0.3333333333333333;256;0.03515625;731.4285714285714;0.0;0.0;-8;-0.30000000000000004;-5;3;-3;0.008450704225352112;0.3333333333333333;0.35;0.0;0;1;1;0;0;1;1;0;0.3333333333333333;1.0;0.0028169014084507044;3.0;1.0;1.0;0.0;0.0;0.0;0.0;0.0;0.0;1.0;0.0;0.0;0.0;0.0;0.0;0.0;0.0;0.0;0.0;0.0;0.0;1.0;0.0;1.0;0.0;0.0;1.0;0.0;0.0;0.0;0.0;1.0;1.0;1.0;0.0;0.0;0.0;0.0;0.0
2023-01-28;Hoffenheim;9;29;3;97;172;Mönchengladbach;2;1;15;9;5;5;0.51;0.49;437;0.77;23;10;2;1;0;0;4;0.0;0.0;0.0;1.0;1.0;0.0;1.0;0.0;1.0;0.0;0.0;3;0.05444444444444444;0.08695652173913043;336;0.06845238095238096;658.8235294117646;0.26666666666666666;7.8431372549019605;6;0.020000000000000018;1;1;13;0.034324942791762014;0.06666666666666667;0.51;4.0;0;1;1;0;0;1;0;1;0.06666666666666667;0.2;0.002288329519450801;15.0;1.0;0.0;0.0;0.0;0.0;0.0;0.0;0.0;0.0;0.0;0.0;0.0;0.0;0.0;0.0;0.0;0.0;0.0;0.0;0.0;1.0;0.0;0.0;0.0;0.0;1.0;0.0;0.0;0.0;1.0;1.0;1.0;0.0;0.0;1.0;0.0;0.0;0.0
2023-01-24;Hoffenheim;9;17;0;97;18;Stuttgart;1;2;15;8;6;4;0.48;0.52;415;0.74;12;4;1;1;0;1;6;0.0;0.0;0.0;1.0;1.0;0.0;0.0;0.0;1.0;0.0;0.0;4;0.065;0.08333333333333333;307;0.03908794788273615;639.5833333333334;0.4;12.5;7;-0.040000000000000036;2;-1;8;0.03614457831325301;0.13333333333333333;0.24;3.0;1;1;2;0;1;0;0;1;0.13333333333333333;0.3333333333333333;0.004819277108433735;7.5;1.0;0.0;0.0;0.0;0.0;0.0;0.0;0.0;0.0;0.0;0.0;0.0;0.0;0.0;0.0;0.0;0.0;0.0;0.0;0.0;0.0;0.0;1.0;1.0;0.0;0.0;1.0;0.0;1.0;1.0;1.0;1.0;0.0;0.0;0.0;0.0;0.0;0.0
2023-01-21;Hoffenheim;9;17;2;97;169;FC Union Berlin;1;2;12;22;4;5;0.48;0.52;414;0.78;13;11;1;2;0;0;4;0.0;0.0;0.0;1.0;0.0;0.0;1.0;0.0;0.0;0.0;0.0;9;0.023636363636363636;0.07692307692307693;323;0.04024767801857585;672.9166666666667;0.3333333333333333;8.333333333333334;-10;-0.040000000000000036;-5;-1;2;0.028985507246376812;0.08333333333333333;0.48;4.0;1;0;1;0;0;1;1;0;0.08333333333333333;0.25;0.0024154589371980675;12.0;1.0;1.0;1.0;0.0;0.0;0.0;0.0;0.0;0.0;0.0;0.0;0.0;0.0;0.0;0.0;0.0;0.0;0.0;0.0;0.0;1.0;0.0;1.0;1.0;0.0;0.0;0.0;0.0;1.0;0.0;1.0;1.0;0.0;0.0;0.0;0.0;0.0;0.0
2022-11-12;Hoffenheim;9;29;5;97;175;Wolfsburg;0;3;22;6;8;3;0.61;0.39;472;0.79;15;11;0;3;0;0;7;0.0;0.0;0.0;0.0;0.0;0.0;0.0;0.0;1.0;0.0;0.0;1;0.065;0.0;373;0.040214477211796246;611.4754098360656;0.3181818181818182;11.475409836065573;16;0.21999999999999997;6;-3;4;0.046610169491525424;0.045454545454545456;0.61;7.0;1;0;1;0;0;1;0;1;0.045454545454545456;0.125;0.00211864406779661;22.0;1.0;1.0;1.0;0.0;0.0;0.0;0.0;0.0;0.0;0.0;0.0;0.0;0.0;0.0;0.0;0.0;0.0;0.0;0.0;0.0;1.0;0.0;0.0;1.0;0.0;0.0;1.0;0.0;1.0;0.0;1.0;1.0;0.0;0.0;0.0;1.0;0.0;0.0
2022-11-09;Hoffenheim;9;2;17;97;87;Frankfurt;3;0;12;14;3;7;0.48;0.52;475;0.78;22;9;3;0;0;0;5;0.0;0.0;0.0;0.0;1.0;0.0;0.0;0.0;1.0;0.0;0.0;4;0.037142857142857144;0.13636363636363635;370;0.05945945945945946;770.8333333333334;0.4166666666666667;10.416666666666668;-2;-0.040000000000000036;1;3;13;0.02526315789473684;0.16666666666666666;0.24;2.5;1;1;2;0;0;1;1;0;0.16666666666666666;0.6666666666666666;0.004210526315789474;6.0;1.0;0.0;1.0;0.0;0.0;0.0;0.0;0.0;0.0;0.0;0.0;0.0;0.0;0.0;0.0;0.0;0.0;0.0;0.0;0.0;1.0;0.0;0.0;0.0;0.0;0.0;1.0;0.0;0.0;0.0;1.0;1.0;0.0;0.0;0.0;1.0;1.0;1.0
2022-11-05;Hoffenheim;9;2;13;97;31;RB Leipzig;4;2;11;17;3;8;0.36;0.64;361;0.8;9;9;4;2;0;0;6;0.0;0.0;0.0;1.0;0.0;0.0;0.0;0.0;0.0;0.0;0.0;3;0.037647058823529415;0.4444444444444444;289;0.031141868512110725;802.7777777777778;0.5454545454545454;16.666666666666668;-6;-0.28;3;2;0;0.030470914127423823;0.09090909090909091;0.36;6.0;0;1;1;0;0;1;0;1;0.09090909090909091;0.3333333333333333;0.002770083102493075;11.0;1.0;1.0;1.0;0.0;0.0;0.0;0.0;0.0;0.0;0.0;0.0;0.0;0.0;0.0;0.0;1.0;0.0;0.0;0.0;1.0;0.0;0.0;0.0;1.0;0.0;0.0;1.0;0.0;0.0;0.0;1.0;1.0;0.0;0.0;0.0;1.0;0.0;0.0
2022-10-30;Hoffenheim;9;2;1;97;190;Colonia;1;1;5;11;1;3;0.65;0.35;577;0.81;10;11;0;1;1;0;4;0.0;0.0;0.0;1.0;0.0;0.0;0.0;0.0;0.0;0.0;0.0;5;0.031818181818181815;0.1;467;0.021413276231263382;718.4615384615385;0.8;6.153846153846153;-6;0.30000000000000004;-1;0;-1;0.008665511265164644;0.2;0.65;4.0;1;0;1;0;1;0;1;0;0.2;1.0;0.0017331022530329288;5.0;1.0;0.0;1.0;0.0;0.0;0.0;0.0;0.0;0.0;0.0;0.0;0.0;0.0;0.0;0.0;1.0;0.0;0.0;0.0;1.0;1.0;0.0;0.0;1.0;0.0;0.0;1.0;0.0;0.0;1.0;1.0;1.0;0.0;0.0;0.0;0.0;0.0;0.0
2022-10-22;Hoffenheim;9;2;3;97;23;Bayern;3;2;7;21;3;10;0.4;0.6;343;0.69;12;8;3;2;0;0;7;0.0;0.0;0.0;1.0;0.0;0.0;0.0;0.0;0.0;0.0;0.0;5;0.02857142857142857;0.25;237;0.05063291139240506;592.5;1.0;17.5;-14;-0.19999999999999996;2;1;4;0.02040816326530612;0.0;0.0;0.0;0;0;0;0;0;1;0;1;0.0;0.0;0.0;0.0;1.0;1.0;1.0;0.0;0.0;0.0;0.0;0.0;0.0;0.0;0.0;0.0;0.0;0.0;0.0;0.0;0.0;0.0;0.0;1.0;1.0;0.0;0.0;1.0;0.0;0.0;0.0;0.0;0.0;0.0;1.0;1.0;1.0;0.0;0.0;1.0;0.0;0.0
2022-10-18;Hoffenheim;23;2;29;97;194;Schalke 04;0;3;26;11;11;4;0.62;0.38;453;0.83;11;13;0;3;0;0;10;0.0;0.0;0.0;1.0;0.0;0.0;0.0;0.0;0.0;0.0;0.0;4;0.034545454545454546;0.0;376;0.02925531914893617;606.4516129032259;0.38461538461538464;16.129032258064516;15;0.24;6;-3;-2;0.05739514348785872;0.19230769230769232;0.124;2.0;3;2;5;1;0;0;0;1;0.19230769230769232;0.45454545454545453;0.011037527593818985;5.2;1.0;0.0;1.0;0.0;0.0;0.0;0.0;0.0;0.0;0.0;0.0;0.0;0.0;0.0;0.0;0.0;0.0;0.0;0.0;1.0;1.0;0.0;0.0;1.0;0.0;0.0;1.0;0.0;0.0;0.0;1.0;1.0;1.0;0.0;0.0;1.0;0.0;0.0
2022-10-14;Hoffenheim;9;2;5;97;194;Schalke 04;2;2;17;15;7;2;0.49;0.51;372;0.77;8;12;2;2;0;0;5;0.0;0.0;0.0;1.0;0.0;0.0;0.0;0.0;0.0;0.0;0.0;4;0.034;0.25;286;0.027972027972027972;583.6734693877551;0.29411764705882354;10.204081632653061;2;-0.020000000000000018;1;0;-4;0.0456989247311828;0.17647058823529413;0.16333333333333333;1.6666666666666667;2;1;3;1;0;0;1;0;0.17647058823529413;0.42857142857142855;0.008064516129032258;5.666666666666667;1.0;0.0;1.0;0.0;0.0;0.0;0.0;0.0;0.0;0.0;0.0;0.0;0.0;0.0;0.0;0.0;0.0;0.0;0.0;1.0;1.0;0.0;0.0;1.0;0.0;0.0;1.0;0.0;0.0;0.0;1.0;1.0;1.0;0.0;0.0;1.0;0.0;0.0
2022-10-07;Hoffenheim;9;2;2;97;171;Werder Bremen;3;3;17;8;6;3;0.45;0.55;355;0.78;12;19;3;3;0;0;3;0.0;0.0;0.0;1.0;0.0;0.0;0.0;0.0;1.0;0.0;0.0;3;0.06875;0.25;277;0.04332129963898917;615.5555555555555;0.17647058823529413;6.666666666666666;9;-0.10000000000000003;0;0;-7;0.04788732394366197;0.058823529411764705;0.45;3.0;1;0;1;0;0;1;0;1;0.058823529411764705;0.16666666666666666;0.0028169014084507044;17.0;1.0;0.0;1.0;0.0;0.0;0.0;0.0;0.0;0.0;0.0;0.0;0.0;0.0;0.0;0.0;0.0;0.0;0.0;0.0;1.0;1.0;0.0;0.0;1.0;0.0;0.0;1.0;0.0;0.0;0.0;1.0;1.0;1.0;0.0;0.0;0.0;0.0;0.0
2022-10-02;Hoffenheim;9;2;0;97;184;Hertha Berlin;1;2;16;14;4;5;0.58;0.42;472;0.79;15;5;1;2;0;0;6;0.0;0.0;0.0;1.0;1.0;0.0;0.0;0.0;1.0;0.0;0.0;2;0.03;0.06666666666666667;373;0.040214477211796246;643.1034482758621;0.375;10.344827586206897;2;0.15999999999999998;4;-1;10;0.03389830508474576;0.0625;0.58;6.0;1;0;1;0;1;0;1;0;0.0625;0.25;0.00211864406779661;16.0;1.0;0.0;1.0;0.0;0.0;0.0;0.0;0.0;0.0;0.0;0.0;0.0;0.0;0.0;0.0;0.0;0.0;0.0;0.0;1.0;1.0;0.0;0.0;0.0;0.0;0.0;1.0;0.0;0.0;0.0;1.0;1.0;1.0;0.0;0.0;0.0;0.0;0.0
