Fecha;Equipo_name;Torneo;Alineacion;Alineacion_contrincante;equipo;equipo_contrincante;equipo_contrincante_name;tarjetas;tarjetas_contrincante;Remates;Remates_contrincante;Remates al arco;Remates al arco_contrincante;Posesión;Posesión_contrincante;Pases;Precisión de los pases;Faltas;Faltas_contrincante;Tarjetas amarillas;Tarjetas amarillas_contrincante;Tarjetas rojas;Tarjetas rojas_contrincante;Tiros de esquina;Ederson Moraes-Manchester City;Rico Lewis-Manchester City;Rúben Dias-Manchester City;Joško Gvardiol-Manchester City;Nico O'Reilly-Manchester City;Mateo Kovačić-Manchester City;Nico González-Manchester City;James McAtee-Manchester City;İlkay Gündoğan-Manchester City;Omar Marmoush-Manchester City;Kevin De Bruyne-Manchester City;Tiros de esquina_concedidos;Posesión_contra_por_remate;tarjetas_por_falta;pases_completados;faltas_por_pases;pases_por_posesion;tirosEsquina_por_remate;tirosEsquina_por_posesion;diff_remates;diff_posesion;diff_Tiros de esquina;diff_tarjetas;diff_faltas;remates_por_pase;posesion_por_remate;posesion_por_gol;tirosEsquina_por_gol;goles_primera_mitad;goles_segunda_mitad;goles_totales;gano;empato;perdio;visitante;local;conversion_goles;conversion_arco;goles_por_pase;remates_al_arco_por_gol;Matheus Nunes-Manchester City;Bernardo Silva-Manchester City;Phil Foden-Manchester City;Savinho-Manchester City;Jack Grealish-Manchester City;Jérémy Doku-Manchester City;Abdukodir Khusanov-Manchester City;Erling Haaland-Manchester City;Stefan Ortega-Manchester City;Vitor Reis-Manchester City;Nathan Aké-Manchester City;John Stones-Manchester City;Manuel Akanji-Manchester City;Jahmai Simpson-Pusey-Manchester City;Divin Mubama-Manchester City;Kyle Walker-Manchester City;Kaden Braithwaite-Manchester City;Rodrigo Hernández Cascante-Manchester City;Oscar Bobb-Manchester City;Kalvin Phillips-Manchester City;Josh Wilson-Esbrand-Manchester City;Mahamadou Susoho-Manchester City;Callum Doyle-Manchester City;Máximo Perrone-Manchester City;Luke Mbete-Manchester City;Julián Álvarez-Manchester City;Sergio Gómez Martín-Manchester City;Micah Hamilton-Manchester City;Cole Palmer-Manchester City;Aymeric Laporte-Manchester City;Riyad Mahrez-Manchester City
2025-04-12;Manchester City;3;3;17;3;65;Crystal Palace;2;3;21;8;9;3;0.68;0.32;741;0.9;10;16;2;3;0;0;1;1.0;1.0;1.0;1.0;1.0;1.0;1.0;1.0;1.0;1.0;1.0;4;0.04;0.2;667;0.0149925037481259;980.8823529411764;0.0476190476190476;1.4705882352941175;13;0.36;-3;-1;-6;0.0283400809716599;0.238095238095238;0.136;0.2;2;3;5;1;0;0;0;1;0.238095238095238;0.5555555555555556;0.0067476383265856;4.2;0.0;0.0;0.0;0.0;0.0;0.0;0.0;0.0;0.0;0.0;0.0;0.0;0.0;0.0;0.0;0.0;0.0;0.0;0.0;0.0;0.0;0.0;0.0;0.0;0.0;0.0;0.0;0.0;0.0;0.0;0.0
2025-04-06;Manchester City;3;22;17;3;62;Manchester United;2;3;9;13;5;2;0.59;0.41;564;0.88;9;13;2;3;0;0;3;1.0;0.0;1.0;1.0;1.0;1.0;0.0;0.0;1.0;1.0;1.0;5;0.0315384615384615;0.2222222222222222;496;0.0181451612903225;840.677966101695;0.3333333333333333;5.084745762711865;-4;0.18;-2;-1;-4;0.0159574468085106;0.0;0.0;0.0;0;0;0;0;1;0;1;0;0.0;0.0;0.0;0.0;1.0;1.0;1.0;0.0;0.0;0.0;0.0;0.0;0.0;0.0;0.0;0.0;0.0;0.0;0.0;0.0;0.0;0.0;0.0;0.0;0.0;0.0;0.0;0.0;0.0;0.0;0.0;0.0;0.0;0.0;0.0
2025-04-02;Manchester City;3;3;17;3;63;Leicester City;1;4;18;2;5;0;0.72;0.28;784;0.93;11;8;1;4;0;0;5;1.0;0.0;1.0;1.0;1.0;0.0;1.0;0.0;1.0;1.0;0.0;0;0.14;0.0909090909090909;729;0.0150891632373113;1012.5;0.2777777777777778;6.944444444444445;16;0.4399999999999999;5;-3;3;0.0229591836734693;0.1111111111111111;0.36;2.5;2;0;2;1;0;0;0;1;0.1111111111111111;0.4;0.0025510204081632;9.0;1.0;0.0;0.0;1.0;1.0;1.0;0.0;0.0;0.0;0.0;0.0;0.0;0.0;0.0;0.0;0.0;0.0;0.0;0.0;0.0;0.0;0.0;0.0;0.0;0.0;0.0;0.0;0.0;0.0;0.0;0.0
2025-03-30;Manchester City;15;0;3;3;59;Bournemouth;3;3;17;5;7;2;0.64;0.36;516;0.81;12;14;3;3;0;0;4;1.0;0.0;1.0;1.0;0.0;1.0;0.0;0.0;1.0;0.0;1.0;2;0.072;0.25;418;0.0287081339712918;653.125;0.2352941176470588;6.25;12;0.28;2;0;-2;0.0329457364341085;0.1176470588235294;0.32;2.0;0;2;2;1;0;0;1;0;0.1176470588235294;0.2857142857142857;0.003875968992248;8.5;1.0;1.0;1.0;0.0;0.0;0.0;1.0;1.0;0.0;0.0;0.0;0.0;0.0;0.0;0.0;0.0;0.0;0.0;0.0;0.0;0.0;0.0;0.0;0.0;0.0;0.0;0.0;0.0;0.0;0.0;0.0
2025-03-15;Manchester City;3;3;3;3;54;Brighton;2;5;11;15;3;3;0.61;0.39;502;0.83;10;10;2;5;0;0;4;0.0;1.0;1.0;1.0;0.0;0.0;1.0;0.0;1.0;1.0;0.0;5;0.026;0.2;417;0.0239808153477218;683.6065573770492;0.3636363636363636;6.557377049180328;-4;0.2199999999999999;-1;-3;0;0.0219123505976095;0.1818181818181818;0.305;2.0;2;0;2;0;1;0;0;1;0.1818181818181818;0.6666666666666666;0.0039840637450199;5.5;0.0;0.0;0.0;1.0;0.0;1.0;1.0;1.0;1.0;0.0;0.0;0.0;0.0;0.0;0.0;0.0;0.0;0.0;0.0;0.0;0.0;0.0;0.0;0.0;0.0;0.0;0.0;0.0;0.0;0.0;0.0
2025-03-08;Manchester City;3;7;3;3;55;Nottingham Forest;2;3;14;9;3;4;0.7;0.3;609;0.89;7;9;2;3;0;0;2;1.0;0.0;1.0;1.0;0.0;0.0;1.0;0.0;0.0;0.0;0.0;3;0.0333333333333333;0.2857142857142857;542;0.0129151291512915;774.2857142857143;0.1428571428571428;2.857142857142857;5;0.3999999999999999;-1;-1;-2;0.0229885057471264;0.0;0.0;0.0;0;0;0;0;0;1;1;0;0.0;0.0;0.0;0.0;1.0;1.0;1.0;1.0;0.0;1.0;1.0;1.0;0.0;0.0;0.0;0.0;0.0;0.0;0.0;0.0;0.0;0.0;0.0;0.0;0.0;0.0;0.0;0.0;0.0;0.0;0.0;0.0;0.0;0.0;0.0
2025-03-01;Manchester City;15;7;9;3;836;Plymouth Argyle;0;0;29;1;9;1;0.73;0.27;679;0.89;5;7;0;0;0;0;20;0.0;1.0;0.0;0.0;1.0;0.0;0.0;1.0;1.0;0.0;1.0;1;0.27;0.0;604;0.0082781456953642;827.3972602739726;0.6896551724137931;27.3972602739726;28;0.4599999999999999;19;0;-2;0.0427098674521354;0.1034482758620689;0.2433333333333333;6.666666666666667;1;2;3;1;0;0;0;1;0.1034482758620689;0.3333333333333333;0.0044182621502209;9.666666666666666;0.0;1.0;1.0;0.0;1.0;0.0;0.0;0.0;1.0;1.0;1.0;0.0;0.0;0.0;0.0;0.0;0.0;0.0;0.0;0.0;0.0;0.0;0.0;0.0;0.0;0.0;0.0;0.0;0.0;0.0;0.0
2025-02-26;Manchester City;3;3;0;3;56;Tottenham;0;3;12;11;5;6;0.44;0.56;416;0.87;15;12;0;3;0;0;3;1.0;0.0;1.0;1.0;0.0;1.0;1.0;0.0;0.0;1.0;0.0;8;0.0509090909090909;0.0;362;0.0414364640883977;822.7272727272727;0.25;6.818181818181818;1;-0.12;-5;-3;3;0.0288461538461538;0.0833333333333333;0.44;3.0;1;0;1;1;0;0;1;0;0.0833333333333333;0.2;0.0024038461538461;12.0;1.0;0.0;0.0;1.0;0.0;1.0;1.0;1.0;0.0;0.0;0.0;0.0;0.0;0.0;0.0;0.0;0.0;0.0;0.0;0.0;0.0;0.0;0.0;0.0;0.0;0.0;0.0;0.0;0.0;0.0;0.0
2025-02-23;Manchester City;3;7;13;3;2;Liverpool;0;0;16;8;5;4;0.67;0.33;659;0.91;3;10;0;0;0;0;7;1.0;1.0;0.0;1.0;0.0;0.0;1.0;0.0;0.0;1.0;1.0;5;0.04125;0.0;600;0.005;895.5223880597015;0.4375;10.44776119402985;8;0.34;2;0;-7;0.0242792109256449;0.0;0.0;0.0;0;0;0;0;0;1;0;1;0.0;0.0;0.0;0.0;0.0;0.0;1.0;1.0;0.0;1.0;1.0;0.0;0.0;0.0;1.0;0.0;0.0;0.0;0.0;0.0;0.0;0.0;0.0;0.0;0.0;0.0;0.0;0.0;0.0;0.0;0.0;0.0;0.0;0.0;0.0
2025-02-19;Manchester City;0;22;1;3;12;Real Madrid;2;1;12;15;4;8;0.52;0.48;528;0.9;9;9;2;1;0;0;5;1.0;0.0;1.0;1.0;0.0;0.0;1.0;0.0;1.0;1.0;0.0;7;0.032;0.2222222222222222;475;0.0189473684210526;913.4615384615385;0.4166666666666667;9.615384615384617;-3;0.04;-2;1;0;0.0227272727272727;0.0833333333333333;0.52;5.0;0;1;1;0;0;1;1;0;0.0833333333333333;0.25;0.0018939393939393;12.0;0.0;1.0;1.0;1.0;0.0;0.0;1.0;0.0;0.0;0.0;0.0;1.0;0.0;0.0;0.0;0.0;0.0;0.0;0.0;0.0;0.0;0.0;0.0;0.0;0.0;0.0;0.0;0.0;0.0;0.0;0.0
2025-02-15;Manchester City;3;3;0;3;60;Newcastle;0;1;11;3;7;1;0.62;0.38;590;0.92;5;13;0;1;0;0;7;1.0;1.0;0.0;1.0;0.0;0.0;1.0;0.0;1.0;1.0;0.0;4;0.1266666666666666;0.0;543;0.009208103130755;875.8064516129033;0.6363636363636364;11.290322580645162;8;0.24;3;-1;-8;0.0186440677966101;0.3636363636363636;0.155;1.75;3;1;4;1;0;0;0;1;0.3636363636363636;0.5714285714285714;0.0067796610169491;2.75;0.0;0.0;1.0;1.0;0.0;0.0;1.0;1.0;0.0;0.0;0.0;1.0;0.0;0.0;0.0;0.0;0.0;0.0;0.0;0.0;0.0;0.0;0.0;0.0;0.0;0.0;0.0;0.0;0.0;0.0;0.0
2025-02-11;Manchester City;0;7;1;3;12;Real Madrid;0;0;11;20;4;8;0.55;0.45;497;0.9;9;6;0;0;0;0;6;1.0;0.0;1.0;1.0;0.0;0.0;0.0;0.0;0.0;0.0;1.0;5;0.0225;0.0;447;0.0201342281879194;812.7272727272726;0.5454545454545454;10.909090909090908;-9;0.1;1;0;3;0.0221327967806841;0.1818181818181818;0.275;3.0;1;1;2;0;0;1;0;1;0.1818181818181818;0.5;0.0040241448692152;5.5;0.0;1.0;0.0;1.0;1.0;0.0;0.0;1.0;0.0;0.0;1.0;1.0;1.0;0.0;0.0;0.0;0.0;0.0;0.0;0.0;0.0;0.0;0.0;0.0;0.0;0.0;0.0;0.0;0.0;0.0;0.0
2025-02-08;Manchester City;15;3;3;3;262;Leyton Orient F.C.;1;2;24;13;10;3;0.74;0.26;580;0.88;5;10;1;2;0;0;10;0.0;1.0;1.0;0.0;1.0;0.0;1.0;1.0;1.0;1.0;0.0;2;0.02;0.2;510;0.0098039215686274;689.1891891891892;0.4166666666666667;13.513513513513514;11;0.48;8;-1;-5;0.0413793103448275;0.0833333333333333;0.37;5.0;0;2;2;1;0;0;1;0;0.0833333333333333;0.2;0.0034482758620689;12.0;0.0;0.0;0.0;1.0;1.0;0.0;0.0;0.0;1.0;1.0;0.0;0.0;0.0;0.0;0.0;0.0;0.0;0.0;0.0;0.0;0.0;0.0;0.0;0.0;0.0;0.0;0.0;0.0;0.0;0.0;0.0
2025-02-02;Manchester City;3;3;0;3;9;Arsenal;0;2;7;12;4;7;0.55;0.45;474;0.89;7;6;0;2;0;0;2;0.0;0.0;0.0;1.0;0.0;1.0;0.0;0.0;0.0;1.0;0.0;5;0.0375;0.0;422;0.0165876777251184;767.2727272727273;0.2857142857142857;3.636363636363636;-5;0.1;-3;-2;1;0.0147679324894514;0.1428571428571428;0.55;2.0;0;1;1;0;0;1;1;0;0.1428571428571428;0.25;0.0021097046413502;7.0;1.0;1.0;1.0;1.0;0.0;0.0;0.0;1.0;1.0;0.0;0.0;1.0;1.0;0.0;0.0;0.0;0.0;0.0;0.0;0.0;0.0;0.0;0.0;0.0;0.0;0.0;0.0;0.0;0.0;0.0;0.0
2025-01-29;Manchester City;0;3;3;3;26;Club Brujas;0;0;17;12;6;5;0.74;0.26;815;0.95;2;3;0;0;0;0;5;1.0;0.0;0.0;1.0;0.0;1.0;0.0;0.0;1.0;0.0;1.0;1;0.0216666666666666;0.0;774;0.0025839793281653;1045.945945945946;0.2941176470588235;6.756756756756757;5;0.48;4;0;-1;0.0208588957055214;0.1764705882352941;0.2466666666666666;1.6666666666666667;0;3;3;1;0;0;0;1;0.1764705882352941;0.5;0.003680981595092;5.666666666666667;1.0;1.0;1.0;0.0;0.0;0.0;0.0;1.0;0.0;0.0;0.0;1.0;1.0;0.0;0.0;0.0;0.0;0.0;0.0;0.0;0.0;0.0;0.0;0.0;0.0;0.0;0.0;0.0;0.0;0.0;0.0
2025-01-22;Manchester City;0;3;0;3;19;PSG;1;1;9;26;6;9;0.36;0.64;356;0.82;10;10;1;1;0;0;6;1.0;0.0;1.0;1.0;0.0;1.0;0.0;0.0;0.0;0.0;1.0;11;0.0246153846153846;0.1;292;0.0342465753424657;811.1111111111111;0.6666666666666666;16.666666666666668;-17;-0.28;-5;0;0;0.0252808988764044;0.2222222222222222;0.18;3.0;0;2;2;0;0;1;1;0;0.2222222222222222;0.3333333333333333;0.0056179775280898;4.5;1.0;1.0;1.0;1.0;0.0;0.0;0.0;1.0;0.0;0.0;0.0;0.0;1.0;0.0;0.0;0.0;0.0;0.0;0.0;0.0;0.0;0.0;0.0;0.0;0.0;0.0;0.0;0.0;0.0;0.0;0.0
2025-01-19;Manchester City;3;3;9;3;66;Ipswich;1;0;17;8;9;4;0.68;0.32;747;0.91;7;4;1;0;0;0;7;1.0;0.0;1.0;1.0;0.0;1.0;0.0;0.0;1.0;0.0;1.0;4;0.04;0.1428571428571428;680;0.0102941176470588;1000.0;0.4117647058823529;10.294117647058822;9;0.36;3;1;3;0.0227576974564926;0.3529411764705882;0.1133333333333333;1.1666666666666667;3;3;6;1;0;0;1;0;0.3529411764705882;0.6666666666666666;0.0080321285140562;2.833333333333333;1.0;0.0;1.0;0.0;0.0;1.0;0.0;1.0;0.0;0.0;0.0;0.0;1.0;0.0;0.0;0.0;0.0;0.0;0.0;0.0;0.0;0.0;0.0;0.0;0.0;0.0;0.0;0.0;0.0;0.0;0.0
2025-01-14;Manchester City;3;3;0;3;57;Brentford;0;0;21;18;8;6;0.56;0.44;519;0.86;4;4;0;0;0;0;5;0.0;0.0;0.0;1.0;0.0;1.0;0.0;0.0;0.0;0.0;1.0;4;0.0244444444444444;0.0;446;0.0089686098654708;796.4285714285713;0.238095238095238;8.928571428571427;3;0.12;1;0;0;0.0404624277456647;0.0952380952380952;0.28;2.5;0;2;2;0;1;0;1;0;0.0952380952380952;0.25;0.0038535645472061;10.5;1.0;1.0;1.0;1.0;0.0;0.0;0.0;1.0;1.0;0.0;1.0;0.0;1.0;0.0;0.0;0.0;0.0;0.0;0.0;0.0;0.0;0.0;0.0;0.0;0.0;0.0;0.0;0.0;0.0;0.0;0.0
2025-01-11;Manchester City;15;17;30;3;-1;Salford;0;2;20;10;10;2;0.69;0.31;517;0.88;7;11;0;2;0;0;6;1.0;0.0;0.0;0.0;1.0;0.0;0.0;1.0;1.0;0.0;0.0;2;0.031;0.0;455;0.0153846153846153;659.4202898550725;0.3;8.695652173913045;10;0.3799999999999999;4;-2;-4;0.0386847195357833;0.4;0.08625;0.75;3;5;8;1;0;0;0;1;0.4;0.8;0.0154738878143133;2.5;1.0;0.0;0.0;1.0;1.0;1.0;0.0;0.0;0.0;0.0;1.0;0.0;0.0;1.0;1.0;0.0;0.0;0.0;0.0;0.0;0.0;0.0;0.0;0.0;0.0;0.0;0.0;0.0;0.0;0.0;0.0
2025-01-04;Manchester City;3;7;3;3;61;West Ham;2;1;10;17;7;4;0.56;0.44;556;0.89;8;13;2;1;0;0;7;0.0;1.0;0.0;1.0;0.0;1.0;0.0;0.0;0.0;0.0;1.0;1;0.0258823529411764;0.25;495;0.0161616161616161;883.9285714285713;0.7;12.499999999999998;-7;0.12;6;1;-5;0.0179856115107913;0.4;0.14;1.75;2;2;4;1;0;0;0;1;0.4;0.5714285714285714;0.0071942446043165;2.5;0.0;1.0;1.0;1.0;0.0;0.0;0.0;1.0;1.0;0.0;1.0;0.0;1.0;0.0;0.0;0.0;0.0;0.0;0.0;0.0;0.0;0.0;0.0;0.0;0.0;0.0;0.0;0.0;0.0;0.0;0.0
2024-12-29;Manchester City;3;7;3;3;63;Leicester City;1;2;14;11;5;4;0.46;0.54;505;0.91;6;11;1;2;0;0;4;0.0;1.0;0.0;1.0;0.0;1.0;0.0;0.0;0.0;0.0;1.0;4;0.049090909090909;0.1666666666666666;460;0.0130434782608695;1000.0;0.2857142857142857;8.695652173913043;3;-0.08;0;-1;-5;0.0277227722772277;0.1428571428571428;0.23;2.0;1;1;2;1;0;0;1;0;0.1428571428571428;0.4;0.0039603960396039;7.0;0.0;1.0;1.0;1.0;0.0;0.0;0.0;1.0;1.0;0.0;1.0;0.0;1.0;0.0;0.0;0.0;0.0;0.0;0.0;0.0;0.0;0.0;0.0;0.0;0.0;0.0;0.0;0.0;0.0;0.0;0.0
2024-12-26;Manchester City;3;7;0;3;64;Everton;1;4;24;8;5;3;0.67;0.33;645;0.9;5;10;1;4;0;0;8;0.0;1.0;0.0;1.0;0.0;1.0;0.0;0.0;0.0;0.0;0.0;5;0.04125;0.2;580;0.0086206896551724;865.6716417910447;0.3333333333333333;11.940298507462686;16;0.34;3;-3;-5;0.0372093023255813;0.0416666666666666;0.67;8.0;1;0;1;0;1;0;0;1;0.0416666666666666;0.2;0.0015503875968992;24.0;0.0;1.0;1.0;1.0;0.0;1.0;0.0;1.0;1.0;0.0;1.0;0.0;1.0;0.0;0.0;0.0;0.0;0.0;0.0;0.0;0.0;0.0;0.0;0.0;0.0;0.0;0.0;0.0;0.0;0.0;0.0
2024-12-21;Manchester City;3;3;3;3;1;Aston Villa;3;3;12;11;6;6;0.57;0.43;537;0.92;7;14;3;3;0;0;4;0.0;1.0;0.0;1.0;0.0;1.0;0.0;0.0;1.0;0.0;0.0;5;0.039090909090909;0.4285714285714285;494;0.0141700404858299;866.6666666666667;0.3333333333333333;7.017543859649123;1;0.1399999999999999;-1;0;-7;0.0223463687150838;0.0833333333333333;0.57;4.0;0;1;1;0;0;1;1;0;0.0833333333333333;0.1666666666666666;0.0018621973929236;12.0;0.0;1.0;1.0;0.0;1.0;0.0;0.0;1.0;1.0;0.0;0.0;1.0;1.0;0.0;0.0;0.0;0.0;0.0;0.0;0.0;0.0;0.0;0.0;0.0;0.0;0.0;0.0;0.0;0.0;0.0;0.0
2024-12-15;Manchester City;3;7;6;3;62;Manchester United;1;1;10;10;3;3;0.52;0.48;498;0.86;5;14;1;1;0;0;8;1.0;0.0;1.0;1.0;0.0;0.0;0.0;0.0;1.0;0.0;1.0;2;0.048;0.2;428;0.0116822429906542;823.0769230769231;0.8;15.384615384615383;0;0.04;6;0;-9;0.0200803212851405;0.1;0.52;8.0;1;0;1;0;0;1;0;1;0.1;0.3333333333333333;0.002008032128514;10.0;1.0;1.0;1.0;0.0;0.0;1.0;0.0;1.0;0.0;0.0;0.0;0.0;0.0;0.0;0.0;1.0;0.0;0.0;0.0;0.0;0.0;0.0;0.0;0.0;0.0;0.0;0.0;0.0;0.0;0.0;0.0
2024-12-11;Manchester City;0;3;3;3;14;Juventus;2;1;12;10;3;5;0.69;0.31;699;0.93;7;8;2;1;0;0;6;1.0;1.0;1.0;1.0;0.0;0.0;0.0;0.0;1.0;0.0;1.0;2;0.031;0.2857142857142857;650;0.0107692307692307;942.0289855072464;0.5;8.695652173913045;2;0.3799999999999999;4;1;-1;0.0171673819742489;0.0;0.0;0.0;0;0;0;0;0;1;1;0;0.0;0.0;0.0;0.0;0.0;1.0;0.0;0.0;1.0;1.0;0.0;1.0;0.0;0.0;0.0;0.0;0.0;0.0;0.0;1.0;0.0;0.0;0.0;0.0;0.0;0.0;0.0;0.0;0.0;0.0;0.0;0.0;0.0;0.0;0.0
2024-12-07;Manchester City;3;3;17;3;65;Crystal Palace;1;1;12;12;4;3;0.69;0.31;719;0.88;10;4;0;1;1;0;8;0.0;1.0;1.0;1.0;0.0;0.0;0.0;0.0;1.0;0.0;1.0;6;0.0258333333333333;0.1;633;0.0157977883096366;917.391304347826;0.6666666666666666;11.594202898550726;0;0.3799999999999999;2;0;6;0.0166898470097357;0.1666666666666666;0.345;4.0;1;1;2;0;1;0;1;0;0.1666666666666666;0.5;0.0027816411682892;6.0;1.0;1.0;0.0;1.0;0.0;0.0;0.0;1.0;1.0;0.0;0.0;0.0;0.0;0.0;0.0;1.0;0.0;0.0;0.0;0.0;0.0;0.0;0.0;0.0;0.0;0.0;0.0;0.0;0.0;0.0;0.0
2024-12-04;Manchester City;3;3;3;3;55;Nottingham Forest;2;4;17;12;7;3;0.67;0.33;583;0.89;7;15;2;4;0;0;8;0.0;0.0;1.0;1.0;0.0;0.0;0.0;0.0;1.0;0.0;1.0;2;0.0275;0.2857142857142857;519;0.0134874759152215;774.6268656716418;0.4705882352941176;11.940298507462686;5;0.34;6;-2;-8;0.0291595197255574;0.1764705882352941;0.2233333333333333;2.6666666666666665;2;1;3;1;0;0;0;1;0.1764705882352941;0.4285714285714285;0.0051457975986277;5.666666666666667;0.0;1.0;0.0;0.0;1.0;1.0;0.0;1.0;1.0;0.0;1.0;0.0;1.0;0.0;0.0;0.0;0.0;0.0;0.0;0.0;0.0;0.0;0.0;0.0;0.0;0.0;0.0;0.0;0.0;0.0;0.0
2024-12-01;Manchester City;3;3;3;3;2;Liverpool;3;1;8;18;2;7;0.57;0.43;544;0.88;8;9;3;1;0;0;4;0.0;1.0;1.0;0.0;0.0;0.0;0.0;0.0;1.0;0.0;0.0;7;0.0238888888888888;0.375;479;0.0167014613778705;840.3508771929826;0.5;7.017543859649123;-10;0.1399999999999999;-3;2;-1;0.0147058823529411;0.0;0.0;0.0;0;0;0;0;0;1;1;0;0.0;0.0;0.0;0.0;1.0;1.0;1.0;0.0;0.0;0.0;0.0;1.0;1.0;0.0;1.0;0.0;1.0;0.0;0.0;1.0;0.0;0.0;0.0;0.0;0.0;0.0;0.0;0.0;0.0;0.0;0.0;0.0;0.0;0.0;0.0
2024-11-26;Manchester City;0;3;0;3;16;Feyenoord;1;1;18;10;9;5;0.64;0.36;630;0.89;7;13;1;1;0;0;10;1.0;1.0;0.0;1.0;0.0;0.0;0.0;0.0;1.0;0.0;0.0;2;0.036;0.1428571428571428;561;0.0124777183600713;876.5625;0.5555555555555556;15.625;8;0.28;8;0;-6;0.0285714285714285;0.1666666666666666;0.2133333333333333;3.333333333333333;1;2;3;0;1;0;0;1;0.1666666666666666;0.3333333333333333;0.0047619047619047;6.0;1.0;1.0;1.0;0.0;1.0;0.0;0.0;1.0;0.0;0.0;1.0;0.0;1.0;0.0;0.0;0.0;0.0;0.0;0.0;0.0;0.0;0.0;0.0;0.0;0.0;0.0;0.0;0.0;0.0;0.0;0.0
2024-11-23;Manchester City;3;0;0;3;56;Tottenham;4;2;23;9;5;7;0.58;0.42;566;0.92;19;9;4;2;0;0;9;1.0;1.0;0.0;1.0;0.0;0.0;0.0;0.0;1.0;0.0;0.0;3;0.0466666666666666;0.2105263157894736;521;0.036468330134357;898.2758620689656;0.391304347826087;15.517241379310343;14;0.1599999999999999;6;2;10;0.0406360424028268;0.0;0.0;0.0;0;0;0;0;0;1;0;1;0.0;0.0;0.0;0.0;0.0;1.0;1.0;1.0;0.0;0.0;0.0;1.0;0.0;0.0;0.0;1.0;1.0;0.0;0.0;1.0;0.0;0.0;0.0;0.0;0.0;0.0;0.0;0.0;0.0;0.0;0.0;0.0;0.0;0.0;0.0
2024-11-09;Manchester City;3;7;1;3;54;Brighton;3;3;15;10;6;4;0.61;0.39;653;0.89;10;12;3;3;0;0;4;1.0;1.0;0.0;1.0;0.0;1.0;0.0;0.0;1.0;0.0;0.0;0;0.039;0.3;581;0.0172117039586919;952.4590163934428;0.2666666666666666;6.557377049180328;5;0.2199999999999999;4;0;-2;0.0229709035222052;0.0666666666666666;0.61;4.0;1;0;1;0;0;1;1;0;0.0666666666666666;0.1666666666666666;0.001531393568147;15.0;1.0;0.0;1.0;1.0;0.0;0.0;0.0;1.0;0.0;0.0;0.0;0.0;0.0;1.0;0.0;1.0;0.0;0.0;0.0;0.0;0.0;0.0;0.0;0.0;0.0;0.0;0.0;0.0;0.0;0.0;0.0
2024-11-05;Manchester City;0;7;17;3;8;Sporting Lisboa;3;3;20;9;6;6;0.73;0.27;597;0.93;10;8;3;3;0;0;11;1.0;1.0;0.0;1.0;0.0;1.0;0.0;0.0;0.0;0.0;0.0;1;0.03;0.3;555;0.018018018018018;760.2739726027397;0.55;15.068493150684931;11;0.4599999999999999;10;0;2;0.033500837520938;0.05;0.73;11.0;1;0;1;0;0;1;1;0;0.05;0.1666666666666666;0.0016750418760469;20.0;1.0;1.0;1.0;1.0;0.0;0.0;0.0;1.0;0.0;0.0;0.0;0.0;1.0;1.0;0.0;0.0;0.0;0.0;0.0;0.0;0.0;0.0;0.0;0.0;0.0;0.0;0.0;0.0;0.0;0.0;0.0
2024-11-02;Manchester City;3;7;3;3;59;Bournemouth;1;2;18;12;4;6;0.65;0.35;600;0.9;6;11;1;2;0;0;10;1.0;0.0;0.0;1.0;0.0;1.0;0.0;0.0;1.0;0.0;0.0;3;0.0291666666666666;0.1666666666666666;540;0.0111111111111111;830.7692307692307;0.5555555555555556;15.384615384615383;6;0.3;7;-1;-5;0.03;0.0555555555555555;0.65;10.0;0;1;1;0;0;1;1;0;0.0555555555555555;0.25;0.0016666666666666;18.0;1.0;1.0;1.0;0.0;0.0;0.0;0.0;1.0;0.0;0.0;1.0;0.0;1.0;0.0;0.0;1.0;0.0;0.0;0.0;0.0;0.0;0.0;0.0;0.0;0.0;0.0;0.0;0.0;0.0;0.0;0.0
2024-10-30;Manchester City;14;7;0;3;56;Tottenham;0;3;15;11;3;7;0.69;0.31;637;0.9;6;17;0;3;0;0;4;0.0;1.0;1.0;0.0;1.0;0.0;0.0;1.0;1.0;0.0;0.0;4;0.0281818181818181;0.0;573;0.0104712041884816;830.4347826086957;0.2666666666666666;5.797101449275363;4;0.3799999999999999;0;-3;-11;0.0235478806907378;0.0666666666666666;0.69;4.0;1;0;1;0;0;1;1;0;0.0666666666666666;0.3333333333333333;0.0015698587127158;15.0;1.0;0.0;1.0;1.0;0.0;0.0;0.0;0.0;1.0;0.0;1.0;1.0;0.0;0.0;0.0;0.0;0.0;0.0;0.0;0.0;0.0;0.0;0.0;0.0;0.0;0.0;0.0;0.0;0.0;0.0;0.0
2024-10-26;Manchester City;3;7;9;3;68;Southampton;1;3;22;5;8;2;0.57;0.43;616;0.92;9;9;1;3;0;0;12;1.0;1.0;1.0;1.0;0.0;1.0;0.0;0.0;0.0;0.0;0.0;1;0.086;0.1111111111111111;567;0.0158730158730158;994.7368421052632;0.5454545454545454;21.05263157894737;17;0.1399999999999999;11;-2;0;0.0357142857142857;0.0454545454545454;0.57;12.0;1;0;1;1;0;0;0;1;0.0454545454545454;0.125;0.0016233766233766;22.0;1.0;1.0;1.0;1.0;0.0;0.0;0.0;1.0;0.0;0.0;0.0;0.0;1.0;0.0;0.0;0.0;0.0;0.0;0.0;0.0;0.0;0.0;0.0;0.0;0.0;0.0;0.0;0.0;0.0;0.0;0.0
2024-10-23;Manchester City;0;7;6;3;21;Sparta Praha;1;1;22;5;10;1;0.8;0.2;767;0.93;5;4;1;1;0;0;7;0.0;1.0;0.0;0.0;0.0;0.0;0.0;0.0;1.0;0.0;0.0;1;0.04;0.2;713;0.0070126227208976;891.25;0.3181818181818182;8.75;17;0.6000000000000001;6;0;1;0.0286831812255541;0.2272727272727272;0.16;1.4;1;4;5;1;0;0;0;1;0.2272727272727272;0.5;0.0065189048239895;4.4;1.0;1.0;1.0;1.0;0.0;0.0;0.0;1.0;1.0;0.0;1.0;1.0;1.0;0.0;0.0;0.0;0.0;0.0;0.0;0.0;0.0;0.0;0.0;0.0;0.0;0.0;0.0;0.0;0.0;0.0;0.0
2024-10-20;Manchester City;3;7;2;3;67;Wolves;1;4;22;3;7;2;0.78;0.22;731;0.89;5;8;1;4;0;0;18;1.0;1.0;1.0;1.0;0.0;1.0;0.0;0.0;1.0;0.0;0.0;1;0.0733333333333333;0.2;651;0.0076804915514592;834.6153846153846;0.8181818181818182;23.07692307692308;19;0.56;17;-3;-3;0.0300957592339261;0.0909090909090909;0.39;9.0;1;1;2;1;0;0;1;0;0.0909090909090909;0.2857142857142857;0.0027359781121751;11.0;0.0;1.0;0.0;1.0;0.0;1.0;0.0;1.0;0.0;0.0;0.0;1.0;0.0;0.0;0.0;0.0;0.0;0.0;0.0;0.0;0.0;0.0;0.0;0.0;0.0;0.0;0.0;0.0;0.0;0.0;0.0
2024-10-05;Manchester City;3;7;9;3;58;Fulham;2;1;20;11;7;4;0.59;0.41;634;0.9;4;10;2;1;0;0;8;1.0;1.0;1.0;1.0;0.0;1.0;0.0;0.0;1.0;0.0;0.0;3;0.0372727272727272;0.5;571;0.0070052539404553;967.7966101694916;0.4;13.559322033898306;9;0.18;5;1;-6;0.0315457413249211;0.15;0.1966666666666666;2.6666666666666665;1;2;3;1;0;0;0;1;0.15;0.4285714285714285;0.0047318611987381;6.666666666666667;0.0;1.0;1.0;0.0;1.0;0.0;0.0;1.0;0.0;0.0;0.0;0.0;1.0;0.0;0.0;0.0;0.0;0.0;0.0;0.0;0.0;0.0;0.0;0.0;0.0;0.0;0.0;0.0;0.0;0.0;0.0
2024-10-01;Manchester City;0;3;3;3;36;Slovan Bratislava;0;0;28;3;14;0;0.77;0.23;754;0.92;8;2;0;0;0;0;15;0.0;1.0;0.0;1.0;0.0;0.0;0.0;0.0;1.0;0.0;0.0;0;0.0766666666666666;0.0;694;0.0115273775216138;901.2987012987012;0.5357142857142857;19.48051948051948;25;0.54;15;0;6;0.0371352785145888;0.1428571428571428;0.1925;3.75;2;2;4;1;0;0;1;0;0.1428571428571428;0.2857142857142857;0.0053050397877984;7.0;1.0;0.0;1.0;1.0;0.0;1.0;0.0;1.0;1.0;0.0;0.0;1.0;1.0;0.0;0.0;0.0;0.0;0.0;0.0;0.0;0.0;0.0;0.0;0.0;0.0;0.0;0.0;0.0;0.0;0.0;0.0
2024-09-28;Manchester City;3;3;0;3;60;Newcastle;4;4;16;11;6;4;0.63;0.37;558;0.87;10;14;4;4;0;0;6;1.0;1.0;1.0;1.0;0.0;1.0;0.0;0.0;1.0;0.0;0.0;5;0.0336363636363636;0.4;485;0.0206185567010309;769.8412698412699;0.375;9.523809523809524;5;0.26;1;0;-4;0.028673835125448;0.0625;0.63;6.0;1;0;1;0;1;0;1;0;0.0625;0.1666666666666666;0.0017921146953405;16.0;0.0;1.0;0.0;0.0;1.0;0.0;0.0;1.0;0.0;0.0;0.0;0.0;1.0;0.0;0.0;1.0;0.0;0.0;0.0;0.0;0.0;0.0;0.0;0.0;0.0;0.0;0.0;0.0;0.0;0.0;0.0
2024-09-24;Manchester City;14;31;4;3;821;Watford;0;0;24;5;8;1;0.73;0.27;754;0.91;5;6;0;0;0;0;10;0.0;1.0;0.0;0.0;1.0;0.0;0.0;1.0;0.0;0.0;0.0;1;0.054;0.0;686;0.0072886297376093;939.7260273972604;0.4166666666666667;13.6986301369863;19;0.4599999999999999;9;0;-1;0.0318302387267904;0.0833333333333333;0.365;5.0;2;0;2;1;0;0;0;1;0.0833333333333333;0.25;0.0026525198938992;12.0;1.0;0.0;1.0;0.0;1.0;1.0;0.0;0.0;1.0;0.0;0.0;1.0;0.0;0.0;0.0;1.0;1.0;0.0;0.0;0.0;0.0;0.0;0.0;0.0;0.0;0.0;0.0;0.0;0.0;0.0;0.0
2024-09-22;Manchester City;3;0;1;3;9;Arsenal;3;5;33;5;11;3;0.78;0.22;705;0.91;7;10;3;4;0;1;8;1.0;0.0;1.0;1.0;0.0;0.0;0.0;0.0;1.0;0.0;0.0;2;0.044;0.4285714285714285;642;0.0109034267912772;823.0769230769231;0.2424242424242424;10.256410256410255;28;0.56;6;-2;-3;0.0468085106382978;0.0606060606060606;0.39;4.0;1;1;2;0;1;0;0;1;0.0606060606060606;0.1818181818181818;0.0028368794326241;16.5;0.0;1.0;0.0;1.0;0.0;1.0;0.0;1.0;0.0;0.0;0.0;0.0;1.0;0.0;0.0;1.0;0.0;1.0;0.0;0.0;0.0;0.0;0.0;0.0;0.0;0.0;0.0;0.0;0.0;0.0;0.0
2024-09-18;Manchester City;0;31;2;3;7;Inter;1;0;22;13;5;4;0.6;0.4;651;0.91;12;9;1;0;0;0;4;1.0;1.0;1.0;1.0;0.0;0.0;0.0;0.0;0.0;0.0;1.0;3;0.0307692307692307;0.0833333333333333;592;0.0202702702702702;986.6666666666669;0.1818181818181818;6.666666666666667;9;0.1999999999999999;1;1;3;0.0337941628264208;0.0;0.0;0.0;0;0;0;0;1;0;0;1;0.0;0.0;0.0;0.0;0.0;1.0;0.0;1.0;1.0;0.0;0.0;1.0;0.0;0.0;0.0;0.0;1.0;0.0;0.0;0.0;0.0;1.0;0.0;0.0;0.0;0.0;0.0;0.0;0.0;0.0;0.0;0.0;0.0;0.0;0.0
2024-09-14;Manchester City;3;3;4;3;57;Brentford;3;1;18;8;7;5;0.54;0.46;544;0.89;9;3;3;1;0;0;12;1.0;1.0;0.0;0.0;0.0;1.0;0.0;0.0;1.0;0.0;1.0;3;0.0575;0.3333333333333333;484;0.018595041322314;896.2962962962962;0.6666666666666666;22.22222222222222;10;0.08;9;2;6;0.0330882352941176;0.1111111111111111;0.27;6.0;2;0;2;1;0;0;0;1;0.1111111111111111;0.2857142857142857;0.0036764705882352;9.0;0.0;0.0;0.0;1.0;1.0;0.0;0.0;1.0;0.0;0.0;0.0;1.0;1.0;0.0;0.0;1.0;0.0;0.0;0.0;0.0;0.0;0.0;0.0;0.0;0.0;0.0;0.0;0.0;0.0;0.0;0.0
2024-08-31;Manchester City;3;31;3;3;61;West Ham;2;3;23;10;8;2;0.68;0.32;726;0.92;3;10;2;3;0;0;11;1.0;1.0;1.0;1.0;0.0;1.0;0.0;0.0;0.0;0.0;1.0;3;0.032;0.6666666666666666;668;0.0044910179640718;982.3529411764704;0.4782608695652174;16.176470588235293;13;0.36;8;-1;-7;0.0316804407713498;0.1304347826086956;0.2266666666666666;3.6666666666666665;2;1;3;1;0;0;1;0;0.1304347826086956;0.375;0.0041322314049586;7.666666666666667;0.0;1.0;0.0;0.0;1.0;1.0;0.0;1.0;0.0;0.0;0.0;0.0;1.0;0.0;0.0;0.0;0.0;0.0;0.0;0.0;0.0;0.0;0.0;0.0;0.0;0.0;0.0;0.0;0.0;0.0;0.0
2024-08-24;Manchester City;3;31;9;3;66;Ipswich;2;3;14;1;5;1;0.76;0.24;755;0.92;4;15;2;3;0;0;10;1.0;1.0;1.0;1.0;0.0;1.0;0.0;0.0;0.0;0.0;1.0;1;0.24;0.5;695;0.0057553956834532;914.4736842105264;0.7142857142857143;13.157894736842104;13;0.52;9;-1;-11;0.0185430463576158;0.2857142857142857;0.19;2.5;3;1;4;1;0;0;0;1;0.2857142857142857;0.8;0.0052980132450331;3.5;0.0;1.0;0.0;1.0;0.0;1.0;0.0;1.0;0.0;0.0;0.0;0.0;1.0;0.0;0.0;0.0;0.0;0.0;0.0;0.0;0.0;0.0;0.0;0.0;0.0;0.0;0.0;0.0;0.0;0.0;0.0
2024-08-18;Manchester City;3;31;3;3;53;Chelsea;1;1;11;10;5;3;0.52;0.48;535;0.89;9;12;1;1;0;0;3;1.0;1.0;1.0;1.0;0.0;1.0;0.0;0.0;0.0;0.0;1.0;4;0.048;0.1111111111111111;476;0.01890756302521;915.3846153846154;0.2727272727272727;5.769230769230769;1;0.04;-1;0;-3;0.0205607476635514;0.1818181818181818;0.26;1.5;1;1;2;1;0;0;1;0;0.1818181818181818;0.4;0.0037383177570093;5.5;0.0;1.0;0.0;1.0;0.0;1.0;0.0;1.0;0.0;0.0;0.0;0.0;1.0;0.0;0.0;0.0;0.0;0.0;0.0;0.0;0.0;0.0;0.0;0.0;0.0;0.0;0.0;0.0;0.0;0.0;0.0
2024-08-10;Manchester City;-1;0;3;3;62;Manchester United;2;1;9;8;1;2;0.56;0.44;505;0.87;10;9;2;1;0;0;6;1.0;1.0;1.0;1.0;1.0;1.0;0.0;1.0;0.0;0.0;0.0;2;0.055;0.2;439;0.0227790432801822;783.9285714285713;0.6666666666666666;10.714285714285714;1;0.12;4;1;1;0.0178217821782178;0.1111111111111111;0.56;6.0;0;1;1;0;1;0;0;1;0.1111111111111111;1.0;0.0019801980198019;9.0;0.0;0.0;0.0;0.0;0.0;1.0;0.0;1.0;0.0;0.0;0.0;0.0;1.0;0.0;0.0;0.0;0.0;0.0;1.0;0.0;0.0;0.0;0.0;0.0;0.0;0.0;0.0;0.0;0.0;0.0;0.0
2024-08-03;Manchester City;6;3;3;3;53;Chelsea;1;3;10;12;7;4;0.43;0.57;395;0.87;12;15;1;3;0;0;3;0.0;1.0;0.0;1.0;1.0;1.0;0.0;1.0;0.0;0.0;0.0;3;0.0474999999999999;0.0833333333333333;344;0.0348837209302325;800.0;0.3;6.976744186046512;-2;-0.1399999999999999;0;-2;-3;0.0253164556962025;0.4;0.1075;0.75;2;2;4;1;0;0;0;1;0.4;0.5714285714285714;0.010126582278481;2.5;0.0;0.0;0.0;0.0;1.0;0.0;0.0;1.0;1.0;0.0;0.0;0.0;0.0;0.0;0.0;0.0;0.0;0.0;1.0;1.0;1.0;0.0;0.0;0.0;0.0;0.0;0.0;0.0;0.0;0.0;0.0
2024-07-30;Manchester City;6;3;3;3;10;Barcelona;2;1;16;10;6;3;0.58;0.42;607;0.9;8;14;2;1;0;0;4;1.0;1.0;0.0;1.0;1.0;1.0;0.0;1.0;0.0;0.0;0.0;3;0.0419999999999999;0.25;546;0.0146520146520146;941.3793103448276;0.25;6.896551724137932;6;0.1599999999999999;1;1;-6;0.0263591433278418;0.125;0.29;2.0;1;1;2;0;1;0;1;0;0.125;0.3333333333333333;0.0032948929159802;8.0;0.0;0.0;0.0;0.0;1.0;0.0;0.0;1.0;0.0;0.0;0.0;0.0;0.0;0.0;0.0;0.0;0.0;0.0;1.0;1.0;1.0;0.0;0.0;0.0;0.0;0.0;0.0;0.0;0.0;0.0;0.0
2024-07-27;Manchester City;6;3;3;3;25;Milan;0;1;10;8;3;6;0.43;0.57;484;0.91;13;12;0;1;0;0;2;1.0;1.0;0.0;0.0;1.0;0.0;0.0;1.0;0.0;0.0;0.0;0;0.07125;0.0;440;0.0295454545454545;1023.2558139534884;0.2;4.651162790697675;2;-0.1399999999999999;2;-1;1;0.0206611570247933;0.2;0.215;1.0;1;1;2;0;0;1;0;1;0.2;0.6666666666666666;0.0041322314049586;5.0;0.0;0.0;0.0;0.0;1.0;0.0;0.0;1.0;0.0;0.0;0.0;0.0;0.0;1.0;0.0;0.0;0.0;0.0;1.0;0.0;0.0;1.0;1.0;1.0;0.0;0.0;0.0;0.0;0.0;0.0;0.0
2024-07-23;Manchester City;6;3;0;3;20;Celtic F. C.;0;2;16;13;9;6;0.47;0.53;432;0.88;5;19;0;2;0;0;5;0.0;1.0;0.0;0.0;1.0;0.0;0.0;1.0;0.0;0.0;0.0;4;0.0407692307692307;0.0;380;0.0131578947368421;808.5106382978723;0.3125;10.638297872340424;3;-0.06;1;-2;-14;0.037037037037037;0.1875;0.1566666666666666;1.6666666666666667;1;2;3;0;0;1;0;1;0.1875;0.3333333333333333;0.0069444444444444;5.333333333333333;0.0;0.0;0.0;0.0;1.0;0.0;0.0;1.0;1.0;0.0;0.0;0.0;0.0;1.0;0.0;0.0;0.0;0.0;1.0;1.0;1.0;0.0;0.0;0.0;1.0;0.0;0.0;0.0;0.0;0.0;0.0
2024-05-25;Manchester City;15;3;13;3;62;Manchester United;1;2;19;11;4;5;0.74;0.26;667;0.9;7;11;1;2;0;0;7;0.0;0.0;0.0;1.0;0.0;1.0;0.0;0.0;0.0;0.0;1.0;1;0.0236363636363636;0.1428571428571428;600;0.0116666666666666;810.8108108108108;0.3684210526315789;9.45945945945946;8;0.48;6;-1;-4;0.0284857571214392;0.0526315789473684;0.74;7.0;0;1;1;0;0;1;0;1;0.0526315789473684;0.25;0.0014992503748125;19.0;0.0;1.0;1.0;0.0;0.0;0.0;0.0;1.0;1.0;0.0;1.0;1.0;0.0;0.0;0.0;1.0;0.0;1.0;0.0;0.0;0.0;0.0;0.0;0.0;0.0;0.0;0.0;0.0;0.0;0.0;0.0
2024-05-19;Manchester City;3;7;6;3;61;West Ham;0;1;28;3;12;2;0.72;0.28;782;0.93;3;12;0;1;0;0;11;0.0;0.0;1.0;1.0;0.0;0.0;0.0;0.0;0.0;0.0;1.0;2;0.0933333333333333;0.0;727;0.0041265474552957;1009.7222222222224;0.3928571428571428;15.27777777777778;25;0.4399999999999999;9;-1;-9;0.0358056265984654;0.1071428571428571;0.24;3.6666666666666665;2;1;3;1;0;0;0;1;0.1071428571428571;0.25;0.0038363171355498;9.333333333333334;0.0;1.0;1.0;0.0;0.0;1.0;0.0;1.0;1.0;0.0;0.0;0.0;1.0;0.0;0.0;1.0;0.0;1.0;0.0;0.0;0.0;0.0;0.0;0.0;0.0;0.0;0.0;0.0;0.0;0.0;0.0
2024-05-14;Manchester City;3;3;28;3;56;Tottenham;3;3;8;10;5;5;0.46;0.54;533;0.89;11;14;3;3;0;0;4;1.0;0.0;1.0;1.0;0.0;1.0;0.0;0.0;0.0;0.0;1.0;7;0.054;0.2727272727272727;474;0.0232067510548523;1030.4347826086955;0.5;8.695652173913043;-2;-0.08;-3;0;-3;0.0150093808630394;0.25;0.23;2.0;0;2;2;1;0;0;1;0;0.25;0.4;0.0037523452157598;4.0;0.0;1.0;1.0;0.0;0.0;0.0;0.0;1.0;0.0;0.0;0.0;0.0;1.0;0.0;0.0;1.0;0.0;1.0;0.0;0.0;0.0;0.0;0.0;0.0;0.0;0.0;0.0;0.0;0.0;0.0;0.0
2024-05-11;Manchester City;3;3;3;3;58;Fulham;0;2;16;1;9;1;0.65;0.35;769;0.91;6;9;0;1;0;1;7;1.0;0.0;1.0;1.0;0.0;1.0;0.0;0.0;0.0;0.0;1.0;1;0.35;0.0;700;0.0085714285714285;1076.923076923077;0.4375;10.769230769230768;15;0.3;6;-2;-3;0.0208062418725617;0.25;0.1625;1.75;1;3;4;1;0;0;1;0;0.25;0.4444444444444444;0.0052015604681404;4.0;0.0;1.0;1.0;0.0;0.0;0.0;0.0;1.0;0.0;0.0;1.0;0.0;1.0;0.0;0.0;0.0;0.0;1.0;0.0;0.0;0.0;0.0;0.0;0.0;0.0;0.0;0.0;0.0;0.0;0.0;0.0
2024-05-04;Manchester City;3;3;2;3;67;Wolves;0;4;20;2;12;1;0.58;0.42;616;0.9;4;17;0;4;0;0;6;1.0;0.0;0.0;1.0;0.0;1.0;0.0;0.0;0.0;0.0;1.0;0;0.21;0.0;554;0.0072202166064981;955.1724137931036;0.3;10.344827586206897;18;0.1599999999999999;6;-4;-13;0.0324675324675324;0.25;0.1159999999999999;1.2;3;2;5;1;0;0;0;1;0.25;0.4166666666666667;0.0081168831168831;4.0;0.0;1.0;1.0;0.0;0.0;0.0;0.0;1.0;0.0;0.0;1.0;0.0;1.0;0.0;0.0;1.0;0.0;1.0;0.0;0.0;0.0;0.0;0.0;0.0;0.0;0.0;0.0;0.0;0.0;0.0;0.0
2024-04-28;Manchester City;3;7;9;3;55;Nottingham Forest;0;0;11;14;5;2;0.67;0.33;733;0.9;6;8;0;0;0;0;5;1.0;0.0;0.0;1.0;0.0;0.0;0.0;0.0;0.0;0.0;1.0;4;0.0235714285714285;0.0;660;0.009090909090909;985.0746268656716;0.4545454545454545;7.462686567164178;-3;0.34;1;0;-2;0.015006821282401;0.1818181818181818;0.335;2.5;1;1;2;1;0;0;1;0;0.1818181818181818;0.4;0.0027285129604365;5.5;0.0;1.0;0.0;0.0;1.0;1.0;0.0;0.0;0.0;0.0;1.0;0.0;1.0;0.0;0.0;1.0;0.0;1.0;0.0;0.0;0.0;0.0;0.0;0.0;0.0;1.0;0.0;0.0;0.0;0.0;0.0
2024-04-25;Manchester City;3;7;3;3;54;Brighton;0;2;14;7;6;3;0.65;0.35;786;0.93;3;10;0;2;0;0;4;1.0;0.0;0.0;1.0;0.0;1.0;0.0;0.0;0.0;0.0;1.0;4;0.0499999999999999;0.0;731;0.0041039671682626;1124.6153846153843;0.2857142857142857;6.153846153846153;7;0.3;0;-2;-7;0.0178117048346055;0.2857142857142857;0.1625;1.0;3;1;4;1;0;0;1;0;0.2857142857142857;0.6666666666666666;0.005089058524173;3.5;0.0;1.0;1.0;0.0;0.0;0.0;0.0;0.0;0.0;0.0;1.0;0.0;1.0;0.0;0.0;1.0;0.0;1.0;0.0;0.0;0.0;0.0;0.0;0.0;0.0;1.0;0.0;0.0;0.0;0.0;0.0
2024-04-20;Manchester City;15;31;3;3;53;Chelsea;2;3;14;10;3;5;0.63;0.37;587;0.89;9;11;2;3;0;0;8;0.0;0.0;0.0;0.0;0.0;0.0;0.0;0.0;0.0;0.0;1.0;4;0.037;0.2222222222222222;522;0.0172413793103448;828.5714285714286;0.5714285714285714;12.698412698412698;4;0.26;4;-1;-2;0.0238500851788756;0.0714285714285714;0.63;8.0;0;1;1;1;0;0;0;1;0.0714285714285714;0.3333333333333333;0.0017035775127768;14.0;0.0;1.0;1.0;0.0;1.0;0.0;0.0;0.0;1.0;0.0;1.0;1.0;1.0;0.0;0.0;1.0;0.0;1.0;0.0;0.0;0.0;0.0;0.0;0.0;0.0;1.0;0.0;0.0;0.0;0.0;0.0
2024-04-17;Manchester City;0;7;3;3;12;Real Madrid;3;2;33;8;9;3;0.68;0.32;920;0.91;15;11;3;2;0;0;18;1.0;0.0;1.0;1.0;0.0;0.0;0.0;0.0;0.0;0.0;1.0;1;0.04;0.2;837;0.017921146953405;1230.8823529411764;0.5454545454545454;26.47058823529412;25;0.36;17;1;4;0.0358695652173913;0.0303030303030303;0.68;18.0;0;1;1;0;1;0;0;1;0.0303030303030303;0.1111111111111111;0.0010869565217391;33.0;0.0;1.0;1.0;0.0;1.0;0.0;0.0;1.0;0.0;0.0;0.0;0.0;1.0;0.0;0.0;1.0;0.0;1.0;0.0;0.0;0.0;0.0;0.0;0.0;0.0;0.0;0.0;0.0;0.0;0.0;0.0
2024-04-13;Manchester City;3;3;17;3;832;Luton;1;0;37;4;13;2;0.74;0.26;763;0.92;7;6;1;0;0;0;12;1.0;1.0;1.0;1.0;0.0;1.0;0.0;0.0;0.0;0.0;1.0;1;0.065;0.1428571428571428;702;0.0099715099715099;948.6486486486486;0.3243243243243243;16.216216216216218;33;0.48;11;1;1;0.0484927916120576;0.1351351351351351;0.148;2.4;1;4;5;1;0;0;0;1;0.1351351351351351;0.3846153846153846;0.0065530799475753;7.4;1.0;0.0;0.0;0.0;0.0;1.0;0.0;1.0;0.0;0.0;0.0;0.0;1.0;0.0;0.0;0.0;0.0;0.0;0.0;0.0;0.0;0.0;0.0;0.0;0.0;1.0;0.0;0.0;0.0;0.0;0.0
2024-04-09;Manchester City;0;3;3;3;12;Real Madrid;2;2;12;14;6;5;0.62;0.38;689;0.91;9;11;2;2;0;0;2;0.0;0.0;1.0;1.0;0.0;1.0;0.0;0.0;0.0;0.0;0.0;4;0.0271428571428571;0.2222222222222222;627;0.0143540669856459;1011.2903225806452;0.1666666666666666;3.2258064516129035;-2;0.24;-2;0;-2;0.0174165457184325;0.25;0.2066666666666666;0.6666666666666666;1;2;3;0;1;0;1;0;0.25;0.5;0.0043541364296081;4.0;0.0;1.0;1.0;0.0;1.0;0.0;0.0;1.0;1.0;0.0;0.0;1.0;1.0;0.0;0.0;0.0;0.0;1.0;0.0;0.0;0.0;0.0;0.0;0.0;0.0;0.0;0.0;0.0;0.0;0.0;0.0
2024-04-06;Manchester City;3;31;6;3;65;Crystal Palace;1;1;18;7;8;4;0.76;0.24;845;0.91;3;13;1;1;0;0;9;0.0;1.0;1.0;1.0;0.0;0.0;0.0;0.0;0.0;0.0;1.0;2;0.0342857142857142;0.3333333333333333;769;0.0039011703511053;1011.842105263158;0.5;11.842105263157894;11;0.52;7;0;-10;0.0213017751479289;0.2222222222222222;0.19;2.25;1;3;4;1;0;0;1;0;0.2222222222222222;0.5;0.0047337278106508;4.5;0.0;0.0;0.0;0.0;1.0;0.0;0.0;1.0;1.0;0.0;0.0;1.0;0.0;0.0;0.0;0.0;0.0;1.0;1.0;0.0;0.0;0.0;0.0;0.0;0.0;1.0;0.0;0.0;0.0;0.0;0.0
2024-04-03;Manchester City;3;3;3;3;1;Aston Villa;1;2;25;8;11;3;0.67;0.33;701;0.92;6;13;1;2;0;0;2;0.0;1.0;1.0;1.0;0.0;0.0;0.0;0.0;0.0;0.0;0.0;3;0.04125;0.1666666666666666;645;0.0093023255813953;962.686567164179;0.08;2.985074626865672;17;0.34;-1;-1;-7;0.035663338088445;0.16;0.1675;0.5;2;2;4;1;0;0;0;1;0.16;0.3636363636363636;0.0057061340941512;6.25;0.0;1.0;1.0;0.0;1.0;1.0;0.0;0.0;1.0;0.0;0.0;0.0;1.0;0.0;0.0;0.0;0.0;1.0;0.0;0.0;0.0;0.0;0.0;0.0;0.0;1.0;0.0;0.0;0.0;0.0;0.0
2024-03-31;Manchester City;3;7;0;3;9;Arsenal;0;2;12;6;1;2;0.73;0.27;700;0.88;9;20;0;2;0;0;7;0.0;0.0;1.0;1.0;0.0;1.0;0.0;0.0;0.0;0.0;1.0;4;0.045;0.0;616;0.0146103896103896;843.8356164383562;0.5833333333333334;9.589041095890412;6;0.4599999999999999;3;-2;-11;0.0171428571428571;0.0;0.0;0.0;0;0;0;0;1;0;0;1;0.0;0.0;0.0;0.0;0.0;1.0;1.0;0.0;0.0;0.0;0.0;1.0;1.0;0.0;1.0;0.0;1.0;0.0;0.0;0.0;0.0;1.0;0.0;0.0;0.0;0.0;0.0;0.0;0.0;0.0;0.0;0.0;0.0;0.0;0.0
2024-03-16;Manchester City;15;3;4;3;60;Newcastle;0;3;16;2;5;1;0.73;0.27;789;0.91;7;16;0;3;0;0;11;0.0;0.0;1.0;1.0;0.0;1.0;0.0;0.0;0.0;0.0;0.0;2;0.135;0.0;718;0.0097493036211699;983.5616438356165;0.6875;15.068493150684931;14;0.4599999999999999;9;-3;-9;0.0202788339670468;0.125;0.365;5.5;2;0;2;1;0;0;0;1;0.125;0.4;0.0025348542458808;8.0;0.0;1.0;1.0;0.0;0.0;1.0;0.0;1.0;1.0;0.0;0.0;0.0;1.0;0.0;0.0;1.0;0.0;1.0;0.0;0.0;0.0;0.0;0.0;0.0;0.0;0.0;0.0;0.0;0.0;0.0;0.0
2024-03-10;Manchester City;3;31;0;3;2;Liverpool;3;0;10;19;6;6;0.47;0.53;530;0.82;10;6;3;0;0;0;4;1.0;0.0;0.0;0.0;0.0;0.0;0.0;0.0;0.0;0.0;1.0;7;0.0278947368421052;0.3;435;0.0229885057471264;925.5319148936172;0.4;8.51063829787234;-9;-0.06;-3;3;4;0.0188679245283018;0.1;0.47;4.0;1;0;1;0;1;0;1;0;0.1;0.1666666666666666;0.0018867924528301;10.0;0.0;1.0;1.0;0.0;0.0;0.0;0.0;1.0;0.0;0.0;1.0;1.0;1.0;0.0;0.0;1.0;0.0;1.0;0.0;0.0;0.0;0.0;0.0;0.0;0.0;1.0;0.0;0.0;0.0;0.0;0.0
2024-03-06;Manchester City;0;3;17;3;158;København;0;2;12;11;3;2;0.69;0.31;819;0.92;5;9;0;2;0;0;4;1.0;1.0;1.0;1.0;0.0;1.0;0.0;0.0;0.0;0.0;0.0;4;0.0281818181818181;0.0;753;0.0066401062416998;1091.304347826087;0.3333333333333333;5.797101449275363;1;0.3799999999999999;0;-2;-4;0.0146520146520146;0.25;0.2299999999999999;1.3333333333333333;3;0;3;1;0;0;0;1;0.25;1.0;0.0036630036630036;4.0;1.0;0.0;0.0;0.0;0.0;0.0;0.0;1.0;0.0;0.0;0.0;0.0;1.0;0.0;0.0;0.0;0.0;1.0;1.0;0.0;0.0;0.0;0.0;0.0;0.0;1.0;0.0;0.0;0.0;0.0;0.0
2024-03-03;Manchester City;3;31;-1;3;62;Manchester United;0;1;27;3;8;1;0.73;0.27;801;0.91;5;10;0;1;0;0;15;1.0;0.0;1.0;0.0;0.0;0.0;0.0;0.0;0.0;0.0;1.0;2;0.09;0.0;729;0.0068587105624142;998.6301369863014;0.5555555555555556;20.54794520547945;24;0.4599999999999999;13;-1;-5;0.0337078651685393;0.1111111111111111;0.2433333333333333;5.0;0;3;3;1;0;0;0;1;0.1111111111111111;0.375;0.0037453183520599;9.0;0.0;1.0;1.0;0.0;0.0;1.0;0.0;1.0;0.0;0.0;1.0;1.0;0.0;0.0;0.0;1.0;0.0;1.0;0.0;0.0;0.0;0.0;0.0;0.0;0.0;0.0;0.0;0.0;0.0;0.0;0.0
2024-02-27;Manchester City;15;3;17;3;832;Luton;0;0;17;14;15;8;0.58;0.42;524;0.86;4;7;0;0;0;0;2;0.0;0.0;0.0;0.0;0.0;1.0;0.0;0.0;0.0;0.0;1.0;2;0.03;0.0;451;0.0088691796008869;777.5862068965517;0.1176470588235294;3.4482758620689657;3;0.1599999999999999;0;0;-3;0.032442748091603;0.3529411764705882;0.0966666666666666;0.3333333333333333;3;3;6;1;0;0;1;0;0.3529411764705882;0.4;0.0114503816793893;2.833333333333333;1.0;1.0;0.0;0.0;1.0;0.0;0.0;1.0;1.0;0.0;1.0;1.0;1.0;0.0;0.0;1.0;0.0;0.0;0.0;0.0;0.0;0.0;0.0;0.0;0.0;0.0;0.0;0.0;0.0;0.0;0.0
2024-02-24;Manchester City;3;31;3;3;59;Bournemouth;2;2;15;13;6;4;0.63;0.37;582;0.84;6;14;2;2;0;0;8;1.0;0.0;1.0;0.0;0.0;1.0;0.0;0.0;0.0;0.0;0.0;3;0.0284615384615384;0.3333333333333333;489;0.0122699386503067;776.1904761904761;0.5333333333333333;12.698412698412698;2;0.26;5;0;-8;0.0257731958762886;0.0666666666666666;0.63;8.0;1;0;1;1;0;0;1;0;0.0666666666666666;0.1666666666666666;0.0017182130584192;15.0;1.0;1.0;1.0;0.0;0.0;0.0;0.0;1.0;0.0;0.0;1.0;1.0;1.0;0.0;0.0;0.0;0.0;1.0;0.0;0.0;0.0;0.0;0.0;0.0;0.0;0.0;0.0;0.0;0.0;0.0;0.0
2024-02-17;Manchester City;3;7;3;3;53;Chelsea;1;3;31;9;5;6;0.71;0.29;711;0.9;7;12;1;3;0;0;12;1.0;0.0;1.0;0.0;0.0;0.0;0.0;0.0;0.0;0.0;1.0;1;0.0322222222222222;0.1428571428571428;640;0.0109375;901.4084507042254;0.3870967741935484;16.901408450704228;22;0.42;11;-2;-5;0.0436005625879043;0.032258064516129;0.71;12.0;0;1;1;0;1;0;0;1;0.032258064516129;0.2;0.0014064697609001;31.0;0.0;0.0;1.0;0.0;0.0;1.0;0.0;1.0;0.0;0.0;1.0;0.0;1.0;0.0;0.0;1.0;0.0;1.0;0.0;0.0;0.0;0.0;0.0;0.0;0.0;1.0;0.0;0.0;0.0;0.0;0.0
2024-02-13;Manchester City;0;3;0;3;158;København;0;2;27;4;13;1;0.79;0.21;830;0.92;3;13;0;2;0;0;6;1.0;0.0;1.0;0.0;0.0;0.0;0.0;0.0;0.0;0.0;1.0;2;0.0525;0.0;764;0.0039267015706806;967.0886075949368;0.2222222222222222;7.594936708860759;23;0.5800000000000001;4;-2;-10;0.0325301204819277;0.1111111111111111;0.2633333333333333;2.0;2;1;3;1;0;0;1;0;0.1111111111111111;0.2307692307692307;0.0036144578313253;9.0;0.0;1.0;1.0;0.0;1.0;0.0;0.0;1.0;0.0;0.0;1.0;1.0;0.0;0.0;0.0;1.0;0.0;1.0;0.0;0.0;0.0;0.0;0.0;0.0;0.0;0.0;0.0;0.0;0.0;0.0;0.0
2024-02-10;Manchester City;3;7;3;3;64;Everton;0;2;19;5;3;1;0.73;0.27;772;0.91;6;11;0;2;0;0;9;1.0;0.0;1.0;0.0;0.0;0.0;0.0;0.0;0.0;0.0;0.0;0;0.054;0.0;703;0.0085348506401137;963.013698630137;0.4736842105263157;12.32876712328767;14;0.4599999999999999;9;-2;-5;0.0246113989637305;0.1052631578947368;0.365;4.5;0;2;2;1;0;0;0;1;0.1052631578947368;0.6666666666666666;0.0025906735751295;9.5;1.0;0.0;1.0;0.0;0.0;1.0;0.0;1.0;0.0;0.0;1.0;1.0;1.0;0.0;0.0;0.0;0.0;1.0;0.0;0.0;0.0;0.0;0.0;0.0;0.0;1.0;0.0;0.0;0.0;0.0;0.0
2024-02-05;Manchester City;3;7;2;3;57;Brentford;0;1;25;9;15;3;0.72;0.28;750;0.9;4;2;0;1;0;0;13;1.0;0.0;1.0;1.0;0.0;0.0;0.0;0.0;0.0;0.0;1.0;8;0.0311111111111111;0.0;675;0.0059259259259259;937.5;0.52;18.05555555555556;16;0.4399999999999999;5;-1;2;0.0333333333333333;0.12;0.24;4.333333333333333;1;2;3;1;0;0;1;0;0.12;0.2;0.004;8.333333333333334;0.0;1.0;1.0;0.0;0.0;0.0;0.0;1.0;0.0;0.0;1.0;0.0;0.0;0.0;0.0;1.0;0.0;1.0;0.0;0.0;0.0;0.0;0.0;0.0;0.0;1.0;0.0;0.0;0.0;0.0;0.0
2024-01-31;Manchester City;3;3;1;3;819;Burnley;2;2;14;8;4;3;0.75;0.25;795;0.9;3;13;2;2;0;0;7;1.0;1.0;0.0;1.0;0.0;0.0;0.0;0.0;0.0;0.0;1.0;3;0.03125;0.6666666666666666;716;0.0041899441340782;954.6666666666666;0.5;9.333333333333334;6;0.5;4;0;-10;0.0176100628930817;0.2142857142857142;0.25;2.333333333333333;2;1;3;1;0;0;0;1;0.2142857142857142;0.75;0.0037735849056603;4.666666666666667;1.0;0.0;1.0;0.0;0.0;1.0;0.0;0.0;0.0;0.0;1.0;1.0;0.0;0.0;0.0;0.0;0.0;1.0;0.0;0.0;0.0;0.0;0.0;0.0;0.0;1.0;0.0;0.0;0.0;0.0;0.0
2024-01-26;Manchester City;15;3;3;3;56;Tottenham;4;3;18;1;5;1;0.57;0.43;602;0.87;19;9;4;3;0;0;14;0.0;0.0;1.0;1.0;0.0;1.0;0.0;0.0;0.0;0.0;0.0;2;0.43;0.2105263157894736;524;0.0362595419847328;919.2982456140352;0.7777777777777778;24.56140350877193;17;0.1399999999999999;12;1;10;0.0299003322259136;0.0555555555555555;0.57;14.0;0;1;1;1;0;0;1;0;0.0555555555555555;0.2;0.0016611295681063;18.0;0.0;1.0;1.0;0.0;0.0;0.0;0.0;0.0;1.0;0.0;1.0;0.0;0.0;0.0;0.0;1.0;0.0;1.0;1.0;0.0;0.0;0.0;0.0;0.0;0.0;1.0;0.0;0.0;0.0;0.0;0.0
2024-01-13;Manchester City;3;3;0;3;60;Newcastle;2;1;27;12;11;5;0.73;0.27;747;0.9;7;7;2;1;0;0;13;1.0;0.0;1.0;1.0;0.0;1.0;0.0;0.0;0.0;0.0;0.0;3;0.0225;0.2857142857142857;672;0.0104166666666666;920.5479452054794;0.4814814814814814;17.808219178082194;15;0.4599999999999999;10;1;0;0.036144578313253;0.1111111111111111;0.2433333333333333;4.333333333333333;1;2;3;1;0;0;1;0;0.1111111111111111;0.2727272727272727;0.0040160642570281;9.0;0.0;1.0;1.0;0.0;0.0;1.0;0.0;0.0;0.0;0.0;1.0;0.0;0.0;0.0;0.0;1.0;0.0;1.0;0.0;0.0;0.0;0.0;0.0;0.0;0.0;1.0;0.0;0.0;0.0;0.0;0.0
2024-01-07;Manchester City;15;3;9;3;249;Huddersfield Town;0;2;18;2;7;2;0.84;0.16;964;0.94;6;7;0;2;0;0;11;0.0;1.0;1.0;1.0;0.0;1.0;0.0;0.0;0.0;0.0;0.0;0;0.08;0.0;906;0.0066225165562913;1078.571428571429;0.6111111111111112;13.095238095238097;16;0.6799999999999999;11;-2;-1;0.0186721991701244;0.2777777777777778;0.1679999999999999;2.2;2;3;5;1;0;0;0;1;0.2777777777777778;0.7142857142857143;0.0051867219917012;3.6;0.0;0.0;1.0;0.0;1.0;0.0;0.0;0.0;1.0;0.0;0.0;0.0;1.0;0.0;0.0;0.0;0.0;0.0;1.0;0.0;0.0;0.0;0.0;0.0;0.0;1.0;1.0;0.0;0.0;0.0;0.0
2023-12-30;Manchester City;3;3;17;3;818;Sheffield United;1;1;18;4;4;2;0.81;0.19;1000;0.94;5;6;1;1;0;0;12;1.0;0.0;0.0;1.0;0.0;1.0;0.0;0.0;0.0;0.0;0.0;2;0.0475;0.2;940;0.0053191489361702;1160.4938271604938;0.6666666666666666;14.814814814814811;14;0.6200000000000001;10;0;-1;0.018;0.1111111111111111;0.405;6.0;1;1;2;1;0;0;0;1;0.1111111111111111;0.5;0.002;9.0;0.0;1.0;1.0;0.0;1.0;0.0;0.0;0.0;0.0;0.0;1.0;0.0;1.0;0.0;0.0;1.0;0.0;1.0;0.0;0.0;0.0;0.0;0.0;0.0;0.0;1.0;0.0;0.0;0.0;0.0;0.0
2023-12-27;Manchester City;3;3;3;3;64;Everton;2;4;23;7;9;2;0.73;0.27;772;0.9;5;13;2;4;0;0;8;1.0;0.0;0.0;0.0;0.0;0.0;0.0;0.0;0.0;0.0;0.0;4;0.0385714285714285;0.4;695;0.0071942446043165;952.054794520548;0.3478260869565217;10.95890410958904;16;0.4599999999999999;4;-2;-8;0.0297927461139896;0.1304347826086956;0.2433333333333333;2.6666666666666665;0;3;3;1;0;0;1;0;0.1304347826086956;0.3333333333333333;0.0038860103626943;7.666666666666667;1.0;1.0;1.0;0.0;1.0;0.0;0.0;0.0;0.0;0.0;1.0;1.0;1.0;0.0;0.0;1.0;0.0;1.0;0.0;0.0;0.0;0.0;0.0;0.0;0.0;1.0;0.0;0.0;0.0;0.0;0.0
2023-12-22;Manchester City;-1;3;3;3;197;Fluminense;0;3;15;5;8;2;0.55;0.45;530;0.9;11;13;0;3;0;0;4;1.0;1.0;1.0;0.0;0.0;0.0;0.0;0.0;0.0;0.0;0.0;2;0.09;0.0;477;0.0230607966457023;867.2727272727273;0.2666666666666666;7.272727272727272;10;0.1;2;-3;-2;0.0283018867924528;0.2666666666666666;0.1375;1.0;2;2;4;1;0;0;0;1;0.2666666666666666;0.5;0.0075471698113207;3.75;0.0;1.0;1.0;0.0;1.0;0.0;0.0;0.0;0.0;0.0;1.0;1.0;0.0;0.0;0.0;1.0;0.0;1.0;0.0;0.0;0.0;0.0;0.0;0.0;0.0;1.0;0.0;0.0;0.0;0.0;0.0
2023-12-19;Manchester City;-1;2;3;3;-1;Urawa Reds;2;0;25;2;9;0;0.74;0.26;826;0.93;3;13;2;0;0;0;7;1.0;0.0;0.0;0.0;0.0;1.0;0.0;0.0;0.0;0.0;0.0;3;0.13;0.6666666666666666;768;0.00390625;1037.837837837838;0.28;9.45945945945946;23;0.48;4;2;-10;0.0302663438256658;0.12;0.2466666666666666;2.333333333333333;1;2;3;1;0;0;1;0;0.12;0.3333333333333333;0.0036319612590799;8.333333333333334;1.0;1.0;1.0;0.0;1.0;0.0;0.0;0.0;0.0;0.0;1.0;1.0;1.0;0.0;0.0;1.0;0.0;1.0;0.0;0.0;0.0;0.0;0.0;0.0;0.0;0.0;0.0;0.0;0.0;0.0;0.0
2023-12-16;Manchester City;3;3;9;3;65;Crystal Palace;1;1;19;5;9;2;0.75;0.25;818;0.91;12;9;1;1;0;0;6;1.0;1.0;1.0;1.0;0.0;0.0;0.0;0.0;0.0;0.0;0.0;1;0.05;0.0833333333333333;744;0.0161290322580645;992.0;0.3157894736842105;8.0;14;0.5;5;0;3;0.0232273838630806;0.1052631578947368;0.375;3.0;1;1;2;0;1;0;0;1;0.1052631578947368;0.2222222222222222;0.0024449877750611;9.5;0.0;1.0;1.0;0.0;1.0;0.0;0.0;0.0;0.0;0.0;1.0;0.0;0.0;0.0;0.0;1.0;0.0;1.0;0.0;0.0;0.0;0.0;0.0;0.0;0.0;1.0;0.0;0.0;0.0;0.0;0.0
2023-12-13;Manchester City;0;3;4;3;33;Estrella Roja;1;3;10;11;3;6;0.7;0.3;670;0.91;9;21;1;3;0;0;2;0.0;1.0;0.0;0.0;0.0;1.0;0.0;0.0;0.0;0.0;0.0;2;0.0272727272727272;0.1111111111111111;610;0.0147540983606557;871.4285714285714;0.2;2.857142857142857;-1;0.3999999999999999;0;-2;-12;0.0149253731343283;0.3;0.2333333333333333;0.6666666666666666;1;2;3;1;0;0;1;0;0.3;1.0;0.0044776119402985;3.333333333333333;1.0;0.0;0.0;0.0;1.0;0.0;0.0;0.0;1.0;0.0;0.0;1.0;1.0;0.0;0.0;0.0;0.0;0.0;1.0;1.0;0.0;0.0;0.0;0.0;0.0;0.0;1.0;1.0;0.0;0.0;0.0
2023-12-10;Manchester City;3;3;6;3;832;Luton;1;2;18;4;6;2;0.66;0.34;594;0.86;6;16;1;2;0;0;3;1.0;0.0;1.0;1.0;0.0;1.0;0.0;0.0;0.0;0.0;0.0;6;0.085;0.1666666666666666;511;0.0117416829745596;774.2424242424242;0.1666666666666666;4.545454545454545;14;0.32;-3;-1;-10;0.0303030303030303;0.1111111111111111;0.33;1.5;0;2;2;1;0;0;1;0;0.1111111111111111;0.3333333333333333;0.0033670033670033;9.0;0.0;1.0;1.0;0.0;1.0;0.0;0.0;0.0;0.0;0.0;1.0;0.0;0.0;0.0;0.0;1.0;0.0;1.0;0.0;0.0;0.0;0.0;0.0;0.0;0.0;1.0;0.0;0.0;0.0;0.0;0.0
2023-12-06;Manchester City;3;31;8;3;1;Aston Villa;2;2;2;22;2;7;0.54;0.46;520;0.87;13;13;2;2;0;0;0;1.0;1.0;1.0;1.0;0.0;0.0;0.0;0.0;0.0;0.0;0.0;6;0.0209090909090909;0.1538461538461538;452;0.0287610619469026;837.037037037037;0.0;0.0;-20;0.08;-6;0;0;0.0038461538461538;0.0;0.0;0.0;0;0;0;0;0;1;1;0;0.0;0.0;0.0;0.0;0.0;1.0;1.0;0.0;0.0;0.0;0.0;1.0;0.0;0.0;0.0;1.0;1.0;0.0;0.0;1.0;0.0;0.0;0.0;0.0;0.0;0.0;0.0;0.0;0.0;1.0;0.0;0.0;0.0;0.0;0.0
2023-12-03;Manchester City;3;31;3;3;56;Tottenham;4;4;17;8;4;4;0.55;0.45;572;0.87;14;14;4;4;0;0;10;1.0;0.0;1.0;1.0;0.0;0.0;0.0;0.0;0.0;0.0;0.0;8;0.05625;0.2857142857142857;498;0.0281124497991967;905.4545454545454;0.5882352941176471;18.18181818181818;9;0.1;2;0;0;0.0297202797202797;0.1764705882352941;0.1833333333333333;3.333333333333333;2;1;3;0;1;0;0;1;0.1764705882352941;0.75;0.0052447552447552;5.666666666666667;0.0;1.0;1.0;0.0;0.0;1.0;0.0;1.0;0.0;0.0;0.0;0.0;1.0;0.0;0.0;1.0;0.0;1.0;0.0;0.0;0.0;0.0;0.0;0.0;0.0;1.0;0.0;0.0;0.0;0.0;0.0
2023-11-28;Manchester City;0;31;9;3;31;RB Leipzig;1;0;14;5;6;3;0.71;0.29;796;0.93;10;11;1;0;0;0;6;0.0;1.0;1.0;1.0;0.0;0.0;0.0;0.0;0.0;0.0;0.0;7;0.0579999999999999;0.1;740;0.0135135135135135;1042.2535211267607;0.4285714285714285;8.450704225352114;9;0.42;-1;1;-1;0.0175879396984924;0.2142857142857142;0.2366666666666666;2.0;0;3;3;1;0;0;0;1;0.2142857142857142;0.5;0.0037688442211055;4.666666666666667;0.0;1.0;1.0;0.0;1.0;0.0;0.0;1.0;1.0;0.0;0.0;0.0;1.0;0.0;0.0;1.0;0.0;1.0;0.0;0.0;0.0;0.0;0.0;0.0;0.0;0.0;0.0;0.0;0.0;0.0;0.0
2023-11-25;Manchester City;3;31;0;3;2;Liverpool;1;3;16;8;5;3;0.6;0.4;614;0.91;9;11;1;3;0;0;9;1.0;0.0;1.0;0.0;0.0;0.0;0.0;0.0;0.0;0.0;0.0;6;0.05;0.1111111111111111;559;0.0161001788908765;931.6666666666669;0.5625;15.0;8;0.1999999999999999;3;-2;-2;0.0260586319218241;0.0625;0.6;9.0;1;0;1;0;1;0;0;1;0.0625;0.2;0.001628664495114;16.0;0.0;1.0;1.0;0.0;0.0;1.0;0.0;1.0;0.0;0.0;1.0;0.0;1.0;0.0;0.0;1.0;0.0;1.0;0.0;0.0;0.0;0.0;0.0;0.0;0.0;1.0;0.0;0.0;0.0;0.0;0.0
2023-11-12;Manchester City;3;31;3;3;53;Chelsea;3;5;15;17;10;9;0.55;0.45;531;0.89;15;13;3;5;0;0;3;1.0;0.0;1.0;1.0;0.0;0.0;0.0;0.0;0.0;0.0;0.0;3;0.0264705882352941;0.2;473;0.0317124735729386;859.9999999999999;0.2;5.454545454545454;-2;0.1;0;-2;2;0.0282485875706214;0.2666666666666666;0.1375;0.75;2;2;4;0;1;0;1;0;0.2666666666666666;0.4;0.007532956685499;3.75;0.0;1.0;1.0;0.0;0.0;1.0;0.0;1.0;0.0;0.0;0.0;0.0;1.0;0.0;0.0;1.0;0.0;1.0;0.0;0.0;0.0;0.0;0.0;0.0;0.0;1.0;0.0;0.0;0.0;0.0;0.0
2023-11-07;Manchester City;0;31;9;3;35;Young Boys;0;3;27;0;10;0;0.72;0.28;719;0.92;5;21;0;2;0;1;6;1.0;1.0;1.0;1.0;0.0;1.0;0.0;0.0;0.0;0.0;0.0;0;0.0;0.0;661;0.0075642965204236;918.0555555555557;0.2222222222222222;8.333333333333334;27;0.4399999999999999;6;-3;-16;0.0375521557719054;0.1111111111111111;0.24;2.0;2;1;3;1;0;0;0;1;0.1111111111111111;0.3;0.0041724617524339;9.0;1.0;0.0;1.0;0.0;1.0;0.0;0.0;1.0;0.0;0.0;0.0;1.0;0.0;0.0;0.0;1.0;0.0;0.0;0.0;0.0;0.0;0.0;0.0;0.0;0.0;0.0;0.0;0.0;0.0;0.0;0.0
2023-11-04;Manchester City;3;17;9;3;59;Bournemouth;0;1;21;5;8;1;0.65;0.35;731;0.93;8;9;0;1;0;0;12;1.0;0.0;0.0;0.0;0.0;1.0;0.0;0.0;0.0;0.0;0.0;1;0.0699999999999999;0.0;680;0.0117647058823529;1046.1538461538462;0.5714285714285714;18.46153846153846;16;0.3;11;-1;-1;0.0287277701778385;0.2857142857142857;0.1083333333333333;2.0;3;3;6;1;0;0;0;1;0.2857142857142857;0.75;0.0082079343365253;3.5;0.0;1.0;0.0;0.0;0.0;1.0;0.0;1.0;0.0;0.0;1.0;1.0;1.0;0.0;0.0;1.0;0.0;1.0;0.0;0.0;0.0;0.0;0.0;0.0;0.0;1.0;0.0;0.0;0.0;0.0;0.0
2023-10-29;Manchester City;3;3;3;3;62;Manchester United;1;4;21;7;10;3;0.61;0.39;605;0.89;5;9;1;4;0;0;12;1.0;0.0;1.0;1.0;0.0;0.0;0.0;0.0;0.0;0.0;0.0;7;0.0557142857142857;0.2;538;0.0092936802973977;881.9672131147541;0.5714285714285714;19.672131147540984;14;0.2199999999999999;5;-3;-4;0.0347107438016528;0.1428571428571428;0.2033333333333333;4.0;1;2;3;1;0;0;1;0;0.1428571428571428;0.3;0.0049586776859504;7.0;0.0;1.0;1.0;0.0;1.0;0.0;0.0;1.0;0.0;0.0;0.0;1.0;0.0;0.0;0.0;1.0;0.0;1.0;0.0;0.0;0.0;0.0;0.0;0.0;0.0;1.0;0.0;0.0;0.0;0.0;0.0
2023-10-25;Manchester City;0;31;0;3;35;Young Boys;0;2;26;10;14;4;0.69;0.31;723;0.93;7;10;0;2;0;0;5;1.0;1.0;1.0;0.0;0.0;1.0;0.0;0.0;0.0;0.0;0.0;4;0.031;0.0;672;0.0104166666666666;973.913043478261;0.1923076923076923;7.246376811594203;16;0.3799999999999999;1;-2;-3;0.0359612724757952;0.1153846153846153;0.2299999999999999;1.6666666666666667;0;3;3;1;0;0;1;0;0.1153846153846153;0.2142857142857142;0.0041493775933609;8.666666666666666;1.0;0.0;0.0;0.0;1.0;1.0;0.0;1.0;0.0;0.0;1.0;0.0;1.0;0.0;0.0;0.0;0.0;1.0;0.0;0.0;0.0;0.0;0.0;0.0;0.0;0.0;0.0;0.0;0.0;0.0;0.0
2023-10-21;Manchester City;3;31;3;3;54;Brighton;3;2;10;5;6;3;0.55;0.45;609;0.89;9;11;2;2;1;0;2;0.0;0.0;0.0;1.0;0.0;0.0;0.0;0.0;0.0;0.0;0.0;2;0.09;0.3333333333333333;542;0.0166051660516605;985.4545454545454;0.2;3.636363636363636;5;0.1;0;1;-2;0.0164203612479474;0.2;0.275;1.0;2;0;2;1;0;0;0;1;0.2;0.3333333333333333;0.0032840722495894;5.0;0.0;1.0;1.0;0.0;0.0;1.0;0.0;1.0;1.0;0.0;0.0;1.0;1.0;0.0;0.0;1.0;0.0;1.0;0.0;0.0;0.0;0.0;0.0;0.0;0.0;1.0;0.0;0.0;0.0;0.0;0.0
2023-10-08;Manchester City;3;0;0;3;9;Arsenal;3;2;4;12;1;2;0.51;0.49;521;0.86;7;8;3;2;0;0;4;1.0;1.0;1.0;1.0;0.0;1.0;0.0;0.0;0.0;0.0;0.0;5;0.0408333333333333;0.4285714285714285;448;0.015625;878.4313725490196;1.0;7.84313725490196;-8;0.02;-1;1;-1;0.0076775431861804;0.0;0.0;0.0;0;0;0;0;0;1;1;0;0.0;0.0;0.0;0.0;0.0;1.0;1.0;0.0;0.0;0.0;0.0;1.0;0.0;0.0;1.0;0.0;0.0;0.0;0.0;1.0;0.0;0.0;0.0;0.0;0.0;0.0;0.0;0.0;0.0;1.0;0.0;0.0;0.0;0.0;0.0
2023-10-04;Manchester City;0;31;3;3;31;RB Leipzig;1;2;18;3;5;1;0.69;0.31;767;0.92;6;12;1;2;0;0;3;1.0;1.0;1.0;1.0;0.0;0.0;0.0;0.0;0.0;0.0;0.0;2;0.1033333333333333;0.1666666666666666;706;0.0084985835694051;1023.1884057971016;0.1666666666666666;4.347826086956522;15;0.3799999999999999;1;-1;-6;0.0234680573663624;0.1666666666666666;0.2299999999999999;1.0;1;2;3;1;0;0;1;0;0.1666666666666666;0.6;0.0039113428943937;6.0;0.0;1.0;1.0;0.0;1.0;0.0;0.0;1.0;0.0;0.0;0.0;0.0;1.0;0.0;0.0;1.0;0.0;1.0;0.0;0.0;0.0;0.0;0.0;0.0;0.0;0.0;0.0;0.0;0.0;0.0;0.0
2023-09-30;Manchester City;3;3;6;3;67;Wolves;5;6;23;3;8;1;0.69;0.31;597;0.88;12;18;5;6;0;0;6;1.0;0.0;1.0;0.0;0.0;1.0;0.0;0.0;0.0;0.0;0.0;0;0.1033333333333333;0.4166666666666667;525;0.0228571428571428;760.8695652173914;0.2608695652173913;8.695652173913045;20;0.3799999999999999;6;-1;-6;0.0385259631490787;0.0434782608695652;0.69;6.0;0;1;1;0;0;1;1;0;0.0434782608695652;0.125;0.0016750418760469;23.0;1.0;0.0;1.0;0.0;0.0;1.0;0.0;1.0;0.0;0.0;1.0;0.0;1.0;0.0;0.0;1.0;0.0;0.0;0.0;0.0;0.0;0.0;0.0;0.0;0.0;1.0;0.0;0.0;0.0;0.0;0.0
2023-09-27;Manchester City;14;31;0;3;60;Newcastle;2;2;10;7;2;4;0.68;0.32;709;0.89;10;12;2;2;0;0;7;0.0;1.0;0.0;1.0;0.0;1.0;0.0;0.0;0.0;0.0;0.0;4;0.0457142857142857;0.2;631;0.0158478605388272;927.9411764705882;0.7;10.294117647058822;3;0.36;3;0;-2;0.0141043723554301;0.0;0.0;0.0;0;0;0;0;0;1;1;0;0.0;0.0;0.0;0.0;0.0;0.0;0.0;0.0;1.0;0.0;0.0;0.0;1.0;0.0;1.0;0.0;1.0;0.0;0.0;0.0;0.0;0.0;1.0;1.0;0.0;0.0;0.0;0.0;0.0;1.0;1.0;0.0;0.0;0.0;0.0
2023-09-23;Manchester City;3;3;9;3;55;Nottingham Forest;4;7;7;10;4;3;0.58;0.42;570;0.89;5;17;3;7;1;0;6;1.0;0.0;1.0;1.0;0.0;0.0;0.0;0.0;0.0;0.0;0.0;6;0.0419999999999999;0.8;507;0.009861932938856;874.1379310344828;0.8571428571428571;10.344827586206897;-3;0.1599999999999999;0;-3;-12;0.0122807017543859;0.2857142857142857;0.29;3.0;2;0;2;1;0;0;0;1;0.2857142857142857;0.5;0.0035087719298245;3.5;1.0;0.0;1.0;0.0;0.0;1.0;0.0;1.0;0.0;0.0;0.0;0.0;1.0;0.0;0.0;1.0;0.0;1.0;0.0;0.0;0.0;0.0;0.0;0.0;0.0;1.0;0.0;0.0;0.0;0.0;0.0
2023-09-19;Manchester City;0;3;4;3;33;Estrella Roja;2;2;37;3;16;2;0.76;0.24;733;0.92;5;9;2;2;0;0;12;1.0;0.0;1.0;0.0;0.0;0.0;0.0;0.0;0.0;0.0;0.0;0;0.08;0.4;674;0.0074183976261127;886.8421052631579;0.3243243243243243;15.789473684210526;34;0.52;12;0;-4;0.0504774897680764;0.081081081081081;0.2533333333333333;4.0;0;3;3;1;0;0;0;1;0.081081081081081;0.1875;0.0040927694406548;12.333333333333334;1.0;1.0;1.0;0.0;0.0;0.0;0.0;1.0;0.0;0.0;1.0;0.0;0.0;0.0;0.0;1.0;0.0;1.0;0.0;0.0;0.0;0.0;0.0;0.0;0.0;1.0;1.0;0.0;0.0;0.0;0.0
2023-09-16;Manchester City;3;3;3;3;61;West Ham;2;3;29;6;15;3;0.69;0.31;704;0.92;11;7;2;3;0;0;11;1.0;0.0;1.0;1.0;0.0;0.0;0.0;0.0;0.0;0.0;0.0;4;0.0516666666666666;0.1818181818181818;648;0.0169753086419753;939.1304347826087;0.3793103448275862;15.942028985507248;23;0.3799999999999999;7;-1;4;0.0411931818181818;0.1034482758620689;0.2299999999999999;3.6666666666666665;0;3;3;1;0;0;1;0;0.1034482758620689;0.2;0.0042613636363636;9.666666666666666;0.0;1.0;1.0;0.0;0.0;1.0;0.0;1.0;0.0;0.0;0.0;0.0;1.0;0.0;0.0;1.0;0.0;1.0;0.0;0.0;0.0;0.0;0.0;0.0;0.0;1.0;0.0;0.0;0.0;0.0;0.0
2023-09-02;Manchester City;3;3;0;3;58;Fulham;2;4;7;6;5;4;0.68;0.32;733;0.89;12;12;2;4;0;0;4;1.0;0.0;1.0;0.0;0.0;1.0;0.0;0.0;0.0;0.0;0.0;5;0.0533333333333333;0.1666666666666666;652;0.0184049079754601;958.8235294117646;0.5714285714285714;5.88235294117647;1;0.36;-1;-2;0;0.0095497953615279;0.7142857142857143;0.136;0.8;2;3;5;1;0;0;0;1;0.7142857142857143;1.0;0.0068212824010914;1.4;0.0;0.0;1.0;0.0;0.0;1.0;0.0;1.0;0.0;0.0;1.0;0.0;1.0;0.0;0.0;1.0;0.0;1.0;0.0;0.0;0.0;0.0;0.0;0.0;0.0;1.0;0.0;0.0;0.0;0.0;0.0
2023-08-27;Manchester City;3;3;2;3;818;Sheffield United;0;4;30;6;9;2;0.8;0.2;742;0.92;2;11;0;4;0;0;12;1.0;0.0;1.0;1.0;0.0;1.0;0.0;0.0;0.0;0.0;0.0;1;0.0333333333333333;0.0;683;0.0029282576866764;853.75;0.4;15.0;24;0.6000000000000001;11;-4;-9;0.0404312668463611;0.0666666666666666;0.4;6.0;0;2;2;1;0;0;1;0;0.0666666666666666;0.2222222222222222;0.0026954177897574;15.0;0.0;1.0;0.0;0.0;1.0;0.0;0.0;1.0;0.0;0.0;1.0;0.0;0.0;0.0;0.0;1.0;0.0;1.0;0.0;0.0;0.0;0.0;0.0;0.0;0.0;1.0;0.0;0.0;0.0;0.0;0.0
2023-08-19;Manchester City;3;3;0;3;60;Newcastle;1;5;14;7;4;1;0.59;0.41;684;0.89;13;11;1;5;0;0;3;1.0;0.0;1.0;1.0;0.0;1.0;0.0;0.0;0.0;0.0;0.0;0;0.0585714285714285;0.0769230769230769;609;0.0213464696223316;1032.2033898305085;0.2142857142857142;5.084745762711865;7;0.18;3;-4;2;0.0204678362573099;0.0714285714285714;0.59;3.0;1;0;1;1;0;0;0;1;0.0714285714285714;0.25;0.0014619883040935;14.0;0.0;0.0;1.0;0.0;1.0;0.0;0.0;1.0;0.0;0.0;0.0;0.0;1.0;0.0;0.0;1.0;0.0;1.0;0.0;0.0;0.0;0.0;0.0;0.0;0.0;1.0;0.0;0.0;0.0;0.0;0.0
2023-08-16;Manchester City;17;0;3;3;43;Sevilla;0;3;23;8;7;4;0.74;0.26;665;0.89;5;14;0;3;0;0;8;1.0;0.0;0.0;1.0;0.0;1.0;0.0;0.0;0.0;0.0;0.0;0;0.0325;0.0;592;0.0084459459459459;800.0;0.3478260869565217;10.81081081081081;15;0.48;8;-3;-9;0.0345864661654135;0.0434782608695652;0.74;8.0;0;1;1;0;1;0;0;1;0.0434782608695652;0.1428571428571428;0.0015037593984962;23.0;0.0;0.0;1.0;0.0;1.0;0.0;0.0;1.0;0.0;0.0;1.0;0.0;1.0;0.0;0.0;1.0;0.0;1.0;0.0;0.0;0.0;0.0;0.0;0.0;0.0;0.0;0.0;0.0;1.0;0.0;0.0
2023-08-11;Manchester City;3;3;9;3;819;Burnley;0;1;17;6;8;1;0.66;0.34;706;0.89;8;11;0;0;0;1;5;1.0;1.0;0.0;0.0;0.0;0.0;0.0;0.0;0.0;0.0;1.0;6;0.0566666666666666;0.0;628;0.0127388535031847;951.5151515151516;0.2941176470588235;7.575757575757575;11;0.32;-1;-1;-3;0.0240793201133144;0.1764705882352941;0.22;1.6666666666666667;2;1;3;1;0;0;1;0;0.1764705882352941;0.375;0.0042492917847025;5.666666666666667;0.0;1.0;1.0;0.0;0.0;0.0;0.0;1.0;0.0;0.0;1.0;0.0;1.0;0.0;0.0;1.0;0.0;1.0;0.0;0.0;0.0;0.0;0.0;0.0;0.0;1.0;0.0;0.0;0.0;0.0;0.0
2023-07-30;Manchester City;6;14;4;3;27;Atlético Madrid;2;2;15;9;7;5;0.59;0.41;578;0.91;13;14;2;2;0;0;6;1.0;0.0;1.0;0.0;0.0;0.0;0.0;0.0;0.0;0.0;0.0;3;0.0455555555555555;0.1538461538461538;526;0.0247148288973384;891.5254237288136;0.4;10.16949152542373;6;0.18;3;0;-1;0.0259515570934256;0.0666666666666666;0.59;6.0;0;1;1;0;0;1;0;1;0.0666666666666666;0.1428571428571428;0.0017301038062283;15.0;0.0;1.0;1.0;0.0;1.0;0.0;0.0;1.0;0.0;0.0;0.0;1.0;0.0;0.0;0.0;1.0;0.0;1.0;0.0;0.0;0.0;0.0;0.0;0.0;0.0;1.0;0.0;0.0;0.0;1.0;0.0
2023-07-26;Manchester City;6;3;3;3;23;Bayern;0;0;13;10;7;4;0.61;0.39;691;0.91;4;7;0;0;0;0;5;1.0;1.0;1.0;0.0;0.0;1.0;0.0;1.0;0.0;0.0;0.0;5;0.039;0.0;629;0.0063593004769475;1031.1475409836066;0.3846153846153846;8.19672131147541;3;0.2199999999999999;0;0;-3;0.0188133140376266;0.1538461538461538;0.305;2.5;1;1;2;1;0;0;1;0;0.1538461538461538;0.2857142857142857;0.0028943560057887;6.5;0.0;1.0;0.0;0.0;1.0;0.0;0.0;0.0;0.0;0.0;1.0;1.0;0.0;0.0;0.0;1.0;0.0;0.0;0.0;0.0;0.0;0.0;0.0;0.0;0.0;1.0;0.0;0.0;0.0;0.0;0.0
2023-07-23;Manchester City;-1;6;3;3;-1;Yokohama Marinos;0;0;19;10;10;5;0.67;0.33;773;0.92;4;6;0;0;0;0;7;0.0;0.0;0.0;0.0;0.0;1.0;0.0;1.0;0.0;0.0;0.0;3;0.033;0.0;711;0.0056258790436005;1061.194029850746;0.3684210526315789;10.44776119402985;9;0.34;4;0;-2;0.0245795601552393;0.2631578947368421;0.134;1.4;2;3;5;1;0;0;1;0;0.2631578947368421;0.5;0.0064683053040103;3.8;0.0;0.0;0.0;0.0;1.0;0.0;0.0;0.0;1.0;0.0;1.0;1.0;1.0;0.0;0.0;1.0;0.0;0.0;0.0;1.0;0.0;0.0;0.0;0.0;0.0;1.0;0.0;0.0;1.0;0.0;0.0
2023-06-10;Manchester City;0;31;2;3;7;Inter;2;3;7;14;4;6;0.56;0.44;512;0.86;11;17;2;3;0;0;2;1.0;0.0;1.0;0.0;0.0;0.0;0.0;0.0;1.0;0.0;1.0;4;0.0314285714285714;0.1818181818181818;440;0.025;785.7142857142857;0.2857142857142857;3.571428571428571;-7;0.12;-2;-1;-6;0.013671875;0.1428571428571428;0.56;2.0;0;1;1;1;0;0;0;1;0.1428571428571428;0.25;0.001953125;7.0;0.0;1.0;0.0;0.0;1.0;0.0;0.0;1.0;0.0;0.0;1.0;1.0;1.0;0.0;0.0;0.0;0.0;1.0;0.0;0.0;0.0;0.0;0.0;0.0;0.0;0.0;0.0;0.0;0.0;0.0;0.0
2023-06-03;Manchester City;15;31;3;3;62;Manchester United;2;2;11;13;5;3;0.6;0.4;517;0.87;12;11;2;2;0;0;3;0.0;0.0;1.0;0.0;0.0;0.0;0.0;0.0;1.0;0.0;1.0;3;0.0307692307692307;0.1666666666666666;450;0.0266666666666666;750.0;0.2727272727272727;5.0;-2;0.1999999999999999;0;0;1;0.0212765957446808;0.1818181818181818;0.3;1.5;1;1;2;1;0;0;0;1;0.1818181818181818;0.4;0.0038684719535783;5.5;0.0;1.0;0.0;0.0;1.0;0.0;0.0;1.0;1.0;0.0;0.0;1.0;1.0;0.0;0.0;1.0;0.0;1.0;0.0;0.0;0.0;0.0;0.0;0.0;0.0;0.0;0.0;0.0;0.0;0.0;0.0
2023-05-28;Manchester City;3;31;4;3;57;Brentford;0;4;17;11;3;4;0.66;0.34;635;0.89;8;12;0;4;0;0;4;1.0;1.0;0.0;0.0;0.0;0.0;0.0;0.0;0.0;0.0;0.0;3;0.0309090909090909;0.0;565;0.0141592920353982;856.060606060606;0.2352941176470588;6.0606060606060606;6;0.32;1;-4;-4;0.026771653543307;0.0;0.0;0.0;0;0;0;0;0;1;1;0;0.0;0.0;0.0;0.0;0.0;0.0;1.0;0.0;0.0;0.0;0.0;0.0;0.0;0.0;1.0;0.0;0.0;0.0;0.0;1.0;0.0;0.0;0.0;1.0;0.0;0.0;0.0;0.0;0.0;1.0;1.0;0.0;1.0;1.0;1.0
2023-05-24;Manchester City;3;0;3;3;54;Brighton;1;2;13;20;4;7;0.61;0.39;607;0.88;11;16;1;2;0;0;1;0.0;1.0;0.0;0.0;0.0;0.0;0.0;0.0;1.0;0.0;1.0;5;0.0195;0.0909090909090909;534;0.0205992509363295;875.4098360655738;0.0769230769230769;1.639344262295082;-7;0.2199999999999999;-4;-1;-5;0.0214168039538715;0.0769230769230769;0.61;1.0;1;0;1;0;1;0;1;0;0.0769230769230769;0.25;0.0016474464579901;13.0;0.0;1.0;1.0;0.0;0.0;0.0;0.0;1.0;1.0;0.0;0.0;1.0;0.0;0.0;0.0;1.0;0.0;1.0;0.0;0.0;0.0;0.0;0.0;0.0;0.0;0.0;0.0;0.0;0.0;0.0;1.0
2023-05-17;Manchester City;0;31;0;3;12;Real Madrid;3;2;16;7;8;3;0.6;0.4;618;0.89;16;14;3;2;0;0;7;1.0;0.0;1.0;0.0;0.0;0.0;0.0;0.0;1.0;0.0;1.0;3;0.0571428571428571;0.1875;550;0.029090909090909;916.6666666666669;0.4375;11.666666666666668;9;0.1999999999999999;4;1;2;0.0258899676375404;0.25;0.15;1.75;2;2;4;1;0;0;0;1;0.25;0.5;0.0064724919093851;4.0;0.0;1.0;0.0;0.0;1.0;0.0;0.0;1.0;0.0;0.0;0.0;1.0;1.0;0.0;0.0;1.0;0.0;1.0;0.0;0.0;0.0;0.0;0.0;0.0;0.0;0.0;0.0;0.0;0.0;0.0;0.0
2023-05-14;Manchester City;3;3;3;3;64;Everton;0;1;9;7;4;3;0.64;0.36;670;0.91;4;12;0;1;0;0;6;1.0;0.0;1.0;0.0;0.0;0.0;0.0;0.0;1.0;0.0;0.0;8;0.0514285714285714;0.0;610;0.0065573770491803;953.125;0.6666666666666666;9.375;2;0.28;-2;-1;-8;0.0134328358208955;0.3333333333333333;0.2133333333333333;2.0;2;1;3;1;0;0;1;0;0.3333333333333333;0.75;0.0044776119402985;3.0;0.0;0.0;1.0;0.0;0.0;0.0;0.0;1.0;0.0;0.0;0.0;0.0;1.0;0.0;0.0;1.0;0.0;1.0;0.0;0.0;0.0;0.0;0.0;0.0;0.0;1.0;0.0;0.0;0.0;1.0;1.0
2023-05-09;Manchester City;0;31;0;3;12;Real Madrid;2;2;10;13;6;4;0.56;0.44;565;0.9;11;11;2;2;0;0;7;1.0;0.0;1.0;0.0;0.0;0.0;0.0;0.0;1.0;0.0;1.0;8;0.0338461538461538;0.1818181818181818;508;0.0216535433070866;907.1428571428572;0.7;12.499999999999998;-3;0.12;-1;0;0;0.0176991150442477;0.1;0.56;7.0;0;1;1;0;1;0;1;0;0.1;0.1666666666666666;0.0017699115044247;10.0;0.0;1.0;0.0;0.0;1.0;0.0;0.0;1.0;0.0;0.0;0.0;1.0;1.0;0.0;0.0;1.0;0.0;1.0;0.0;0.0;0.0;0.0;0.0;0.0;0.0;0.0;0.0;0.0;0.0;0.0;0.0
2023-05-06;Manchester City;3;31;3;3;817;Leeds;0;3;18;4;6;2;0.81;0.19;873;0.91;3;16;0;3;0;0;10;1.0;1.0;0.0;0.0;0.0;0.0;0.0;0.0;1.0;0.0;1.0;1;0.0475;0.0;794;0.0037783375314861;980.2469135802468;0.5555555555555556;12.34567901234568;14;0.6200000000000001;9;-3;-13;0.0206185567010309;0.1111111111111111;0.405;5.0;2;0;2;1;0;0;0;1;0.1111111111111111;0.3333333333333333;0.0022909507445589;9.0;0.0;0.0;1.0;0.0;0.0;0.0;0.0;1.0;0.0;0.0;1.0;0.0;1.0;0.0;0.0;0.0;0.0;0.0;0.0;0.0;0.0;0.0;0.0;0.0;0.0;1.0;0.0;0.0;0.0;1.0;1.0
