Fecha;Equipo_name;Torneo;Alineacion;Alineacion_contrincante;equipo;equipo_contrincante;equipo_contrincante_name;tarjetas;tarjetas_contrincante;Remates;Remates_contrincante;Remates al arco;Remates al arco_contrincante;Posesión;Posesión_contrincante;Pases;Precisión de los pases;Faltas;Faltas_contrincante;Tarjetas amarillas;Tarjetas amarillas_contrincante;Tarjetas rojas;Tarjetas rojas_contrincante;Tiros de esquina;Anthony Lopes-Nantes;Kelvin Amian Adou-Nantes;Jean-Charles Castelletto-Nantes;Nathan Zeze-Nantes;Sorba Thomas-Nantes;Douglas Augusto Soares Gomes-Nantes;Louis Leroux-Nantes;Nicolas Cozza-Nantes;Matthis Abline-Nantes;Mostafa Mohamed-Nantes;Moses Simon-Nantes;Tiros de esquina_concedidos;Posesión_contra_por_remate;tarjetas_por_falta;pases_completados;faltas_por_pases;pases_por_posesion;tirosEsquina_por_remate;tirosEsquina_por_posesion;diff_remates;diff_posesion;diff_Tiros de esquina;diff_tarjetas;diff_faltas;remates_por_pase;posesion_por_remate;posesion_por_gol;tirosEsquina_por_gol;goles_primera_mitad;goles_segunda_mitad;goles_totales;gano;empato;perdio;visitante;local;conversion_goles;conversion_arco;goles_por_pase;remates_al_arco_por_gol;Saïdou Sow-Nantes;Nicolas Pallois-Nantes;Elia Meschack-Nantes;Johann Lepenant-Nantes;Pedro Chirivella-Nantes;Marcus Coco-Nantes;Francis Coquelin-Nantes;Herba Guirassy-Nantes;Florent Mollet-Nantes;Patrik Carlgren-Nantes;Jean-Kévin Duverne-Nantes;Ignatius Ganago-Nantes;Fabien Centonze-Nantes;Alban Lafont-Nantes;Tino Kadewere-Nantes;Jean-Philippe Gbamin-Nantes;Eray Cömert-Nantes;Samuel Moutoussamy-Nantes;Moussa Sissoko-Nantes;Bénie Traoré-Nantes;Rémy Descamps-Nantes;Quentin Merlin-Nantes;Ronaël Pierre-Gabriel-Nantes;Adson-Nantes;Marquinhos-Nantes;Bastien Meupiyou-Nantes;Kader Bamba-Nantes;João Victor-Nantes;Andrei Girotto-Nantes;Charles Traoré-Nantes;Ludovic Blas-Nantes;Andy Delort-Nantes;Evann Guessand-Nantes;Jaouen Hadjam-Nantes;Sébastien Corchia-Nantes;Lohann Doucet-Nantes;Fábio da Silva-Nantes;Dennis Appiah-Nantes
2025-04-18;Nantes;2;6;2;769;768;Rennes;6;3;4;19;1;5;0.34;0.66;292;0.8;13;24;5;3;1;0;2;1.0;1.0;1.0;1.0;1.0;1.0;1.0;1.0;1.0;1.0;1.0;10;0.034736842105263156;0.46153846153846156;234;0.05555555555555555;688.235294117647;0.5;5.88235294117647;-15;-0.32;-8;3;-11;0.0136986301369863;0.25;0.34;2.0;0;1;1;0;0;1;1;0;0.25;1.0;0.003424657534246575;4.0;0.0;0.0;0.0;0.0;0.0;0.0;0.0;0.0;0.0;0.0;0.0;0.0;0.0;0.0;0.0;0.0;0.0;0.0;0.0;0.0;0.0;0.0;0.0;0.0;0.0;0.0;0.0;0.0;0.0;0.0;0.0;0.0;0.0;0.0;0.0;0.0;0.0;0.0
2025-04-04;Nantes;2;6;17;769;109;Niza;1;1;8;21;4;9;0.23;0.77;220;0.6;14;9;1;1;0;0;2;1.0;1.0;0.0;0.0;1.0;1.0;1.0;1.0;1.0;0.0;1.0;11;0.03666666666666667;0.07142857142857142;132;0.10606060606060606;573.9130434782609;0.25;8.695652173913043;-13;-0.54;-9;0;5;0.03636363636363636;0.25;0.115;1.0;2;0;2;1;0;0;1;0;0.25;0.5;0.00909090909090909;4.0;1.0;1.0;1.0;0.0;0.0;0.0;0.0;0.0;0.0;0.0;0.0;0.0;0.0;0.0;0.0;0.0;0.0;0.0;0.0;0.0;0.0;0.0;0.0;0.0;0.0;0.0;0.0;0.0;0.0;0.0;0.0;0.0;0.0;0.0;0.0;0.0;0.0;0.0
2025-03-30;Nantes;2;0;3;769;774;Le Havre;2;1;7;16;2;5;0.47;0.53;366;0.83;9;16;2;1;0;0;4;1.0;1.0;0.0;0.0;0.0;1.0;0.0;1.0;1.0;1.0;1.0;3;0.033125;0.2222222222222222;304;0.029605263157894735;646.8085106382979;0.5714285714285714;8.51063829787234;-9;-0.06000000000000005;1;1;-7;0.01912568306010929;0.2857142857142857;0.235;2.0;1;1;2;0;0;1;1;0;0.2857142857142857;1.0;0.00546448087431694;3.5;1.0;1.0;0.0;1.0;1.0;0.0;0.0;0.0;0.0;0.0;0.0;0.0;0.0;0.0;0.0;0.0;0.0;0.0;0.0;0.0;0.0;0.0;0.0;0.0;0.0;0.0;0.0;0.0;0.0;0.0;0.0;0.0;0.0;0.0;0.0;0.0;0.0;0.0
2025-03-15;Nantes;2;0;3;769;15;LOSC;3;3;10;13;3;4;0.32;0.68;297;0.8;9;15;2;3;1;0;3;1.0;0.0;1.0;0.0;1.0;1.0;1.0;1.0;1.0;0.0;1.0;5;0.05230769230769231;0.3333333333333333;238;0.037815126050420166;743.75;0.3;9.375;-3;-0.36000000000000004;-2;0;-6;0.03367003367003367;0.1;0.32;3.0;0;1;1;1;0;0;0;1;0.1;0.3333333333333333;0.003367003367003367;10.0;1.0;0.0;0.0;0.0;1.0;1.0;0.0;0.0;0.0;0.0;0.0;0.0;0.0;0.0;0.0;0.0;0.0;0.0;0.0;0.0;0.0;0.0;0.0;0.0;0.0;0.0;0.0;0.0;0.0;0.0;0.0;0.0;0.0;0.0;0.0;0.0;0.0;0.0
2025-03-09;Nantes;2;4;17;769;767;Racing de Estrasburgo;1;1;11;9;2;1;0.39;0.61;353;0.82;12;17;1;1;0;0;3;1.0;1.0;1.0;0.0;1.0;1.0;1.0;0.0;1.0;1.0;0.0;9;0.06777777777777777;0.08333333333333333;289;0.04152249134948097;741.025641025641;0.2727272727272727;7.692307692307692;2;-0.21999999999999997;-6;0;-5;0.031161473087818695;0.0;0.0;0.0;0;0;0;0;0;1;0;1;0.0;0.0;0.0;0.0;0.0;1.0;0.0;1.0;0.0;1.0;0.0;0.0;0.0;0.0;0.0;0.0;0.0;0.0;0.0;0.0;0.0;0.0;0.0;0.0;0.0;0.0;0.0;0.0;0.0;0.0;0.0;0.0;0.0;0.0;0.0;0.0;0.0;0.0;0.0;0.0;0.0;0.0
2025-03-02;Nantes;2;9;17;769;764;Marsella;2;1;8;21;2;5;0.25;0.75;259;0.73;15;14;2;1;0;0;2;1.0;0.0;1.0;0.0;0.0;0.0;1.0;0.0;1.0;0.0;1.0;3;0.03571428571428571;0.13333333333333333;189;0.07936507936507936;756.0;0.25;8.0;-13;-0.5;-1;1;1;0.03088803088803089;0.0;0.0;0.0;0;0;0;0;0;1;1;0;0.0;0.0;0.0;0.0;1.0;1.0;0.0;1.0;1.0;1.0;1.0;0.0;0.0;0.0;0.0;0.0;0.0;0.0;0.0;0.0;0.0;0.0;0.0;0.0;0.0;0.0;0.0;0.0;0.0;0.0;0.0;0.0;0.0;0.0;0.0;0.0;0.0;0.0;0.0;0.0;0.0;0.0
2025-02-23;Nantes;2;0;3;769;765;Lens;2;5;17;14;8;4;0.35;0.65;325;0.8;13;18;2;4;0;1;2;1.0;1.0;1.0;0.0;0.0;1.0;1.0;0.0;1.0;1.0;1.0;11;0.04642857142857143;0.15384615384615385;260;0.05;742.8571428571429;0.11764705882352941;5.714285714285714;3;-0.30000000000000004;-9;-3;-5;0.052307692307692305;0.17647058823529413;0.11666666666666665;0.6666666666666666;1;2;3;1;0;0;0;1;0.17647058823529413;0.375;0.009230769230769232;5.666666666666667;1.0;1.0;0.0;1.0;0.0;0.0;0.0;0.0;0.0;0.0;0.0;0.0;0.0;0.0;0.0;0.0;0.0;0.0;0.0;0.0;0.0;0.0;0.0;0.0;0.0;0.0;0.0;0.0;0.0;0.0;0.0;0.0;0.0;0.0;0.0;0.0;0.0;0.0
2025-02-15;Nantes;2;4;3;769;4;Mónaco;2;1;6;22;2;11;0.35;0.65;336;0.77;9;18;1;1;1;0;1;1.0;1.0;1.0;0.0;0.0;1.0;0.0;1.0;1.0;0.0;1.0;9;0.029545454545454545;0.2222222222222222;259;0.03474903474903475;740.0;0.16666666666666666;2.857142857142857;-16;-0.30000000000000004;-8;1;-9;0.017857142857142856;0.16666666666666666;0.35;1.0;1;0;1;0;0;1;1;0;0.16666666666666666;0.5;0.002976190476190476;6.0;1.0;1.0;0.0;1.0;1.0;0.0;0.0;0.0;0.0;0.0;0.0;0.0;0.0;0.0;0.0;0.0;0.0;0.0;0.0;0.0;0.0;0.0;0.0;0.0;0.0;0.0;0.0;0.0;0.0;0.0;0.0;0.0;0.0;0.0;0.0;0.0;0.0;0.0
2025-02-07;Nantes;2;0;0;769;5;Stade Brestois;3;2;15;10;2;6;0.59;0.41;471;0.84;15;13;3;2;0;0;12;1.0;0.0;1.0;0.0;0.0;1.0;0.0;1.0;1.0;1.0;1.0;4;0.040999999999999995;0.2;396;0.03787878787878788;671.1864406779662;0.8;20.33898305084746;5;0.18;8;1;2;0.03184713375796178;0.0;0.0;0.0;0;0;0;0;0;1;0;1;0.0;0.0;0.0;0.0;1.0;0.0;0.0;1.0;1.0;1.0;0.0;0.0;0.0;0.0;0.0;0.0;0.0;0.0;0.0;0.0;0.0;0.0;0.0;0.0;0.0;0.0;0.0;0.0;0.0;0.0;0.0;0.0;0.0;0.0;0.0;0.0;0.0;0.0;0.0;0.0;0.0;0.0
2025-02-02;Nantes;2;0;3;769;766;Reims;3;4;11;13;6;2;0.45;0.55;384;0.81;10;14;3;3;0;1;3;1.0;0.0;1.0;0.0;0.0;0.0;0.0;1.0;1.0;1.0;1.0;9;0.04230769230769231;0.3;311;0.03215434083601286;691.1111111111111;0.2727272727272727;6.666666666666666;-2;-0.10000000000000003;-6;-1;-4;0.028645833333333332;0.18181818181818182;0.225;1.5;1;1;2;1;0;0;1;0;0.18181818181818182;0.3333333333333333;0.005208333333333333;5.5;1.0;1.0;0.0;1.0;1.0;1.0;0.0;0.0;0.0;0.0;0.0;0.0;0.0;0.0;0.0;0.0;0.0;0.0;0.0;0.0;0.0;0.0;0.0;0.0;0.0;0.0;0.0;0.0;0.0;0.0;0.0;0.0;0.0;0.0;0.0;0.0;0.0;0.0
2025-01-26;Nantes;2;3;0;769;90;Lyon;3;1;7;15;5;4;0.37;0.63;351;0.85;14;11;3;1;0;0;4;1.0;1.0;1.0;0.0;0.0;0.0;0.0;1.0;1.0;0.0;1.0;8;0.042;0.21428571428571427;298;0.04697986577181208;805.4054054054054;0.5714285714285714;10.81081081081081;-8;-0.26;-4;2;3;0.019943019943019943;0.14285714285714285;0.37;4.0;0;1;1;0;1;0;0;1;0.14285714285714285;0.2;0.002849002849002849;7.0;1.0;1.0;0.0;0.0;1.0;0.0;0.0;1.0;1.0;0.0;0.0;0.0;0.0;0.0;0.0;0.0;0.0;0.0;0.0;0.0;0.0;0.0;0.0;0.0;0.0;0.0;0.0;0.0;0.0;0.0;0.0;0.0;0.0;0.0;0.0;0.0;0.0;0.0
2025-01-19;Nantes;2;7;0;769;773;Saint-Étienne;1;2;8;12;4;2;0.24;0.76;235;0.65;11;9;1;2;0;0;7;1.0;1.0;1.0;0.0;0.0;1.0;0.0;1.0;1.0;0.0;1.0;7;0.06333333333333334;0.09090909090909091;153;0.0718954248366013;637.5;0.875;29.166666666666668;-4;-0.52;0;-1;2;0.03404255319148936;0.125;0.24;7.0;1;0;1;0;1;0;1;0;0.125;0.25;0.00425531914893617;8.0;0.0;1.0;0.0;1.0;1.0;0.0;0.0;1.0;0.0;0.0;0.0;0.0;0.0;0.0;0.0;0.0;0.0;0.0;0.0;0.0;0.0;0.0;0.0;0.0;0.0;0.0;0.0;0.0;0.0;0.0;0.0;0.0;0.0;0.0;0.0;0.0;0.0;0.0
2025-01-15;Nantes;13;7;3;769;5;Stade Brestois;0;2;16;8;1;4;0.62;0.38;567;0.81;10;13;0;2;0;0;7;0.0;1.0;0.0;0.0;1.0;1.0;0.0;1.0;1.0;0.0;1.0;3;0.0475;0.0;459;0.02178649237472767;740.3225806451613;0.4375;11.290322580645162;8;0.24;4;-2;-3;0.02821869488536155;0.0625;0.62;7.0;0;1;1;0;0;1;1;0;0.0625;1.0;0.001763668430335097;16.0;0.0;1.0;0.0;1.0;1.0;0.0;0.0;0.0;0.0;1.0;1.0;0.0;0.0;0.0;0.0;0.0;0.0;0.0;0.0;0.0;0.0;0.0;0.0;0.0;0.0;0.0;0.0;0.0;0.0;0.0;0.0;0.0;0.0;0.0;0.0;0.0;0.0;0.0
2025-01-10;Nantes;2;7;17;769;4;Mónaco;3;0;10;15;4;7;0.31;0.69;278;0.72;17;14;3;0;0;0;3;1.0;1.0;1.0;1.0;1.0;1.0;0.0;1.0;1.0;0.0;1.0;11;0.046;0.17647058823529413;200;0.085;645.1612903225806;0.3;9.67741935483871;-5;-0.37999999999999995;-8;3;3;0.03597122302158273;0.2;0.155;1.5;1;1;2;0;1;0;0;1;0.2;0.5;0.007194244604316547;5.0;0.0;1.0;0.0;1.0;0.0;0.0;0.0;0.0;0.0;0.0;0.0;0.0;0.0;0.0;0.0;0.0;0.0;0.0;0.0;0.0;0.0;0.0;0.0;0.0;0.0;0.0;0.0;0.0;0.0;0.0;0.0;0.0;0.0;0.0;0.0;0.0;0.0;0.0
2025-01-04;Nantes;2;7;3;769;15;LOSC;2;1;6;13;2;3;0.28;0.72;290;0.75;10;6;2;1;0;0;0;1.0;1.0;1.0;1.0;1.0;1.0;0.0;1.0;1.0;0.0;0.0;2;0.05538461538461538;0.2;218;0.045871559633027525;778.5714285714284;0.0;0.0;-7;-0.43999999999999995;-2;1;4;0.020689655172413793;0.16666666666666666;0.28;0.0;0;1;1;0;1;0;1;0;0.16666666666666666;0.5;0.0034482758620689655;6.0;0.0;0.0;0.0;1.0;1.0;0.0;0.0;0.0;0.0;0.0;0.0;1.0;0.0;0.0;0.0;0.0;0.0;0.0;0.0;0.0;0.0;0.0;0.0;0.0;0.0;0.0;0.0;0.0;0.0;0.0;0.0;0.0;0.0;0.0;0.0;0.0;0.0;0.0
2024-12-21;Nantes;13;3;5;769;-1;Drancy;0;2;19;4;6;1;0.67;0.33;688;0.91;8;11;0;2;0;0;7;0.0;0.0;1.0;1.0;0.0;1.0;0.0;1.0;1.0;0.0;0.0;0;0.0825;0.0;626;0.012779552715654952;934.3283582089551;0.3684210526315789;10.44776119402985;15;0.34;7;-2;-3;0.027616279069767442;0.21052631578947367;0.1675;1.75;2;2;4;1;0;0;1;0;0.21052631578947367;0.6666666666666666;0.005813953488372093;4.75;0.0;0.0;0.0;1.0;1.0;1.0;0.0;1.0;0.0;1.0;0.0;1.0;0.0;0.0;0.0;0.0;0.0;0.0;0.0;0.0;0.0;0.0;0.0;0.0;0.0;0.0;0.0;0.0;0.0;0.0;0.0;0.0;0.0;0.0;0.0;0.0;0.0;0.0
2024-12-15;Nantes;2;4;28;769;5;Stade Brestois;3;3;16;13;7;8;0.48;0.52;450;0.82;14;10;3;3;0;0;5;0.0;1.0;1.0;0.0;0.0;1.0;0.0;1.0;1.0;0.0;1.0;0;0.04;0.21428571428571427;369;0.037940379403794036;768.75;0.3125;10.416666666666668;3;-0.040000000000000036;5;0;4;0.035555555555555556;0.0625;0.48;5.0;0;1;1;0;0;1;1;0;0.0625;0.14285714285714285;0.0022222222222222222;16.0;0.0;1.0;0.0;1.0;1.0;0.0;0.0;0.0;0.0;1.0;1.0;0.0;0.0;0.0;0.0;0.0;0.0;0.0;0.0;0.0;0.0;0.0;0.0;0.0;0.0;0.0;0.0;0.0;0.0;0.0;0.0;0.0;0.0;0.0;0.0;0.0;0.0;0.0
2024-12-08;Nantes;2;4;17;769;768;Rennes;1;2;14;5;2;3;0.45;0.55;385;0.8;15;9;1;1;0;1;5;0.0;1.0;1.0;1.0;0.0;1.0;0.0;1.0;1.0;0.0;1.0;5;0.11000000000000001;0.06666666666666667;308;0.048701298701298704;684.4444444444445;0.35714285714285715;11.11111111111111;9;-0.10000000000000003;0;-1;6;0.03636363636363636;0.07142857142857142;0.45;5.0;0;1;1;1;0;0;0;1;0.07142857142857142;0.5;0.0025974025974025974;14.0;0.0;1.0;0.0;1.0;1.0;0.0;0.0;0.0;0.0;1.0;0.0;0.0;0.0;0.0;0.0;0.0;0.0;0.0;0.0;0.0;0.0;0.0;0.0;0.0;0.0;0.0;0.0;0.0;0.0;0.0;0.0;0.0;0.0;0.0;0.0;0.0;0.0;0.0
2024-11-30;Nantes;2;4;0;769;19;PSG;0;0;5;24;2;10;0.15;0.85;184;0.66;6;3;0;0;0;0;3;0.0;0.0;1.0;1.0;0.0;1.0;0.0;1.0;1.0;0.0;1.0;9;0.035416666666666666;0.0;121;0.049586776859504134;806.6666666666667;0.6;20.0;-19;-0.7;-6;0;3;0.02717391304347826;0.2;0.15;3.0;1;0;1;0;1;0;1;0;0.2;0.5;0.005434782608695652;5.0;0.0;1.0;0.0;1.0;1.0;0.0;0.0;0.0;0.0;1.0;0.0;0.0;1.0;0.0;0.0;0.0;0.0;0.0;0.0;0.0;0.0;0.0;0.0;0.0;0.0;0.0;0.0;0.0;0.0;0.0;0.0;0.0;0.0;0.0;0.0;0.0;0.0;0.0
2024-11-24;Nantes;2;3;17;769;774;Le Havre;2;1;18;7;4;4;0.71;0.29;631;0.86;15;12;2;1;0;0;10;0.0;0.0;1.0;1.0;0.0;1.0;0.0;1.0;1.0;0.0;1.0;2;0.041428571428571426;0.13333333333333333;543;0.027624309392265192;764.7887323943662;0.5555555555555556;14.084507042253522;11;0.42;8;1;3;0.028526148969889066;0.0;0.0;0.0;0;0;0;0;0;1;0;1;0.0;0.0;0.0;0.0;0.0;0.0;0.0;1.0;1.0;0.0;0.0;0.0;1.0;0.0;1.0;0.0;0.0;1.0;0.0;0.0;0.0;0.0;0.0;0.0;0.0;0.0;0.0;0.0;0.0;0.0;0.0;0.0;0.0;0.0;0.0;0.0;0.0;0.0;0.0;0.0;0.0;0.0
2024-11-09;Nantes;2;6;17;769;765;Lens;0;2;9;15;3;3;0.32;0.68;321;0.76;8;14;0;2;0;0;1;0.0;1.0;1.0;0.0;0.0;1.0;0.0;1.0;1.0;1.0;1.0;6;0.04533333333333334;0.0;244;0.03278688524590164;762.5;0.1111111111111111;3.125;-6;-0.36000000000000004;-5;-2;-6;0.028037383177570093;0.2222222222222222;0.16;0.5;1;1;2;0;0;1;1;0;0.2222222222222222;0.6666666666666666;0.006230529595015576;4.5;0.0;1.0;0.0;0.0;1.0;0.0;0.0;0.0;0.0;0.0;1.0;0.0;0.0;1.0;0.0;0.0;0.0;0.0;0.0;0.0;0.0;0.0;0.0;0.0;0.0;0.0;0.0;0.0;0.0;0.0;0.0;0.0;0.0;0.0;0.0;0.0;0.0;0.0
2024-11-03;Nantes;2;3;3;769;764;Marsella;1;1;7;9;3;4;0.26;0.74;283;0.74;17;6;1;1;0;0;2;0.0;0.0;1.0;0.0;1.0;1.0;0.0;1.0;0.0;1.0;1.0;5;0.08222222222222222;0.058823529411764705;209;0.08133971291866028;803.8461538461538;0.2857142857142857;7.692307692307692;-2;-0.48;-3;0;11;0.024734982332155476;0.14285714285714285;0.26;2.0;1;0;1;0;0;1;0;1;0.14285714285714285;0.3333333333333333;0.0035335689045936395;7.0;0.0;1.0;0.0;0.0;1.0;1.0;0.0;0.0;0.0;0.0;0.0;0.0;0.0;1.0;1.0;0.0;0.0;0.0;0.0;0.0;0.0;0.0;0.0;0.0;0.0;0.0;0.0;0.0;0.0;0.0;0.0;0.0;0.0;0.0;0.0;0.0;0.0;0.0
2024-10-27;Nantes;2;3;29;769;767;Racing de Estrasburgo;3;2;8;9;6;5;0.49;0.51;478;0.83;17;15;3;2;0;0;4;0.0;0.0;1.0;1.0;1.0;1.0;0.0;1.0;1.0;1.0;0.0;5;0.05666666666666667;0.17647058823529413;397;0.042821158690176324;810.2040816326531;0.5;8.16326530612245;-1;-0.020000000000000018;-1;1;2;0.016736401673640166;0.125;0.49;4.0;0;1;1;0;0;1;1;0;0.125;0.16666666666666666;0.0020920502092050207;8.0;0.0;0.0;0.0;0.0;0.0;1.0;0.0;0.0;0.0;0.0;0.0;0.0;0.0;1.0;1.0;1.0;0.0;0.0;0.0;0.0;0.0;0.0;0.0;0.0;0.0;0.0;0.0;0.0;0.0;0.0;0.0;0.0;0.0;0.0;0.0;0.0;0.0;0.0
2024-10-20;Nantes;2;0;17;769;109;Niza;2;1;11;13;7;7;0.42;0.58;390;0.81;10;11;2;1;0;0;4;0.0;1.0;1.0;1.0;0.0;0.0;0.0;1.0;1.0;1.0;1.0;8;0.04461538461538461;0.2;316;0.03164556962025317;752.3809523809524;0.36363636363636365;9.523809523809524;-2;-0.15999999999999998;-4;1;-1;0.028205128205128206;0.09090909090909091;0.42;4.0;0;1;1;0;1;0;0;1;0.09090909090909091;0.14285714285714285;0.002564102564102564;11.0;0.0;0.0;0.0;1.0;1.0;0.0;0.0;0.0;1.0;0.0;0.0;0.0;0.0;1.0;0.0;0.0;0.0;0.0;0.0;0.0;0.0;0.0;0.0;0.0;0.0;0.0;0.0;0.0;0.0;0.0;0.0;0.0;0.0;0.0;0.0;0.0;0.0;0.0
2024-10-06;Nantes;2;3;3;769;90;Lyon;2;1;11;17;6;6;0.37;0.63;368;0.79;5;10;2;1;0;0;9;0.0;1.0;0.0;1.0;1.0;1.0;0.0;1.0;1.0;0.0;1.0;6;0.03705882352941176;0.4;291;0.01718213058419244;786.4864864864865;0.8181818181818182;24.324324324324326;-6;-0.26;3;1;-5;0.029891304347826088;0.0;0.0;0.0;0;0;0;0;0;1;1;0;0.0;0.0;0.0;0.0;0.0;1.0;0.0;0.0;1.0;0.0;0.0;0.0;0.0;0.0;0.0;0.0;0.0;1.0;0.0;1.0;0.0;0.0;0.0;0.0;0.0;0.0;0.0;0.0;0.0;0.0;0.0;0.0;0.0;0.0;0.0;0.0;0.0;0.0;0.0;0.0;0.0;0.0
2024-09-29;Nantes;2;3;0;769;773;Saint-Étienne;3;2;16;5;3;3;0.61;0.39;537;0.86;11;12;2;2;1;0;8;0.0;0.0;1.0;1.0;1.0;1.0;0.0;1.0;1.0;0.0;1.0;4;0.078;0.2727272727272727;462;0.023809523809523808;757.3770491803278;0.5;13.114754098360656;11;0.21999999999999997;4;1;-1;0.0297951582867784;0.125;0.305;4.0;1;1;2;0;1;0;0;1;0.125;0.6666666666666666;0.0037243947858473;8.0;0.0;0.0;0.0;1.0;1.0;1.0;0.0;0.0;0.0;0.0;0.0;0.0;0.0;1.0;0.0;0.0;0.0;0.0;0.0;0.0;0.0;0.0;0.0;0.0;0.0;0.0;0.0;0.0;0.0;0.0;0.0;0.0;0.0;0.0;0.0;0.0;0.0;0.0
2024-09-22;Nantes;2;3;3;769;771;Angers;4;1;9;4;3;1;0.49;0.51;473;0.82;16;13;4;1;0;0;6;0.0;1.0;1.0;0.0;0.0;1.0;0.0;0.0;1.0;0.0;1.0;3;0.1275;0.25;388;0.041237113402061855;791.8367346938776;0.6666666666666666;12.244897959183673;5;-0.020000000000000018;3;3;3;0.019027484143763214;0.1111111111111111;0.49;6.0;1;0;1;0;1;0;1;0;0.1111111111111111;0.3333333333333333;0.0021141649048625794;9.0;0.0;1.0;0.0;1.0;1.0;0.0;0.0;0.0;0.0;0.0;1.0;0.0;0.0;1.0;1.0;0.0;0.0;0.0;0.0;0.0;0.0;0.0;0.0;0.0;0.0;0.0;0.0;0.0;0.0;0.0;0.0;0.0;0.0;0.0;0.0;0.0;0.0;0.0
2024-09-15;Nantes;2;3;0;769;766;Reims;3;1;18;11;6;4;0.44;0.56;456;0.87;14;5;3;1;0;0;6;0.0;1.0;1.0;0.0;0.0;1.0;0.0;0.0;1.0;0.0;1.0;3;0.05090909090909091;0.21428571428571427;397;0.03526448362720403;902.2727272727273;0.3333333333333333;13.636363636363637;7;-0.12000000000000005;3;2;9;0.039473684210526314;0.05555555555555555;0.44;6.0;1;0;1;0;0;1;0;1;0.05555555555555555;0.16666666666666666;0.0021929824561403508;18.0;0.0;1.0;0.0;1.0;1.0;0.0;0.0;0.0;0.0;0.0;1.0;0.0;0.0;1.0;1.0;0.0;0.0;0.0;0.0;0.0;0.0;0.0;0.0;0.0;0.0;0.0;0.0;0.0;0.0;0.0;0.0;0.0;0.0;0.0;0.0;0.0;0.0;0.0
2024-08-31;Nantes;2;3;3;769;775;Montpellier;2;2;9;10;4;4;0.31;0.69;257;0.74;14;11;2;2;0;0;3;0.0;0.0;0.0;1.0;1.0;0.0;0.0;0.0;1.0;0.0;1.0;8;0.06899999999999999;0.14285714285714285;190;0.07368421052631578;612.9032258064516;0.3333333333333333;9.67741935483871;-1;-0.37999999999999995;-5;0;3;0.03501945525291829;0.3333333333333333;0.10333333333333333;1.0;2;1;3;1;0;0;1;0;0.3333333333333333;0.75;0.011673151750972763;3.0;0.0;1.0;0.0;1.0;1.0;1.0;0.0;0.0;0.0;0.0;1.0;0.0;0.0;1.0;1.0;0.0;0.0;0.0;0.0;0.0;0.0;0.0;0.0;0.0;0.0;0.0;0.0;0.0;0.0;0.0;0.0;0.0;0.0;0.0;0.0;0.0;0.0;0.0
2024-08-25;Nantes;2;3;3;769;770;Auxerre;2;2;9;12;5;3;0.34;0.66;290;0.73;9;6;2;1;0;1;3;0.0;1.0;1.0;1.0;1.0;1.0;0.0;0.0;1.0;0.0;1.0;12;0.055;0.2222222222222222;212;0.04245283018867924;623.5294117647059;0.3333333333333333;8.823529411764705;-3;-0.32;-9;0;3;0.03103448275862069;0.2222222222222222;0.17;1.5;1;1;2;1;0;0;0;1;0.2222222222222222;0.4;0.006896551724137931;4.5;0.0;0.0;0.0;1.0;1.0;0.0;0.0;0.0;0.0;0.0;1.0;0.0;0.0;1.0;0.0;0.0;0.0;0.0;0.0;0.0;0.0;0.0;0.0;0.0;0.0;0.0;0.0;0.0;0.0;0.0;0.0;0.0;0.0;0.0;0.0;0.0;0.0;0.0
2024-08-18;Nantes;2;3;6;769;772;Toulouse;3;1;10;12;2;6;0.46;0.54;418;0.83;11;14;3;1;0;0;5;0.0;1.0;1.0;1.0;1.0;1.0;0.0;0.0;1.0;0.0;1.0;10;0.045000000000000005;0.2727272727272727;347;0.03170028818443804;754.3478260869565;0.5;10.869565217391305;-2;-0.08000000000000002;-5;2;-3;0.023923444976076555;0.0;0.0;0.0;0;0;0;0;1;0;1;0;0.0;0.0;0.0;0.0;0.0;0.0;0.0;0.0;1.0;1.0;0.0;0.0;0.0;0.0;0.0;0.0;0.0;1.0;1.0;0.0;0.0;0.0;0.0;0.0;0.0;0.0;0.0;0.0;0.0;0.0;0.0;0.0;0.0;0.0;0.0;0.0;0.0;0.0;0.0;0.0;0.0;0.0
2024-08-11;Nantes;6;1;17;769;65;Crystal Palace;0;0;6;13;3;2;0.37;0.63;375;0.78;7;12;0;0;0;0;4;0.0;0.0;1.0;1.0;1.0;1.0;0.0;0.0;1.0;0.0;1.0;2;0.04846153846153846;0.0;292;0.023972602739726026;789.1891891891892;0.6666666666666666;10.81081081081081;-7;-0.26;2;0;-5;0.016;0.16666666666666666;0.37;4.0;1;0;1;0;1;0;1;0;0.16666666666666666;0.3333333333333333;0.0026666666666666666;6.0;0.0;0.0;0.0;0.0;1.0;1.0;0.0;0.0;0.0;0.0;0.0;0.0;1.0;1.0;1.0;0.0;0.0;0.0;0.0;0.0;0.0;0.0;0.0;0.0;0.0;0.0;0.0;0.0;0.0;0.0;0.0;0.0;0.0;0.0;0.0;0.0;0.0;0.0
2024-05-19;Nantes;2;8;1;769;4;Mónaco;2;1;6;10;3;6;0.38;0.62;373;0.8;23;14;2;1;0;0;2;0.0;1.0;0.0;1.0;0.0;0.0;0.0;1.0;1.0;0.0;0.0;2;0.062;0.08695652173913043;298;0.07718120805369127;784.2105263157895;0.3333333333333333;5.2631578947368425;-4;-0.24;0;1;9;0.0160857908847185;0.0;0.0;0.0;0;0;0;0;0;1;1;0;0.0;0.0;0.0;0.0;0.0;1.0;0.0;0.0;0.0;1.0;0.0;0.0;0.0;0.0;0.0;0.0;0.0;1.0;0.0;0.0;1.0;1.0;1.0;1.0;0.0;0.0;0.0;0.0;0.0;0.0;0.0;0.0;0.0;0.0;0.0;0.0;0.0;0.0;0.0;0.0;0.0;0.0
2024-05-12;Nantes;2;2;3;769;15;LOSC;4;2;9;11;5;3;0.29;0.71;235;0.71;17;7;4;2;0;0;5;0.0;1.0;0.0;1.0;0.0;0.0;0.0;1.0;1.0;1.0;0.0;4;0.06454545454545454;0.23529411764705882;167;0.10179640718562874;575.8620689655173;0.5555555555555556;17.24137931034483;-2;-0.42;1;2;10;0.03829787234042553;0.1111111111111111;0.29;5.0;0;1;1;0;0;1;0;1;0.1111111111111111;0.2;0.00425531914893617;9.0;0.0;1.0;0.0;0.0;1.0;0.0;0.0;0.0;1.0;0.0;0.0;0.0;0.0;1.0;0.0;0.0;1.0;0.0;1.0;0.0;0.0;0.0;0.0;0.0;0.0;0.0;0.0;0.0;0.0;0.0;0.0;0.0;0.0;0.0;0.0;0.0;0.0;0.0
2024-05-04;Nantes;2;6;3;769;5;Stade Brestois;2;3;9;9;1;2;0.28;0.72;262;0.69;14;7;2;3;0;0;0;0.0;0.0;1.0;0.0;0.0;0.0;0.0;0.0;1.0;0.0;0.0;6;0.08;0.14285714285714285;181;0.07734806629834254;646.4285714285713;0.0;0.0;0;-0.43999999999999995;-6;-1;7;0.03435114503816794;0.0;0.0;0.0;0;0;0;0;1;0;1;0;0.0;0.0;0.0;0.0;0.0;1.0;0.0;0.0;0.0;1.0;0.0;0.0;0.0;0.0;1.0;0.0;0.0;1.0;1.0;0.0;1.0;1.0;1.0;1.0;0.0;0.0;0.0;0.0;0.0;0.0;0.0;0.0;0.0;0.0;0.0;0.0;0.0;0.0;0.0;0.0;0.0;0.0
2024-04-26;Nantes;2;3;3;769;775;Montpellier;1;4;15;8;5;1;0.46;0.54;429;0.79;14;11;1;2;0;2;6;0.0;1.0;1.0;0.0;0.0;0.0;0.0;1.0;1.0;1.0;0.0;3;0.0675;0.07142857142857142;339;0.04129793510324484;736.9565217391304;0.4;13.043478260869565;7;-0.08000000000000002;3;-3;3;0.03496503496503497;0.06666666666666667;0.46;6.0;1;0;1;0;1;0;1;0;0.06666666666666667;0.2;0.002331002331002331;15.0;0.0;1.0;0.0;0.0;1.0;1.0;0.0;0.0;1.0;0.0;0.0;0.0;0.0;1.0;0.0;0.0;0.0;0.0;1.0;0.0;0.0;0.0;0.0;0.0;0.0;0.0;0.0;0.0;0.0;0.0;0.0;0.0;0.0;0.0;0.0;0.0;0.0;0.0
2024-04-20;Nantes;2;0;3;769;768;Rennes;1;4;6;14;4;5;0.44;0.56;368;0.8;16;11;1;4;0;0;3;0.0;1.0;1.0;0.0;0.0;1.0;0.0;1.0;0.0;1.0;0.0;7;0.04;0.0625;294;0.05442176870748299;668.1818181818181;0.5;6.818181818181818;-8;-0.12000000000000005;-4;-3;5;0.016304347826086956;0.0;0.0;0.0;0;0;0;0;0;1;0;1;0.0;0.0;0.0;0.0;0.0;1.0;0.0;0.0;1.0;0.0;0.0;0.0;1.0;0.0;0.0;0.0;0.0;1.0;0.0;0.0;0.0;1.0;1.0;0.0;0.0;0.0;0.0;0.0;0.0;0.0;0.0;0.0;0.0;0.0;0.0;0.0;0.0;0.0;0.0;0.0;0.0;0.0
2024-04-14;Nantes;2;3;4;769;774;Le Havre;2;3;12;10;4;1;0.57;0.43;485;0.84;12;14;2;3;0;0;7;0.0;1.0;1.0;0.0;0.0;0.0;0.0;0.0;1.0;1.0;0.0;6;0.043;0.16666666666666666;407;0.029484029484029485;714.0350877192983;0.5833333333333334;12.280701754385966;2;0.13999999999999996;1;-1;-2;0.024742268041237112;0.08333333333333333;0.57;7.0;0;1;1;1;0;0;1;0;0.08333333333333333;0.25;0.002061855670103093;12.0;0.0;1.0;0.0;0.0;1.0;0.0;0.0;0.0;1.0;0.0;1.0;0.0;0.0;1.0;0.0;0.0;0.0;1.0;1.0;0.0;0.0;0.0;0.0;0.0;0.0;0.0;0.0;0.0;0.0;0.0;0.0;0.0;0.0;0.0;0.0;0.0;0.0;0.0
2024-04-07;Nantes;2;3;0;769;90;Lyon;2;2;14;19;6;10;0.41;0.59;391;0.79;8;14;2;2;0;0;5;0.0;1.0;1.0;0.0;0.0;1.0;0.0;1.0;1.0;1.0;0.0;5;0.031052631578947366;0.25;309;0.025889967637540454;753.6585365853659;0.35714285714285715;12.195121951219512;-5;-0.18;0;0;-6;0.03580562659846547;0.07142857142857142;0.41;5.0;1;0;1;0;0;1;0;1;0.07142857142857142;0.16666666666666666;0.0025575447570332483;14.0;0.0;0.0;0.0;0.0;1.0;0.0;0.0;0.0;1.0;0.0;0.0;0.0;0.0;1.0;0.0;0.0;1.0;0.0;1.0;0.0;0.0;0.0;0.0;0.0;0.0;0.0;0.0;0.0;0.0;0.0;0.0;0.0;0.0;0.0;0.0;0.0;0.0;0.0
2024-03-31;Nantes;2;3;0;769;109;Niza;5;2;13;12;4;3;0.43;0.57;379;0.84;19;7;5;2;0;0;3;0.0;1.0;1.0;0.0;0.0;1.0;0.0;1.0;1.0;1.0;0.0;9;0.047499999999999994;0.2631578947368421;318;0.059748427672955975;739.5348837209302;0.23076923076923078;6.976744186046512;1;-0.13999999999999996;-6;3;12;0.03430079155672823;0.15384615384615385;0.215;1.5;1;1;2;1;0;0;1;0;0.15384615384615385;0.5;0.005277044854881266;6.5;0.0;0.0;0.0;0.0;1.0;0.0;0.0;0.0;1.0;0.0;0.0;0.0;0.0;1.0;0.0;0.0;1.0;0.0;1.0;0.0;0.0;0.0;0.0;0.0;0.0;0.0;0.0;0.0;0.0;0.0;0.0;0.0;0.0;0.0;0.0;0.0;0.0;0.0
2024-03-16;Nantes;2;3;6;769;767;Racing de Estrasburgo;2;3;11;11;2;6;0.64;0.36;465;0.86;16;15;2;3;0;0;4;0.0;1.0;1.0;1.0;0.0;0.0;0.0;0.0;0.0;1.0;1.0;5;0.03272727272727272;0.125;400;0.04;625.0;0.36363636363636365;6.25;0;0.28;-1;-1;1;0.023655913978494623;0.09090909090909091;0.64;4.0;1;0;1;0;0;1;0;1;0.09090909090909091;0.5;0.002150537634408602;11.0;0.0;0.0;0.0;0.0;1.0;0.0;0.0;0.0;1.0;0.0;0.0;0.0;0.0;1.0;1.0;0.0;1.0;0.0;1.0;0.0;0.0;0.0;0.0;0.0;0.0;0.0;0.0;0.0;0.0;0.0;0.0;0.0;0.0;0.0;0.0;0.0;0.0;0.0
2024-03-10;Nantes;2;4;0;769;764;Marsella;3;2;10;12;3;4;0.46;0.54;381;0.85;16;11;3;2;0;0;8;0.0;1.0;1.0;1.0;0.0;1.0;0.0;1.0;0.0;0.0;1.0;2;0.045000000000000005;0.1875;324;0.04938271604938271;704.3478260869565;0.8;17.391304347826086;-2;-0.08000000000000002;6;1;5;0.026246719160104987;0.0;0.0;0.0;0;0;0;0;0;1;1;0;0.0;0.0;0.0;0.0;0.0;0.0;0.0;0.0;1.0;0.0;0.0;0.0;0.0;0.0;0.0;0.0;0.0;1.0;1.0;0.0;1.0;0.0;1.0;0.0;0.0;0.0;0.0;0.0;0.0;0.0;0.0;0.0;0.0;0.0;0.0;0.0;0.0;0.0;0.0;0.0;0.0;0.0
2024-03-03;Nantes;2;4;0;769;-1;Metz;3;2;9;13;2;4;0.47;0.53;416;0.77;7;11;3;2;0;0;10;0.0;0.0;1.0;1.0;0.0;1.0;0.0;1.0;0.0;1.0;1.0;3;0.04076923076923077;0.42857142857142855;320;0.021875;680.8510638297872;1.1111111111111112;21.27659574468085;-4;-0.06000000000000005;7;1;-4;0.021634615384615384;0.0;0.0;0.0;0;0;0;0;0;1;0;1;0.0;0.0;0.0;0.0;0.0;1.0;0.0;0.0;1.0;1.0;0.0;0.0;1.0;0.0;0.0;0.0;0.0;1.0;0.0;0.0;0.0;0.0;0.0;0.0;0.0;0.0;0.0;0.0;0.0;0.0;0.0;0.0;0.0;0.0;0.0;0.0;0.0;0.0;0.0;0.0;0.0;0.0
2024-02-24;Nantes;2;4;17;769;-1;Lorient;2;0;7;6;6;1;0.36;0.64;345;0.8;11;11;2;0;0;0;8;0.0;0.0;1.0;1.0;0.0;1.0;0.0;1.0;0.0;1.0;1.0;3;0.10666666666666667;0.18181818181818182;276;0.03985507246376811;766.6666666666667;1.1428571428571428;22.22222222222222;1;-0.28;5;2;0;0.020289855072463767;0.14285714285714285;0.36;8.0;0;1;1;1;0;0;1;0;0.14285714285714285;0.16666666666666666;0.002898550724637681;7.0;0.0;1.0;0.0;0.0;1.0;0.0;0.0;0.0;0.0;0.0;0.0;0.0;0.0;1.0;0.0;0.0;1.0;0.0;1.0;0.0;0.0;0.0;0.0;0.0;0.0;0.0;0.0;0.0;0.0;0.0;0.0;0.0;0.0;0.0;0.0;0.0;0.0;0.0
2024-02-17;Nantes;2;4;0;769;19;PSG;1;0;12;12;7;2;0.22;0.78;252;0.73;10;12;1;0;0;0;3;0.0;0.0;1.0;1.0;0.0;1.0;0.0;1.0;0.0;1.0;0.0;8;0.065;0.1;184;0.05434782608695652;836.3636363636364;0.25;13.636363636363637;0;-0.56;-5;1;-2;0.047619047619047616;0.0;0.0;0.0;0;0;0;0;0;1;0;1;0.0;0.0;0.0;0.0;0.0;1.0;0.0;0.0;1.0;1.0;0.0;0.0;0.0;0.0;0.0;0.0;0.0;0.0;1.0;0.0;0.0;0.0;1.0;0.0;1.0;0.0;0.0;0.0;0.0;0.0;0.0;0.0;0.0;0.0;0.0;0.0;0.0;0.0;0.0;0.0;0.0;0.0
2024-02-11;Nantes;2;0;3;769;772;Toulouse;1;2;5;16;2;3;0.25;0.75;225;0.6;13;10;1;2;0;0;0;0.0;0.0;1.0;1.0;0.0;0.0;0.0;0.0;0.0;1.0;0.0;12;0.046875;0.07692307692307693;135;0.0962962962962963;540.0;0.0;0.0;-11;-0.5;-12;-1;3;0.022222222222222223;0.4;0.125;0.0;1;1;2;1;0;0;1;0;0.4;1.0;0.008888888888888889;2.5;0.0;1.0;0.0;0.0;1.0;1.0;0.0;0.0;0.0;0.0;1.0;0.0;0.0;1.0;1.0;0.0;0.0;0.0;1.0;1.0;0.0;0.0;0.0;0.0;0.0;0.0;0.0;0.0;0.0;0.0;0.0;0.0;0.0;0.0;0.0;0.0;0.0;0.0
2024-02-03;Nantes;2;8;29;769;765;Lens;2;2;7;12;2;4;0.42;0.58;378;0.81;16;11;2;2;0;0;2;0.0;1.0;1.0;1.0;0.0;1.0;0.0;0.0;0.0;1.0;0.0;3;0.04833333333333333;0.125;306;0.05228758169934641;728.5714285714286;0.2857142857142857;4.761904761904762;-5;-0.15999999999999998;-1;0;5;0.018518518518518517;0.0;0.0;0.0;0;0;0;0;0;1;0;1;0.0;0.0;0.0;0.0;0.0;0.0;0.0;0.0;1.0;0.0;0.0;0.0;1.0;0.0;1.0;0.0;0.0;1.0;1.0;0.0;0.0;0.0;1.0;0.0;0.0;0.0;0.0;0.0;0.0;0.0;0.0;0.0;0.0;0.0;0.0;0.0;0.0;0.0;0.0;0.0;0.0;0.0
2024-01-28;Nantes;2;0;0;769;766;Reims;2;3;7;10;5;1;0.51;0.49;468;0.82;16;8;2;3;0;0;2;0.0;1.0;0.0;1.0;0.0;1.0;0.0;0.0;0.0;0.0;0.0;6;0.049;0.125;384;0.041666666666666664;752.9411764705882;0.2857142857142857;3.9215686274509802;-3;0.020000000000000018;-4;-1;8;0.014957264957264958;0.0;0.0;0.0;0;0;0;0;1;0;1;0;0.0;0.0;0.0;0.0;0.0;0.0;0.0;0.0;1.0;1.0;0.0;0.0;1.0;0.0;1.0;0.0;0.0;1.0;1.0;0.0;1.0;0.0;1.0;0.0;0.0;0.0;0.0;0.0;0.0;0.0;0.0;0.0;0.0;0.0;0.0;0.0;0.0;0.0;0.0;0.0;0.0;0.0
2024-01-20;Nantes;13;7;6;769;-1;Laval;1;1;20;6;6;3;0.7;0.3;704;0.87;10;14;1;1;0;0;7;0.0;0.0;0.0;1.0;0.0;1.0;0.0;0.0;1.0;0.0;0.0;2;0.049999999999999996;0.1;612;0.016339869281045753;874.2857142857143;0.35;10.0;14;0.39999999999999997;5;0;-4;0.028409090909090908;0.0;0.0;0.0;0;0;0;0;0;1;0;1;0.0;0.0;0.0;0.0;0.0;0.0;0.0;0.0;1.0;1.0;0.0;0.0;1.0;0.0;0.0;0.0;0.0;1.0;1.0;0.0;1.0;0.0;1.0;0.0;0.0;1.0;0.0;0.0;0.0;0.0;0.0;0.0;0.0;0.0;0.0;0.0;0.0;0.0;0.0;0.0;0.0;0.0
2024-01-14;Nantes;2;1;17;769;-1;Clermont;2;1;21;15;10;6;0.52;0.48;425;0.81;10;5;1;1;1;0;11;0.0;0.0;0.0;0.0;0.0;1.0;0.0;0.0;0.0;0.0;0.0;5;0.032;0.2;344;0.029069767441860465;661.5384615384615;0.5238095238095238;21.153846153846153;6;0.040000000000000036;6;1;5;0.04941176470588235;0.047619047619047616;0.52;11.0;0;1;1;0;0;1;0;1;0.047619047619047616;0.1;0.002352941176470588;21.0;0.0;1.0;0.0;0.0;1.0;1.0;0.0;0.0;1.0;0.0;0.0;0.0;0.0;1.0;1.0;0.0;1.0;0.0;1.0;1.0;0.0;1.0;0.0;0.0;0.0;0.0;0.0;0.0;0.0;0.0;0.0;0.0;0.0;0.0;0.0;0.0;0.0;0.0
2024-01-05;Nantes;13;17;17;769;-1;Pau;2;0;20;5;9;2;0.67;0.33;679;0.88;14;8;2;0;0;0;6;0.0;0.0;0.0;0.0;0.0;1.0;0.0;0.0;0.0;0.0;0.0;0;0.066;0.14285714285714285;598;0.023411371237458192;892.5373134328357;0.3;8.955223880597014;15;0.34;6;2;6;0.029455081001472753;0.2;0.1675;1.5;0;4;4;1;0;0;1;0;0.2;0.4444444444444444;0.005891016200294551;5.0;0.0;1.0;0.0;0.0;1.0;1.0;0.0;0.0;1.0;0.0;1.0;0.0;0.0;1.0;0.0;0.0;1.0;0.0;1.0;1.0;0.0;1.0;0.0;0.0;0.0;0.0;0.0;0.0;0.0;0.0;0.0;0.0;0.0;0.0;0.0;0.0;0.0;0.0
2023-12-20;Nantes;2;29;17;769;90;Lyon;2;2;7;8;0;7;0.62;0.38;551;0.86;14;8;2;1;0;1;7;0.0;0.0;1.0;0.0;0.0;1.0;0.0;0.0;1.0;0.0;1.0;7;0.0475;0.14285714285714285;474;0.029535864978902954;764.516129032258;1.0;11.290322580645162;-1;0.24;0;0;6;0.012704174228675136;0.0;0.0;0.0;0;0;0;0;0;1;1;0;0.0;0.0;0.0;0.0;0.0;0.0;0.0;0.0;1.0;0.0;0.0;0.0;1.0;0.0;1.0;0.0;1.0;1.0;0.0;0.0;1.0;0.0;0.0;0.0;0.0;1.0;0.0;0.0;0.0;0.0;0.0;0.0;0.0;0.0;0.0;0.0;0.0;0.0;0.0;0.0;0.0;0.0
2023-12-17;Nantes;2;3;0;769;5;Stade Brestois;1;3;12;14;4;8;0.52;0.48;502;0.85;15;8;1;3;0;0;4;0.0;0.0;1.0;0.0;0.0;1.0;0.0;0.0;0.0;1.0;1.0;3;0.03428571428571429;0.06666666666666667;427;0.0351288056206089;821.1538461538461;0.3333333333333333;7.692307692307692;-2;0.040000000000000036;1;-2;7;0.02390438247011952;0.0;0.0;0.0;0;0;0;0;0;1;0;1;0.0;0.0;0.0;0.0;0.0;1.0;0.0;0.0;1.0;0.0;0.0;0.0;1.0;0.0;0.0;0.0;0.0;1.0;0.0;0.0;1.0;0.0;1.0;0.0;0.0;1.0;0.0;0.0;0.0;0.0;0.0;0.0;0.0;0.0;0.0;0.0;0.0;0.0;0.0;0.0;0.0;0.0
2023-12-09;Nantes;2;3;0;769;19;PSG;3;1;10;16;4;6;0.34;0.66;387;0.81;12;9;3;1;0;0;3;0.0;0.0;1.0;0.0;0.0;1.0;0.0;0.0;0.0;1.0;1.0;5;0.04125;0.25;313;0.038338658146964855;920.5882352941176;0.3;8.823529411764705;-6;-0.32;-2;2;3;0.025839793281653745;0.1;0.34;3.0;0;1;1;0;0;1;1;0;0.1;0.25;0.002583979328165375;10.0;0.0;0.0;0.0;0.0;0.0;1.0;0.0;0.0;1.0;0.0;1.0;0.0;0.0;1.0;0.0;0.0;1.0;1.0;1.0;0.0;0.0;0.0;0.0;0.0;0.0;0.0;0.0;0.0;0.0;0.0;0.0;0.0;0.0;0.0;0.0;0.0;0.0;0.0
2023-12-02;Nantes;2;3;0;769;109;Niza;3;0;13;13;4;6;0.37;0.63;374;0.82;15;18;3;0;0;0;5;0.0;0.0;1.0;0.0;0.0;1.0;0.0;0.0;0.0;1.0;1.0;6;0.04846153846153846;0.2;307;0.048859934853420196;829.7297297297297;0.38461538461538464;13.513513513513514;0;-0.26;-1;3;-3;0.034759358288770054;0.07692307692307693;0.37;5.0;1;0;1;1;0;0;0;1;0.07692307692307693;0.25;0.00267379679144385;13.0;0.0;0.0;0.0;0.0;1.0;1.0;0.0;0.0;1.0;0.0;1.0;0.0;0.0;1.0;0.0;0.0;1.0;0.0;1.0;0.0;0.0;0.0;0.0;0.0;0.0;0.0;0.0;0.0;0.0;0.0;0.0;0.0;0.0;0.0;0.0;0.0;0.0;0.0
2023-11-26;Nantes;2;3;8;769;774;Le Havre;1;3;19;6;3;0;0.62;0.38;572;0.85;10;17;1;2;0;1;10;0.0;0.0;1.0;0.0;0.0;1.0;0.0;0.0;0.0;1.0;1.0;5;0.06333333333333334;0.1;486;0.0205761316872428;783.8709677419355;0.5263157894736842;16.129032258064516;13;0.24;5;-2;-7;0.033216783216783216;0.0;0.0;0.0;0;0;0;0;1;0;0;1;0.0;0.0;0.0;0.0;0.0;0.0;0.0;0.0;1.0;0.0;0.0;0.0;0.0;0.0;1.0;1.0;0.0;1.0;0.0;0.0;1.0;0.0;1.0;0.0;0.0;0.0;1.0;0.0;0.0;0.0;0.0;0.0;0.0;0.0;0.0;0.0;0.0;0.0;0.0;0.0;0.0;0.0
2023-11-12;Nantes;2;17;3;769;-1;Metz;0;0;16;9;3;4;0.67;0.33;615;0.84;9;7;0;0;0;0;5;0.0;0.0;1.0;0.0;0.0;0.0;0.0;0.0;0.0;1.0;1.0;2;0.03666666666666667;0.0;517;0.017408123791102514;771.641791044776;0.3125;7.462686567164178;7;0.34;3;0;2;0.026016260162601626;0.0625;0.67;5.0;1;0;1;0;0;1;1;0;0.0625;0.3333333333333333;0.0016260162601626016;16.0;0.0;1.0;0.0;0.0;1.0;1.0;0.0;0.0;1.0;0.0;1.0;0.0;0.0;1.0;0.0;0.0;0.0;1.0;0.0;0.0;0.0;1.0;0.0;0.0;0.0;0.0;0.0;0.0;0.0;0.0;0.0;0.0;0.0;0.0;0.0;0.0;0.0;0.0
2023-11-05;Nantes;2;17;29;769;766;Reims;1;2;17;7;4;4;0.49;0.51;435;0.8;5;11;1;2;0;0;10;0.0;0.0;1.0;0.0;0.0;0.0;0.0;0.0;0.0;1.0;1.0;6;0.07285714285714286;0.2;348;0.014367816091954023;710.2040816326531;0.5882352941176471;20.408163265306122;10;-0.020000000000000018;4;-1;-6;0.03908045977011494;0.0;0.0;0.0;0;0;0;0;0;1;0;1;0.0;0.0;0.0;0.0;0.0;1.0;0.0;0.0;1.0;1.0;0.0;0.0;0.0;0.0;0.0;0.0;0.0;1.0;0.0;0.0;1.0;1.0;0.0;0.0;0.0;1.0;0.0;1.0;0.0;0.0;0.0;0.0;0.0;0.0;0.0;0.0;0.0;0.0;0.0;0.0;0.0;0.0
2023-10-28;Nantes;2;17;17;769;765;Lens;2;1;11;11;1;7;0.46;0.54;454;0.84;17;12;2;1;0;0;1;0.0;0.0;1.0;0.0;0.0;0.0;0.0;0.0;1.0;0.0;1.0;4;0.049090909090909095;0.11764705882352941;381;0.04461942257217848;828.2608695652174;0.09090909090909091;2.1739130434782608;0;-0.08000000000000002;-3;1;5;0.024229074889867842;0.0;0.0;0.0;0;0;0;0;0;1;1;0;0.0;0.0;0.0;0.0;0.0;0.0;0.0;0.0;1.0;1.0;0.0;0.0;1.0;0.0;1.0;0.0;0.0;1.0;0.0;0.0;1.0;1.0;0.0;0.0;0.0;1.0;0.0;0.0;0.0;0.0;0.0;0.0;0.0;0.0;0.0;0.0;0.0;0.0;0.0;0.0;0.0;0.0
2023-10-22;Nantes;2;0;3;769;775;Montpellier;2;1;14;11;5;6;0.57;0.43;604;0.85;16;13;2;1;0;0;4;0.0;0.0;0.0;0.0;0.0;0.0;0.0;0.0;1.0;0.0;1.0;3;0.03909090909090909;0.125;513;0.031189083820662766;900.0000000000001;0.2857142857142857;7.017543859649123;3;0.13999999999999996;1;1;3;0.023178807947019868;0.14285714285714285;0.285;2.0;1;1;2;1;0;0;0;1;0.14285714285714285;0.4;0.0033112582781456954;7.0;0.0;0.0;0.0;0.0;1.0;1.0;0.0;0.0;1.0;0.0;1.0;0.0;0.0;1.0;0.0;0.0;1.0;1.0;1.0;0.0;0.0;1.0;0.0;0.0;0.0;0.0;0.0;0.0;0.0;0.0;0.0;0.0;0.0;0.0;0.0;0.0;0.0;0.0
2023-10-06;Nantes;2;17;6;769;767;Racing de Estrasburgo;1;3;16;11;7;3;0.57;0.43;504;0.85;12;15;1;3;0;0;11;0.0;0.0;1.0;0.0;0.0;1.0;0.0;0.0;1.0;0.0;1.0;3;0.03909090909090909;0.08333333333333333;428;0.028037383177570093;750.8771929824562;0.6875;19.29824561403509;5;0.13999999999999996;8;-2;-3;0.031746031746031744;0.125;0.285;5.5;0;2;2;1;0;0;1;0;0.125;0.2857142857142857;0.003968253968253968;8.0;0.0;0.0;0.0;0.0;1.0;1.0;0.0;0.0;1.0;0.0;1.0;0.0;0.0;1.0;0.0;0.0;1.0;0.0;0.0;0.0;0.0;1.0;0.0;0.0;0.0;0.0;0.0;0.0;0.0;0.0;0.0;0.0;0.0;0.0;0.0;0.0;0.0;0.0
2023-10-01;Nantes;2;3;3;769;768;Rennes;7;3;10;16;3;5;0.41;0.59;359;0.79;17;11;6;3;1;0;4;0.0;0.0;1.0;0.0;0.0;1.0;0.0;0.0;0.0;1.0;1.0;6;0.036875;0.4117647058823529;284;0.05985915492957746;692.6829268292684;0.4;9.75609756097561;-6;-0.18;-2;4;6;0.027855153203342618;0.1;0.41;4.0;1;0;1;0;0;1;1;0;0.1;0.3333333333333333;0.002785515320334262;10.0;0.0;0.0;0.0;0.0;1.0;0.0;0.0;0.0;1.0;0.0;1.0;0.0;0.0;1.0;0.0;0.0;1.0;1.0;0.0;0.0;0.0;1.0;0.0;0.0;0.0;0.0;0.0;0.0;0.0;0.0;0.0;0.0;0.0;0.0;0.0;0.0;0.0;0.0
2023-09-23;Nantes;2;1;17;769;-1;Lorient;1;3;19;10;9;7;0.44;0.56;475;0.85;8;17;1;3;0;0;4;0.0;0.0;1.0;0.0;0.0;1.0;0.0;0.0;1.0;1.0;1.0;2;0.05600000000000001;0.125;404;0.019801980198019802;918.1818181818181;0.21052631578947367;9.090909090909092;9;-0.12000000000000005;2;-2;-9;0.04;0.2631578947368421;0.088;0.8;1;4;5;1;0;0;0;1;0.2631578947368421;0.5555555555555556;0.010526315789473684;3.8;0.0;0.0;0.0;0.0;1.0;0.0;0.0;0.0;1.0;0.0;1.0;0.0;0.0;0.0;0.0;0.0;1.0;0.0;0.0;0.0;1.0;1.0;0.0;0.0;0.0;0.0;0.0;0.0;0.0;0.0;0.0;0.0;0.0;0.0;0.0;0.0;0.0;0.0
2023-09-17;Nantes;2;3;17;769;-1;Clermont;3;2;8;16;5;3;0.48;0.52;374;0.74;16;16;3;2;0;0;3;0.0;0.0;1.0;0.0;0.0;1.0;0.0;0.0;0.0;0.0;1.0;6;0.0325;0.1875;277;0.05776173285198556;577.0833333333334;0.375;6.25;-8;-0.040000000000000036;-3;1;0;0.0213903743315508;0.125;0.48;3.0;0;1;1;1;0;0;1;0;0.125;0.2;0.00267379679144385;8.0;0.0;0.0;0.0;0.0;1.0;0.0;0.0;0.0;1.0;0.0;0.0;1.0;0.0;0.0;0.0;0.0;1.0;0.0;0.0;0.0;1.0;1.0;1.0;0.0;1.0;0.0;0.0;0.0;0.0;0.0;0.0;0.0;0.0;0.0;0.0;0.0;0.0;0.0
2023-09-01;Nantes;2;17;1;769;764;Marsella;1;2;10;26;2;9;0.36;0.64;348;0.8;7;13;0;2;1;0;2;0.0;0.0;1.0;0.0;0.0;1.0;0.0;0.0;0.0;1.0;1.0;7;0.024615384615384615;0.14285714285714285;278;0.025179856115107913;772.2222222222223;0.2;5.555555555555555;-16;-0.28;-5;-1;-6;0.028735632183908046;0.1;0.36;2.0;1;0;1;0;1;0;0;1;0.1;0.5;0.0028735632183908046;10.0;0.0;0.0;0.0;0.0;1.0;0.0;0.0;0.0;0.0;0.0;0.0;0.0;0.0;0.0;0.0;0.0;1.0;0.0;0.0;0.0;1.0;1.0;1.0;1.0;0.0;1.0;0.0;0.0;0.0;0.0;0.0;0.0;0.0;0.0;0.0;0.0;0.0;0.0
2023-08-25;Nantes;2;17;17;769;4;Mónaco;2;2;3;27;3;10;0.34;0.66;364;0.77;8;7;2;2;0;0;1;0.0;0.0;1.0;0.0;0.0;1.0;0.0;0.0;0.0;1.0;1.0;10;0.024444444444444446;0.25;280;0.02857142857142857;823.5294117647059;0.3333333333333333;2.941176470588235;-24;-0.32;-9;0;1;0.008241758241758242;1.0;0.11333333333333334;0.3333333333333333;2;1;3;0;1;0;0;1;1.0;1.0;0.008241758241758242;1.0;0.0;1.0;0.0;0.0;1.0;1.0;0.0;0.0;0.0;0.0;0.0;0.0;0.0;0.0;0.0;0.0;0.0;0.0;0.0;0.0;1.0;1.0;1.0;0.0;0.0;0.0;1.0;0.0;0.0;0.0;0.0;0.0;0.0;0.0;0.0;0.0;0.0;0.0
2023-08-20;Nantes;2;17;3;769;15;LOSC;2;1;14;18;4;8;0.35;0.65;293;0.8;15;8;2;0;0;1;5;0.0;0.0;1.0;0.0;0.0;1.0;0.0;0.0;0.0;1.0;1.0;7;0.036111111111111115;0.13333333333333333;234;0.0641025641025641;668.5714285714287;0.35714285714285715;14.285714285714286;-4;-0.30000000000000004;-2;1;7;0.04778156996587031;0.0;0.0;0.0;0;0;0;0;0;1;1;0;0.0;0.0;0.0;0.0;0.0;1.0;0.0;0.0;1.0;1.0;0.0;0.0;1.0;0.0;0.0;0.0;0.0;0.0;0.0;0.0;0.0;0.0;0.0;0.0;1.0;1.0;1.0;0.0;0.0;0.0;0.0;0.0;0.0;0.0;0.0;0.0;0.0;0.0;0.0;0.0;0.0;0.0
2023-08-13;Nantes;2;29;0;769;772;Toulouse;2;2;9;9;4;5;0.43;0.57;434;0.84;14;14;2;2;0;0;7;0.0;0.0;0.0;1.0;0.0;0.0;0.0;0.0;0.0;1.0;1.0;5;0.06333333333333332;0.14285714285714285;365;0.038356164383561646;848.8372093023256;0.7777777777777778;16.27906976744186;0;-0.13999999999999996;2;0;0;0.020737327188940093;0.1111111111111111;0.43;7.0;1;0;1;0;0;1;0;1;0.1111111111111111;0.25;0.002304147465437788;9.0;0.0;1.0;0.0;0.0;1.0;1.0;0.0;0.0;1.0;0.0;0.0;0.0;0.0;1.0;0.0;0.0;0.0;1.0;0.0;0.0;0.0;1.0;1.0;0.0;0.0;0.0;0.0;0.0;0.0;0.0;0.0;0.0;0.0;0.0;0.0;0.0;0.0;0.0
2023-06-03;Nantes;2;3;4;769;771;Angers;1;0;11;5;7;1;0.33;0.67;245;0.75;12;13;1;0;0;0;8;0.0;0.0;1.0;0.0;0.0;0.0;0.0;0.0;0.0;0.0;0.0;1;0.134;0.08333333333333333;184;0.06521739130434782;557.5757575757575;0.7272727272727273;24.242424242424242;6;-0.34;7;1;-1;0.044897959183673466;0.09090909090909091;0.33;8.0;1;0;1;1;0;0;0;1;0.09090909090909091;0.14285714285714285;0.004081632653061225;11.0;0.0;0.0;0.0;0.0;1.0;1.0;0.0;0.0;0.0;0.0;0.0;1.0;0.0;1.0;0.0;0.0;0.0;1.0;0.0;0.0;0.0;1.0;0.0;0.0;0.0;0.0;0.0;1.0;1.0;1.0;1.0;0.0;0.0;0.0;0.0;0.0;0.0;0.0
2023-05-27;Nantes;2;0;3;769;15;LOSC;4;2;8;9;3;2;0.34;0.66;298;0.72;12;7;4;2;0;0;3;0.0;0.0;1.0;0.0;0.0;0.0;0.0;0.0;0.0;0.0;0.0;5;0.07333333333333333;0.3333333333333333;215;0.05581395348837209;632.3529411764705;0.375;8.823529411764705;-1;-0.32;-2;2;5;0.026845637583892617;0.125;0.34;3.0;1;0;1;0;0;1;1;0;0.125;0.3333333333333333;0.003355704697986577;8.0;0.0;0.0;0.0;0.0;1.0;1.0;0.0;0.0;0.0;0.0;0.0;1.0;0.0;1.0;0.0;0.0;0.0;1.0;0.0;0.0;0.0;1.0;0.0;0.0;0.0;0.0;0.0;1.0;1.0;1.0;1.0;0.0;0.0;0.0;0.0;0.0;0.0;0.0
2023-05-20;Nantes;2;17;3;769;775;Montpellier;4;0;13;13;3;6;0.43;0.57;368;0.84;14;8;4;0;0;0;10;0.0;0.0;1.0;0.0;0.0;0.0;0.0;0.0;0.0;0.0;1.0;6;0.04384615384615384;0.2857142857142857;309;0.045307443365695796;718.6046511627907;0.7692307692307693;23.25581395348837;0;-0.13999999999999996;4;4;6;0.035326086956521736;0.0;0.0;0.0;0;0;0;0;0;1;0;1;0.0;0.0;0.0;0.0;0.0;1.0;0.0;0.0;0.0;0.0;0.0;0.0;1.0;0.0;0.0;0.0;1.0;1.0;0.0;0.0;0.0;1.0;0.0;0.0;0.0;1.0;0.0;0.0;0.0;0.0;0.0;0.0;1.0;0.0;1.0;1.0;0.0;0.0;0.0;0.0;0.0;0.0
2023-05-14;Nantes;2;29;3;769;772;Toulouse;1;1;8;14;1;6;0.28;0.72;289;0.7;13;6;1;1;0;0;5;0.0;0.0;1.0;0.0;0.0;0.0;0.0;0.0;0.0;0.0;1.0;10;0.05142857142857143;0.07692307692307693;202;0.06435643564356436;721.4285714285713;0.625;17.857142857142854;-6;-0.43999999999999995;-5;0;7;0.02768166089965398;0.0;0.0;0.0;0;0;0;0;1;0;1;0;0.0;0.0;0.0;0.0;0.0;1.0;0.0;0.0;0.0;1.0;0.0;0.0;1.0;0.0;0.0;0.0;1.0;1.0;0.0;0.0;0.0;1.0;0.0;0.0;0.0;1.0;0.0;0.0;0.0;0.0;0.0;0.0;1.0;0.0;1.0;0.0;0.0;0.0;0.0;0.0;0.0;0.0
2023-05-07;Nantes;2;29;17;769;767;Racing de Estrasburgo;3;1;13;8;5;6;0.55;0.45;413;0.74;22;15;3;1;0;0;11;0.0;0.0;1.0;0.0;0.0;0.0;0.0;0.0;0.0;1.0;0.0;1;0.05625;0.13636363636363635;306;0.0718954248366013;556.3636363636364;0.8461538461538461;20.0;5;0.10000000000000003;10;2;7;0.031476997578692496;0.0;0.0;0.0;0;0;0;0;0;1;0;1;0.0;0.0;0.0;0.0;0.0;1.0;0.0;0.0;0.0;0.0;0.0;0.0;0.0;0.0;0.0;1.0;1.0;1.0;0.0;0.0;0.0;1.0;0.0;0.0;0.0;1.0;0.0;0.0;0.0;0.0;0.0;1.0;1.0;0.0;1.0;0.0;0.0;0.0;0.0;0.0;0.0;0.0
2023-05-03;Nantes;2;3;7;769;5;Stade Brestois;1;0;13;8;5;4;0.47;0.53;450;0.78;15;7;1;0;0;0;4;0.0;0.0;1.0;0.0;0.0;0.0;0.0;0.0;0.0;1.0;0.0;2;0.06625;0.06666666666666667;351;0.042735042735042736;746.8085106382979;0.3076923076923077;8.51063829787234;5;-0.06000000000000005;2;1;8;0.028888888888888888;0.0;0.0;0.0;0;0;0;0;0;1;1;0;0.0;0.0;0.0;0.0;0.0;1.0;0.0;0.0;0.0;0.0;0.0;0.0;0.0;0.0;0.0;1.0;1.0;1.0;0.0;0.0;0.0;1.0;1.0;0.0;0.0;1.0;0.0;0.0;0.0;0.0;0.0;0.0;1.0;0.0;0.0;0.0;1.0;0.0;0.0;0.0;0.0;0.0
2023-04-29;Nantes;13;7;3;769;772;Toulouse;3;2;7;13;3;7;0.53;0.47;430;0.83;19;19;3;2;0;0;4;0.0;0.0;1.0;0.0;0.0;0.0;0.0;0.0;0.0;1.0;1.0;5;0.036153846153846154;0.15789473684210525;357;0.05322128851540616;673.5849056603773;0.5714285714285714;7.547169811320754;-6;0.06000000000000005;-1;1;0;0.01627906976744186;0.14285714285714285;0.53;4.0;0;1;1;0;0;1;0;1;0.14285714285714285;0.3333333333333333;0.002325581395348837;7.0;0.0;1.0;0.0;0.0;0.0;0.0;0.0;0.0;1.0;0.0;0.0;0.0;1.0;1.0;0.0;0.0;0.0;0.0;1.0;0.0;0.0;0.0;0.0;0.0;0.0;0.0;0.0;1.0;1.0;0.0;1.0;0.0;0.0;0.0;0.0;0.0;0.0;0.0
2023-04-23;Nantes;2;1;17;769;-1;Troyes;1;1;19;9;9;4;0.54;0.46;467;0.84;12;11;1;1;0;0;13;0.0;0.0;1.0;0.0;0.0;0.0;0.0;0.0;0.0;1.0;1.0;4;0.051111111111111114;0.08333333333333333;392;0.030612244897959183;725.9259259259259;0.6842105263157895;24.074074074074073;10;0.08000000000000002;9;0;1;0.04068522483940043;0.10526315789473684;0.27;6.5;1;1;2;0;1;0;0;1;0.10526315789473684;0.2222222222222222;0.004282655246252677;9.5;0.0;1.0;0.0;0.0;0.0;0.0;0.0;0.0;0.0;0.0;0.0;0.0;1.0;1.0;0.0;0.0;0.0;1.0;1.0;0.0;0.0;1.0;0.0;0.0;0.0;0.0;0.0;0.0;0.0;0.0;1.0;1.0;0.0;0.0;0.0;0.0;0.0;0.0
2023-04-16;Nantes;2;7;17;769;770;Auxerre;2;2;17;13;7;7;0.7;0.3;568;0.83;8;14;2;2;0;0;6;0.0;0.0;1.0;0.0;0.0;0.0;0.0;0.0;0.0;1.0;1.0;3;0.023076923076923075;0.25;471;0.016985138004246284;672.8571428571429;0.35294117647058826;8.571428571428571;4;0.39999999999999997;3;0;-6;0.02992957746478873;0.058823529411764705;0.7;6.0;0;1;1;0;0;1;1;0;0.058823529411764705;0.14285714285714285;0.0017605633802816902;17.0;0.0;1.0;0.0;0.0;0.0;0.0;0.0;0.0;0.0;0.0;0.0;0.0;0.0;1.0;0.0;0.0;0.0;1.0;1.0;0.0;0.0;0.0;0.0;0.0;0.0;0.0;0.0;1.0;1.0;0.0;1.0;0.0;0.0;1.0;0.0;0.0;0.0;0.0
2023-04-09;Nantes;2;3;3;769;4;Mónaco;3;1;9;16;2;10;0.48;0.52;387;0.75;13;11;3;1;0;0;6;0.0;0.0;1.0;0.0;0.0;0.0;0.0;0.0;0.0;0.0;1.0;8;0.0325;0.23076923076923078;290;0.04482758620689655;604.1666666666667;0.6666666666666666;12.5;-7;-0.040000000000000036;-2;2;2;0.023255813953488372;0.2222222222222222;0.24;3.0;0;2;2;0;1;0;0;1;0.2222222222222222;1.0;0.00516795865633075;4.5;0.0;0.0;0.0;0.0;0.0;0.0;0.0;0.0;1.0;0.0;0.0;0.0;1.0;1.0;0.0;0.0;0.0;1.0;1.0;0.0;0.0;0.0;0.0;0.0;0.0;0.0;0.0;0.0;1.0;0.0;0.0;1.0;1.0;0.0;1.0;0.0;0.0;0.0
2023-04-05;Nantes;13;7;29;769;90;Lyon;1;2;11;14;6;1;0.32;0.68;267;0.65;14;16;1;2;0;0;4;0.0;0.0;1.0;0.0;0.0;0.0;0.0;0.0;0.0;1.0;0.0;7;0.04857142857142858;0.07142857142857142;174;0.08045977011494253;543.75;0.36363636363636365;12.5;-3;-0.36000000000000004;-3;-1;-2;0.04119850187265917;0.09090909090909091;0.32;4.0;0;1;1;1;0;0;0;1;0.09090909090909091;0.16666666666666666;0.003745318352059925;11.0;0.0;1.0;0.0;0.0;0.0;0.0;0.0;0.0;0.0;0.0;0.0;1.0;1.0;0.0;0.0;0.0;0.0;1.0;1.0;0.0;1.0;0.0;0.0;0.0;0.0;0.0;0.0;1.0;1.0;0.0;1.0;0.0;0.0;0.0;0.0;0.0;0.0;0.0
2023-04-02;Nantes;2;7;3;769;766;Reims;1;2;12;14;6;9;0.48;0.52;410;0.79;10;13;1;2;0;0;3;0.0;0.0;0.0;0.0;0.0;0.0;0.0;0.0;0.0;0.0;1.0;4;0.037142857142857144;0.1;324;0.030864197530864196;675.0;0.25;6.25;-2;-0.040000000000000036;-1;-1;-3;0.02926829268292683;0.0;0.0;0.0;0;0;0;0;0;1;0;1;0.0;0.0;0.0;0.0;0.0;1.0;0.0;0.0;1.0;0.0;0.0;0.0;1.0;0.0;0.0;0.0;0.0;1.0;0.0;0.0;0.0;0.0;1.0;0.0;0.0;0.0;0.0;0.0;0.0;0.0;0.0;1.0;1.0;0.0;1.0;1.0;0.0;0.0;1.0;0.0;0.0;0.0
2023-03-17;Nantes;2;3;0;769;90;Lyon;1;0;11;11;5;6;0.33;0.67;322;0.78;7;13;1;0;0;0;2;0.0;0.0;1.0;0.0;0.0;0.0;0.0;0.0;0.0;1.0;1.0;5;0.06090909090909091;0.14285714285714285;251;0.027888446215139442;760.6060606060606;0.18181818181818182;6.0606060606060606;0;-0.34;-3;1;-6;0.034161490683229816;0.09090909090909091;0.33;2.0;1;0;1;0;1;0;1;0;0.09090909090909091;0.2;0.003105590062111801;11.0;0.0;1.0;0.0;0.0;0.0;0.0;0.0;0.0;1.0;0.0;0.0;0.0;1.0;1.0;0.0;0.0;0.0;0.0;1.0;0.0;0.0;0.0;0.0;0.0;0.0;0.0;0.0;1.0;1.0;0.0;0.0;0.0;1.0;0.0;0.0;0.0;0.0;0.0
2023-03-04;Nantes;2;4;2;769;19;PSG;2;0;8;17;5;11;0.33;0.67;358;0.84;8;7;2;0;0;0;6;0.0;0.0;1.0;0.0;0.0;0.0;0.0;0.0;0.0;0.0;0.0;4;0.039411764705882354;0.25;301;0.026578073089700997;912.1212121212121;0.75;18.18181818181818;-9;-0.34;2;2;1;0.0223463687150838;0.25;0.165;3.0;2;0;2;0;0;1;1;0;0.25;0.4;0.00558659217877095;4.0;0.0;1.0;0.0;0.0;0.0;0.0;0.0;0.0;1.0;0.0;0.0;1.0;1.0;1.0;0.0;0.0;0.0;1.0;1.0;0.0;0.0;0.0;0.0;0.0;0.0;0.0;0.0;0.0;1.0;0.0;1.0;0.0;0.0;1.0;0.0;0.0;0.0;0.0
2023-03-01;Nantes;13;3;17;769;765;Lens;0;1;9;20;4;7;0.38;0.62;350;0.78;8;9;0;1;0;0;3;0.0;0.0;1.0;0.0;0.0;0.0;0.0;0.0;0.0;0.0;0.0;7;0.031;0.0;273;0.029304029304029304;718.421052631579;0.3333333333333333;7.894736842105263;-11;-0.24;-4;-1;-1;0.025714285714285714;0.2222222222222222;0.19;1.5;1;1;2;1;0;0;0;1;0.2222222222222222;0.5;0.005714285714285714;4.5;0.0;0.0;0.0;0.0;0.0;0.0;0.0;0.0;1.0;0.0;0.0;1.0;1.0;0.0;0.0;0.0;0.0;1.0;1.0;0.0;1.0;0.0;0.0;0.0;0.0;0.0;0.0;0.0;1.0;0.0;0.0;1.0;1.0;1.0;0.0;0.0;0.0;0.0
2023-02-26;Nantes;2;0;0;769;768;Rennes;2;2;20;12;8;3;0.56;0.44;477;0.8;8;12;2;2;0;0;12;0.0;0.0;1.0;0.0;0.0;0.0;0.0;0.0;0.0;0.0;0.0;4;0.03666666666666667;0.25;382;0.020942408376963352;682.1428571428571;0.6;21.428571428571427;8;0.12000000000000005;8;0;-4;0.041928721174004195;0.0;0.0;0.0;0;0;0;0;0;1;0;1;0.0;0.0;0.0;0.0;0.0;0.0;0.0;0.0;1.0;0.0;0.0;0.0;1.0;0.0;0.0;1.0;1.0;1.0;0.0;0.0;0.0;1.0;0.0;0.0;0.0;0.0;0.0;0.0;0.0;0.0;0.0;0.0;1.0;0.0;1.0;1.0;0.0;1.0;0.0;0.0;0.0;0.0
2023-02-23;Nantes;5;4;23;769;14;Juventus;2;1;10;19;4;12;0.39;0.61;417;0.87;13;11;1;1;1;0;4;0.0;0.0;1.0;0.0;0.0;0.0;0.0;0.0;0.0;0.0;1.0;6;0.032105263157894734;0.15384615384615385;363;0.03581267217630854;930.7692307692307;0.4;10.256410256410255;-9;-0.21999999999999997;-2;1;2;0.023980815347721823;0.0;0.0;0.0;0;0;0;0;0;1;0;1;0.0;0.0;0.0;0.0;0.0;1.0;0.0;0.0;1.0;0.0;0.0;0.0;1.0;0.0;0.0;0.0;1.0;1.0;0.0;0.0;0.0;0.0;1.0;0.0;0.0;0.0;0.0;0.0;0.0;0.0;0.0;0.0;1.0;0.0;1.0;1.0;0.0;0.0;0.0;0.0;0.0;0.0
2023-02-19;Nantes;2;29;17;769;765;Lens;0;0;6;19;3;6;0.42;0.58;423;0.8;15;9;0;0;0;0;5;0.0;0.0;0.0;0.0;0.0;0.0;0.0;0.0;0.0;1.0;1.0;2;0.030526315789473683;0.0;338;0.04437869822485207;804.7619047619048;0.8333333333333334;11.904761904761905;-13;-0.15999999999999998;3;0;6;0.014184397163120567;0.16666666666666666;0.42;5.0;1;0;1;0;0;1;1;0;0.16666666666666666;0.3333333333333333;0.002364066193853428;6.0;0.0;0.0;0.0;0.0;0.0;0.0;0.0;0.0;1.0;0.0;0.0;0.0;0.0;1.0;0.0;0.0;0.0;1.0;1.0;0.0;0.0;0.0;0.0;0.0;0.0;0.0;0.0;1.0;1.0;1.0;0.0;0.0;0.0;1.0;1.0;0.0;0.0;0.0
2023-02-16;Nantes;5;4;0;769;14;Juventus;3;2;7;14;1;6;0.43;0.57;461;0.85;11;8;3;2;0;0;5;0.0;0.0;1.0;0.0;0.0;0.0;0.0;0.0;0.0;1.0;0.0;3;0.04071428571428571;0.2727272727272727;392;0.02806122448979592;911.6279069767442;0.7142857142857143;11.627906976744185;-7;-0.13999999999999996;2;1;3;0.015184381778741865;0.14285714285714285;0.43;5.0;0;1;1;0;1;0;1;0;0.14285714285714285;1.0;0.0021691973969631237;7.0;0.0;1.0;0.0;0.0;1.0;1.0;0.0;0.0;0.0;0.0;0.0;0.0;1.0;1.0;0.0;0.0;0.0;1.0;1.0;0.0;0.0;0.0;0.0;0.0;0.0;0.0;0.0;0.0;1.0;0.0;1.0;0.0;0.0;0.0;0.0;0.0;0.0;0.0
2023-02-12;Nantes;2;3;3;769;-1;Lorient;0;0;12;9;5;5;0.49;0.51;472;0.84;12;11;0;0;0;0;7;0.0;0.0;1.0;0.0;0.0;0.0;0.0;0.0;0.0;0.0;0.0;3;0.05666666666666667;0.0;396;0.030303030303030304;808.1632653061224;0.5833333333333334;14.285714285714286;3;-0.020000000000000018;4;0;1;0.025423728813559324;0.08333333333333333;0.49;7.0;0;1;1;1;0;0;0;1;0.08333333333333333;0.2;0.00211864406779661;12.0;0.0;0.0;0.0;0.0;1.0;0.0;0.0;0.0;1.0;0.0;0.0;1.0;1.0;1.0;0.0;0.0;0.0;1.0;0.0;0.0;0.0;0.0;0.0;0.0;0.0;0.0;0.0;0.0;1.0;0.0;1.0;1.0;0.0;1.0;0.0;0.0;0.0;0.0
2023-02-08;Nantes;13;7;1;769;771;Angers;2;0;18;9;8;4;0.62;0.38;531;0.86;17;12;2;0;0;0;13;0.0;0.0;1.0;0.0;0.0;0.0;0.0;0.0;0.0;0.0;0.0;5;0.042222222222222223;0.11764705882352941;457;0.037199124726477024;737.0967741935484;0.7222222222222222;20.967741935483872;9;0.24;8;2;5;0.03389830508474576;0.05555555555555555;0.62;13.0;0;1;1;0;1;0;1;0;0.05555555555555555;0.125;0.0018832391713747645;18.0;0.0;0.0;0.0;0.0;1.0;0.0;0.0;0.0;1.0;0.0;0.0;1.0;0.0;0.0;0.0;0.0;0.0;0.0;1.0;0.0;1.0;0.0;0.0;0.0;0.0;0.0;0.0;1.0;0.0;1.0;1.0;0.0;1.0;0.0;1.0;0.0;0.0;0.0
2023-02-05;Nantes;2;3;1;769;-1;Ajaccio;1;3;7;8;3;2;0.57;0.43;468;0.77;16;16;1;2;0;1;1;0.0;0.0;1.0;0.0;0.0;0.0;0.0;0.0;0.0;1.0;0.0;2;0.05375;0.0625;360;0.044444444444444446;631.5789473684212;0.14285714285714285;1.7543859649122808;-1;0.13999999999999996;-1;-2;0;0.014957264957264958;0.2857142857142857;0.285;0.5;0;2;2;1;0;0;1;0;0.2857142857142857;0.6666666666666666;0.004273504273504274;3.5;0.0;0.0;0.0;0.0;0.0;0.0;0.0;0.0;1.0;0.0;0.0;1.0;1.0;1.0;0.0;0.0;0.0;1.0;0.0;0.0;0.0;0.0;0.0;0.0;0.0;0.0;0.0;1.0;1.0;0.0;0.0;0.0;1.0;1.0;0.0;0.0;0.0;0.0
2023-02-01;Nantes;2;3;17;769;764;Marsella;4;3;12;13;2;4;0.4;0.6;321;0.76;14;16;4;3;0;0;5;0.0;0.0;0.0;0.0;0.0;0.0;0.0;0.0;0.0;0.0;1.0;7;0.04615384615384615;0.2857142857142857;244;0.05737704918032787;610.0;0.4166666666666667;12.5;-1;-0.19999999999999996;-2;1;-2;0.037383177570093455;0.0;0.0;0.0;0;0;0;0;0;1;0;1;0.0;0.0;0.0;0.0;0.0;0.0;0.0;0.0;1.0;0.0;0.0;0.0;1.0;0.0;0.0;1.0;1.0;1.0;0.0;0.0;0.0;0.0;1.0;0.0;0.0;0.0;0.0;0.0;0.0;0.0;0.0;1.0;1.0;1.0;1.0;0.0;0.0;0.0;0.0;0.0;0.0;0.0
2023-01-29;Nantes;2;5;17;769;-1;Clermont;1;2;4;9;0;0;0.4;0.6;378;0.82;23;9;1;2;0;0;1;0.0;0.0;1.0;0.0;0.0;0.0;0.0;0.0;0.0;1.0;1.0;9;0.06666666666666667;0.043478260869565216;310;0.07419354838709677;775.0;0.25;2.5;-5;-0.19999999999999996;-8;-1;14;0.010582010582010581;0.0;0.0;0.0;0;0;0;0;1;0;1;0;0.0;0.0;0.0;0.0;0.0;0.0;0.0;0.0;1.0;0.0;0.0;0.0;0.0;0.0;0.0;0.0;1.0;1.0;0.0;0.0;0.0;1.0;1.0;0.0;0.0;0.0;0.0;0.0;0.0;0.0;0.0;0.0;1.0;0.0;1.0;0.0;0.0;1.0;0.0;0.0;0.0;0.0
2023-01-22;Nantes;13;3;4;769;-1;ES Thaon;3;3;14;3;2;0;0.73;0.27;538;0.83;9;12;3;3;0;0;8;0.0;0.0;1.0;0.0;0.0;0.0;0.0;0.0;0.0;1.0;0.0;1;0.09000000000000001;0.3333333333333333;447;0.020134228187919462;612.3287671232877;0.5714285714285714;10.95890410958904;11;0.45999999999999996;7;0;-3;0.026022304832713755;0.0;0.0;0.0;0;0;0;0;1;0;1;0;0.0;0.0;0.0;0.0;0.0;0.0;0.0;0.0;0.0;1.0;0.0;0.0;1.0;0.0;0.0;0.0;0.0;0.0;0.0;0.0;0.0;1.0;1.0;0.0;1.0;0.0;0.0;0.0;0.0;0.0;0.0;0.0;1.0;0.0;0.0;0.0;1.0;1.0;1.0;0.0;0.0;0.0
2023-01-15;Nantes;2;4;3;769;775;Montpellier;2;3;12;11;7;5;0.54;0.46;418;0.79;14;13;2;1;0;2;5;0.0;0.0;1.0;1.0;0.0;0.0;0.0;0.0;0.0;0.0;1.0;3;0.04181818181818182;0.14285714285714285;330;0.04242424242424243;611.1111111111111;0.4166666666666667;9.25925925925926;1;0.08000000000000002;2;-1;1;0.028708133971291867;0.25;0.18000000000000002;1.6666666666666667;1;2;3;1;0;0;1;0;0.25;0.42857142857142855;0.007177033492822967;4.0;0.0;0.0;0.0;0.0;1.0;0.0;0.0;0.0;0.0;0.0;0.0;0.0;1.0;1.0;0.0;0.0;0.0;0.0;1.0;0.0;0.0;0.0;0.0;0.0;0.0;0.0;0.0;0.0;1.0;1.0;1.0;0.0;1.0;0.0;0.0;0.0;0.0;0.0
2023-01-11;Nantes;2;1;0;769;90;Lyon;2;3;13;10;5;6;0.39;0.61;367;0.75;12;15;2;3;0;0;6;0.0;0.0;1.0;0.0;0.0;0.0;0.0;0.0;0.0;1.0;1.0;1;0.061;0.16666666666666666;275;0.04363636363636364;705.1282051282051;0.46153846153846156;15.384615384615383;3;-0.21999999999999997;5;-1;-3;0.035422343324250684;0.0;0.0;0.0;0;0;0;0;1;0;0;1;0.0;0.0;0.0;0.0;0.0;0.0;0.0;0.0;1.0;0.0;0.0;0.0;0.0;0.0;0.0;0.0;1.0;1.0;0.0;0.0;0.0;0.0;1.0;0.0;0.0;1.0;0.0;0.0;0.0;0.0;0.0;0.0;1.0;0.0;1.0;0.0;1.0;0.0;0.0;0.0;0.0;0.0
2023-01-07;Nantes;13;3;9;769;-1;AF Virois;0;1;18;9;7;3;0.6;0.4;528;0.85;13;13;0;1;0;0;7;0.0;0.0;1.0;0.0;0.0;0.0;0.0;0.0;0.0;1.0;1.0;0;0.044444444444444446;0.0;449;0.028953229398663696;748.3333333333334;0.3888888888888889;11.666666666666668;9;0.19999999999999996;7;-1;0;0.03409090909090909;0.1111111111111111;0.3;3.5;1;1;2;1;0;0;1;0;0.1111111111111111;0.2857142857142857;0.003787878787878788;9.0;0.0;1.0;0.0;0.0;0.0;0.0;0.0;0.0;0.0;0.0;0.0;0.0;1.0;0.0;0.0;0.0;0.0;1.0;0.0;0.0;1.0;0.0;0.0;0.0;0.0;0.0;0.0;0.0;0.0;0.0;1.0;0.0;1.0;0.0;1.0;1.0;0.0;0.0
2023-01-01;Nantes;2;1;8;769;770;Auxerre;1;2;10;14;3;6;0.51;0.49;412;0.77;10;19;1;2;0;0;3;0.0;0.0;1.0;0.0;0.0;0.0;0.0;0.0;0.0;0.0;1.0;7;0.034999999999999996;0.1;317;0.031545741324921134;621.5686274509803;0.3;5.88235294117647;-4;0.020000000000000018;-4;-1;-9;0.024271844660194174;0.1;0.51;3.0;0;1;1;1;0;0;0;1;0.1;0.3333333333333333;0.0024271844660194173;10.0;0.0;1.0;0.0;0.0;0.0;0.0;0.0;0.0;0.0;0.0;0.0;1.0;1.0;1.0;0.0;0.0;0.0;1.0;0.0;0.0;0.0;0.0;0.0;0.0;0.0;0.0;0.0;0.0;1.0;1.0;1.0;0.0;1.0;0.0;0.0;0.0;0.0;0.0
2022-12-28;Nantes;2;7;3;769;-1;Troyes;2;0;19;6;5;2;0.44;0.56;447;0.84;12;9;2;0;0;0;4;0.0;0.0;1.0;0.0;0.0;0.0;0.0;0.0;0.0;1.0;1.0;4;0.09333333333333334;0.16666666666666666;375;0.032;852.2727272727273;0.21052631578947367;9.090909090909092;13;-0.12000000000000005;0;2;3;0.042505592841163314;0.0;0.0;0.0;0;0;0;0;1;0;1;0;0.0;0.0;0.0;0.0;0.0;1.0;0.0;0.0;1.0;0.0;0.0;0.0;0.0;0.0;0.0;0.0;0.0;1.0;0.0;0.0;0.0;0.0;1.0;0.0;0.0;1.0;0.0;0.0;0.0;0.0;0.0;0.0;1.0;0.0;1.0;0.0;0.0;0.0;1.0;0.0;0.0;0.0
2022-11-13;Nantes;2;3;1;769;-1;Ajaccio;3;4;15;13;5;4;0.53;0.47;385;0.78;16;17;3;4;0;0;9;0.0;0.0;1.0;0.0;0.0;0.0;0.0;0.0;0.0;1.0;1.0;6;0.036153846153846154;0.1875;300;0.05333333333333334;566.0377358490566;0.6;16.9811320754717;2;0.06000000000000005;3;-1;-1;0.03896103896103896;0.13333333333333333;0.265;4.5;0;2;2;0;1;0;0;1;0.13333333333333333;0.4;0.005194805194805195;7.5;0.0;0.0;0.0;0.0;1.0;0.0;0.0;0.0;0.0;0.0;0.0;0.0;0.0;1.0;0.0;0.0;0.0;0.0;1.0;0.0;0.0;1.0;0.0;0.0;0.0;0.0;0.0;0.0;1.0;0.0;1.0;0.0;1.0;0.0;1.0;0.0;0.0;0.0
2022-11-06;Nantes;2;7;3;769;766;Reims;3;2;15;22;5;9;0.43;0.57;367;0.72;14;7;2;2;1;0;4;0.0;0.0;1.0;0.0;0.0;0.0;0.0;0.0;0.0;1.0;1.0;10;0.025909090909090906;0.21428571428571427;264;0.05303030303030303;613.953488372093;0.26666666666666666;9.30232558139535;-7;-0.13999999999999996;-6;1;7;0.04087193460490463;0.0;0.0;0.0;0;0;0;0;0;1;1;0;0.0;0.0;0.0;0.0;0.0;1.0;0.0;0.0;1.0;0.0;0.0;0.0;0.0;0.0;0.0;0.0;1.0;1.0;0.0;0.0;0.0;0.0;1.0;0.0;0.0;1.0;0.0;0.0;0.0;0.0;0.0;0.0;1.0;0.0;1.0;0.0;0.0;0.0;0.0;0.0;0.0;0.0
2022-11-03;Nantes;5;3;3;769;92;Olympiacos;2;1;11;12;4;5;0.4;0.6;358;0.85;15;3;2;1;0;0;5;0.0;0.0;1.0;0.0;0.0;0.0;0.0;0.0;0.0;1.0;1.0;4;0.049999999999999996;0.13333333333333333;304;0.049342105263157895;760.0;0.45454545454545453;12.5;-1;-0.19999999999999996;1;1;12;0.030726256983240222;0.18181818181818182;0.2;2.5;0;2;2;1;0;0;1;0;0.18181818181818182;0.5;0.00558659217877095;5.5;0.0;1.0;0.0;0.0;0.0;0.0;0.0;0.0;0.0;0.0;0.0;1.0;0.0;1.0;0.0;0.0;0.0;1.0;1.0;0.0;0.0;0.0;0.0;0.0;0.0;0.0;0.0;0.0;0.0;0.0;0.0;0.0;1.0;0.0;1.0;0.0;1.0;0.0
2022-10-30;Nantes;2;3;17;769;-1;Clermont;0;2;13;10;4;6;0.55;0.45;518;0.82;15;9;0;2;0;0;2;0.0;0.0;0.0;0.0;0.0;0.0;0.0;0.0;0.0;0.0;1.0;2;0.045;0.0;425;0.03529411764705882;772.7272727272726;0.15384615384615385;3.6363636363636362;3;0.10000000000000003;0;-2;6;0.025096525096525095;0.07692307692307693;0.55;2.0;0;1;1;0;1;0;0;1;0.07692307692307693;0.25;0.0019305019305019305;13.0;0.0;1.0;0.0;0.0;1.0;0.0;0.0;0.0;0.0;0.0;0.0;1.0;1.0;0.0;0.0;0.0;0.0;1.0;1.0;0.0;1.0;1.0;0.0;0.0;0.0;0.0;0.0;0.0;1.0;0.0;1.0;0.0;0.0;0.0;0.0;0.0;0.0;0.0
2022-10-27;Nantes;5;3;3;769;113;Qarabağ;3;1;17;11;8;7;0.41;0.59;325;0.71;10;10;3;1;0;0;6;0.0;0.0;1.0;0.0;0.0;0.0;0.0;0.0;0.0;1.0;0.0;9;0.053636363636363635;0.3;231;0.04329004329004329;563.4146341463415;0.35294117647058826;14.634146341463415;6;-0.18;-3;2;0;0.052307692307692305;0.11764705882352941;0.205;3.0;1;1;2;1;0;0;0;1;0.11764705882352941;0.25;0.006153846153846154;8.5;0.0;0.0;0.0;0.0;1.0;0.0;0.0;0.0;0.0;0.0;0.0;0.0;0.0;1.0;0.0;0.0;0.0;1.0;0.0;0.0;0.0;1.0;0.0;0.0;0.0;0.0;1.0;0.0;1.0;0.0;1.0;0.0;1.0;0.0;1.0;0.0;0.0;0.0
2022-10-23;Nantes;2;3;6;769;109;Niza;4;3;11;11;4;5;0.33;0.67;300;0.76;9;9;2;3;2;0;3;0.0;0.0;0.0;0.0;0.0;0.0;0.0;0.0;0.0;0.0;1.0;7;0.06090909090909091;0.4444444444444444;228;0.039473684210526314;690.9090909090909;0.2727272727272727;9.09090909090909;0;-0.34;-4;1;0;0.03666666666666667;0.09090909090909091;0.33;3.0;0;1;1;0;1;0;1;0;0.09090909090909091;0.25;0.0033333333333333335;11.0;0.0;1.0;0.0;0.0;1.0;0.0;0.0;0.0;0.0;0.0;0.0;1.0;0.0;1.0;0.0;0.0;0.0;1.0;1.0;0.0;0.0;1.0;0.0;0.0;0.0;0.0;0.0;0.0;1.0;0.0;1.0;0.0;0.0;0.0;0.0;0.0;0.0;1.0
2022-10-16;Nantes;2;3;3;769;5;Stade Brestois;0;2;17;11;6;2;0.55;0.45;427;0.83;13;10;0;2;0;0;7;0.0;0.0;0.0;0.0;0.0;0.0;0.0;0.0;0.0;1.0;1.0;5;0.04090909090909091;0.0;354;0.03672316384180791;643.6363636363636;0.4117647058823529;12.727272727272727;6;0.10000000000000003;2;-2;3;0.03981264637002342;0.23529411764705882;0.1375;1.75;2;2;4;1;0;0;0;1;0.23529411764705882;0.6666666666666666;0.00936768149882904;4.25;0.0;1.0;0.0;0.0;1.0;0.0;0.0;0.0;0.0;0.0;0.0;1.0;0.0;1.0;0.0;0.0;0.0;1.0;0.0;0.0;0.0;1.0;0.0;0.0;0.0;0.0;0.0;0.0;1.0;0.0;1.0;0.0;0.0;0.0;0.0;0.0;0.0;1.0
2022-10-13;Nantes;5;3;3;769;170;Friburgo;0;1;11;16;3;9;0.41;0.59;368;0.76;7;13;0;1;0;0;6;0.0;0.0;0.0;0.0;0.0;0.0;0.0;0.0;0.0;1.0;1.0;5;0.036875;0.0;280;0.025;682.9268292682927;0.5454545454545454;14.634146341463415;-5;-0.18;1;-1;-6;0.029891304347826088;0.0;0.0;0.0;0;0;0;0;0;1;0;1;0.0;0.0;0.0;0.0;0.0;1.0;0.0;0.0;1.0;0.0;0.0;0.0;0.0;0.0;0.0;0.0;0.0;1.0;0.0;0.0;0.0;0.0;1.0;0.0;0.0;1.0;0.0;0.0;0.0;0.0;0.0;0.0;1.0;0.0;1.0;0.0;1.0;0.0;1.0;0.0;0.0;0.0
2022-10-09;Nantes;2;3;1;769;768;Rennes;0;2;8;14;3;4;0.42;0.58;338;0.71;14;13;0;1;0;1;3;0.0;0.0;1.0;0.0;0.0;0.0;0.0;0.0;0.0;1.0;1.0;4;0.041428571428571426;0.0;240;0.058333333333333334;571.4285714285714;0.375;7.142857142857143;-6;-0.15999999999999998;-1;-2;1;0.023668639053254437;0.0;0.0;0.0;0;0;0;0;0;1;1;0;0.0;0.0;0.0;0.0;0.0;1.0;0.0;0.0;1.0;0.0;0.0;0.0;0.0;0.0;0.0;0.0;0.0;1.0;0.0;0.0;0.0;1.0;1.0;0.0;0.0;1.0;0.0;0.0;0.0;0.0;0.0;0.0;0.0;0.0;1.0;0.0;0.0;0.0;0.0;0.0;0.0;1.0
2022-10-06;Nantes;5;2;1;769;170;Friburgo;1;3;15;16;2;6;0.4;0.6;370;0.77;7;7;1;3;0;0;5;0.0;0.0;1.0;0.0;0.0;0.0;0.0;0.0;0.0;1.0;1.0;5;0.0375;0.14285714285714285;285;0.02456140350877193;712.5;0.3333333333333333;12.5;-1;-0.19999999999999996;0;-2;0;0.04054054054054054;0.0;0.0;0.0;0;0;0;0;0;1;1;0;0.0;0.0;0.0;0.0;0.0;1.0;0.0;0.0;1.0;0.0;0.0;0.0;0.0;0.0;0.0;0.0;0.0;1.0;0.0;0.0;0.0;1.0;0.0;0.0;0.0;1.0;0.0;0.0;0.0;0.0;0.0;0.0;1.0;0.0;1.0;0.0;0.0;0.0;0.0;0.0;0.0;1.0
2022-10-02;Nantes;2;9;1;769;4;Mónaco;1;0;7;10;2;6;0.52;0.48;514;0.87;10;8;1;0;0;0;7;0.0;0.0;1.0;0.0;0.0;0.0;0.0;0.0;0.0;0.0;1.0;7;0.048;0.1;447;0.02237136465324385;859.6153846153846;1.0;13.461538461538462;-3;0.040000000000000036;0;1;2;0.013618677042801557;0.14285714285714285;0.52;7.0;0;1;1;0;0;1;1;0;0.14285714285714285;0.5;0.0019455252918287938;7.0;0.0;1.0;0.0;0.0;1.0;0.0;0.0;0.0;0.0;0.0;0.0;1.0;0.0;1.0;0.0;0.0;0.0;0.0;1.0;0.0;0.0;1.0;0.0;0.0;0.0;0.0;0.0;0.0;1.0;0.0;0.0;0.0;1.0;0.0;0.0;0.0;0.0;1.0
2022-09-18;Nantes;2;6;6;769;765;Lens;1;1;12;8;4;2;0.41;0.59;416;0.85;14;14;1;1;0;0;3;0.0;0.0;1.0;0.0;0.0;0.0;0.0;0.0;0.0;1.0;1.0;7;0.07375;0.07142857142857142;354;0.03954802259887006;863.4146341463415;0.25;7.317073170731708;4;-0.18;-4;0;0;0.028846153846153848;0.0;0.0;0.0;0;0;0;0;1;0;0;1;0.0;0.0;0.0;0.0;0.0;1.0;0.0;0.0;1.0;0.0;0.0;0.0;0.0;0.0;0.0;0.0;0.0;1.0;0.0;0.0;0.0;1.0;0.0;0.0;0.0;1.0;0.0;0.0;0.0;0.0;0.0;0.0;1.0;0.0;1.0;0.0;0.0;0.0;0.0;0.0;0.0;1.0
2022-09-15;Nantes;5;1;3;769;113;Qarabağ;1;1;12;14;4;9;0.39;0.61;309;0.68;6;9;1;1;0;0;5;0.0;0.0;1.0;0.0;0.0;0.0;0.0;0.0;0.0;1.0;1.0;5;0.04357142857142857;0.16666666666666666;210;0.02857142857142857;538.4615384615385;0.4166666666666667;12.82051282051282;-2;-0.21999999999999997;0;0;-3;0.038834951456310676;0.0;0.0;0.0;0;0;0;0;0;1;1;0;0.0;0.0;0.0;0.0;0.0;1.0;0.0;0.0;0.0;0.0;0.0;0.0;0.0;0.0;0.0;1.0;0.0;1.0;0.0;0.0;0.0;1.0;1.0;0.0;0.0;0.0;0.0;0.0;0.0;0.0;0.0;0.0;0.0;0.0;1.0;0.0;0.0;0.0;1.0;0.0;1.0;0.0
2022-09-11;Nantes;2;0;3;769;-1;Lorient;3;2;9;13;4;5;0.52;0.48;470;0.84;17;9;3;2;0;0;5;0.0;0.0;1.0;0.0;0.0;0.0;0.0;0.0;0.0;0.0;1.0;2;0.03692307692307692;0.17647058823529413;395;0.043037974683544304;759.6153846153846;0.5555555555555556;9.615384615384615;-4;0.040000000000000036;3;1;8;0.019148936170212766;0.2222222222222222;0.26;2.5;1;1;2;0;0;1;1;0;0.2222222222222222;0.5;0.00425531914893617;4.5;0.0;1.0;0.0;0.0;1.0;0.0;0.0;0.0;0.0;0.0;0.0;1.0;0.0;1.0;0.0;0.0;0.0;0.0;1.0;0.0;0.0;1.0;0.0;0.0;0.0;0.0;0.0;0.0;1.0;0.0;0.0;0.0;1.0;0.0;0.0;0.0;0.0;1.0
2022-09-08;Nantes;5;3;6;769;92;Olympiacos;3;2;14;3;5;0;0.54;0.46;501;0.85;9;7;3;2;0;0;10;0.0;0.0;0.0;0.0;0.0;0.0;0.0;0.0;0.0;1.0;0.0;2;0.15333333333333335;0.3333333333333333;426;0.02112676056338028;788.8888888888888;0.7142857142857143;18.51851851851852;11;0.08000000000000002;8;1;2;0.027944111776447105;0.14285714285714285;0.27;5.0;1;1;2;1;0;0;0;1;0.14285714285714285;0.4;0.003992015968063872;7.0;0.0;1.0;0.0;0.0;1.0;0.0;0.0;0.0;0.0;0.0;0.0;1.0;0.0;1.0;0.0;0.0;0.0;1.0;0.0;0.0;0.0;1.0;0.0;0.0;0.0;0.0;0.0;0.0;1.0;0.0;1.0;0.0;1.0;0.0;0.0;0.0;0.0;1.0
