Fecha;Equipo_name;Torneo;Alineacion;Alineacion_contrincante;equipo;equipo_contrincante;equipo_contrincante_name;tarjetas;tarjetas_contrincante;Remates;Remates_contrincante;Remates al arco;Remates al arco_contrincante;Posesión;Posesión_contrincante;Pases;Precisión de los pases;Faltas;Faltas_contrincante;Tarjetas amarillas;Tarjetas amarillas_contrincante;Tarjetas rojas;Tarjetas rojas_contrincante;Tiros de esquina;Weverton-Palmeiras;Agustín Giay-Palmeiras;Gustavo Gómez Portillo-Palmeiras;Bruno Fuchs-Palmeiras;Allan-Palmeiras;Lucas Evangelista Santana de Oliveira-Palmeiras;Emiliano Martínez Toranza-Palmeiras;Vanderlan-Palmeiras;Estêvão Willian-Palmeiras;Vitor Roque-Palmeiras;Facundo Torres-Palmeiras;Tiros de esquina_concedidos;Posesión_contra_por_remate;tarjetas_por_falta;pases_completados;faltas_por_pases;pases_por_posesion;tirosEsquina_por_remate;tirosEsquina_por_posesion;diff_remates;diff_posesion;diff_Tiros de esquina;diff_tarjetas;diff_faltas;remates_por_pase;posesion_por_remate;posesion_por_gol;tirosEsquina_por_gol;goles_primera_mitad;goles_segunda_mitad;goles_totales;gano;empato;perdio;visitante;local;conversion_goles;conversion_arco;goles_por_pase;remates_al_arco_por_gol;Felipe Anderson-Palmeiras;Richard Ríos Montoya-Palmeiras;Joaquín Piquerez-Palmeiras;Luiz Benedetti-Palmeiras;Aníbal Moreno-Palmeiras;Maurício Magalhães Prado-Palmeiras;José Manuel López-Palmeiras;Micael-Palmeiras;Murilo Cerqueira-Palmeiras;Raphael Veiga-Palmeiras;Mayke-Palmeiras;Marcos Rocha-Palmeiras;Kaiky Naves-Palmeiras;Fábio Silva de Freitas-Palmeiras;Luighi-Palmeiras;Thalys-Palmeiras;Marcelo Lomba-Palmeiras;Caio Paulista-Palmeiras;Rômulo-Palmeiras;Vitor Reis-Palmeiras;Ronielson da Silva Barbosa-Palmeiras;Eduardo Pereira Rodrigues-Palmeiras;Zé Rafael-Palmeiras;Lázaro Vinícius-Palmeiras;Gabriel Menino-Palmeiras;Jhonatan dos Santos Rosa-Palmeiras;Luis Guilherme-Palmeiras;Endrick-Palmeiras;Luan Garcia Teixeira-Palmeiras;Gustavo Garcia-Palmeiras;Breno Henrique Vasconcelos Lopes-Palmeiras;Bruno Rodrigues-Palmeiras;Kevin-Palmeiras;Artur Victor Guimarães-Palmeiras;Jailson-Palmeiras
2025-05-07;Palmeiras;-1;6;1;217;199;Cerro;3;1;9;17;6;2;0.55;0.45;412;0.8;13;10;3;1;0;0;5;1.0;1.0;1.0;1.0;1.0;1.0;1.0;1.0;1.0;1.0;1.0;8;0.026470588235294117;0.23076923076923078;330;0.03939393939393939;600.0;0.5555555555555556;9.09090909090909;-8;0.10000000000000003;-3;2;3;0.021844660194174758;0.2222222222222222;0.275;2.5;1;1;2;1;0;0;1;0;0.2222222222222222;0.3333333333333333;0.0048543689320388345;4.5;0.0;0.0;0.0;0.0;0.0;0.0;0.0;0.0;0.0;0.0;0.0;0.0;0.0;0.0;0.0;0.0;0.0;0.0;0.0;0.0;0.0;0.0;0.0;0.0;0.0;0.0;0.0;0.0;0.0;0.0;0.0;0.0;0.0;0.0;0.0
2025-05-04;Palmeiras;10;6;1;217;777;Vasco da Gama;0;2;16;13;2;5;0.48;0.52;375;0.85;8;11;0;2;0;0;11;1.0;1.0;1.0;1.0;0.0;0.0;1.0;0.0;1.0;1.0;1.0;7;0.04;0.0;319;0.025078369905956112;664.5833333333334;0.6875;22.916666666666668;3;-0.040000000000000036;4;-2;-3;0.042666666666666665;0.0625;0.48;11.0;0;1;1;1;0;0;1;0;0.0625;0.5;0.0026666666666666666;16.0;1.0;1.0;1.0;0.0;0.0;0.0;0.0;0.0;0.0;0.0;0.0;0.0;0.0;0.0;0.0;0.0;0.0;0.0;0.0;0.0;0.0;0.0;0.0;0.0;0.0;0.0;0.0;0.0;0.0;0.0;0.0;0.0;0.0;0.0;0.0
2025-04-30;Palmeiras;12;1;3;217;680;Ceará;4;3;12;13;4;2;0.45;0.55;379;0.78;19;19;4;3;0;0;4;1.0;1.0;1.0;1.0;0.0;1.0;1.0;1.0;1.0;1.0;1.0;3;0.04230769230769231;0.21052631578947367;296;0.06418918918918919;657.7777777777777;0.3333333333333333;8.88888888888889;-1;-0.10000000000000003;1;1;0;0.0316622691292876;0.08333333333333333;0.45;4.0;1;0;1;1;0;0;1;0;0.08333333333333333;0.25;0.002638522427440633;12.0;1.0;0.0;0.0;0.0;0.0;0.0;0.0;0.0;0.0;0.0;0.0;0.0;0.0;0.0;0.0;0.0;0.0;0.0;0.0;0.0;0.0;0.0;0.0;0.0;0.0;0.0;0.0;0.0;0.0;0.0;0.0;0.0;0.0;0.0;0.0
2025-04-27;Palmeiras;10;3;6;217;697;Bahía;1;2;21;11;2;5;0.51;0.49;432;0.84;12;16;1;2;0;0;6;1.0;1.0;1.0;0.0;0.0;0.0;0.0;0.0;0.0;0.0;1.0;4;0.04454545454545455;0.08333333333333333;363;0.03305785123966942;711.7647058823529;0.2857142857142857;11.76470588235294;10;0.020000000000000018;2;-1;-4;0.04861111111111111;0.0;0.0;0.0;0;0;0;0;0;1;0;1;0.0;0.0;0.0;0.0;1.0;1.0;1.0;1.0;1.0;1.0;1.0;0.0;0.0;0.0;0.0;0.0;0.0;0.0;0.0;0.0;0.0;0.0;0.0;0.0;0.0;0.0;0.0;0.0;0.0;0.0;0.0;0.0;0.0;0.0;0.0;0.0;0.0;0.0;0.0
2025-04-24;Palmeiras;-1;17;3;217;213;Bolívar;1;0;10;19;6;6;0.23;0.77;165;0.6;7;8;1;0;0;0;3;1.0;1.0;1.0;1.0;0.0;0.0;1.0;1.0;1.0;0.0;1.0;12;0.04052631578947369;0.14285714285714285;99;0.0707070707070707;430.4347826086956;0.3;13.043478260869565;-9;-0.54;-9;1;-1;0.06060606060606061;0.3;0.07666666666666667;1.0;2;1;3;1;0;0;1;0;0.3;0.5;0.01818181818181818;3.3333333333333335;0.0;0.0;1.0;0.0;1.0;0.0;1.0;0.0;0.0;0.0;0.0;0.0;0.0;0.0;0.0;0.0;0.0;0.0;0.0;0.0;0.0;0.0;0.0;0.0;0.0;0.0;0.0;0.0;0.0;0.0;0.0;0.0;0.0;0.0;0.0
2025-04-20;Palmeiras;10;17;17;217;644;Fortaleza;1;1;6;13;4;5;0.47;0.53;361;0.8;13;12;1;1;0;0;2;1.0;1.0;1.0;0.0;0.0;0.0;1.0;0.0;1.0;0.0;1.0;8;0.04076923076923077;0.07692307692307693;289;0.04498269896193772;614.8936170212767;0.3333333333333333;4.25531914893617;-7;-0.06000000000000005;-6;0;1;0.01662049861495845;0.3333333333333333;0.235;1.0;1;1;2;1;0;0;1;0;0.3333333333333333;0.5;0.00554016620498615;3.0;1.0;1.0;1.0;0.0;0.0;0.0;1.0;1.0;0.0;0.0;0.0;0.0;0.0;0.0;0.0;0.0;0.0;0.0;0.0;0.0;0.0;0.0;0.0;0.0;0.0;0.0;0.0;0.0;0.0;0.0;0.0;0.0;0.0;0.0;0.0
2025-04-16;Palmeiras;10;17;3;217;641;Internacional;1;0;12;11;4;2;0.32;0.68;286;0.77;16;15;1;0;0;0;6;1.0;1.0;1.0;0.0;0.0;0.0;0.0;0.0;1.0;1.0;1.0;1;0.06181818181818182;0.0625;220;0.07272727272727272;687.5;0.5;18.75;1;-0.36000000000000004;5;1;1;0.04195804195804196;0.08333333333333333;0.32;6.0;0;1;1;1;0;0;1;0;0.08333333333333333;0.25;0.0034965034965034965;12.0;1.0;1.0;1.0;0.0;1.0;0.0;0.0;1.0;0.0;0.0;0.0;0.0;0.0;0.0;0.0;0.0;0.0;0.0;0.0;0.0;0.0;0.0;0.0;0.0;0.0;0.0;0.0;0.0;0.0;0.0;0.0;0.0;0.0;0.0;0.0
2025-04-12;Palmeiras;10;17;28;217;652;Corinthians;6;5;13;8;5;1;0.33;0.67;272;0.79;17;18;6;5;0;0;1;1.0;0.0;1.0;1.0;0.0;0.0;1.0;0.0;1.0;1.0;1.0;3;0.08375;0.35294117647058826;215;0.07906976744186046;651.5151515151515;0.07692307692307693;3.0303030303030303;5;-0.34;-2;1;-1;0.04779411764705882;0.15384615384615385;0.165;0.5;2;0;2;1;0;0;0;1;0.15384615384615385;0.4;0.007352941176470588;6.5;1.0;1.0;1.0;0.0;0.0;0.0;0.0;1.0;0.0;0.0;0.0;0.0;0.0;0.0;0.0;0.0;0.0;0.0;0.0;0.0;0.0;0.0;0.0;0.0;0.0;0.0;0.0;0.0;0.0;0.0;0.0;0.0;0.0;0.0;0.0
2025-04-09;Palmeiras;-1;17;0;217;199;Cerro;0;2;19;10;7;4;0.57;0.43;473;0.83;9;13;0;2;0;0;8;1.0;0.0;1.0;1.0;0.0;0.0;1.0;0.0;1.0;1.0;1.0;2;0.043;0.0;393;0.022900763358778626;689.4736842105264;0.42105263157894735;14.035087719298247;9;0.13999999999999996;6;-2;-4;0.040169133192389;0.05263157894736842;0.57;8.0;1;0;1;1;0;0;0;1;0.05263157894736842;0.14285714285714285;0.0021141649048625794;19.0;0.0;1.0;1.0;0.0;0.0;0.0;0.0;0.0;1.0;1.0;0.0;0.0;0.0;0.0;0.0;0.0;0.0;0.0;0.0;0.0;0.0;0.0;0.0;0.0;0.0;0.0;0.0;0.0;0.0;0.0;0.0;0.0;0.0;0.0;0.0
2025-04-06;Palmeiras;10;17;5;217;679;Sport Recife;4;6;7;9;4;2;0.49;0.51;355;0.77;21;17;4;6;0;0;3;1.0;1.0;0.0;1.0;0.0;1.0;1.0;1.0;0.0;0.0;1.0;6;0.05666666666666667;0.19047619047619047;273;0.07692307692307693;557.1428571428571;0.42857142857142855;6.122448979591836;-2;-0.020000000000000018;-3;-2;4;0.01971830985915493;0.2857142857142857;0.245;1.5;1;1;2;1;0;0;1;0;0.2857142857142857;0.5;0.005633802816901409;3.5;1.0;0.0;0.0;0.0;0.0;0.0;1.0;1.0;1.0;0.0;0.0;0.0;0.0;0.0;0.0;0.0;0.0;0.0;0.0;0.0;0.0;0.0;0.0;0.0;0.0;0.0;0.0;0.0;0.0;0.0;0.0;0.0;0.0;0.0;0.0
2025-04-03;Palmeiras;-1;6;1;217;-1;Sporting Cristal;3;3;19;14;7;7;0.61;0.39;373;0.83;10;16;3;3;0;0;6;1.0;0.0;1.0;1.0;0.0;1.0;1.0;0.0;1.0;1.0;1.0;7;0.027857142857142858;0.3;310;0.03225806451612903;508.1967213114754;0.3157894736842105;9.836065573770492;5;0.21999999999999997;-1;0;-6;0.05093833780160858;0.15789473684210525;0.20333333333333334;2.0;1;2;3;1;0;0;1;0;0.15789473684210525;0.42857142857142855;0.00804289544235925;6.333333333333333;1.0;0.0;1.0;0.0;0.0;0.0;0.0;1.0;0.0;0.0;0.0;0.0;0.0;0.0;0.0;0.0;0.0;0.0;0.0;0.0;0.0;0.0;0.0;0.0;0.0;0.0;0.0;0.0;0.0;0.0;0.0;0.0;0.0;0.0;0.0
2025-03-30;Palmeiras;10;3;7;217;210;Botafogo;3;3;13;13;3;5;0.59;0.41;485;0.89;18;22;3;3;0;0;2;1.0;0.0;0.0;0.0;0.0;1.0;0.0;0.0;1.0;1.0;1.0;2;0.031538461538461536;0.16666666666666666;432;0.041666666666666664;732.2033898305085;0.15384615384615385;3.3898305084745766;0;0.18;0;0;-4;0.026804123711340205;0.0;0.0;0.0;0;0;0;0;1;0;0;1;0.0;0.0;0.0;0.0;0.0;1.0;1.0;0.0;0.0;0.0;0.0;1.0;1.0;1.0;1.0;0.0;0.0;0.0;0.0;0.0;0.0;0.0;0.0;0.0;0.0;0.0;0.0;0.0;0.0;0.0;0.0;0.0;0.0;0.0;0.0;0.0;0.0;0.0;0.0
2025-03-27;Palmeiras;27;2;28;217;652;Corinthians;5;7;10;5;3;1;0.6;0.4;394;0.87;12;19;4;5;1;2;10;1.0;0.0;0.0;0.0;0.0;0.0;1.0;0.0;1.0;1.0;1.0;3;0.08;0.4166666666666667;343;0.03498542274052478;571.6666666666667;1.0;16.666666666666668;5;0.19999999999999996;7;-2;-7;0.025380710659898477;0.0;0.0;0.0;0;0;0;0;1;0;1;0;0.0;0.0;0.0;0.0;0.0;0.0;1.0;0.0;1.0;0.0;0.0;1.0;1.0;1.0;1.0;0.0;0.0;0.0;0.0;0.0;0.0;0.0;0.0;0.0;0.0;0.0;0.0;0.0;0.0;0.0;0.0;0.0;0.0;0.0;0.0;0.0;0.0;0.0;0.0
2025-03-16;Palmeiras;27;3;0;217;652;Corinthians;1;2;23;3;8;1;0.57;0.43;412;0.84;15;8;1;2;0;0;14;1.0;0.0;0.0;0.0;0.0;0.0;1.0;0.0;1.0;1.0;1.0;3;0.14333333333333334;0.06666666666666667;346;0.04335260115606936;607.0175438596492;0.6086956521739131;24.56140350877193;20;0.13999999999999996;11;-1;7;0.055825242718446605;0.0;0.0;0.0;0;0;0;0;0;1;0;1;0.0;0.0;0.0;0.0;0.0;1.0;1.0;0.0;0.0;0.0;0.0;1.0;1.0;1.0;0.0;1.0;0.0;0.0;0.0;0.0;0.0;0.0;0.0;0.0;0.0;0.0;0.0;0.0;0.0;0.0;0.0;0.0;0.0;0.0;0.0;0.0;0.0;0.0;0.0
2025-03-10;Palmeiras;27;3;29;217;201;São Paulo;3;3;14;6;8;1;0.37;0.63;310;0.76;23;16;3;3;0;0;3;1.0;0.0;0.0;0.0;0.0;0.0;1.0;1.0;1.0;1.0;1.0;2;0.105;0.13043478260869565;236;0.09745762711864407;637.8378378378378;0.21428571428571427;8.108108108108109;8;-0.26;1;0;7;0.04516129032258064;0.07142857142857142;0.37;3.0;1;0;1;1;0;0;0;1;0.07142857142857142;0.125;0.0032258064516129032;14.0;0.0;1.0;0.0;0.0;0.0;0.0;0.0;1.0;1.0;1.0;0.0;1.0;0.0;0.0;0.0;0.0;0.0;0.0;0.0;0.0;0.0;0.0;0.0;0.0;0.0;0.0;0.0;0.0;0.0;0.0;0.0;0.0;0.0;0.0;0.0
2025-03-01;Palmeiras;27;3;4;217;672;São Bernardo;1;1;13;7;6;3;0.57;0.43;432;0.84;13;13;1;1;0;0;7;1.0;0.0;0.0;0.0;0.0;0.0;1.0;1.0;1.0;0.0;1.0;3;0.06142857142857143;0.07692307692307693;363;0.03581267217630854;636.8421052631579;0.5384615384615384;12.280701754385966;6;0.13999999999999996;4;0;0;0.03009259259259259;0.23076923076923078;0.18999999999999997;2.3333333333333335;2;1;3;1;0;0;1;0;0.23076923076923078;0.5;0.006944444444444444;4.333333333333333;0.0;1.0;0.0;0.0;0.0;0.0;1.0;1.0;1.0;1.0;0.0;1.0;0.0;0.0;0.0;0.0;0.0;0.0;0.0;0.0;0.0;0.0;0.0;0.0;0.0;0.0;0.0;0.0;0.0;0.0;0.0;0.0;0.0;0.0;0.0
2025-02-23;Palmeiras;27;3;3;217;670;Mirassol;1;2;17;11;7;3;0.46;0.54;338;0.8;11;15;1;2;0;0;7;1.0;0.0;0.0;0.0;0.0;0.0;1.0;1.0;1.0;0.0;1.0;4;0.049090909090909095;0.09090909090909091;270;0.040740740740740744;586.9565217391304;0.4117647058823529;15.217391304347826;6;-0.08000000000000002;3;-1;-4;0.05029585798816568;0.17647058823529413;0.15333333333333335;2.3333333333333335;1;2;3;1;0;0;1;0;0.17647058823529413;0.42857142857142855;0.008875739644970414;5.666666666666667;0.0;1.0;0.0;1.0;0.0;0.0;1.0;0.0;0.0;1.0;0.0;1.0;1.0;0.0;0.0;0.0;0.0;0.0;0.0;0.0;0.0;0.0;0.0;0.0;0.0;0.0;0.0;0.0;0.0;0.0;0.0;0.0;0.0;0.0;0.0
2025-02-20;Palmeiras;27;3;9;217;673;Botafogo RP;2;3;26;9;7;5;0.68;0.32;493;0.87;13;5;2;3;0;0;11;1.0;0.0;0.0;0.0;0.0;0.0;1.0;0.0;1.0;0.0;1.0;3;0.035555555555555556;0.15384615384615385;429;0.030303030303030304;630.8823529411765;0.4230769230769231;16.176470588235293;17;0.36000000000000004;8;-1;8;0.05273833671399594;0.11538461538461539;0.22666666666666668;3.6666666666666665;1;2;3;1;0;0;0;1;0.11538461538461539;0.42857142857142855;0.006085192697768763;8.666666666666666;0.0;1.0;1.0;1.0;0.0;0.0;1.0;0.0;1.0;1.0;0.0;1.0;0.0;0.0;0.0;0.0;0.0;0.0;0.0;0.0;0.0;0.0;0.0;0.0;0.0;0.0;0.0;0.0;0.0;0.0;0.0;0.0;0.0;0.0;0.0
2025-02-16;Palmeiras;27;14;17;217;201;São Paulo;0;4;15;4;2;1;0.56;0.44;409;0.86;16;15;0;4;0;0;7;1.0;0.0;1.0;0.0;0.0;0.0;1.0;0.0;0.0;0.0;1.0;2;0.11;0.0;352;0.045454545454545456;628.5714285714286;0.4666666666666667;12.499999999999998;11;0.12000000000000005;5;-4;1;0.03667481662591687;0.0;0.0;0.0;0;0;0;0;1;0;0;1;0.0;0.0;0.0;0.0;0.0;1.0;1.0;0.0;0.0;1.0;1.0;0.0;1.0;1.0;1.0;0.0;0.0;0.0;0.0;0.0;0.0;0.0;0.0;0.0;0.0;0.0;0.0;0.0;0.0;0.0;0.0;0.0;0.0;0.0;0.0;0.0;0.0;0.0;0.0
2025-02-13;Palmeiras;27;14;6;217;669;Associação Atlética Internacional;0;5;17;6;6;2;0.59;0.41;468;0.81;13;21;0;5;0;0;5;1.0;0.0;1.0;0.0;0.0;0.0;1.0;0.0;0.0;0.0;1.0;0;0.06833333333333333;0.0;379;0.03430079155672823;642.3728813559322;0.29411764705882354;8.474576271186441;11;0.18;5;-5;-8;0.03632478632478633;0.17647058823529413;0.19666666666666666;1.6666666666666667;2;1;3;1;0;0;1;0;0.17647058823529413;0.5;0.00641025641025641;5.666666666666667;0.0;1.0;1.0;0.0;0.0;1.0;1.0;0.0;1.0;1.0;1.0;0.0;0.0;0.0;0.0;0.0;0.0;0.0;0.0;0.0;0.0;0.0;0.0;0.0;0.0;0.0;0.0;0.0;0.0;0.0;0.0;0.0;0.0;0.0;0.0
2025-02-09;Palmeiras;27;30;3;217;667;Água Santa;2;5;20;7;8;2;0.6;0.4;444;0.84;16;15;2;5;0;0;10;1.0;0.0;0.0;0.0;1.0;0.0;0.0;1.0;0.0;0.0;0.0;2;0.05714285714285715;0.125;373;0.04289544235924933;621.6666666666667;0.5;16.666666666666668;13;0.19999999999999996;8;-3;1;0.04504504504504504;0.05;0.6;10.0;1;0;1;0;1;0;1;0;0.05;0.125;0.0022522522522522522;20.0;0.0;0.0;0.0;0.0;1.0;1.0;1.0;0.0;1.0;0.0;1.0;1.0;1.0;1.0;0.0;0.0;0.0;0.0;0.0;0.0;0.0;0.0;0.0;0.0;0.0;0.0;0.0;0.0;0.0;0.0;0.0;0.0;0.0;0.0;0.0
2025-02-06;Palmeiras;27;6;28;217;652;Corinthians;0;2;24;4;8;3;0.64;0.36;560;0.9;6;11;0;1;0;1;9;1.0;0.0;1.0;0.0;0.0;0.0;0.0;0.0;1.0;0.0;1.0;4;0.09;0.0;504;0.011904761904761904;787.5;0.375;14.0625;20;0.28;5;-2;-5;0.04285714285714286;0.041666666666666664;0.64;9.0;1;0;1;0;1;0;0;1;0.041666666666666664;0.125;0.0017857142857142857;24.0;0.0;1.0;1.0;0.0;0.0;1.0;0.0;0.0;1.0;1.0;1.0;0.0;1.0;0.0;0.0;0.0;0.0;0.0;0.0;0.0;0.0;0.0;0.0;0.0;0.0;0.0;0.0;0.0;0.0;0.0;0.0;0.0;0.0;0.0;0.0
2025-02-02;Palmeiras;27;3;0;217;668;Guarani;2;2;18;15;9;2;0.47;0.53;385;0.76;15;15;2;2;0;0;3;1.0;0.0;1.0;0.0;0.0;0.0;0.0;1.0;1.0;0.0;1.0;1;0.035333333333333335;0.13333333333333333;293;0.051194539249146756;623.404255319149;0.16666666666666666;6.382978723404256;3;-0.06000000000000005;2;0;0;0.046753246753246755;0.2222222222222222;0.1175;0.75;2;2;4;1;0;0;1;0;0.2222222222222222;0.4444444444444444;0.01038961038961039;4.5;0.0;1.0;0.0;0.0;1.0;1.0;0.0;0.0;1.0;1.0;0.0;1.0;0.0;0.0;0.0;0.0;0.0;0.0;0.0;0.0;0.0;0.0;0.0;0.0;0.0;0.0;0.0;0.0;0.0;0.0;0.0;0.0;0.0;0.0;0.0
2025-01-28;Palmeiras;27;3;3;217;659;Bragantino;3;4;14;14;0;5;0.56;0.44;391;0.79;14;14;3;4;0;0;9;1.0;0.0;0.0;0.0;0.0;0.0;0.0;1.0;1.0;0.0;0.0;8;0.03142857142857143;0.21428571428571427;309;0.045307443365695796;551.7857142857142;0.6428571428571429;16.07142857142857;0;0.12000000000000005;1;-1;0;0.03580562659846547;0.0;0.0;0.0;0;0;0;0;1;0;0;1;0.0;0.0;0.0;0.0;0.0;1.0;0.0;0.0;0.0;1.0;0.0;0.0;1.0;0.0;0.0;1.0;1.0;1.0;1.0;1.0;0.0;0.0;0.0;0.0;0.0;0.0;0.0;0.0;0.0;0.0;0.0;0.0;0.0;0.0;0.0;0.0;0.0;0.0;0.0
2025-01-25;Palmeiras;27;3;6;217;671;Novorizontino;1;3;15;12;2;2;0.6;0.4;480;0.81;7;23;1;3;0;0;1;0.0;0.0;1.0;0.0;1.0;0.0;0.0;0.0;0.0;0.0;1.0;2;0.03333333333333333;0.14285714285714285;389;0.017994858611825194;648.3333333333334;0.06666666666666667;1.6666666666666667;3;0.19999999999999996;-1;-2;-16;0.03125;0.06666666666666667;0.6;1.0;1;0;1;0;0;1;0;1;0.06666666666666667;0.5;0.0020833333333333333;15.0;0.0;0.0;0.0;1.0;1.0;0.0;1.0;0.0;0.0;1.0;1.0;0.0;0.0;0.0;0.0;0.0;1.0;1.0;1.0;0.0;0.0;0.0;0.0;0.0;0.0;0.0;0.0;0.0;0.0;0.0;0.0;0.0;0.0;0.0;0.0
2025-01-22;Palmeiras;27;3;3;217;662;Santos;1;1;17;8;4;2;0.55;0.45;430;0.83;8;15;1;1;0;0;5;1.0;1.0;0.0;0.0;0.0;0.0;0.0;1.0;1.0;0.0;0.0;4;0.05625;0.125;357;0.022408963585434174;649.090909090909;0.29411764705882354;9.09090909090909;9;0.10000000000000003;1;0;-7;0.03953488372093023;0.11764705882352941;0.275;2.5;0;2;2;1;0;0;1;0;0.11764705882352941;0.5;0.004651162790697674;8.5;1.0;1.0;0.0;0.0;0.0;1.0;0.0;0.0;1.0;0.0;0.0;0.0;1.0;1.0;0.0;1.0;0.0;0.0;0.0;0.0;0.0;0.0;0.0;0.0;0.0;0.0;0.0;0.0;0.0;0.0;0.0;0.0;0.0;0.0;0.0
2025-01-18;Palmeiras;27;6;6;217;-1;Esporte Clube Noroeste;1;0;16;15;10;5;0.64;0.36;445;0.86;13;13;1;0;0;0;4;0.0;1.0;1.0;0.0;0.0;0.0;0.0;0.0;0.0;0.0;1.0;2;0.024;0.07692307692307693;383;0.033942558746736295;598.4375;0.25;6.25;1;0.28;2;1;0;0.035955056179775284;0.0625;0.64;4.0;0;1;1;0;1;0;1;0;0.0625;0.1;0.0022471910112359553;16.0;0.0;0.0;0.0;1.0;1.0;0.0;1.0;0.0;0.0;1.0;1.0;0.0;0.0;0.0;1.0;0.0;1.0;1.0;0.0;0.0;0.0;0.0;0.0;0.0;0.0;0.0;0.0;0.0;0.0;0.0;0.0;0.0;0.0;0.0;0.0
2025-01-15;Palmeiras;27;0;3;217;663;Portuguesa;1;3;16;6;5;0;0.56;0.44;457;0.82;13;12;1;3;0;0;6;1.0;0.0;0.0;0.0;0.0;0.0;0.0;1.0;1.0;0.0;0.0;1;0.07333333333333333;0.07692307692307693;375;0.034666666666666665;669.6428571428571;0.375;10.714285714285714;10;0.12000000000000005;5;-2;1;0.0350109409190372;0.125;0.28;3.0;1;1;2;1;0;0;0;1;0.125;0.4;0.00437636761487965;8.0;0.0;1.0;0.0;0.0;0.0;1.0;0.0;0.0;1.0;0.0;0.0;1.0;1.0;1.0;0.0;1.0;0.0;0.0;1.0;0.0;0.0;0.0;0.0;0.0;0.0;0.0;0.0;0.0;0.0;0.0;0.0;0.0;0.0;0.0;0.0
2024-12-08;Palmeiras;10;3;3;217;197;Fluminense;2;5;11;7;3;5;0.58;0.42;401;0.79;14;11;2;5;0;0;11;1.0;1.0;1.0;0.0;0.0;0.0;0.0;1.0;1.0;0.0;0.0;2;0.06;0.14285714285714285;317;0.04416403785488959;546.551724137931;1.0;18.965517241379313;4;0.15999999999999998;9;-3;3;0.02743142144638404;0.0;0.0;0.0;0;0;0;0;0;1;0;1;0.0;0.0;0.0;0.0;0.0;1.0;0.0;0.0;1.0;1.0;1.0;0.0;1.0;1.0;0.0;0.0;0.0;0.0;0.0;0.0;0.0;0.0;0.0;0.0;0.0;0.0;0.0;0.0;0.0;0.0;0.0;0.0;0.0;0.0;0.0;0.0;0.0;0.0;0.0
2024-12-04;Palmeiras;10;3;20;217;636;Cruzeiro;1;3;31;9;12;3;0.55;0.45;486;0.87;13;14;1;3;0;0;6;1.0;1.0;0.0;0.0;0.0;0.0;0.0;1.0;1.0;0.0;0.0;7;0.05;0.07692307692307693;423;0.030732860520094562;769.090909090909;0.1935483870967742;10.909090909090908;22;0.10000000000000003;-1;-2;-1;0.06378600823045268;0.06451612903225806;0.275;3.0;0;2;2;1;0;0;1;0;0.06451612903225806;0.16666666666666666;0.00411522633744856;15.5;1.0;1.0;0.0;0.0;1.0;0.0;1.0;0.0;1.0;1.0;0.0;0.0;0.0;0.0;0.0;0.0;0.0;0.0;0.0;1.0;0.0;0.0;0.0;0.0;0.0;0.0;0.0;0.0;0.0;0.0;0.0;0.0;0.0;0.0;0.0
2024-11-26;Palmeiras;10;3;3;217;210;Botafogo;3;4;19;13;5;7;0.55;0.45;385;0.8;9;16;2;4;1;0;5;1.0;0.0;1.0;0.0;0.0;0.0;0.0;0.0;1.0;0.0;0.0;7;0.03461538461538462;0.3333333333333333;308;0.02922077922077922;560.0;0.2631578947368421;9.09090909090909;6;0.10000000000000003;-2;-1;-7;0.04935064935064935;0.05263157894736842;0.55;5.0;0;1;1;0;0;1;0;1;0.05263157894736842;0.2;0.0025974025974025974;19.0;1.0;1.0;0.0;0.0;1.0;0.0;0.0;0.0;0.0;1.0;0.0;1.0;0.0;0.0;0.0;0.0;0.0;1.0;0.0;1.0;1.0;0.0;0.0;0.0;0.0;0.0;0.0;0.0;0.0;0.0;0.0;0.0;0.0;0.0;0.0
2024-11-23;Palmeiras;10;3;3;217;776;Atlético Goianiense;2;3;10;9;3;2;0.45;0.55;389;0.78;14;16;2;3;0;0;2;1.0;0.0;1.0;0.0;0.0;0.0;0.0;0.0;1.0;0.0;0.0;4;0.061111111111111116;0.14285714285714285;303;0.0462046204620462;673.3333333333334;0.2;4.444444444444445;1;-0.10000000000000003;-2;-1;-2;0.02570694087403599;0.1;0.45;2.0;1;0;1;1;0;0;1;0;0.1;0.3333333333333333;0.002570694087403599;10.0;1.0;1.0;0.0;0.0;1.0;0.0;0.0;0.0;0.0;1.0;0.0;1.0;0.0;0.0;0.0;0.0;0.0;1.0;0.0;1.0;1.0;0.0;0.0;0.0;0.0;0.0;0.0;0.0;0.0;0.0;0.0;0.0;0.0;0.0;0.0
2024-11-20;Palmeiras;10;3;0;217;697;Bahía;1;1;11;17;2;5;0.42;0.58;336;0.77;14;15;1;1;0;0;5;1.0;0.0;0.0;0.0;0.0;0.0;0.0;0.0;0.0;0.0;0.0;4;0.03411764705882353;0.07142857142857142;259;0.05405405405405406;616.6666666666667;0.45454545454545453;11.904761904761905;-6;-0.15999999999999998;1;0;-1;0.03273809523809524;0.18181818181818182;0.21;2.5;1;1;2;1;0;0;1;0;0.18181818181818182;1.0;0.005952380952380952;5.5;1.0;0.0;0.0;0.0;1.0;1.0;0.0;0.0;1.0;1.0;0.0;1.0;0.0;0.0;0.0;0.0;0.0;1.0;0.0;1.0;1.0;1.0;0.0;0.0;0.0;0.0;0.0;0.0;0.0;0.0;0.0;0.0;0.0;0.0;0.0
2024-11-08;Palmeiras;10;3;3;217;206;Grêmio;5;3;33;6;14;0;0.62;0.38;443;0.79;14;9;5;3;0;0;14;1.0;0.0;1.0;0.0;0.0;0.0;0.0;0.0;1.0;0.0;0.0;1;0.06333333333333334;0.35714285714285715;350;0.04;564.516129032258;0.42424242424242425;22.580645161290324;27;0.24;13;2;5;0.0744920993227991;0.030303030303030304;0.62;14.0;0;1;1;1;0;0;0;1;0.030303030303030304;0.07142857142857142;0.002257336343115124;33.0;1.0;0.0;0.0;0.0;1.0;1.0;0.0;0.0;1.0;1.0;0.0;1.0;0.0;0.0;0.0;0.0;0.0;1.0;0.0;0.0;1.0;0.0;0.0;0.0;0.0;0.0;0.0;0.0;0.0;0.0;0.0;0.0;0.0;0.0;0.0
2024-11-04;Palmeiras;10;3;29;217;652;Corinthians;3;2;17;6;4;4;0.59;0.41;455;0.79;13;18;3;2;0;0;9;1.0;0.0;1.0;0.0;0.0;0.0;0.0;0.0;1.0;0.0;0.0;2;0.06833333333333333;0.23076923076923078;359;0.036211699164345405;608.4745762711865;0.5294117647058824;15.254237288135593;11;0.18;7;1;-5;0.03736263736263736;0.0;0.0;0.0;0;0;0;0;0;1;1;0;0.0;0.0;0.0;0.0;1.0;1.0;0.0;0.0;1.0;0.0;1.0;0.0;0.0;1.0;0.0;1.0;0.0;0.0;0.0;0.0;0.0;1.0;0.0;1.0;0.0;0.0;0.0;0.0;0.0;0.0;0.0;0.0;0.0;0.0;0.0;0.0;0.0;0.0;0.0
2024-10-26;Palmeiras;10;3;30;217;644;Fortaleza;1;5;16;11;6;3;0.6;0.4;482;0.83;9;17;1;5;0;0;3;1.0;0.0;1.0;0.0;0.0;0.0;0.0;0.0;1.0;0.0;0.0;3;0.03636363636363637;0.1111111111111111;400;0.0225;666.6666666666667;0.1875;5.0;5;0.19999999999999996;0;-4;-8;0.03319502074688797;0.125;0.3;1.5;1;1;2;0;1;0;0;1;0.125;0.3333333333333333;0.004149377593360996;8.0;1.0;1.0;0.0;0.0;0.0;0.0;1.0;0.0;0.0;1.0;1.0;0.0;0.0;0.0;0.0;0.0;0.0;1.0;0.0;1.0;0.0;0.0;1.0;0.0;0.0;0.0;0.0;0.0;0.0;0.0;0.0;0.0;0.0;0.0;0.0
2024-10-20;Palmeiras;10;3;3;217;779;Juventude;5;2;14;25;7;6;0.47;0.53;329;0.8;19;15;5;2;0;0;5;1.0;0.0;1.0;0.0;0.0;0.0;0.0;0.0;1.0;0.0;0.0;7;0.0212;0.2631578947368421;263;0.07224334600760456;559.5744680851064;0.35714285714285715;10.638297872340425;-11;-0.06000000000000005;-2;3;4;0.0425531914893617;0.35714285714285715;0.094;1.0;2;3;5;1;0;0;1;0;0.35714285714285715;0.7142857142857143;0.015197568389057751;2.8;1.0;1.0;0.0;0.0;1.0;0.0;1.0;0.0;0.0;1.0;0.0;1.0;0.0;0.0;0.0;0.0;0.0;1.0;0.0;1.0;0.0;0.0;0.0;0.0;0.0;0.0;0.0;0.0;0.0;0.0;0.0;0.0;0.0;0.0;0.0
2024-10-05;Palmeiras;10;3;7;217;659;Bragantino;4;5;14;17;5;5;0.6;0.4;513;0.84;14;7;3;4;1;1;3;1.0;1.0;1.0;0.0;0.0;0.0;0.0;0.0;0.0;0.0;0.0;1;0.023529411764705882;0.2857142857142857;431;0.03248259860788863;718.3333333333334;0.21428571428571427;5.0;-3;0.19999999999999996;2;-1;7;0.02729044834307992;0.0;0.0;0.0;0;0;0;0;1;0;1;0;0.0;0.0;0.0;0.0;1.0;1.0;0.0;0.0;1.0;1.0;1.0;0.0;1.0;1.0;0.0;0.0;0.0;0.0;0.0;0.0;0.0;1.0;0.0;0.0;0.0;0.0;0.0;0.0;0.0;0.0;0.0;0.0;0.0;0.0;0.0;0.0;0.0;0.0;0.0
2024-09-28;Palmeiras;10;3;2;217;220;Atlético Mineiro;2;2;15;6;8;3;0.43;0.57;324;0.78;15;10;2;2;0;0;7;1.0;1.0;1.0;0.0;0.0;0.0;0.0;0.0;0.0;0.0;0.0;3;0.09499999999999999;0.13333333333333333;253;0.05928853754940711;588.3720930232558;0.4666666666666667;16.27906976744186;9;-0.13999999999999996;4;0;5;0.046296296296296294;0.13333333333333333;0.215;3.5;1;1;2;1;0;0;0;1;0.13333333333333333;0.25;0.006172839506172839;7.5;1.0;0.0;0.0;0.0;1.0;1.0;1.0;0.0;1.0;1.0;0.0;0.0;0.0;1.0;0.0;0.0;0.0;1.0;0.0;0.0;0.0;0.0;0.0;0.0;0.0;0.0;0.0;0.0;0.0;0.0;0.0;0.0;0.0;0.0;0.0
2024-09-22;Palmeiras;10;3;3;217;777;Vasco da Gama;3;1;14;10;3;3;0.45;0.55;351;0.76;14;8;3;1;0;0;5;1.0;1.0;1.0;0.0;0.0;0.0;0.0;1.0;0.0;0.0;0.0;5;0.05500000000000001;0.21428571428571427;267;0.052434456928838954;593.3333333333334;0.35714285714285715;11.11111111111111;4;-0.10000000000000003;0;2;6;0.039886039886039885;0.07142857142857142;0.45;5.0;1;0;1;1;0;0;1;0;0.07142857142857142;0.3333333333333333;0.002849002849002849;14.0;1.0;1.0;0.0;0.0;1.0;1.0;1.0;0.0;1.0;1.0;0.0;0.0;0.0;0.0;0.0;0.0;0.0;0.0;0.0;0.0;0.0;0.0;0.0;0.0;0.0;0.0;0.0;0.0;0.0;0.0;0.0;0.0;0.0;0.0;0.0
2024-09-15;Palmeiras;10;3;22;217;778;Criciúma;1;3;14;14;8;5;0.54;0.46;443;0.85;12;11;0;3;1;0;4;1.0;0.0;1.0;0.0;0.0;0.0;0.0;0.0;1.0;0.0;0.0;6;0.032857142857142856;0.08333333333333333;377;0.03183023872679045;698.1481481481482;0.2857142857142857;7.4074074074074066;0;0.08000000000000002;-2;-2;1;0.03160270880361174;0.35714285714285715;0.10800000000000001;0.8;3;2;5;1;0;0;0;1;0.35714285714285715;0.625;0.011286681715575621;2.8;1.0;1.0;0.0;0.0;1.0;1.0;1.0;0.0;1.0;0.0;0.0;1.0;0.0;0.0;0.0;0.0;0.0;1.0;0.0;0.0;0.0;0.0;0.0;0.0;0.0;0.0;0.0;0.0;0.0;0.0;0.0;0.0;0.0;0.0;0.0
2024-09-01;Palmeiras;10;3;1;217;649;Paranaense;1;2;19;15;10;9;0.54;0.46;537;0.8;9;10;1;2;0;0;4;1.0;0.0;1.0;0.0;0.0;0.0;0.0;0.0;1.0;0.0;0.0;4;0.03066666666666667;0.1111111111111111;430;0.020930232558139535;796.2962962962962;0.21052631578947367;7.4074074074074066;4;0.08000000000000002;0;-1;-1;0.035381750465549346;0.10526315789473684;0.27;2.0;1;1;2;1;0;0;1;0;0.10526315789473684;0.2;0.0037243947858473;9.5;1.0;1.0;0.0;0.0;1.0;1.0;1.0;0.0;1.0;0.0;0.0;1.0;0.0;0.0;0.0;0.0;0.0;1.0;0.0;0.0;0.0;0.0;0.0;0.0;0.0;0.0;0.0;0.0;0.0;0.0;0.0;0.0;0.0;0.0;0.0
2024-08-24;Palmeiras;10;3;4;217;656;Cuiabá;1;1;14;10;9;3;0.58;0.42;450;0.85;16;6;1;1;0;0;7;1.0;0.0;0.0;0.0;0.0;0.0;0.0;0.0;1.0;0.0;0.0;1;0.041999999999999996;0.0625;382;0.041884816753926704;658.6206896551724;0.5;12.06896551724138;4;0.15999999999999998;6;0;10;0.03111111111111111;0.35714285714285715;0.11599999999999999;1.4;4;1;5;1;0;0;0;1;0.35714285714285715;0.5555555555555556;0.011111111111111112;2.8;1.0;1.0;0.0;0.0;1.0;1.0;1.0;0.0;1.0;0.0;1.0;0.0;1.0;0.0;0.0;0.0;0.0;1.0;0.0;0.0;0.0;0.0;0.0;0.0;0.0;0.0;0.0;0.0;0.0;0.0;0.0;0.0;0.0;0.0;0.0
2024-08-21;Palmeiras;-1;3;3;217;210;Botafogo;1;5;25;8;6;2;0.66;0.34;410;0.8;12;17;1;5;0;0;9;1.0;0.0;1.0;0.0;0.0;0.0;0.0;0.0;1.0;0.0;0.0;1;0.0425;0.08333333333333333;328;0.036585365853658534;496.96969696969694;0.36;13.636363636363635;17;0.32;8;-4;-5;0.06097560975609756;0.08;0.33;4.5;0;2;2;0;1;0;0;1;0.08;0.3333333333333333;0.004878048780487805;12.5;1.0;1.0;0.0;0.0;0.0;0.0;1.0;0.0;0.0;1.0;0.0;1.0;0.0;0.0;0.0;0.0;0.0;1.0;0.0;1.0;0.0;0.0;1.0;0.0;0.0;0.0;0.0;0.0;0.0;0.0;0.0;0.0;0.0;0.0;0.0
2024-08-18;Palmeiras;10;3;6;217;201;São Paulo;5;3;24;8;8;4;0.54;0.46;417;0.84;17;12;4;1;1;2;6;1.0;0.0;1.0;0.0;0.0;0.0;0.0;0.0;1.0;0.0;0.0;1;0.0575;0.29411764705882354;350;0.04857142857142857;648.1481481481482;0.25;11.11111111111111;16;0.08000000000000002;5;2;5;0.05755395683453238;0.08333333333333333;0.27;3.0;0;2;2;1;0;0;0;1;0.08333333333333333;0.25;0.004796163069544364;12.0;0.0;1.0;0.0;0.0;0.0;0.0;1.0;0.0;0.0;1.0;0.0;1.0;0.0;0.0;0.0;0.0;0.0;1.0;0.0;1.0;0.0;0.0;1.0;1.0;0.0;0.0;0.0;0.0;0.0;0.0;0.0;0.0;0.0;0.0;0.0
2024-08-14;Palmeiras;-1;6;3;217;210;Botafogo;3;3;7;10;3;3;0.48;0.52;430;0.79;9;14;3;3;0;0;1;1.0;1.0;1.0;0.0;0.0;0.0;0.0;1.0;0.0;0.0;0.0;4;0.052000000000000005;0.3333333333333333;340;0.026470588235294117;708.3333333333334;0.14285714285714285;2.0833333333333335;-3;-0.040000000000000036;-3;0;-5;0.01627906976744186;0.14285714285714285;0.48;1.0;1;0;1;0;0;1;1;0;0.14285714285714285;0.3333333333333333;0.002325581395348837;7.0;0.0;0.0;0.0;0.0;1.0;1.0;1.0;0.0;1.0;1.0;0.0;0.0;0.0;0.0;0.0;0.0;0.0;0.0;0.0;1.0;1.0;0.0;0.0;0.0;0.0;0.0;0.0;0.0;0.0;0.0;0.0;0.0;0.0;0.0;0.0
2024-08-11;Palmeiras;10;17;3;217;214;Flamengo;3;1;9;11;7;7;0.48;0.52;365;0.8;21;15;2;1;1;0;2;1.0;1.0;1.0;0.0;0.0;0.0;0.0;1.0;0.0;0.0;0.0;4;0.04727272727272727;0.14285714285714285;292;0.07191780821917808;608.3333333333334;0.2222222222222222;4.166666666666667;-2;-0.040000000000000036;-2;2;6;0.024657534246575342;0.1111111111111111;0.48;2.0;0;1;1;0;1;0;1;0;0.1111111111111111;0.14285714285714285;0.0027397260273972603;9.0;0.0;1.0;0.0;0.0;1.0;1.0;1.0;0.0;1.0;0.0;0.0;0.0;0.0;0.0;0.0;0.0;0.0;0.0;0.0;1.0;0.0;0.0;0.0;1.0;0.0;0.0;0.0;0.0;0.0;0.0;0.0;0.0;0.0;0.0;0.0
2024-08-07;Palmeiras;12;17;3;217;214;Flamengo;0;3;21;5;7;2;0.6;0.4;381;0.76;17;10;0;3;0;0;11;1.0;0.0;1.0;0.0;0.0;0.0;0.0;0.0;0.0;0.0;0.0;4;0.08;0.0;290;0.05862068965517241;483.33333333333337;0.5238095238095238;18.333333333333336;16;0.19999999999999996;7;-3;7;0.05511811023622047;0.047619047619047616;0.6;11.0;1;0;1;1;0;0;0;1;0.047619047619047616;0.14285714285714285;0.0026246719160104987;21.0;1.0;0.0;0.0;0.0;1.0;0.0;1.0;0.0;1.0;1.0;1.0;0.0;0.0;0.0;0.0;0.0;0.0;1.0;0.0;1.0;1.0;0.0;0.0;0.0;0.0;0.0;0.0;0.0;0.0;0.0;0.0;0.0;0.0;0.0;0.0
2024-08-04;Palmeiras;10;17;3;217;641;Internacional;0;2;17;16;5;7;0.6;0.4;554;0.84;6;19;0;2;0;0;11;1.0;1.0;1.0;0.0;0.0;0.0;0.0;1.0;0.0;0.0;0.0;4;0.025;0.0;465;0.012903225806451613;775.0;0.6470588235294118;18.333333333333336;1;0.19999999999999996;7;-2;-13;0.030685920577617327;0.058823529411764705;0.6;11.0;0;1;1;0;1;0;1;0;0.058823529411764705;0.2;0.0018050541516245488;17.0;0.0;0.0;0.0;0.0;1.0;1.0;0.0;0.0;1.0;1.0;0.0;0.0;0.0;0.0;0.0;0.0;0.0;0.0;0.0;1.0;0.0;1.0;0.0;1.0;0.0;0.0;0.0;0.0;0.0;0.0;0.0;0.0;0.0;0.0;0.0
2024-07-31;Palmeiras;12;20;7;217;214;Flamengo;4;1;2;19;0;5;0.4;0.6;353;0.8;21;14;4;1;0;0;2;1.0;1.0;1.0;0.0;0.0;0.0;0.0;0.0;0.0;0.0;0.0;5;0.031578947368421054;0.19047619047619047;282;0.07446808510638298;705.0;1.0;5.0;-17;-0.19999999999999996;-3;3;7;0.0056657223796034;0.0;0.0;0.0;0;0;0;0;0;1;1;0;0.0;0.0;0.0;0.0;1.0;1.0;0.0;0.0;1.0;0.0;0.0;0.0;0.0;1.0;0.0;0.0;0.0;0.0;0.0;0.0;0.0;1.0;0.0;1.0;1.0;0.0;1.0;0.0;0.0;0.0;0.0;0.0;0.0;0.0;0.0;0.0;0.0;0.0;0.0
2024-07-27;Palmeiras;10;3;7;217;693;Vitória;2;7;21;10;3;3;0.71;0.29;610;0.88;14;9;2;6;0;1;13;0.0;1.0;0.0;0.0;0.0;0.0;0.0;0.0;1.0;0.0;0.0;2;0.028999999999999998;0.14285714285714285;537;0.0260707635009311;756.3380281690141;0.6190476190476191;18.30985915492958;11;0.42;11;-5;5;0.03442622950819672;0.0;0.0;0.0;0;0;0;0;0;1;0;1;0.0;0.0;0.0;0.0;0.0;1.0;0.0;0.0;0.0;1.0;0.0;0.0;0.0;0.0;0.0;0.0;1.0;0.0;0.0;0.0;1.0;1.0;0.0;1.0;1.0;0.0;0.0;1.0;1.0;0.0;0.0;0.0;0.0;0.0;0.0;0.0;0.0;0.0;0.0
2024-07-24;Palmeiras;10;3;3;217;197;Fluminense;3;2;7;14;1;2;0.49;0.51;438;0.85;19;14;3;2;0;0;2;1.0;0.0;1.0;0.0;0.0;0.0;0.0;1.0;0.0;0.0;0.0;4;0.03642857142857143;0.15789473684210525;372;0.051075268817204304;759.1836734693877;0.2857142857142857;4.081632653061225;-7;-0.020000000000000018;-2;1;5;0.01598173515981735;0.0;0.0;0.0;0;0;0;0;0;1;1;0;0.0;0.0;0.0;0.0;1.0;0.0;0.0;0.0;1.0;0.0;1.0;0.0;0.0;1.0;0.0;1.0;0.0;0.0;0.0;0.0;0.0;0.0;0.0;1.0;0.0;1.0;1.0;0.0;0.0;0.0;0.0;0.0;0.0;0.0;0.0;0.0;0.0;0.0;0.0
2024-07-20;Palmeiras;10;3;0;217;636;Cruzeiro;4;4;15;8;5;2;0.42;0.58;303;0.68;16;16;4;4;0;0;6;1.0;0.0;1.0;0.0;0.0;0.0;0.0;1.0;0.0;0.0;0.0;4;0.0725;0.25;206;0.07766990291262135;490.4761904761905;0.4;14.285714285714286;7;-0.15999999999999998;2;0;0;0.04950495049504951;0.13333333333333333;0.21;3.0;1;1;2;1;0;0;0;1;0.13333333333333333;0.4;0.006600660066006601;7.5;1.0;0.0;0.0;0.0;1.0;0.0;1.0;0.0;1.0;1.0;1.0;0.0;0.0;0.0;0.0;0.0;0.0;0.0;0.0;0.0;0.0;1.0;1.0;0.0;0.0;0.0;0.0;0.0;0.0;0.0;0.0;0.0;0.0;0.0;0.0
2024-07-17;Palmeiras;10;3;3;217;210;Botafogo;0;2;18;16;5;7;0.57;0.43;342;0.75;10;20;0;2;0;0;4;1.0;0.0;1.0;0.0;0.0;0.0;0.0;0.0;1.0;0.0;0.0;5;0.026875;0.0;256;0.0390625;449.1228070175439;0.2222222222222222;7.017543859649123;2;0.13999999999999996;-1;-2;-10;0.05263157894736842;0.0;0.0;0.0;0;0;0;0;0;1;1;0;0.0;0.0;0.0;0.0;0.0;0.0;1.0;0.0;1.0;0.0;1.0;0.0;1.0;1.0;0.0;1.0;0.0;0.0;0.0;0.0;0.0;0.0;0.0;0.0;1.0;0.0;0.0;0.0;1.0;0.0;0.0;0.0;0.0;0.0;0.0;0.0;0.0;0.0;0.0
2024-07-11;Palmeiras;10;3;9;217;776;Atlético Goianiense;2;2;23;11;6;3;0.65;0.35;549;0.85;9;19;2;2;0;0;9;1.0;0.0;1.0;0.0;0.0;0.0;0.0;0.0;1.0;0.0;0.0;2;0.031818181818181815;0.2222222222222222;467;0.019271948608137045;718.4615384615385;0.391304347826087;13.846153846153845;12;0.30000000000000004;7;0;-10;0.04189435336976321;0.13043478260869565;0.21666666666666667;3.0;1;2;3;1;0;0;0;1;0.13043478260869565;0.5;0.00546448087431694;7.666666666666667;0.0;0.0;1.0;0.0;1.0;0.0;1.0;0.0;0.0;1.0;1.0;0.0;0.0;0.0;0.0;0.0;0.0;0.0;0.0;1.0;1.0;0.0;0.0;0.0;1.0;0.0;0.0;0.0;0.0;0.0;0.0;0.0;0.0;0.0;0.0
2024-07-07;Palmeiras;10;3;14;217;697;Bahía;1;1;12;13;4;3;0.44;0.56;402;0.85;15;10;1;1;0;0;4;1.0;0.0;1.0;0.0;0.0;0.0;0.0;0.0;1.0;0.0;0.0;3;0.04307692307692308;0.06666666666666667;342;0.043859649122807015;777.2727272727273;0.3333333333333333;9.090909090909092;-1;-0.12000000000000005;1;0;5;0.029850746268656716;0.16666666666666666;0.22;2.0;1;1;2;1;0;0;0;1;0.16666666666666666;0.5;0.004975124378109453;6.0;0.0;0.0;1.0;0.0;1.0;0.0;1.0;0.0;0.0;1.0;1.0;0.0;0.0;0.0;0.0;0.0;0.0;0.0;0.0;1.0;1.0;0.0;0.0;0.0;1.0;0.0;0.0;0.0;0.0;0.0;0.0;0.0;0.0;0.0;0.0
2024-07-04;Palmeiras;10;0;3;217;206;Grêmio;3;2;21;14;5;5;0.61;0.39;426;0.83;13;9;3;2;0;0;10;1.0;0.0;0.0;0.0;0.0;0.0;0.0;0.0;1.0;0.0;0.0;5;0.027857142857142858;0.23076923076923078;354;0.03672316384180791;580.327868852459;0.47619047619047616;16.39344262295082;7;0.21999999999999997;5;1;4;0.04929577464788732;0.09523809523809523;0.305;5.0;0;2;2;0;1;0;1;0;0.09523809523809523;0.4;0.004694835680751174;10.5;0.0;0.0;1.0;0.0;1.0;0.0;1.0;0.0;0.0;0.0;0.0;1.0;1.0;1.0;0.0;0.0;0.0;0.0;0.0;1.0;1.0;0.0;0.0;0.0;0.0;1.0;0.0;0.0;0.0;0.0;0.0;0.0;0.0;0.0;0.0
2024-07-01;Palmeiras;10;3;3;217;652;Corinthians;4;4;20;13;10;3;0.49;0.51;297;0.77;18;10;3;4;1;0;7;1.0;0.0;0.0;0.0;0.0;0.0;0.0;0.0;1.0;0.0;0.0;3;0.03923076923076923;0.2222222222222222;229;0.07860262008733625;467.34693877551024;0.35;14.285714285714286;7;-0.020000000000000018;4;0;8;0.06734006734006734;0.1;0.245;3.5;0;2;2;1;0;0;0;1;0.1;0.2;0.006734006734006734;10.0;0.0;0.0;1.0;0.0;0.0;0.0;1.0;0.0;0.0;1.0;0.0;1.0;1.0;1.0;0.0;0.0;0.0;0.0;0.0;1.0;0.0;0.0;1.0;0.0;1.0;0.0;0.0;0.0;0.0;0.0;0.0;0.0;0.0;0.0;0.0
2024-06-26;Palmeiras;10;17;3;217;644;Fortaleza;2;2;17;12;7;6;0.69;0.31;530;0.82;11;17;2;2;0;0;8;1.0;0.0;0.0;0.0;0.0;0.0;0.0;0.0;0.0;0.0;0.0;3;0.025833333333333333;0.18181818181818182;435;0.02528735632183908;630.4347826086957;0.47058823529411764;11.594202898550726;5;0.37999999999999995;5;0;-6;0.03207547169811321;0.0;0.0;0.0;0;0;0;0;0;1;1;0;0.0;0.0;0.0;0.0;0.0;0.0;1.0;0.0;1.0;0.0;0.0;0.0;1.0;0.0;1.0;1.0;1.0;0.0;0.0;0.0;0.0;1.0;0.0;0.0;1.0;0.0;1.0;0.0;1.0;0.0;0.0;0.0;0.0;0.0;0.0;0.0;0.0;0.0;0.0
2024-06-23;Palmeiras;10;3;3;217;779;Juventude;2;3;28;16;10;8;0.57;0.43;424;0.82;14;7;2;3;0;0;10;1.0;0.0;0.0;0.0;0.0;0.0;0.0;1.0;1.0;0.0;0.0;4;0.026875;0.14285714285714285;348;0.040229885057471264;610.5263157894738;0.35714285714285715;17.54385964912281;12;0.13999999999999996;6;-1;7;0.0660377358490566;0.10714285714285714;0.18999999999999997;3.3333333333333335;0;3;3;1;0;0;0;1;0.10714285714285714;0.3;0.007075471698113208;9.333333333333334;0.0;0.0;0.0;0.0;0.0;0.0;1.0;0.0;1.0;1.0;0.0;1.0;1.0;1.0;0.0;0.0;0.0;0.0;0.0;0.0;0.0;0.0;1.0;0.0;1.0;0.0;0.0;0.0;0.0;0.0;0.0;0.0;0.0;0.0;0.0
2024-06-20;Palmeiras;10;3;0;217;659;Bragantino;0;2;24;13;7;3;0.41;0.59;308;0.73;10;9;0;2;0;0;10;1.0;0.0;0.0;0.0;0.0;0.0;0.0;0.0;1.0;0.0;0.0;3;0.045384615384615384;0.0;225;0.044444444444444446;548.7804878048781;0.4166666666666667;24.390243902439025;11;-0.18;7;-2;1;0.07792207792207792;0.08333333333333333;0.205;5.0;1;1;2;1;0;0;0;1;0.08333333333333333;0.2857142857142857;0.006493506493506494;12.0;0.0;0.0;1.0;0.0;1.0;0.0;0.0;0.0;1.0;1.0;1.0;0.0;1.0;0.0;0.0;0.0;0.0;0.0;0.0;0.0;1.0;0.0;1.0;0.0;1.0;0.0;0.0;0.0;0.0;0.0;0.0;0.0;0.0;0.0;0.0
2024-06-17;Palmeiras;10;3;6;217;220;Atlético Mineiro;3;5;22;11;9;3;0.47;0.53;373;0.78;16;16;3;3;0;2;6;1.0;0.0;0.0;0.0;0.0;0.0;0.0;0.0;1.0;0.0;0.0;3;0.04818181818181819;0.1875;291;0.054982817869415807;619.1489361702128;0.2727272727272727;12.765957446808512;11;-0.06000000000000005;3;-2;0;0.058981233243967826;0.18181818181818182;0.1175;1.5;1;3;4;1;0;0;1;0;0.18181818181818182;0.4444444444444444;0.010723860589812333;5.5;0.0;0.0;1.0;0.0;1.0;0.0;0.0;0.0;1.0;1.0;0.0;1.0;1.0;0.0;0.0;0.0;0.0;0.0;0.0;0.0;1.0;0.0;1.0;1.0;0.0;0.0;0.0;0.0;0.0;0.0;0.0;0.0;0.0;0.0;0.0
2024-06-13;Palmeiras;10;3;9;217;777;Vasco da Gama;1;2;28;9;6;2;0.57;0.43;397;0.83;10;14;1;2;0;0;10;1.0;0.0;0.0;0.0;0.0;0.0;0.0;0.0;1.0;0.0;0.0;6;0.04777777777777778;0.1;330;0.030303030303030304;578.9473684210527;0.35714285714285715;17.54385964912281;19;0.13999999999999996;4;-1;-4;0.07052896725440806;0.07142857142857142;0.285;5.0;1;1;2;1;0;0;0;1;0.07142857142857142;0.3333333333333333;0.005037783375314861;14.0;0.0;0.0;1.0;0.0;1.0;0.0;0.0;0.0;1.0;1.0;0.0;1.0;1.0;0.0;0.0;0.0;0.0;0.0;0.0;0.0;1.0;0.0;1.0;1.0;0.0;0.0;0.0;0.0;0.0;0.0;0.0;0.0;0.0;0.0;0.0
2024-06-02;Palmeiras;10;3;0;217;778;Criciúma;3;7;23;12;5;4;0.61;0.39;432;0.79;9;17;3;7;0;0;6;1.0;0.0;1.0;0.0;0.0;0.0;0.0;0.0;1.0;0.0;0.0;4;0.0325;0.3333333333333333;341;0.026392961876832845;559.016393442623;0.2608695652173913;9.836065573770492;11;0.21999999999999997;2;-4;-8;0.05324074074074074;0.08695652173913043;0.305;3.0;0;2;2;1;0;0;1;0;0.08695652173913043;0.4;0.004629629629629629;11.5;0.0;1.0;1.0;0.0;1.0;0.0;0.0;0.0;1.0;1.0;0.0;1.0;0.0;0.0;0.0;0.0;0.0;0.0;1.0;0.0;1.0;0.0;0.0;0.0;0.0;0.0;0.0;0.0;0.0;0.0;0.0;0.0;0.0;0.0;0.0
2024-05-30;Palmeiras;-1;3;6;217;218;San Lorenzo;1;3;9;6;4;1;0.74;0.26;482;0.8;16;14;1;3;0;0;6;1.0;0.0;1.0;0.0;0.0;0.0;0.0;0.0;1.0;0.0;0.0;1;0.043333333333333335;0.0625;386;0.04145077720207254;521.6216216216217;0.6666666666666666;8.108108108108109;3;0.48;5;-2;2;0.01867219917012448;0.0;0.0;0.0;0;0;0;0;1;0;0;1;0.0;0.0;0.0;0.0;0.0;1.0;1.0;0.0;1.0;0.0;0.0;0.0;1.0;1.0;0.0;1.0;0.0;0.0;0.0;0.0;0.0;0.0;0.0;0.0;0.0;0.0;0.0;0.0;0.0;0.0;1.0;1.0;0.0;0.0;0.0;0.0;0.0;0.0;0.0
2024-05-23;Palmeiras;12;3;9;217;673;Botafogo RP;3;2;8;8;4;1;0.57;0.43;442;0.79;18;15;3;2;0;0;8;0.0;0.0;1.0;0.0;0.0;0.0;0.0;0.0;1.0;0.0;0.0;3;0.05375;0.16666666666666666;349;0.05157593123209169;612.280701754386;1.0;14.035087719298247;0;0.13999999999999996;5;1;3;0.01809954751131222;0.0;0.0;0.0;0;0;0;0;1;0;1;0;0.0;0.0;0.0;0.0;0.0;1.0;1.0;0.0;0.0;0.0;0.0;0.0;1.0;1.0;0.0;1.0;0.0;0.0;0.0;0.0;1.0;0.0;0.0;0.0;0.0;0.0;1.0;1.0;0.0;0.0;0.0;1.0;0.0;0.0;0.0;0.0;0.0;0.0;0.0
2024-05-15;Palmeiras;-1;13;9;217;219;Independiente del Valle;0;2;12;11;2;5;0.46;0.54;334;0.76;15;12;0;2;0;0;3;1.0;0.0;1.0;0.0;0.0;0.0;0.0;0.0;1.0;0.0;0.0;3;0.049090909090909095;0.0;254;0.05905511811023622;552.1739130434783;0.25;6.521739130434782;1;-0.08000000000000002;0;-2;3;0.03592814371257485;0.16666666666666666;0.23;1.5;2;0;2;1;0;0;0;1;0.16666666666666666;1.0;0.005988023952095809;6.0;0.0;1.0;1.0;0.0;0.0;0.0;1.0;0.0;1.0;0.0;0.0;1.0;0.0;0.0;0.0;0.0;0.0;0.0;0.0;0.0;0.0;0.0;1.0;1.0;0.0;0.0;0.0;1.0;0.0;0.0;0.0;0.0;0.0;0.0;0.0
2024-05-12;Palmeiras;10;3;3;217;649;Paranaense;4;5;23;11;5;6;0.63;0.37;407;0.85;11;17;4;4;0;1;9;1.0;0.0;1.0;0.0;0.0;0.0;0.0;0.0;1.0;0.0;0.0;6;0.03363636363636364;0.36363636363636365;346;0.031791907514450865;549.2063492063492;0.391304347826087;14.285714285714286;12;0.26;3;-1;-6;0.056511056511056514;0.0;0.0;0.0;0;0;0;0;0;1;0;1;0.0;0.0;0.0;0.0;0.0;0.0;1.0;0.0;0.0;0.0;0.0;0.0;0.0;1.0;1.0;0.0;0.0;0.0;0.0;0.0;0.0;0.0;0.0;0.0;1.0;0.0;1.0;0.0;1.0;0.0;0.0;1.0;1.0;0.0;0.0;0.0;0.0;0.0;0.0
2024-05-09;Palmeiras;-1;3;4;217;2;Liverpool;2;1;22;9;11;3;0.55;0.45;431;0.81;10;8;2;1;0;0;3;1.0;0.0;1.0;0.0;0.0;0.0;0.0;0.0;1.0;0.0;0.0;5;0.05;0.2;349;0.02865329512893983;634.5454545454545;0.13636363636363635;5.454545454545454;13;0.10000000000000003;-2;1;2;0.05104408352668213;0.22727272727272727;0.11000000000000001;0.6;1;4;5;1;0;0;1;0;0.22727272727272727;0.45454545454545453;0.01160092807424594;4.4;0.0;0.0;1.0;0.0;1.0;0.0;0.0;0.0;1.0;1.0;0.0;1.0;0.0;0.0;0.0;0.0;0.0;0.0;0.0;0.0;0.0;0.0;0.0;1.0;1.0;0.0;0.0;1.0;0.0;0.0;0.0;0.0;0.0;0.0;0.0
2024-05-05;Palmeiras;10;17;29;217;656;Cuiabá;3;2;15;9;6;1;0.55;0.45;471;0.84;11;10;3;2;0;0;6;1.0;0.0;1.0;0.0;0.0;0.0;0.0;0.0;0.0;0.0;0.0;6;0.05;0.2727272727272727;396;0.027777777777777776;719.9999999999999;0.4;10.909090909090908;6;0.10000000000000003;0;1;1;0.03184713375796178;0.13333333333333333;0.275;3.0;1;1;2;1;0;0;1;0;0.13333333333333333;0.3333333333333333;0.004246284501061571;7.5;0.0;0.0;1.0;0.0;1.0;0.0;0.0;0.0;1.0;0.0;0.0;1.0;0.0;0.0;0.0;0.0;0.0;0.0;0.0;0.0;1.0;0.0;0.0;1.0;1.0;0.0;1.0;1.0;0.0;0.0;0.0;0.0;0.0;0.0;0.0
2024-05-02;Palmeiras;12;3;17;217;673;Botafogo RP;2;4;27;12;11;6;0.7;0.3;566;0.87;9;12;2;4;0;0;9;0.0;0.0;0.0;0.0;0.0;0.0;0.0;0.0;1.0;0.0;0.0;3;0.024999999999999998;0.2222222222222222;492;0.018292682926829267;702.8571428571429;0.3333333333333333;12.857142857142858;15;0.39999999999999997;6;-2;-3;0.04770318021201413;0.07407407407407407;0.35;4.5;0;2;2;1;0;0;0;1;0.07407407407407407;0.18181818181818182;0.0035335689045936395;13.5;0.0;0.0;0.0;0.0;1.0;0.0;0.0;0.0;1.0;1.0;1.0;0.0;0.0;0.0;0.0;0.0;1.0;1.0;0.0;0.0;0.0;0.0;0.0;1.0;1.0;0.0;0.0;1.0;1.0;0.0;0.0;0.0;0.0;0.0;0.0
2024-04-29;Palmeiras;10;3;17;217;201;São Paulo;3;4;9;16;3;1;0.42;0.58;329;0.76;20;10;3;4;0;0;4;1.0;0.0;1.0;0.0;0.0;0.0;0.0;0.0;1.0;0.0;0.0;6;0.03625;0.15;250;0.08;595.2380952380953;0.4444444444444444;9.523809523809524;-7;-0.15999999999999998;-2;-1;10;0.02735562310030395;0.0;0.0;0.0;0;0;0;0;1;0;1;0;0.0;0.0;0.0;0.0;0.0;1.0;1.0;0.0;1.0;0.0;1.0;0.0;1.0;1.0;0.0;1.0;0.0;0.0;0.0;0.0;0.0;0.0;0.0;0.0;0.0;0.0;0.0;0.0;0.0;0.0;0.0;1.0;0.0;0.0;0.0;0.0;0.0;0.0;0.0
2024-04-24;Palmeiras;-1;3;3;217;219;Independiente del Valle;2;3;7;16;4;6;0.3;0.7;235;0.71;9;11;2;3;0;0;6;1.0;0.0;1.0;0.0;0.0;0.0;0.0;0.0;0.0;0.0;0.0;5;0.04375;0.2222222222222222;167;0.05389221556886228;556.6666666666667;0.8571428571428571;20.0;-9;-0.39999999999999997;1;-1;-2;0.029787234042553193;0.42857142857142855;0.09999999999999999;2.0;1;2;3;1;0;0;1;0;0.42857142857142855;0.75;0.01276595744680851;2.3333333333333335;0.0;1.0;1.0;0.0;1.0;0.0;0.0;0.0;0.0;1.0;1.0;1.0;0.0;0.0;0.0;0.0;0.0;0.0;0.0;0.0;1.0;0.0;0.0;0.0;0.0;0.0;0.0;1.0;1.0;0.0;0.0;0.0;0.0;0.0;0.0
2024-04-21;Palmeiras;10;17;3;217;214;Flamengo;5;4;12;8;1;3;0.48;0.52;337;0.76;23;14;5;4;0;0;6;1.0;0.0;1.0;0.0;0.0;0.0;0.0;0.0;0.0;0.0;0.0;5;0.065;0.21739130434782608;256;0.08984375;533.3333333333334;0.5;12.5;4;-0.040000000000000036;1;1;9;0.03560830860534125;0.0;0.0;0.0;0;0;0;0;1;0;0;1;0.0;0.0;0.0;0.0;0.0;1.0;1.0;0.0;1.0;0.0;1.0;0.0;1.0;1.0;1.0;0.0;0.0;0.0;0.0;0.0;0.0;0.0;0.0;0.0;0.0;0.0;0.0;0.0;0.0;0.0;0.0;1.0;1.0;0.0;0.0;0.0;0.0;0.0;0.0
2024-04-17;Palmeiras;10;17;3;217;641;Internacional;2;4;18;5;3;2;0.64;0.36;474;0.82;17;21;2;4;0;0;6;1.0;0.0;1.0;0.0;0.0;0.0;0.0;0.0;0.0;0.0;0.0;2;0.072;0.11764705882352941;389;0.043701799485861184;607.8125;0.3333333333333333;9.375;13;0.28;4;-2;-4;0.0379746835443038;0.0;0.0;0.0;0;0;0;0;0;1;0;1;0.0;0.0;0.0;0.0;0.0;1.0;1.0;0.0;1.0;0.0;1.0;0.0;1.0;1.0;1.0;0.0;0.0;0.0;0.0;0.0;0.0;0.0;0.0;0.0;0.0;0.0;0.0;1.0;0.0;0.0;0.0;1.0;0.0;0.0;0.0;0.0;0.0;0.0;0.0
2024-04-14;Palmeiras;10;3;0;217;693;Vitória;5;3;15;13;4;5;0.44;0.56;307;0.78;15;12;5;3;0;0;9;1.0;0.0;0.0;0.0;0.0;0.0;0.0;1.0;1.0;0.0;0.0;3;0.04307692307692308;0.3333333333333333;239;0.06276150627615062;543.1818181818181;0.6;20.454545454545453;2;-0.12000000000000005;6;2;3;0.048859934853420196;0.06666666666666667;0.44;9.0;1;0;1;1;0;0;1;0;0.06666666666666667;0.25;0.003257328990228013;15.0;0.0;1.0;0.0;0.0;0.0;0.0;0.0;0.0;1.0;1.0;1.0;0.0;0.0;0.0;0.0;0.0;0.0;0.0;0.0;0.0;1.0;0.0;0.0;0.0;1.0;0.0;0.0;1.0;1.0;0.0;0.0;0.0;0.0;0.0;0.0
2024-04-11;Palmeiras;-1;3;4;217;2;Liverpool;2;5;22;7;11;3;0.63;0.37;413;0.83;16;19;2;5;0;0;5;1.0;0.0;1.0;0.0;0.0;0.0;0.0;0.0;1.0;0.0;0.0;1;0.05285714285714286;0.125;343;0.04664723032069971;544.4444444444445;0.22727272727272727;7.936507936507937;15;0.26;4;-3;-3;0.053268765133171914;0.13636363636363635;0.21;1.6666666666666667;1;2;3;1;0;0;0;1;0.13636363636363635;0.2727272727272727;0.007263922518159807;7.333333333333333;0.0;1.0;1.0;0.0;1.0;0.0;1.0;0.0;1.0;1.0;0.0;1.0;0.0;0.0;0.0;0.0;0.0;0.0;0.0;0.0;0.0;0.0;0.0;0.0;0.0;0.0;1.0;0.0;0.0;0.0;0.0;0.0;0.0;0.0;0.0
2024-04-07;Palmeiras;27;29;3;217;662;Santos;3;3;20;16;5;5;0.53;0.47;336;0.69;18;8;3;3;0;0;3;1.0;0.0;1.0;0.0;0.0;0.0;0.0;0.0;0.0;0.0;0.0;5;0.029375;0.16666666666666666;232;0.07758620689655173;437.73584905660374;0.15;5.660377358490566;4;0.06000000000000005;-2;0;10;0.05952380952380952;0.1;0.265;1.5;1;1;2;1;0;0;0;1;0.1;0.4;0.005952380952380952;10.0;0.0;0.0;1.0;0.0;1.0;0.0;1.0;0.0;1.0;1.0;1.0;0.0;0.0;0.0;0.0;0.0;0.0;0.0;0.0;0.0;0.0;0.0;1.0;1.0;0.0;0.0;0.0;1.0;0.0;0.0;0.0;0.0;0.0;0.0;0.0
2024-04-03;Palmeiras;-1;17;3;217;218;San Lorenzo;4;6;12;11;3;5;0.55;0.45;381;0.81;13;20;4;6;0;0;5;0.0;0.0;1.0;0.0;0.0;0.0;0.0;1.0;0.0;0.0;0.0;5;0.04090909090909091;0.3076923076923077;309;0.042071197411003236;561.8181818181818;0.4166666666666667;9.09090909090909;1;0.10000000000000003;0;-2;-7;0.031496062992125984;0.08333333333333333;0.55;5.0;0;1;1;0;1;0;1;0;0.08333333333333333;0.3333333333333333;0.0026246719160104987;12.0;0.0;1.0;0.0;0.0;0.0;0.0;0.0;0.0;0.0;0.0;0.0;0.0;1.0;0.0;0.0;0.0;1.0;1.0;0.0;0.0;1.0;0.0;0.0;1.0;1.0;0.0;0.0;0.0;0.0;1.0;1.0;0.0;0.0;0.0;0.0
2024-03-31;Palmeiras;27;17;3;217;662;Santos;2;3;17;14;7;7;0.6;0.4;417;0.83;18;11;2;3;0;0;6;1.0;0.0;0.0;0.0;0.0;0.0;0.0;0.0;0.0;0.0;0.0;6;0.028571428571428574;0.1111111111111111;346;0.05202312138728324;576.6666666666667;0.35294117647058826;10.0;3;0.19999999999999996;0;-1;7;0.0407673860911271;0.0;0.0;0.0;0;0;0;0;0;1;1;0;0.0;0.0;0.0;0.0;0.0;0.0;1.0;0.0;1.0;0.0;1.0;0.0;1.0;1.0;1.0;1.0;0.0;0.0;0.0;0.0;0.0;0.0;0.0;0.0;0.0;0.0;1.0;0.0;0.0;0.0;0.0;1.0;1.0;0.0;0.0;0.0;0.0;0.0;0.0
2024-03-28;Palmeiras;27;17;6;217;671;Novorizontino;1;2;19;15;6;3;0.59;0.41;438;0.75;11;17;1;2;0;0;4;1.0;0.0;0.0;0.0;0.0;0.0;0.0;0.0;0.0;0.0;0.0;6;0.02733333333333333;0.09090909090909091;328;0.03353658536585366;555.9322033898305;0.21052631578947367;6.779661016949153;4;0.18;-2;-1;-6;0.04337899543378995;0.05263157894736842;0.59;4.0;0;1;1;1;0;0;0;1;0.05263157894736842;0.16666666666666666;0.00228310502283105;19.0;0.0;0.0;1.0;0.0;1.0;0.0;1.0;0.0;1.0;1.0;1.0;1.0;0.0;0.0;0.0;0.0;0.0;0.0;0.0;0.0;0.0;0.0;1.0;0.0;0.0;0.0;0.0;1.0;1.0;0.0;0.0;0.0;0.0;0.0;0.0
2024-03-16;Palmeiras;27;29;29;217;666;Ponte Preta;4;4;19;9;9;4;0.62;0.38;460;0.87;22;13;4;4;0;0;4;1.0;0.0;0.0;0.0;0.0;0.0;0.0;0.0;0.0;0.0;0.0;4;0.042222222222222223;0.18181818181818182;400;0.055;645.1612903225806;0.21052631578947367;6.451612903225807;10;0.24;0;0;9;0.041304347826086954;0.2631578947368421;0.124;0.8;3;2;5;1;0;0;0;1;0.2631578947368421;0.5555555555555556;0.010869565217391304;3.8;0.0;0.0;1.0;0.0;1.0;0.0;1.0;0.0;1.0;1.0;1.0;1.0;0.0;0.0;0.0;0.0;0.0;0.0;0.0;0.0;0.0;0.0;1.0;0.0;0.0;0.0;0.0;1.0;1.0;0.0;0.0;0.0;0.0;0.0;0.0
2024-03-09;Palmeiras;27;29;9;217;673;Botafogo RP;2;3;17;5;6;2;0.75;0.25;564;0.87;14;11;2;2;0;1;7;1.0;0.0;0.0;0.0;0.0;0.0;0.0;0.0;0.0;0.0;0.0;2;0.05;0.14285714285714285;491;0.028513238289205704;654.6666666666666;0.4117647058823529;9.333333333333334;12;0.5;5;-1;3;0.030141843971631204;0.058823529411764705;0.75;7.0;0;1;1;1;0;0;0;1;0.058823529411764705;0.16666666666666666;0.0017730496453900709;17.0;0.0;1.0;1.0;0.0;1.0;0.0;1.0;0.0;1.0;1.0;1.0;0.0;0.0;0.0;0.0;0.0;0.0;0.0;0.0;0.0;1.0;0.0;0.0;1.0;0.0;0.0;0.0;0.0;1.0;0.0;0.0;0.0;0.0;0.0;0.0
2024-03-03;Palmeiras;27;17;6;217;201;São Paulo;4;2;8;8;2;4;0.57;0.43;467;0.84;16;14;4;2;0;0;6;1.0;0.0;0.0;0.0;0.0;0.0;0.0;0.0;0.0;0.0;0.0;4;0.05375;0.25;392;0.04081632653061224;687.7192982456141;0.75;10.526315789473685;0;0.13999999999999996;2;2;2;0.017130620985010708;0.125;0.57;6.0;0;1;1;0;1;0;1;0;0.125;0.5;0.0021413276231263384;8.0;0.0;1.0;1.0;0.0;1.0;0.0;1.0;0.0;1.0;1.0;0.0;1.0;0.0;0.0;0.0;0.0;0.0;0.0;0.0;0.0;0.0;0.0;1.0;0.0;0.0;0.0;0.0;1.0;1.0;0.0;0.0;0.0;0.0;0.0;0.0
2024-02-28;Palmeiras;27;17;29;217;663;Portuguesa;0;5;18;9;5;3;0.73;0.27;515;0.88;21;9;0;4;0;1;3;1.0;0.0;0.0;0.0;0.0;0.0;0.0;0.0;0.0;0.0;0.0;4;0.030000000000000002;0.0;453;0.046357615894039736;620.5479452054794;0.16666666666666666;4.109589041095891;9;0.45999999999999996;-1;-5;12;0.03495145631067961;0.1111111111111111;0.365;1.5;0;2;2;1;0;0;1;0;0.1111111111111111;0.4;0.003883495145631068;9.0;0.0;0.0;1.0;0.0;1.0;0.0;1.0;0.0;1.0;1.0;0.0;1.0;0.0;0.0;0.0;0.0;0.0;1.0;0.0;0.0;0.0;0.0;1.0;0.0;0.0;0.0;0.0;1.0;1.0;0.0;0.0;0.0;0.0;0.0;0.0
2024-02-24;Palmeiras;27;14;3;217;670;Mirassol;3;0;11;13;8;4;0.48;0.52;432;0.87;15;9;3;0;0;0;5;1.0;0.0;0.0;0.0;0.0;0.0;0.0;0.0;0.0;0.0;0.0;4;0.04;0.2;376;0.0398936170212766;783.3333333333334;0.45454545454545453;10.416666666666668;-2;-0.040000000000000036;1;3;6;0.02546296296296296;0.2727272727272727;0.16;1.6666666666666667;1;2;3;1;0;0;0;1;0.2727272727272727;0.375;0.006944444444444444;3.6666666666666665;0.0;1.0;1.0;0.0;1.0;0.0;1.0;0.0;1.0;1.0;0.0;1.0;0.0;0.0;0.0;0.0;0.0;0.0;0.0;0.0;0.0;0.0;1.0;0.0;0.0;0.0;0.0;1.0;1.0;0.0;0.0;0.0;0.0;0.0;0.0
2024-02-18;Palmeiras;27;2;0;217;652;Corinthians;4;3;20;13;5;6;0.53;0.47;333;0.75;20;17;4;2;0;1;7;1.0;0.0;1.0;0.0;0.0;0.0;0.0;0.0;0.0;0.0;0.0;3;0.036153846153846154;0.2;250;0.08;471.6981132075471;0.35;13.20754716981132;7;0.06000000000000005;4;1;3;0.06006006006006006;0.1;0.265;3.5;1;1;2;0;1;0;0;1;0.1;0.4;0.006006006006006006;10.0;0.0;1.0;1.0;0.0;1.0;0.0;1.0;0.0;1.0;0.0;0.0;1.0;0.0;0.0;0.0;0.0;0.0;0.0;0.0;0.0;0.0;0.0;1.0;0.0;0.0;0.0;0.0;1.0;1.0;0.0;0.0;0.0;0.0;0.0;0.0
2024-02-15;Palmeiras;27;2;0;217;672;São Bernardo;2;5;21;3;8;1;0.68;0.32;503;0.81;17;20;2;5;0;0;11;0.0;0.0;0.0;0.0;0.0;0.0;0.0;1.0;0.0;0.0;0.0;2;0.10666666666666667;0.11764705882352941;407;0.04176904176904177;598.5294117647059;0.5238095238095238;16.176470588235293;18;0.36000000000000004;9;-3;-3;0.041749502982107355;0.047619047619047616;0.68;11.0;0;1;1;1;0;0;1;0;0.047619047619047616;0.125;0.0019880715705765406;21.0;0.0;0.0;0.0;0.0;1.0;0.0;0.0;0.0;1.0;0.0;0.0;1.0;1.0;0.0;0.0;0.0;1.0;0.0;0.0;0.0;1.0;0.0;0.0;0.0;1.0;1.0;1.0;1.0;0.0;0.0;0.0;0.0;0.0;0.0;0.0
2024-02-12;Palmeiras;27;2;0;217;664;Santo André;1;2;18;9;5;5;0.68;0.32;458;0.85;13;18;1;2;0;0;11;1.0;0.0;1.0;0.0;0.0;0.0;0.0;0.0;0.0;0.0;0.0;3;0.035555555555555556;0.07692307692307693;389;0.033419023136246784;572.0588235294117;0.6111111111111112;16.176470588235293;9;0.36000000000000004;8;-1;-5;0.039301310043668124;0.05555555555555555;0.68;11.0;0;1;1;0;1;0;1;0;0.05555555555555555;0.2;0.002183406113537118;18.0;0.0;1.0;1.0;0.0;0.0;0.0;1.0;0.0;0.0;0.0;0.0;0.0;0.0;1.0;0.0;0.0;0.0;1.0;0.0;0.0;0.0;0.0;1.0;0.0;0.0;0.0;0.0;0.0;1.0;1.0;1.0;0.0;0.0;0.0;0.0
2024-02-08;Palmeiras;27;23;6;217;665;Ituano;0;2;20;6;4;2;0.55;0.45;449;0.79;13;7;0;2;0;0;9;1.0;0.0;1.0;0.0;0.0;0.0;0.0;0.0;0.0;0.0;0.0;0;0.075;0.0;355;0.036619718309859155;645.4545454545454;0.45;16.363636363636363;14;0.10000000000000003;9;-2;6;0.044543429844097995;0.1;0.275;4.5;1;1;2;1;0;0;0;1;0.1;0.5;0.004454342984409799;10.0;0.0;1.0;1.0;0.0;1.0;0.0;1.0;0.0;1.0;1.0;0.0;1.0;0.0;0.0;0.0;0.0;0.0;0.0;0.0;0.0;0.0;0.0;1.0;0.0;0.0;0.0;0.0;0.0;1.0;0.0;0.0;0.0;0.0;0.0;0.0
2024-02-04;Palmeiras;33;17;3;217;201;São Paulo;5;4;13;6;3;2;0.49;0.51;338;0.79;19;16;5;4;0;0;3;1.0;0.0;1.0;0.0;0.0;0.0;0.0;0.0;0.0;0.0;0.0;6;0.085;0.2631578947368421;267;0.07116104868913857;544.8979591836735;0.23076923076923078;6.122448979591836;7;-0.020000000000000018;-3;1;3;0.038461538461538464;0.0;0.0;0.0;0;0;0;0;1;0;0;1;0.0;0.0;0.0;0.0;0.0;1.0;1.0;0.0;0.0;0.0;1.0;0.0;1.0;1.0;1.0;1.0;0.0;0.0;0.0;0.0;0.0;0.0;0.0;0.0;1.0;0.0;1.0;0.0;0.0;0.0;0.0;0.0;0.0;0.0;0.0;0.0;0.0;0.0;0.0
2024-01-31;Palmeiras;27;4;6;217;659;Bragantino;3;1;10;12;3;1;0.4;0.6;284;0.69;20;16;3;1;0;0;5;0.0;0.0;0.0;0.0;0.0;0.0;0.0;1.0;0.0;0.0;0.0;8;0.049999999999999996;0.15;196;0.10204081632653061;490.0;0.5;12.5;-2;-0.19999999999999996;-3;2;4;0.035211267605633804;0.1;0.4;5.0;0;1;1;1;0;0;1;0;0.1;0.3333333333333333;0.0035211267605633804;10.0;0.0;0.0;0.0;0.0;1.0;0.0;0.0;0.0;0.0;0.0;0.0;0.0;1.0;1.0;0.0;0.0;1.0;1.0;0.0;0.0;0.0;0.0;0.0;0.0;0.0;1.0;1.0;0.0;1.0;1.0;1.0;0.0;0.0;0.0;0.0
2024-01-28;Palmeiras;27;3;0;217;662;Santos;0;1;17;11;6;3;0.48;0.52;398;0.8;12;9;0;1;0;0;7;1.0;0.0;1.0;0.0;0.0;0.0;0.0;0.0;0.0;0.0;0.0;5;0.04727272727272727;0.0;318;0.03773584905660377;662.5;0.4117647058823529;14.583333333333334;6;-0.040000000000000036;2;-1;3;0.04271356783919598;0.11764705882352941;0.24;3.5;0;2;2;1;0;0;0;1;0.11764705882352941;0.3333333333333333;0.005025125628140704;8.5;0.0;1.0;1.0;0.0;0.0;0.0;1.0;0.0;1.0;1.0;1.0;0.0;0.0;0.0;0.0;0.0;0.0;0.0;0.0;0.0;1.0;0.0;1.0;0.0;0.0;0.0;0.0;0.0;1.0;0.0;0.0;0.0;0.0;0.0;0.0
2024-01-24;Palmeiras;27;29;7;217;669;Associação Atlética Internacional;1;4;17;10;7;3;0.63;0.37;434;0.85;13;13;1;3;0;1;8;1.0;0.0;1.0;0.0;0.0;0.0;0.0;0.0;0.0;0.0;0.0;1;0.037;0.07692307692307693;369;0.03523035230352303;585.7142857142857;0.47058823529411764;12.698412698412698;7;0.26;7;-3;0;0.03917050691244239;0.17647058823529413;0.21;2.6666666666666665;2;1;3;1;0;0;0;1;0.17647058823529413;0.42857142857142855;0.0069124423963133645;5.666666666666667;0.0;0.0;1.0;0.0;1.0;0.0;1.0;0.0;0.0;1.0;0.0;1.0;0.0;0.0;0.0;0.0;0.0;0.0;0.0;0.0;0.0;0.0;1.0;0.0;0.0;0.0;1.0;0.0;1.0;0.0;0.0;1.0;0.0;0.0;0.0
2024-01-21;Palmeiras;27;29;9;217;671;Novorizontino;0;2;5;20;1;5;0.54;0.46;359;0.76;11;13;0;2;0;0;2;1.0;0.0;1.0;0.0;0.0;0.0;0.0;1.0;0.0;0.0;0.0;7;0.023;0.0;273;0.040293040293040296;505.55555555555554;0.4;3.7037037037037033;-15;0.08000000000000002;-5;-2;-2;0.013927576601671309;0.2;0.54;2.0;0;1;1;0;1;0;1;0;0.2;1.0;0.002785515320334262;5.0;0.0;1.0;0.0;0.0;0.0;0.0;0.0;0.0;1.0;1.0;1.0;1.0;0.0;0.0;0.0;0.0;0.0;0.0;0.0;0.0;1.0;0.0;1.0;0.0;0.0;0.0;0.0;0.0;0.0;0.0;1.0;0.0;0.0;0.0;0.0
2023-12-06;Palmeiras;10;29;0;217;636;Cruzeiro;1;1;8;14;5;6;0.44;0.56;349;0.8;19;9;1;1;0;0;4;1.0;0.0;1.0;0.0;0.0;0.0;0.0;1.0;0.0;0.0;0.0;3;0.04;0.05263157894736842;279;0.06810035842293907;634.0909090909091;0.5;9.090909090909092;-6;-0.12000000000000005;1;0;10;0.022922636103151862;0.125;0.44;4.0;1;0;1;0;1;0;1;0;0.125;0.2;0.0028653295128939827;8.0;0.0;1.0;0.0;0.0;0.0;0.0;0.0;0.0;1.0;1.0;1.0;1.0;0.0;0.0;0.0;0.0;0.0;0.0;0.0;0.0;0.0;0.0;1.0;0.0;0.0;0.0;0.0;1.0;0.0;0.0;1.0;0.0;0.0;0.0;0.0
2023-12-03;Palmeiras;10;29;1;217;197;Fluminense;1;3;22;6;5;2;0.35;0.65;301;0.83;11;12;1;2;0;1;7;1.0;0.0;1.0;0.0;0.0;0.0;0.0;0.0;0.0;0.0;0.0;1;0.10833333333333334;0.09090909090909091;250;0.044;714.2857142857143;0.3181818181818182;20.0;16;-0.30000000000000004;6;-2;-1;0.07308970099667775;0.045454545454545456;0.35;7.0;1;0;1;1;0;0;0;1;0.045454545454545456;0.2;0.0033222591362126247;22.0;0.0;1.0;1.0;0.0;0.0;0.0;0.0;0.0;1.0;1.0;1.0;1.0;0.0;0.0;0.0;0.0;0.0;0.0;0.0;0.0;0.0;0.0;1.0;0.0;0.0;0.0;0.0;1.0;0.0;0.0;1.0;0.0;0.0;0.0;0.0
2023-11-29;Palmeiras;10;3;29;217;682;América-MG;2;2;25;5;12;1;0.46;0.54;357;0.82;10;15;2;2;0;0;10;1.0;0.0;0.0;0.0;0.0;0.0;0.0;0.0;0.0;0.0;0.0;2;0.10800000000000001;0.2;293;0.034129692832764506;636.9565217391304;0.4;21.73913043478261;20;-0.08000000000000002;8;0;-5;0.0700280112044818;0.16;0.115;2.5;2;2;4;1;0;0;0;1;0.16;0.3333333333333333;0.011204481792717087;6.25;0.0;1.0;1.0;0.0;0.0;0.0;0.0;0.0;1.0;1.0;0.0;1.0;1.0;0.0;0.0;0.0;0.0;0.0;0.0;0.0;1.0;0.0;1.0;0.0;0.0;0.0;0.0;1.0;0.0;0.0;1.0;0.0;0.0;0.0;0.0
2023-11-26;Palmeiras;10;29;1;217;644;Fortaleza;3;2;13;20;5;8;0.63;0.37;438;0.83;11;18;2;2;1;0;7;1.0;0.0;1.0;0.0;0.0;0.0;0.0;0.0;0.0;0.0;0.0;4;0.0185;0.2727272727272727;364;0.03021978021978022;577.7777777777778;0.5384615384615384;11.11111111111111;-7;0.26;3;1;-7;0.02968036529680365;0.15384615384615385;0.315;3.5;0;2;2;0;1;0;1;0;0.15384615384615385;0.4;0.0045662100456621;6.5;0.0;1.0;1.0;0.0;0.0;0.0;0.0;0.0;1.0;1.0;1.0;1.0;0.0;0.0;0.0;0.0;0.0;0.0;0.0;0.0;0.0;0.0;1.0;0.0;0.0;0.0;0.0;1.0;0.0;0.0;1.0;0.0;0.0;0.0;0.0
2023-11-11;Palmeiras;10;29;3;217;641;Internacional;1;2;18;7;10;5;0.38;0.62;343;0.76;13;13;1;2;0;0;6;1.0;0.0;0.0;0.0;0.0;0.0;0.0;0.0;0.0;0.0;0.0;3;0.08857142857142856;0.07692307692307693;261;0.04980842911877394;686.8421052631579;0.3333333333333333;15.789473684210526;11;-0.24;3;-1;0;0.052478134110787174;0.16666666666666666;0.12666666666666668;2.0;1;2;3;1;0;0;0;1;0.16666666666666666;0.3;0.008746355685131196;6.0;0.0;1.0;1.0;0.0;0.0;0.0;0.0;0.0;1.0;1.0;1.0;1.0;0.0;0.0;0.0;0.0;0.0;0.0;0.0;0.0;0.0;0.0;1.0;0.0;0.0;0.0;0.0;1.0;1.0;0.0;1.0;0.0;0.0;0.0;0.0
2023-11-08;Palmeiras;10;29;3;217;214;Flamengo;2;1;12;12;1;6;0.48;0.52;467;0.9;17;13;1;1;1;0;5;1.0;0.0;1.0;0.0;0.0;0.0;0.0;0.0;0.0;0.0;0.0;4;0.043333333333333335;0.11764705882352941;420;0.04047619047619048;875.0;0.4166666666666667;10.416666666666668;0;-0.040000000000000036;1;1;4;0.02569593147751606;0.0;0.0;0.0;0;0;0;0;0;1;1;0;0.0;0.0;0.0;0.0;0.0;1.0;1.0;0.0;0.0;0.0;0.0;0.0;1.0;1.0;1.0;0.0;0.0;0.0;0.0;0.0;0.0;0.0;0.0;0.0;0.0;0.0;1.0;0.0;0.0;0.0;0.0;1.0;1.0;0.0;1.0;0.0;0.0;0.0;0.0
2023-11-04;Palmeiras;10;29;17;217;649;Paranaense;3;4;18;15;6;2;0.47;0.53;386;0.73;17;17;3;4;0;0;2;1.0;0.0;0.0;0.0;0.0;0.0;0.0;0.0;0.0;0.0;0.0;2;0.035333333333333335;0.17647058823529413;282;0.06028368794326241;600.0;0.1111111111111111;4.25531914893617;3;-0.06000000000000005;0;-1;0;0.046632124352331605;0.05555555555555555;0.47;2.0;1;0;1;1;0;0;0;1;0.05555555555555555;0.16666666666666666;0.0025906735751295338;18.0;0.0;1.0;1.0;0.0;0.0;0.0;0.0;0.0;0.0;1.0;1.0;1.0;1.0;0.0;0.0;0.0;0.0;0.0;0.0;0.0;0.0;0.0;1.0;0.0;0.0;0.0;0.0;1.0;1.0;0.0;1.0;0.0;0.0;0.0;0.0
2023-11-01;Palmeiras;10;29;3;217;210;Botafogo;5;7;15;18;6;8;0.61;0.39;434;0.88;13;12;5;6;0;1;6;1.0;0.0;1.0;0.0;0.0;0.0;0.0;0.0;0.0;0.0;0.0;2;0.021666666666666667;0.38461538461538464;382;0.034031413612565446;626.2295081967213;0.4;9.836065573770492;-3;0.21999999999999997;4;-2;1;0.03456221198156682;0.26666666666666666;0.1525;1.5;0;4;4;1;0;0;1;0;0.26666666666666666;0.6666666666666666;0.009216589861751152;3.75;0.0;1.0;1.0;0.0;0.0;0.0;0.0;0.0;1.0;1.0;1.0;0.0;0.0;0.0;0.0;0.0;0.0;0.0;0.0;0.0;0.0;0.0;1.0;0.0;0.0;0.0;0.0;1.0;1.0;0.0;1.0;0.0;0.0;0.0;0.0
2023-10-28;Palmeiras;10;28;17;217;697;Bahía;1;3;26;5;9;1;0.63;0.37;510;0.86;15;17;1;2;0;1;6;1.0;0.0;1.0;0.0;0.0;0.0;0.0;0.0;0.0;0.0;0.0;1;0.074;0.06666666666666667;439;0.03416856492027335;696.8253968253969;0.23076923076923078;9.523809523809524;21;0.26;5;-2;-2;0.050980392156862744;0.038461538461538464;0.63;6.0;1;0;1;1;0;0;0;1;0.038461538461538464;0.1111111111111111;0.00196078431372549;26.0;0.0;1.0;1.0;0.0;0.0;0.0;0.0;0.0;1.0;1.0;1.0;0.0;0.0;1.0;0.0;0.0;0.0;0.0;0.0;0.0;0.0;0.0;0.0;0.0;0.0;0.0;0.0;1.0;1.0;0.0;1.0;0.0;0.0;0.0;0.0
2023-10-25;Palmeiras;10;28;3;217;201;São Paulo;3;3;12;3;8;0;0.46;0.54;361;0.84;15;16;3;2;0;1;5;1.0;0.0;1.0;0.0;0.0;0.0;0.0;0.0;0.0;0.0;0.0;0;0.18000000000000002;0.2;303;0.04950495049504951;658.695652173913;0.4166666666666667;10.869565217391305;9;-0.08000000000000002;5;0;-1;0.0332409972299169;0.4166666666666667;0.092;1.0;3;2;5;1;0;0;0;1;0.4166666666666667;0.625;0.013850415512465374;2.4;0.0;1.0;1.0;0.0;0.0;0.0;0.0;0.0;1.0;1.0;1.0;0.0;0.0;0.0;0.0;0.0;0.0;0.0;0.0;0.0;0.0;0.0;1.0;0.0;0.0;0.0;0.0;1.0;1.0;0.0;1.0;0.0;0.0;0.0;0.0
2023-10-22;Palmeiras;10;29;7;217;684;Coritiba;1;1;19;13;6;3;0.54;0.46;451;0.79;18;13;1;1;0;0;6;1.0;0.0;1.0;0.0;0.0;0.0;0.0;0.0;0.0;0.0;0.0;3;0.03538461538461539;0.05555555555555555;356;0.05056179775280899;659.2592592592592;0.3157894736842105;11.11111111111111;6;0.08000000000000002;3;0;5;0.04212860310421286;0.10526315789473684;0.27;3.0;2;0;2;1;0;0;1;0;0.10526315789473684;0.3333333333333333;0.004434589800443459;9.5;0.0;1.0;1.0;0.0;0.0;0.0;1.0;0.0;1.0;1.0;1.0;0.0;0.0;0.0;0.0;0.0;0.0;0.0;0.0;0.0;0.0;0.0;1.0;0.0;0.0;0.0;0.0;0.0;1.0;0.0;1.0;0.0;0.0;0.0;0.0
2023-10-19;Palmeiras;10;3;1;217;220;Atlético Mineiro;6;3;12;13;4;3;0.56;0.44;461;0.82;17;19;6;3;0;0;7;1.0;0.0;1.0;0.0;0.0;0.0;0.0;0.0;0.0;0.0;0.0;2;0.033846153846153845;0.35294117647058826;378;0.04497354497354497;674.9999999999999;0.5833333333333334;12.499999999999998;-1;0.12000000000000005;5;3;-2;0.026030368763557483;0.0;0.0;0.0;0;0;0;0;0;1;0;1;0.0;0.0;0.0;0.0;0.0;0.0;1.0;0.0;0.0;0.0;0.0;0.0;1.0;1.0;1.0;0.0;0.0;0.0;0.0;0.0;0.0;0.0;0.0;0.0;1.0;0.0;1.0;0.0;1.0;0.0;0.0;1.0;0.0;0.0;0.0;0.0;1.0;0.0;0.0
2023-10-08;Palmeiras;10;3;2;217;662;Santos;2;3;26;12;6;10;0.7;0.3;506;0.88;8;11;2;3;0;0;6;1.0;0.0;1.0;0.0;0.0;0.0;0.0;0.0;0.0;0.0;0.0;2;0.024999999999999998;0.25;445;0.017977528089887642;635.7142857142858;0.23076923076923078;8.571428571428571;14;0.39999999999999997;4;-1;-3;0.05138339920948617;0.038461538461538464;0.7;6.0;1;0;1;0;0;1;0;1;0.038461538461538464;0.16666666666666666;0.001976284584980237;26.0;0.0;0.0;1.0;0.0;0.0;0.0;0.0;0.0;1.0;1.0;1.0;0.0;0.0;0.0;0.0;0.0;0.0;0.0;0.0;0.0;1.0;0.0;1.0;0.0;1.0;0.0;0.0;1.0;0.0;0.0;0.0;0.0;1.0;0.0;0.0
2023-10-05;Palmeiras;-1;17;1;217;645;Boca Juniors;4;6;24;3;8;3;0.69;0.31;439;0.87;14;13;4;5;0;1;6;1.0;0.0;1.0;0.0;0.0;0.0;0.0;0.0;0.0;0.0;0.0;1;0.10333333333333333;0.2857142857142857;382;0.03664921465968586;553.6231884057971;0.25;8.695652173913045;21;0.37999999999999995;5;-2;1;0.05466970387243736;0.041666666666666664;0.69;6.0;0;1;1;0;1;0;0;1;0.041666666666666664;0.125;0.002277904328018223;24.0;0.0;0.0;1.0;0.0;0.0;0.0;0.0;0.0;1.0;1.0;1.0;1.0;0.0;0.0;0.0;0.0;0.0;0.0;0.0;0.0;1.0;0.0;1.0;0.0;1.0;0.0;0.0;0.0;0.0;0.0;0.0;0.0;0.0;1.0;0.0
2023-10-01;Palmeiras;10;3;3;217;659;Bragantino;2;4;10;22;3;8;0.32;0.68;256;0.65;20;14;2;4;0;0;4;0.0;0.0;0.0;0.0;0.0;0.0;0.0;1.0;0.0;0.0;0.0;6;0.03090909090909091;0.1;166;0.12048192771084337;518.75;0.4;12.5;-12;-0.36000000000000004;-2;-2;6;0.0390625;0.1;0.32;4.0;1;0;1;0;0;1;1;0;0.1;0.3333333333333333;0.00390625;10.0;0.0;1.0;0.0;0.0;0.0;0.0;0.0;0.0;0.0;0.0;0.0;0.0;1.0;1.0;0.0;0.0;1.0;0.0;0.0;0.0;0.0;0.0;0.0;0.0;0.0;1.0;1.0;1.0;1.0;1.0;1.0;0.0;0.0;0.0;0.0
2023-09-28;Palmeiras;-1;28;1;217;645;Boca Juniors;1;2;9;18;2;7;0.43;0.57;408;0.77;16;13;1;2;0;0;1;1.0;0.0;1.0;0.0;0.0;0.0;0.0;0.0;0.0;0.0;0.0;3;0.03166666666666666;0.0625;314;0.050955414012738856;730.232558139535;0.1111111111111111;2.3255813953488373;-9;-0.13999999999999996;-2;-1;3;0.022058823529411766;0.0;0.0;0.0;0;0;0;0;1;0;1;0;0.0;0.0;0.0;0.0;0.0;0.0;1.0;0.0;0.0;0.0;0.0;0.0;1.0;1.0;1.0;1.0;0.0;0.0;0.0;0.0;0.0;0.0;0.0;0.0;1.0;0.0;1.0;0.0;1.0;0.0;0.0;0.0;0.0;0.0;0.0;0.0;0.0;1.0;0.0
2023-09-21;Palmeiras;10;3;14;217;206;Grêmio;3;4;18;7;4;2;0.66;0.34;420;0.84;14;15;3;3;0;1;11;1.0;0.0;1.0;0.0;0.0;0.0;0.0;0.0;0.0;0.0;0.0;2;0.04857142857142858;0.21428571428571427;353;0.039660056657223795;534.8484848484849;0.6111111111111112;16.666666666666664;11;0.32;9;-1;-1;0.04285714285714286;0.0;0.0;0.0;0;0;0;0;0;1;1;0;0.0;0.0;0.0;0.0;0.0;0.0;1.0;0.0;0.0;0.0;0.0;0.0;1.0;1.0;1.0;1.0;0.0;0.0;0.0;0.0;0.0;0.0;0.0;0.0;0.0;0.0;1.0;0.0;1.0;0.0;0.0;1.0;0.0;0.0;0.0;0.0;0.0;1.0;0.0
2023-09-15;Palmeiras;10;3;0;217;683;Goiás;3;2;18;8;6;3;0.68;0.32;555;0.87;12;19;3;1;0;1;6;1.0;0.0;1.0;0.0;0.0;0.0;0.0;0.0;0.0;0.0;0.0;3;0.04;0.25;483;0.024844720496894408;710.2941176470588;0.3333333333333333;8.823529411764705;10;0.36000000000000004;3;1;-7;0.032432432432432434;0.05555555555555555;0.68;6.0;0;1;1;1;0;0;0;1;0.05555555555555555;0.16666666666666666;0.0018018018018018018;18.0;0.0;0.0;1.0;0.0;0.0;0.0;1.0;0.0;0.0;0.0;1.0;1.0;0.0;0.0;0.0;0.0;0.0;0.0;0.0;0.0;1.0;0.0;1.0;0.0;1.0;0.0;0.0;0.0;1.0;0.0;0.0;0.0;0.0;1.0;0.0
2023-09-03;Palmeiras;10;3;3;217;652;Corinthians;3;2;16;6;4;2;0.57;0.43;474;0.85;17;13;2;1;1;1;11;1.0;0.0;1.0;0.0;0.0;0.0;0.0;0.0;0.0;0.0;0.0;2;0.07166666666666667;0.17647058823529413;403;0.04218362282878412;707.0175438596492;0.6875;19.29824561403509;10;0.13999999999999996;9;1;4;0.03375527426160337;0.0;0.0;0.0;0;0;0;0;1;0;1;0;0.0;0.0;0.0;0.0;0.0;0.0;1.0;0.0;0.0;0.0;0.0;0.0;1.0;1.0;1.0;1.0;0.0;0.0;0.0;0.0;0.0;0.0;0.0;0.0;1.0;0.0;1.0;0.0;1.0;0.0;0.0;0.0;0.0;0.0;0.0;0.0;0.0;1.0;0.0
2023-08-30;Palmeiras;-1;2;4;217;-1;Deportivo Pereira;0;3;12;10;7;3;0.62;0.38;466;0.81;12;16;0;2;0;1;6;1.0;0.0;1.0;0.0;0.0;0.0;0.0;0.0;0.0;0.0;0.0;2;0.038;0.0;377;0.03183023872679045;608.0645161290323;0.5;9.67741935483871;2;0.24;4;-3;-4;0.02575107296137339;0.0;0.0;0.0;0;0;0;0;1;0;0;1;0.0;0.0;0.0;0.0;0.0;1.0;1.0;0.0;0.0;0.0;1.0;0.0;1.0;1.0;0.0;1.0;0.0;0.0;0.0;0.0;0.0;0.0;0.0;0.0;1.0;0.0;1.0;0.0;0.0;0.0;0.0;0.0;1.0;0.0;0.0;0.0;0.0;0.0;0.0
2023-08-27;Palmeiras;10;3;7;217;777;Vasco da Gama;2;3;13;4;5;2;0.55;0.45;513;0.87;20;15;2;3;0;0;9;1.0;0.0;1.0;0.0;0.0;0.0;0.0;0.0;0.0;0.0;0.0;2;0.1125;0.1;446;0.04484304932735426;810.9090909090909;0.6923076923076923;16.363636363636363;9;0.10000000000000003;7;-1;5;0.025341130604288498;0.07692307692307693;0.55;9.0;0;1;1;1;0;0;0;1;0.07692307692307693;0.2;0.001949317738791423;13.0;0.0;1.0;1.0;0.0;0.0;0.0;0.0;0.0;1.0;1.0;1.0;0.0;0.0;0.0;0.0;0.0;0.0;0.0;0.0;0.0;1.0;1.0;0.0;0.0;1.0;0.0;0.0;0.0;0.0;0.0;0.0;0.0;0.0;1.0;0.0
2023-08-23;Palmeiras;-1;3;4;217;-1;Deportivo Pereira;2;2;9;10;5;2;0.6;0.4;489;0.85;7;15;2;2;0;0;4;1.0;0.0;1.0;0.0;0.0;0.0;0.0;0.0;0.0;0.0;0.0;5;0.04;0.2857142857142857;416;0.016826923076923076;693.3333333333334;0.4444444444444444;6.666666666666667;-1;0.19999999999999996;-1;0;-8;0.018404907975460124;0.4444444444444444;0.15;1.0;3;1;4;1;0;0;1;0;0.4444444444444444;0.8;0.0081799591002045;2.25;0.0;0.0;1.0;0.0;0.0;0.0;0.0;0.0;1.0;1.0;1.0;1.0;0.0;0.0;0.0;0.0;0.0;0.0;0.0;0.0;1.0;1.0;1.0;0.0;1.0;0.0;0.0;0.0;0.0;0.0;0.0;0.0;0.0;0.0;0.0
2023-08-19;Palmeiras;10;3;0;217;656;Cuiabá;6;2;18;13;5;3;0.47;0.53;373;0.81;18;17;6;2;0;0;2;1.0;0.0;0.0;0.0;0.0;0.0;0.0;0.0;0.0;0.0;0.0;9;0.04076923076923077;0.3333333333333333;302;0.059602649006622516;642.5531914893618;0.1111111111111111;4.25531914893617;5;-0.06000000000000005;-7;4;1;0.04825737265415549;0.1111111111111111;0.235;1.0;1;1;2;1;0;0;1;0;0.1111111111111111;0.4;0.005361930294906166;9.0;0.0;1.0;1.0;0.0;0.0;0.0;1.0;0.0;1.0;1.0;0.0;1.0;0.0;0.0;0.0;0.0;0.0;0.0;0.0;0.0;0.0;0.0;1.0;0.0;0.0;1.0;0.0;0.0;1.0;0.0;0.0;0.0;0.0;1.0;0.0
2023-08-14;Palmeiras;10;3;3;217;636;Cruzeiro;2;3;12;13;4;5;0.53;0.47;423;0.81;13;26;2;3;0;0;3;0.0;0.0;1.0;0.0;0.0;0.0;0.0;1.0;0.0;0.0;0.0;5;0.036153846153846154;0.15384615384615385;343;0.037900874635568516;647.1698113207547;0.25;5.660377358490566;-1;0.06000000000000005;-2;-1;-13;0.028368794326241134;0.08333333333333333;0.53;3.0;0;1;1;1;0;0;0;1;0.08333333333333333;0.25;0.002364066193853428;12.0;0.0;0.0;0.0;0.0;0.0;0.0;0.0;0.0;1.0;1.0;1.0;0.0;0.0;0.0;0.0;0.0;1.0;0.0;0.0;0.0;1.0;0.0;1.0;0.0;1.0;1.0;0.0;0.0;0.0;0.0;0.0;0.0;0.0;1.0;0.0
2023-08-09;Palmeiras;-1;3;3;217;220;Atlético Mineiro;5;2;19;7;7;0;0.44;0.56;352;0.75;12;17;4;2;1;0;4;1.0;0.0;1.0;0.0;0.0;0.0;0.0;0.0;0.0;0.0;0.0;1;0.08;0.4166666666666667;264;0.045454545454545456;600.0;0.21052631578947367;9.090909090909092;12;-0.12000000000000005;3;3;-5;0.05397727272727273;0.0;0.0;0.0;0;0;0;0;1;0;0;1;0.0;0.0;0.0;0.0;0.0;0.0;1.0;0.0;0.0;0.0;0.0;0.0;1.0;1.0;1.0;0.0;0.0;0.0;0.0;0.0;0.0;0.0;0.0;0.0;1.0;1.0;1.0;0.0;1.0;0.0;0.0;0.0;0.0;0.0;0.0;0.0;0.0;1.0;0.0
2023-08-05;Palmeiras;10;3;1;217;197;Fluminense;2;5;18;10;5;5;0.45;0.55;314;0.79;22;18;2;4;0;1;8;1.0;0.0;1.0;0.0;0.0;0.0;0.0;1.0;0.0;0.0;0.0;0;0.05500000000000001;0.09090909090909091;248;0.08870967741935484;551.1111111111111;0.4444444444444444;17.77777777777778;8;-0.10000000000000003;8;-3;4;0.05732484076433121;0.05555555555555555;0.45;8.0;0;1;1;0;0;1;1;0;0.05555555555555555;0.2;0.0031847133757961785;18.0;0.0;1.0;0.0;0.0;0.0;0.0;0.0;0.0;0.0;0.0;0.0;1.0;0.0;0.0;0.0;0.0;0.0;0.0;0.0;0.0;0.0;0.0;0.0;0.0;0.0;1.0;1.0;1.0;1.0;0.0;1.0;0.0;0.0;0.0;1.0
