Fecha;Equipo_name;Torneo;Alineacion;Alineacion_contrincante;equipo;equipo_contrincante;equipo_contrincante_name;tarjetas;tarjetas_contrincante;Remates;Remates_contrincante;Remates al arco;Remates al arco_contrincante;Posesión;Posesión_contrincante;Pases;Precisión de los pases;Faltas;Faltas_contrincante;Tarjetas amarillas;Tarjetas amarillas_contrincante;Tarjetas rojas;Tarjetas rojas_contrincante;Tiros de esquina;Dominik Greif-R.C.D. Mallorca;Pablo Maffeo-R.C.D. Mallorca;Martin Valjent-R.C.D. Mallorca;Antonio José Raíllo Arenas-R.C.D. Mallorca;José Manuel Arias Copete-R.C.D. Mallorca;Johan Mojica-R.C.D. Mallorca;Dani Rodríguez-R.C.D. Mallorca;Samuel Costa-R.C.D. Mallorca;Sergi Darder-R.C.D. Mallorca;Abdón Prats Bastidas-R.C.D. Mallorca;Cyle Larin-R.C.D. Mallorca;Tiros de esquina_concedidos;Posesión_contra_por_remate;tarjetas_por_falta;pases_completados;faltas_por_pases;pases_por_posesion;tirosEsquina_por_remate;tirosEsquina_por_posesion;diff_remates;diff_posesion;diff_Tiros de esquina;diff_tarjetas;diff_faltas;remates_por_pase;posesion_por_remate;posesion_por_gol;tirosEsquina_por_gol;goles_primera_mitad;goles_segunda_mitad;goles_totales;gano;empato;perdio;visitante;local;conversion_goles;conversion_arco;goles_por_pase;remates_al_arco_por_gol;Antonio Sánchez Navarro-R.C.D. Mallorca;Manuel Morlanes Ariño-R.C.D. Mallorca;Omar Mascarell-R.C.D. Mallorca;Takuma Asano-R.C.D. Mallorca;Vedat Muriqi-R.C.D. Mallorca;David López Guijarro-R.C.D. Mallorca;Antonio Latorre-R.C.D. Mallorca;Robert Navarro-R.C.D. Mallorca;Mateu Morey-R.C.D. Mallorca;Leo Román-R.C.D. Mallorca;Valery Fernández Estrada-R.C.D. Mallorca;Siebe Van der Heyden-R.C.D. Mallorca;Javier Llabrés-R.C.D. Mallorca;Chiquinho-R.C.D. Mallorca;Marc Domènech-R.C.D. Mallorca;Iván Cuéllar-R.C.D. Mallorca;Nacho Vidal Miralles-R.C.D. Mallorca;Jaume Costa-R.C.D. Mallorca;Nemanja Radonjić-R.C.D. Mallorca;Predrag Rajković-R.C.D. Mallorca;Giovanni González Apud-R.C.D. Mallorca;Matija Nastasić-R.C.D. Mallorca;Amath Ndiaye-R.C.D. Mallorca;Daniel Luna-R.C.D. Mallorca;Rubén Quintanilla-R.C.D. Mallorca;Iñigo Ruiz de Galarreta-R.C.D. Mallorca;Lee Kang-in-R.C.D. Mallorca;Josep Gayà-R.C.D. Mallorca;Iddrisu Baba-R.C.D. Mallorca;Dennis Hadžikadunić-R.C.D. Mallorca;Tino Kadewere-R.C.D. Mallorca;Ángel Luis Rodríguez Díaz-R.C.D. Mallorca;Ludwig Augustinsson-R.C.D. Mallorca;Clément Grenier-R.C.D. Mallorca;Rodrigo Battaglia-R.C.D. Mallorca;Braian Cufré-R.C.D. Mallorca;Franco Matías Russo-R.C.D. Mallorca;Lago Junior-R.C.D. Mallorca
2025-04-19;R.C.D. Mallorca;1;4;3;40;47;Leganés;2;1;11;15;1;1;0.55;0.45;401;0.79;17;15;2;1;0;0;4;1.0;1.0;1.0;1.0;1.0;1.0;1.0;1.0;1.0;1.0;1.0;4;0.03;0.1176470588235294;317;0.0536277602523659;576.3636363636363;0.3636363636363636;7.272727272727272;-4;0.1;0;1;2;0.027431421446384;0.0;0.0;0.0;0;0;0;0;1;0;0;1;0.0;0.0;0.0;0.0;0.0;0.0;0.0;0.0;0.0;0.0;0.0;0.0;0.0;0.0;0.0;0.0;0.0;0.0;0.0;0.0;0.0;0.0;0.0;0.0;0.0;0.0;0.0;0.0;0.0;0.0;0.0;0.0;0.0;0.0;0.0;0.0;0.0;0.0;0.0;0.0;0.0;0.0
2025-04-12;R.C.D. Mallorca;1;4;3;40;46;Real Sociedad;1;3;7;15;3;4;0.34;0.66;280;0.72;12;11;1;3;0;0;2;1.0;1.0;1.0;1.0;1.0;1.0;1.0;1.0;1.0;0.0;1.0;8;0.044;0.0833333333333333;202;0.0594059405940594;594.1176470588235;0.2857142857142857;5.88235294117647;-8;-0.32;-6;-2;1;0.025;0.2857142857142857;0.17;1.0;1;1;2;1;0;0;1;0;0.2857142857142857;0.6666666666666666;0.0071428571428571;3.5;1.0;0.0;0.0;0.0;0.0;0.0;0.0;0.0;0.0;0.0;0.0;0.0;0.0;0.0;0.0;0.0;0.0;0.0;0.0;0.0;0.0;0.0;0.0;0.0;0.0;0.0;0.0;0.0;0.0;0.0;0.0;0.0;0.0;0.0;0.0;0.0;0.0;0.0
2025-04-05;R.C.D. Mallorca;1;3;5;40;44;Celta de Vigo;3;0;7;10;2;4;0.44;0.56;381;0.81;9;11;3;0;0;0;4;1.0;1.0;1.0;0.0;1.0;1.0;1.0;0.0;1.0;0.0;0.0;2;0.056;0.3333333333333333;309;0.029126213592233;702.2727272727273;0.5714285714285714;9.090909090909092;-3;-0.12;2;3;-2;0.0183727034120734;0.1428571428571428;0.44;4.0;1;0;1;0;0;1;0;1;0.1428571428571428;0.5;0.0026246719160104;7.0;0.0;1.0;1.0;1.0;1.0;0.0;0.0;0.0;0.0;0.0;0.0;0.0;0.0;0.0;0.0;0.0;0.0;0.0;0.0;0.0;0.0;0.0;0.0;0.0;0.0;0.0;0.0;0.0;0.0;0.0;0.0;0.0;0.0;0.0;0.0;0.0;0.0;0.0
2025-03-30;R.C.D. Mallorca;1;4;3;40;52;Valencia C. F.;4;4;8;8;2;2;0.56;0.44;430;0.81;15;16;4;4;0;0;5;1.0;1.0;0.0;1.0;1.0;0.0;0.0;1.0;1.0;1.0;0.0;4;0.055;0.2666666666666666;348;0.043103448275862;621.4285714285713;0.625;8.928571428571427;0;0.12;1;0;-1;0.0186046511627906;0.0;0.0;0.0;0;0;0;0;0;1;1;0;0.0;0.0;0.0;0.0;0.0;1.0;0.0;1.0;0.0;1.0;1.0;0.0;0.0;0.0;0.0;0.0;0.0;0.0;0.0;0.0;0.0;0.0;0.0;0.0;0.0;0.0;0.0;0.0;0.0;0.0;0.0;0.0;0.0;0.0;0.0;0.0;0.0;0.0;0.0;0.0;0.0;0.0
2025-03-15;R.C.D. Mallorca;1;3;1;40;49;RCD Espanyol;0;2;20;2;7;0;0.63;0.37;440;0.85;10;12;0;2;0;0;6;1.0;1.0;1.0;1.0;0.0;1.0;1.0;1.0;1.0;0.0;0.0;2;0.185;0.0;374;0.0267379679144385;593.6507936507936;0.3;9.523809523809524;18;0.26;4;-2;-2;0.0454545454545454;0.1;0.315;3.0;0;2;2;1;0;0;0;1;0.1;0.2857142857142857;0.0045454545454545;10.0;0.0;1.0;0.0;1.0;1.0;0.0;0.0;0.0;0.0;0.0;0.0;0.0;0.0;0.0;0.0;0.0;0.0;0.0;0.0;0.0;0.0;0.0;0.0;0.0;0.0;0.0;0.0;0.0;0.0;0.0;0.0;0.0;0.0;0.0;0.0;0.0;0.0;0.0
2025-03-09;R.C.D. Mallorca;1;9;3;40;38;Athletic;3;1;9;8;2;2;0.44;0.56;347;0.75;13;6;3;1;0;0;3;1.0;1.0;1.0;1.0;1.0;1.0;0.0;1.0;1.0;0.0;0.0;3;0.07;0.2307692307692307;260;0.05;590.9090909090909;0.3333333333333333;6.818181818181818;1;-0.12;0;2;7;0.0259365994236311;0.1111111111111111;0.44;3.0;0;1;1;0;1;0;1;0;0.1111111111111111;0.5;0.0028818443804034;9.0;0.0;0.0;1.0;1.0;1.0;0.0;0.0;0.0;0.0;0.0;0.0;0.0;0.0;0.0;0.0;0.0;0.0;0.0;0.0;0.0;0.0;0.0;0.0;0.0;0.0;0.0;0.0;0.0;0.0;0.0;0.0;0.0;0.0;0.0;0.0;0.0;0.0;0.0
2025-03-02;R.C.D. Mallorca;1;1;1;40;45;Alavés;0;2;15;19;4;7;0.44;0.56;321;0.77;20;14;0;2;0;0;3;1.0;1.0;1.0;1.0;0.0;0.0;1.0;0.0;1.0;0.0;0.0;9;0.0294736842105263;0.0;247;0.0809716599190283;561.3636363636364;0.2;6.818181818181818;-4;-0.12;-6;-2;6;0.0467289719626168;0.0666666666666666;0.44;3.0;1;0;1;0;1;0;0;1;0.0666666666666666;0.25;0.0031152647975077;15.0;0.0;0.0;1.0;1.0;1.0;0.0;1.0;1.0;0.0;0.0;0.0;0.0;0.0;0.0;0.0;0.0;0.0;0.0;0.0;0.0;0.0;0.0;0.0;0.0;0.0;0.0;0.0;0.0;0.0;0.0;0.0;0.0;0.0;0.0;0.0;0.0;0.0;0.0
2025-02-24;R.C.D. Mallorca;1;9;3;40;43;Sevilla;3;1;13;19;2;4;0.46;0.54;391;0.77;12;11;3;1;0;0;4;1.0;1.0;1.0;1.0;1.0;1.0;1.0;0.0;1.0;0.0;0.0;4;0.0284210526315789;0.25;301;0.0398671096345514;654.3478260869565;0.3076923076923077;8.695652173913043;-6;-0.08;0;2;1;0.0332480818414322;0.0769230769230769;0.46;4.0;0;1;1;0;1;0;1;0;0.0769230769230769;0.5;0.0025575447570332;13.0;0.0;0.0;1.0;1.0;1.0;0.0;0.0;0.0;0.0;0.0;0.0;0.0;0.0;0.0;0.0;0.0;0.0;0.0;0.0;0.0;0.0;0.0;0.0;0.0;0.0;0.0;0.0;0.0;0.0;0.0;0.0;0.0;0.0;0.0;0.0;0.0;0.0;0.0
2025-02-16;R.C.D. Mallorca;1;3;3;40;50;U. D. Las Palmas;1;4;14;9;5;4;0.48;0.52;411;0.81;7;13;1;4;0;0;3;1.0;1.0;1.0;1.0;0.0;1.0;1.0;0.0;1.0;0.0;0.0;5;0.0577777777777777;0.1428571428571428;333;0.021021021021021;693.75;0.2142857142857142;6.25;5;-0.04;-2;-3;-6;0.0340632603406326;0.2142857142857142;0.16;1.0;3;0;3;1;0;0;0;1;0.2142857142857142;0.6;0.0072992700729927;4.666666666666667;0.0;0.0;1.0;1.0;1.0;0.0;0.0;1.0;0.0;0.0;0.0;0.0;0.0;0.0;0.0;0.0;0.0;0.0;0.0;0.0;0.0;0.0;0.0;0.0;0.0;0.0;0.0;0.0;0.0;0.0;0.0;0.0;0.0;0.0;0.0;0.0;0.0;0.0
2025-02-10;R.C.D. Mallorca;1;3;7;40;41;Osasuna;1;4;10;19;2;4;0.45;0.55;345;0.82;7;11;1;4;0;0;7;1.0;1.0;1.0;1.0;0.0;1.0;1.0;1.0;1.0;0.0;0.0;11;0.0289473684210526;0.1428571428571428;283;0.0247349823321554;628.8888888888889;0.7;15.555555555555555;-9;-0.1;-4;-3;-4;0.0289855072463768;0.1;0.45;7.0;0;1;1;0;1;0;0;1;0.1;0.5;0.0028985507246376;10.0;0.0;0.0;1.0;0.0;1.0;0.0;0.0;1.0;0.0;0.0;0.0;0.0;0.0;0.0;0.0;0.0;0.0;0.0;0.0;0.0;0.0;0.0;0.0;0.0;0.0;0.0;0.0;0.0;0.0;0.0;0.0;0.0;0.0;0.0;0.0;0.0;0.0;0.0
2025-02-01;R.C.D. Mallorca;1;4;1;40;27;Atlético Madrid;3;2;10;17;1;5;0.47;0.53;415;0.83;14;9;3;2;0;0;4;1.0;0.0;1.0;1.0;1.0;1.0;1.0;1.0;1.0;0.0;1.0;10;0.0311764705882352;0.2142857142857142;344;0.0406976744186046;731.9148936170213;0.4;8.51063829787234;-7;-0.06;-6;1;5;0.0240963855421686;0.0;0.0;0.0;0;0;0;0;0;1;1;0;0.0;0.0;0.0;0.0;0.0;0.0;0.0;0.0;1.0;0.0;0.0;0.0;1.0;0.0;0.0;0.0;0.0;0.0;0.0;0.0;0.0;0.0;0.0;0.0;0.0;0.0;0.0;0.0;0.0;0.0;0.0;0.0;0.0;0.0;0.0;0.0;0.0;0.0;0.0;0.0;0.0;0.0
2025-01-25;R.C.D. Mallorca;1;3;3;40;39;Betis;3;2;16;8;3;3;0.47;0.53;351;0.8;12;18;2;2;1;0;4;1.0;1.0;0.0;1.0;1.0;1.0;1.0;1.0;1.0;0.0;1.0;4;0.06625;0.25;281;0.0427046263345195;597.872340425532;0.25;8.51063829787234;8;-0.06;0;1;-6;0.0455840455840455;0.0;0.0;0.0;0;0;0;0;0;1;0;1;0.0;0.0;0.0;0.0;0.0;0.0;1.0;0.0;0.0;0.0;0.0;1.0;0.0;0.0;0.0;0.0;0.0;0.0;0.0;0.0;0.0;0.0;0.0;0.0;0.0;0.0;0.0;0.0;0.0;0.0;0.0;0.0;0.0;0.0;0.0;0.0;0.0;0.0;0.0;0.0;0.0;0.0
2025-01-20;R.C.D. Mallorca;1;1;1;40;37;Villarreal;3;1;9;14;2;7;0.57;0.43;503;0.88;12;9;3;1;0;0;5;1.0;1.0;1.0;1.0;0.0;1.0;1.0;1.0;1.0;0.0;1.0;6;0.0307142857142857;0.25;443;0.0270880361173814;777.1929824561404;0.5555555555555556;8.771929824561404;-5;0.1399999999999999;-1;2;3;0.0178926441351888;0.0;0.0;0.0;0;0;0;0;0;1;1;0;0.0;0.0;0.0;0.0;0.0;0.0;1.0;0.0;1.0;0.0;0.0;0.0;0.0;0.0;0.0;0.0;0.0;0.0;0.0;0.0;0.0;0.0;0.0;0.0;0.0;0.0;0.0;0.0;0.0;0.0;0.0;0.0;0.0;0.0;0.0;0.0;0.0;0.0;0.0;0.0;0.0;0.0
2025-01-09;R.C.D. Mallorca;18;1;3;40;12;Real Madrid;2;4;8;28;0;11;0.35;0.65;283;0.81;14;12;2;4;0;0;1;1.0;1.0;1.0;1.0;0.0;1.0;1.0;0.0;1.0;0.0;1.0;6;0.0232142857142857;0.1428571428571428;229;0.0611353711790393;654.2857142857143;0.125;2.857142857142857;-20;-0.3;-5;-2;2;0.0282685512367491;0.0;0.0;0.0;0;0;0;0;0;1;1;0;0.0;0.0;0.0;0.0;0.0;1.0;1.0;0.0;1.0;0.0;0.0;0.0;0.0;0.0;0.0;0.0;0.0;0.0;0.0;0.0;0.0;0.0;0.0;0.0;0.0;0.0;0.0;0.0;0.0;0.0;0.0;0.0;0.0;0.0;0.0;0.0;0.0;0.0;0.0;0.0;0.0;0.0
2025-01-03;R.C.D. Mallorca;19;7;7;40;-1;Pontevedra;2;5;6;14;2;7;0.46;0.54;358;0.71;11;13;2;5;0;0;6;0.0;0.0;1.0;0.0;1.0;0.0;0.0;0.0;0.0;1.0;0.0;3;0.0385714285714285;0.1818181818181818;254;0.0433070866141732;552.1739130434783;1.0;13.043478260869565;-8;-0.08;3;-3;-2;0.0167597765363128;0.0;0.0;0.0;0;0;0;0;0;1;1;0;0.0;0.0;0.0;0.0;1.0;0.0;1.0;1.0;0.0;0.0;1.0;1.0;1.0;1.0;1.0;0.0;0.0;0.0;0.0;0.0;0.0;0.0;0.0;0.0;0.0;0.0;0.0;0.0;0.0;0.0;0.0;0.0;0.0;0.0;0.0;0.0;0.0;0.0;0.0;0.0;0.0;0.0
2024-12-21;R.C.D. Mallorca;1;1;3;40;48;Getafe;3;4;9;18;2;5;0.45;0.55;281;0.66;13;19;3;4;0;0;0;1.0;1.0;1.0;1.0;0.0;1.0;1.0;0.0;1.0;0.0;1.0;3;0.0305555555555555;0.2307692307692307;185;0.0702702702702702;411.1111111111111;0.0;0.0;-9;-0.1;-3;-1;-6;0.0320284697508896;0.1111111111111111;0.45;0.0;0;1;1;1;0;0;1;0;0.1111111111111111;0.5;0.0035587188612099;9.0;1.0;0.0;1.0;1.0;0.0;0.0;0.0;0.0;0.0;0.0;0.0;0.0;0.0;0.0;0.0;0.0;0.0;0.0;0.0;0.0;0.0;0.0;0.0;0.0;0.0;0.0;0.0;0.0;0.0;0.0;0.0;0.0;0.0;0.0;0.0;0.0;0.0;0.0
2024-12-14;R.C.D. Mallorca;1;1;23;40;24;Girona;6;2;8;13;2;1;0.31;0.69;289;0.8;10;14;5;2;1;0;2;1.0;1.0;1.0;0.0;1.0;1.0;0.0;0.0;1.0;0.0;1.0;4;0.053076923076923;0.6;231;0.0432900432900432;745.1612903225806;0.25;6.451612903225807;-5;-0.3799999999999999;-2;4;-4;0.0276816608996539;0.25;0.155;1.0;1;1;2;1;0;0;0;1;0.25;1.0;0.0069204152249134;4.0;1.0;1.0;1.0;0.0;1.0;0.0;0.0;0.0;0.0;0.0;0.0;0.0;0.0;0.0;0.0;0.0;0.0;0.0;0.0;0.0;0.0;0.0;0.0;0.0;0.0;0.0;0.0;0.0;0.0;0.0;0.0;0.0;0.0;0.0;0.0;0.0;0.0;0.0
2024-12-06;R.C.D. Mallorca;1;3;6;40;44;Celta de Vigo;1;1;9;12;4;5;0.51;0.49;501;0.85;12;9;0;1;1;0;3;1.0;0.0;1.0;1.0;0.0;0.0;1.0;1.0;0.0;0.0;1.0;3;0.0408333333333333;0.0833333333333333;426;0.028169014084507;835.2941176470588;0.3333333333333333;5.88235294117647;-3;0.02;0;0;3;0.0179640718562874;0.0;0.0;0.0;0;0;0;0;0;1;1;0;0.0;0.0;0.0;0.0;0.0;0.0;1.0;0.0;0.0;0.0;0.0;1.0;1.0;0.0;0.0;1.0;1.0;0.0;0.0;0.0;0.0;0.0;0.0;0.0;0.0;0.0;0.0;0.0;0.0;0.0;0.0;0.0;0.0;0.0;0.0;0.0;0.0;0.0;0.0;0.0;0.0;0.0
2024-12-03;R.C.D. Mallorca;1;1;3;40;10;Barcelona;4;3;6;20;1;9;0.39;0.61;317;0.75;13;13;4;3;0;0;2;0.0;1.0;1.0;1.0;0.0;1.0;0.0;1.0;1.0;0.0;0.0;5;0.0305;0.3076923076923077;238;0.0546218487394958;610.2564102564103;0.3333333333333333;5.128205128205128;-14;-0.2199999999999999;-3;1;0;0.0189274447949526;0.1666666666666666;0.39;2.0;1;0;1;0;0;1;0;1;0.1666666666666666;1.0;0.0031545741324921;6.0;1.0;1.0;0.0;0.0;1.0;0.0;0.0;0.0;0.0;1.0;1.0;0.0;0.0;0.0;0.0;0.0;0.0;0.0;0.0;0.0;0.0;0.0;0.0;0.0;0.0;0.0;0.0;0.0;0.0;0.0;0.0;0.0;0.0;0.0;0.0;0.0;0.0;0.0
2024-11-29;R.C.D. Mallorca;1;3;9;40;52;Valencia C. F.;1;1;9;7;3;1;0.48;0.52;442;0.78;9;14;1;1;0;0;3;1.0;0.0;1.0;1.0;0.0;1.0;1.0;1.0;1.0;0.0;1.0;6;0.0742857142857142;0.1111111111111111;345;0.0260869565217391;718.75;0.3333333333333333;6.25;2;-0.04;-3;0;-5;0.0203619909502262;0.2222222222222222;0.24;1.5;1;1;2;1;0;0;0;1;0.2222222222222222;0.6666666666666666;0.004524886877828;4.5;0.0;1.0;0.0;0.0;0.0;0.0;0.0;1.0;1.0;0.0;0.0;0.0;0.0;0.0;0.0;0.0;0.0;0.0;0.0;0.0;0.0;0.0;0.0;0.0;0.0;0.0;0.0;0.0;0.0;0.0;0.0;0.0;0.0;0.0;0.0;0.0;0.0;0.0
2024-11-23;R.C.D. Mallorca;1;1;3;40;50;U. D. Las Palmas;3;4;9;14;3;3;0.38;0.62;300;0.76;18;10;2;4;1;0;3;1.0;0.0;1.0;1.0;0.0;1.0;1.0;1.0;1.0;0.0;0.0;4;0.0442857142857142;0.1666666666666666;228;0.0789473684210526;600.0;0.3333333333333333;7.894736842105263;-5;-0.24;-1;-1;8;0.03;0.3333333333333333;0.1266666666666666;1.0;0;3;3;1;0;0;1;0;0.3333333333333333;1.0;0.01;3.0;0.0;1.0;0.0;0.0;1.0;0.0;0.0;1.0;1.0;0.0;0.0;0.0;0.0;0.0;0.0;0.0;0.0;0.0;0.0;0.0;0.0;0.0;0.0;0.0;0.0;0.0;0.0;0.0;0.0;0.0;0.0;0.0;0.0;0.0;0.0;0.0;0.0;0.0
2024-11-10;R.C.D. Mallorca;1;1;8;40;27;Atlético Madrid;1;3;13;9;6;2;0.53;0.47;530;0.89;10;16;1;3;0;0;7;1.0;1.0;1.0;1.0;0.0;1.0;0.0;1.0;1.0;0.0;1.0;2;0.0522222222222222;0.1;472;0.0211864406779661;890.566037735849;0.5384615384615384;13.20754716981132;4;0.06;5;-2;-6;0.0245283018867924;0.0;0.0;0.0;0;0;0;0;0;1;0;1;0.0;0.0;0.0;0.0;0.0;1.0;0.0;0.0;1.0;0.0;0.0;1.0;0.0;0.0;0.0;0.0;0.0;0.0;0.0;0.0;0.0;0.0;0.0;0.0;0.0;0.0;0.0;0.0;0.0;0.0;0.0;0.0;0.0;0.0;0.0;0.0;0.0;0.0;0.0;0.0;0.0;0.0
2024-11-01;R.C.D. Mallorca;1;3;3;40;45;Alavés;2;3;7;13;2;3;0.48;0.52;306;0.74;12;19;2;3;0;0;2;0.0;1.0;0.0;1.0;1.0;0.0;1.0;0.0;0.0;0.0;1.0;7;0.04;0.1666666666666666;226;0.0530973451327433;470.83333333333337;0.2857142857142857;4.166666666666667;-6;-0.04;-5;-1;-7;0.022875816993464;0.0;0.0;0.0;0;0;0;0;0;1;1;0;0.0;0.0;0.0;0.0;0.0;1.0;1.0;0.0;0.0;0.0;1.0;1.0;0.0;1.0;0.0;0.0;0.0;1.0;0.0;0.0;0.0;0.0;0.0;0.0;0.0;0.0;0.0;0.0;0.0;0.0;0.0;0.0;0.0;0.0;0.0;0.0;0.0;0.0;0.0;0.0;0.0;0.0
2024-10-28;R.C.D. Mallorca;1;1;3;40;38;Athletic;4;1;4;20;1;1;0.33;0.67;272;0.7;9;12;3;1;1;0;1;1.0;1.0;1.0;1.0;0.0;1.0;0.0;1.0;1.0;0.0;1.0;14;0.0335;0.4444444444444444;190;0.0473684210526315;575.7575757575758;0.25;3.0303030303030303;-16;-0.34;-13;3;-3;0.0147058823529411;0.0;0.0;0.0;0;0;0;0;1;0;0;1;0.0;0.0;0.0;0.0;0.0;1.0;0.0;0.0;1.0;0.0;0.0;1.0;0.0;0.0;0.0;0.0;0.0;0.0;0.0;0.0;0.0;0.0;0.0;0.0;0.0;0.0;0.0;0.0;0.0;0.0;0.0;0.0;0.0;0.0;0.0;0.0;0.0;0.0;0.0;0.0;0.0;0.0
2024-10-20;R.C.D. Mallorca;1;1;1;40;42;Rayo Vallecano;1;1;19;10;5;2;0.51;0.49;367;0.76;9;13;1;1;0;0;9;1.0;1.0;1.0;1.0;0.0;1.0;0.0;1.0;1.0;0.0;1.0;2;0.049;0.1111111111111111;279;0.032258064516129;547.0588235294117;0.4736842105263157;17.647058823529413;9;0.02;7;0;-4;0.0517711171662125;0.0526315789473684;0.51;9.0;0;1;1;1;0;0;0;1;0.0526315789473684;0.2;0.0027247956403269;19.0;0.0;1.0;0.0;0.0;1.0;0.0;0.0;1.0;0.0;0.0;0.0;0.0;0.0;0.0;0.0;0.0;0.0;0.0;0.0;0.0;0.0;0.0;0.0;0.0;0.0;0.0;0.0;0.0;0.0;0.0;0.0;0.0;0.0;0.0;0.0;0.0;0.0;0.0
2024-10-05;R.C.D. Mallorca;1;8;3;40;49;RCD Espanyol;5;1;11;8;5;3;0.61;0.39;416;0.84;19;14;5;1;0;0;6;1.0;1.0;0.0;1.0;1.0;1.0;1.0;1.0;1.0;0.0;1.0;4;0.04875;0.2631578947368421;349;0.0544412607449856;572.1311475409836;0.5454545454545454;9.836065573770492;3;0.2199999999999999;2;4;5;0.0264423076923076;0.0909090909090909;0.61;6.0;0;1;1;0;0;1;1;0;0.0909090909090909;0.2;0.0024038461538461;11.0;0.0;0.0;1.0;0.0;0.0;0.0;0.0;1.0;0.0;0.0;0.0;0.0;0.0;0.0;0.0;0.0;0.0;0.0;0.0;0.0;0.0;0.0;0.0;0.0;0.0;0.0;0.0;0.0;0.0;0.0;0.0;0.0;0.0;0.0;0.0;0.0;0.0;0.0
2024-09-27;R.C.D. Mallorca;1;1;0;40;51;Valladolid;2;3;17;13;6;1;0.49;0.51;413;0.78;11;16;2;3;0;0;4;0.0;1.0;0.0;1.0;1.0;1.0;1.0;1.0;1.0;0.0;1.0;7;0.0392307692307692;0.1818181818181818;322;0.0341614906832298;657.1428571428571;0.2352941176470588;8.16326530612245;4;-0.02;-3;-1;-5;0.0411622276029055;0.1176470588235294;0.245;2.0;0;2;2;1;0;0;1;0;0.1176470588235294;0.3333333333333333;0.0048426150121065;8.5;0.0;1.0;0.0;0.0;0.0;0.0;0.0;1.0;0.0;1.0;0.0;0.0;0.0;0.0;0.0;0.0;0.0;0.0;0.0;0.0;0.0;0.0;0.0;0.0;0.0;0.0;0.0;0.0;0.0;0.0;0.0;0.0;0.0;0.0;0.0;0.0;0.0;0.0
2024-09-23;R.C.D. Mallorca;1;3;3;40;39;Betis;3;3;7;16;6;6;0.38;0.62;367;0.79;14;12;3;3;0;0;3;1.0;0.0;1.0;1.0;0.0;1.0;1.0;1.0;1.0;0.0;1.0;6;0.03875;0.2142857142857142;290;0.0482758620689655;763.1578947368421;0.4285714285714285;7.894736842105263;-9;-0.24;-3;0;2;0.0190735694822888;0.2857142857142857;0.19;1.5;1;1;2;1;0;0;1;0;0.2857142857142857;0.3333333333333333;0.0054495912806539;3.5;1.0;0.0;1.0;0.0;0.0;0.0;0.0;1.0;0.0;0.0;0.0;0.0;0.0;0.0;0.0;0.0;0.0;0.0;0.0;0.0;0.0;0.0;0.0;0.0;0.0;0.0;0.0;0.0;0.0;0.0;0.0;0.0;0.0;0.0;0.0;0.0;0.0;0.0
2024-09-17;R.C.D. Mallorca;1;3;7;40;46;Real Sociedad;1;1;10;13;4;5;0.4;0.6;364;0.76;5;10;1;1;0;0;5;0.0;0.0;0.0;1.0;1.0;1.0;0.0;1.0;1.0;1.0;1.0;5;0.0461538461538461;0.2;277;0.0180505415162454;692.5;0.5;12.5;-3;-0.1999999999999999;0;0;-5;0.0274725274725274;0.1;0.4;5.0;1;0;1;1;0;0;0;1;0.1;0.25;0.0027472527472527;10.0;1.0;0.0;1.0;0.0;0.0;0.0;0.0;1.0;0.0;1.0;0.0;0.0;0.0;0.0;0.0;0.0;0.0;0.0;0.0;0.0;0.0;0.0;0.0;0.0;0.0;0.0;0.0;0.0;0.0;0.0;0.0;0.0;0.0;0.0;0.0;0.0;0.0;0.0
2024-09-14;R.C.D. Mallorca;1;3;1;40;37;Villarreal;4;3;9;21;4;4;0.54;0.46;440;0.8;11;10;3;3;1;0;7;1.0;0.0;1.0;1.0;0.0;0.0;1.0;1.0;0.0;0.0;0.0;6;0.0219047619047619;0.3636363636363636;352;0.03125;651.8518518518518;0.7777777777777778;12.962962962962962;-12;0.08;1;1;1;0.0204545454545454;0.1111111111111111;0.54;7.0;0;1;1;0;0;1;0;1;0.1111111111111111;0.25;0.0022727272727272;9.0;1.0;1.0;0.0;1.0;1.0;0.0;1.0;0.0;0.0;0.0;0.0;0.0;0.0;0.0;1.0;0.0;0.0;0.0;0.0;0.0;0.0;0.0;0.0;0.0;0.0;0.0;0.0;0.0;0.0;0.0;0.0;0.0;0.0;0.0;0.0;0.0;0.0;0.0
2024-08-31;R.C.D. Mallorca;1;3;3;40;47;Leganés;3;1;12;9;3;2;0.46;0.54;392;0.8;17;11;3;1;0;0;3;1.0;1.0;1.0;1.0;0.0;0.0;1.0;1.0;0.0;0.0;0.0;1;0.06;0.1764705882352941;314;0.054140127388535;682.6086956521739;0.25;6.521739130434782;3;-0.08;2;2;6;0.0306122448979591;0.0833333333333333;0.46;3.0;1;0;1;1;0;0;1;0;0.0833333333333333;0.3333333333333333;0.0025510204081632;12.0;0.0;1.0;0.0;1.0;1.0;0.0;1.0;0.0;0.0;0.0;0.0;0.0;0.0;0.0;1.0;0.0;0.0;0.0;0.0;0.0;0.0;0.0;0.0;0.0;0.0;0.0;0.0;0.0;0.0;0.0;0.0;0.0;0.0;0.0;0.0;0.0;0.0;0.0
2024-08-27;R.C.D. Mallorca;1;0;0;40;43;Sevilla;0;2;12;16;4;7;0.44;0.56;385;0.81;15;10;0;1;0;1;5;0.0;1.0;1.0;1.0;0.0;1.0;0.0;1.0;1.0;0.0;1.0;9;0.035;0.0;312;0.048076923076923;709.0909090909091;0.4166666666666667;11.363636363636363;-4;-0.12;-4;-2;5;0.0311688311688311;0.0;0.0;0.0;0;0;0;0;1;0;0;1;0.0;0.0;0.0;0.0;1.0;1.0;0.0;0.0;1.0;0.0;0.0;0.0;0.0;1.0;0.0;0.0;0.0;0.0;0.0;0.0;0.0;0.0;0.0;0.0;0.0;0.0;0.0;0.0;0.0;0.0;0.0;0.0;0.0;0.0;0.0;0.0;0.0;0.0;0.0;0.0;0.0;0.0
2024-08-24;R.C.D. Mallorca;1;0;7;40;41;Osasuna;1;2;10;15;1;5;0.55;0.45;379;0.8;8;10;1;2;0;0;4;1.0;1.0;1.0;1.0;0.0;1.0;1.0;1.0;1.0;0.0;0.0;5;0.03;0.125;303;0.0264026402640264;550.9090909090909;0.4;7.272727272727272;-5;0.1;-1;-1;-2;0.0263852242744063;0.0;0.0;0.0;0;0;0;0;0;1;1;0;0.0;0.0;0.0;0.0;0.0;0.0;1.0;1.0;1.0;0.0;0.0;0.0;0.0;0.0;0.0;0.0;0.0;0.0;0.0;0.0;0.0;0.0;0.0;0.0;0.0;0.0;0.0;0.0;0.0;0.0;0.0;0.0;0.0;0.0;0.0;0.0;0.0;0.0;0.0;0.0;0.0;0.0
2024-08-18;R.C.D. Mallorca;1;0;0;40;12;Real Madrid;1;1;12;13;5;5;0.33;0.67;322;0.82;11;6;1;0;0;1;8;1.0;1.0;1.0;1.0;0.0;1.0;1.0;1.0;1.0;0.0;0.0;7;0.0515384615384615;0.0909090909090909;264;0.0416666666666666;800.0;0.6666666666666666;24.24242424242424;-1;-0.34;1;0;5;0.0372670807453416;0.0833333333333333;0.33;8.0;0;1;1;0;1;0;0;1;0.0833333333333333;0.2;0.0031055900621118;12.0;0.0;0.0;1.0;1.0;1.0;0.0;0.0;0.0;0.0;0.0;0.0;0.0;0.0;0.0;0.0;0.0;0.0;0.0;0.0;0.0;0.0;0.0;0.0;0.0;0.0;0.0;0.0;0.0;0.0;0.0;0.0;0.0;0.0;0.0;0.0;0.0;0.0;0.0
2024-05-26;R.C.D. Mallorca;1;7;7;40;48;Getafe;2;0;9;16;4;6;0.49;0.51;390;0.79;10;12;2;0;0;0;4;0.0;0.0;1.0;1.0;0.0;0.0;0.0;0.0;1.0;1.0;0.0;3;0.031875;0.2;308;0.0324675324675324;628.5714285714286;0.4444444444444444;8.16326530612245;-7;-0.02;1;2;-2;0.023076923076923;0.2222222222222222;0.245;2.0;0;2;2;1;0;0;1;0;0.2222222222222222;0.5;0.0051282051282051;4.5;1.0;1.0;0.0;0.0;0.0;0.0;0.0;0.0;0.0;0.0;0.0;0.0;1.0;0.0;0.0;1.0;1.0;1.0;1.0;0.0;0.0;0.0;0.0;0.0;0.0;0.0;0.0;0.0;0.0;0.0;0.0;0.0;0.0;0.0;0.0;0.0;0.0;0.0
2024-05-19;R.C.D. Mallorca;1;4;3;40;126;Almería;2;3;29;7;8;3;0.52;0.48;422;0.82;9;9;2;3;0;0;12;0.0;0.0;1.0;1.0;1.0;0.0;1.0;1.0;1.0;0.0;1.0;2;0.0685714285714285;0.2222222222222222;346;0.0260115606936416;665.3846153846154;0.4137931034482758;23.07692307692308;22;0.04;10;-1;0;0.0687203791469194;0.0689655172413793;0.26;6.0;1;1;2;0;1;0;0;1;0.0689655172413793;0.25;0.0047393364928909;14.5;0.0;0.0;0.0;0.0;1.0;0.0;0.0;0.0;0.0;0.0;0.0;0.0;0.0;0.0;0.0;0.0;0.0;1.0;0.0;1.0;1.0;0.0;0.0;0.0;0.0;0.0;0.0;0.0;0.0;0.0;0.0;0.0;0.0;0.0;0.0;0.0;0.0;0.0
2024-05-14;R.C.D. Mallorca;1;9;0;40;41;Osasuna;1;0;10;10;4;4;0.47;0.53;409;0.74;11;12;1;0;0;0;4;0.0;0.0;0.0;1.0;0.0;0.0;1.0;0.0;1.0;0.0;1.0;2;0.053;0.0909090909090909;303;0.0363036303630363;644.6808510638298;0.4;8.51063829787234;0;-0.06;2;1;-1;0.0244498777506112;0.1;0.47;4.0;0;1;1;0;1;0;1;0;0.1;0.25;0.0024449877750611;10.0;0.0;1.0;1.0;0.0;0.0;0.0;1.0;0.0;0.0;0.0;0.0;0.0;0.0;0.0;0.0;0.0;1.0;0.0;0.0;1.0;1.0;1.0;0.0;0.0;0.0;0.0;0.0;0.0;0.0;0.0;0.0;0.0;0.0;0.0;0.0;0.0;0.0;0.0
2024-05-11;R.C.D. Mallorca;1;4;5;40;50;U. D. Las Palmas;6;2;7;7;2;1;0.43;0.57;341;0.78;18;10;6;2;0;0;2;0.0;0.0;1.0;1.0;1.0;0.0;1.0;1.0;0.0;0.0;1.0;2;0.0814285714285714;0.3333333333333333;266;0.0676691729323308;618.6046511627907;0.2857142857142857;4.651162790697675;0;-0.1399999999999999;0;4;8;0.0205278592375366;0.1428571428571428;0.43;2.0;1;0;1;1;0;0;0;1;0.1428571428571428;0.5;0.002932551319648;7.0;1.0;0.0;0.0;0.0;1.0;0.0;0.0;0.0;0.0;0.0;0.0;0.0;0.0;0.0;0.0;0.0;0.0;1.0;0.0;1.0;1.0;0.0;0.0;0.0;0.0;0.0;0.0;0.0;0.0;0.0;0.0;0.0;0.0;0.0;0.0;0.0;0.0;0.0
2024-05-04;R.C.D. Mallorca;1;4;17;40;27;Atlético Madrid;2;0;7;9;4;4;0.6;0.4;528;0.85;12;7;2;0;0;0;6;0.0;1.0;1.0;1.0;0.0;0.0;1.0;0.0;1.0;1.0;0.0;2;0.0444444444444444;0.1666666666666666;449;0.0267260579064587;748.3333333333334;0.8571428571428571;10.0;-2;0.1999999999999999;4;2;5;0.0132575757575757;0.0;0.0;0.0;0;0;0;0;0;1;0;1;0.0;0.0;0.0;0.0;0.0;0.0;1.0;0.0;1.0;0.0;1.0;0.0;0.0;0.0;0.0;0.0;0.0;0.0;0.0;0.0;0.0;0.0;0.0;1.0;0.0;1.0;0.0;0.0;0.0;0.0;0.0;0.0;0.0;0.0;0.0;0.0;0.0;0.0;0.0;0.0;0.0;0.0
2024-04-28;R.C.D. Mallorca;1;9;1;40;130;Cádiz;2;3;9;10;2;2;0.41;0.59;346;0.68;21;14;2;3;0;0;1;0.0;1.0;1.0;1.0;0.0;0.0;1.0;1.0;0.0;0.0;0.0;3;0.059;0.0952380952380952;235;0.0893617021276595;573.1707317073171;0.1111111111111111;2.4390243902439024;-1;-0.18;-2;-1;7;0.0260115606936416;0.1111111111111111;0.41;1.0;1;0;1;0;1;0;1;0;0.1111111111111111;0.5;0.0028901734104046;9.0;0.0;0.0;1.0;0.0;1.0;0.0;0.0;0.0;0.0;0.0;0.0;0.0;0.0;0.0;0.0;0.0;0.0;0.0;1.0;1.0;1.0;1.0;0.0;0.0;0.0;0.0;0.0;0.0;0.0;0.0;0.0;0.0;0.0;0.0;0.0;0.0;0.0;0.0
2024-04-22;R.C.D. Mallorca;1;9;4;40;43;Sevilla;2;0;8;11;6;4;0.45;0.55;440;0.81;8;10;2;0;0;0;4;0.0;1.0;1.0;1.0;1.0;0.0;1.0;1.0;0.0;0.0;0.0;4;0.05;0.25;356;0.0224719101123595;791.1111111111111;0.5;8.88888888888889;-3;-0.1;0;2;-2;0.0181818181818181;0.125;0.45;4.0;0;1;1;0;0;1;1;0;0.125;0.1666666666666666;0.0022727272727272;8.0;0.0;0.0;1.0;0.0;1.0;0.0;0.0;0.0;0.0;0.0;0.0;0.0;0.0;0.0;0.0;0.0;0.0;1.0;1.0;1.0;0.0;0.0;0.0;0.0;0.0;0.0;0.0;0.0;0.0;0.0;0.0;0.0;0.0;0.0;0.0;0.0;0.0;0.0
2024-04-13;R.C.D. Mallorca;1;9;3;40;12;Real Madrid;2;1;6;16;2;9;0.43;0.57;413;0.8;18;7;2;1;0;0;4;0.0;1.0;0.0;1.0;0.0;0.0;1.0;1.0;0.0;0.0;0.0;2;0.035625;0.1111111111111111;330;0.0545454545454545;767.4418604651163;0.6666666666666666;9.30232558139535;-10;-0.1399999999999999;2;1;11;0.0145278450363196;0.0;0.0;0.0;0;0;0;0;0;1;0;1;0.0;0.0;0.0;0.0;1.0;1.0;0.0;0.0;1.0;0.0;1.0;0.0;0.0;0.0;0.0;0.0;0.0;0.0;0.0;0.0;0.0;0.0;0.0;1.0;1.0;1.0;0.0;0.0;0.0;0.0;0.0;0.0;0.0;0.0;0.0;0.0;0.0;0.0;0.0;0.0;0.0;0.0
2024-04-06;R.C.D. Mallorca;19;4;3;40;38;Athletic;3;1;13;30;5;7;0.31;0.69;335;0.63;25;15;3;1;0;0;4;1.0;0.0;1.0;1.0;1.0;0.0;1.0;1.0;1.0;0.0;1.0;8;0.023;0.12;211;0.1184834123222748;680.6451612903226;0.3076923076923077;12.903225806451614;-17;-0.3799999999999999;-4;2;10;0.0388059701492537;0.0769230769230769;0.31;4.0;1;0;1;0;1;0;1;0;0.0769230769230769;0.2;0.0029850746268656;13.0;0.0;0.0;0.0;0.0;1.0;0.0;1.0;0.0;0.0;0.0;0.0;0.0;0.0;0.0;0.0;0.0;0.0;0.0;0.0;0.0;1.0;0.0;0.0;0.0;0.0;0.0;0.0;0.0;0.0;0.0;0.0;0.0;0.0;0.0;0.0;0.0;0.0;0.0
2024-03-30;R.C.D. Mallorca;1;4;1;40;52;Valencia C. F.;2;0;11;14;3;5;0.47;0.53;429;0.78;11;8;2;0;0;0;3;1.0;0.0;0.0;0.0;1.0;0.0;0.0;0.0;1.0;0.0;1.0;3;0.0378571428571428;0.1818181818181818;335;0.0328358208955223;712.7659574468086;0.2727272727272727;6.382978723404256;-3;-0.06;0;2;3;0.0256410256410256;0.0;0.0;0.0;0;0;0;0;1;0;1;0;0.0;0.0;0.0;0.0;0.0;1.0;1.0;0.0;1.0;0.0;0.0;0.0;0.0;0.0;0.0;0.0;0.0;0.0;0.0;0.0;1.0;1.0;0.0;0.0;1.0;1.0;0.0;0.0;0.0;0.0;0.0;0.0;0.0;0.0;0.0;0.0;0.0;0.0;0.0;0.0;0.0;0.0
2024-03-16;R.C.D. Mallorca;1;4;1;40;119;Granada;2;0;18;8;8;3;0.51;0.49;380;0.74;17;9;2;0;0;0;10;0.0;0.0;0.0;1.0;1.0;0.0;1.0;0.0;0.0;0.0;1.0;2;0.06125;0.1176470588235294;281;0.0604982206405693;550.9803921568628;0.5555555555555556;19.607843137254903;10;0.02;8;2;8;0.0473684210526315;0.0555555555555555;0.51;10.0;0;1;1;1;0;0;0;1;0.0555555555555555;0.125;0.0026315789473684;18.0;1.0;0.0;1.0;0.0;1.0;0.0;1.0;0.0;0.0;0.0;0.0;0.0;0.0;0.0;0.0;0.0;0.0;0.0;0.0;1.0;1.0;1.0;0.0;0.0;0.0;0.0;0.0;0.0;0.0;0.0;0.0;0.0;0.0;0.0;0.0;0.0;0.0;0.0
2024-03-08;R.C.D. Mallorca;1;4;0;40;10;Barcelona;1;1;9;20;3;6;0.36;0.64;337;0.78;14;10;1;1;0;0;1;0.0;0.0;0.0;1.0;1.0;0.0;0.0;1.0;1.0;0.0;1.0;4;0.032;0.0714285714285714;263;0.053231939163498;730.5555555555555;0.1111111111111111;2.7777777777777777;-11;-0.28;-3;0;4;0.0267062314540059;0.0;0.0;0.0;0;0;0;0;0;1;1;0;0.0;0.0;0.0;0.0;0.0;1.0;0.0;0.0;1.0;0.0;1.0;0.0;0.0;0.0;0.0;0.0;0.0;0.0;0.0;0.0;0.0;0.0;0.0;1.0;1.0;1.0;0.0;0.0;0.0;0.0;0.0;0.0;0.0;0.0;0.0;0.0;0.0;0.0;0.0;0.0;0.0;0.0
2024-03-03;R.C.D. Mallorca;1;4;3;40;24;Girona;5;0;16;15;2;4;0.4;0.6;320;0.71;19;9;5;0;0;0;8;0.0;0.0;1.0;1.0;1.0;0.0;1.0;0.0;0.0;0.0;1.0;5;0.04;0.2631578947368421;227;0.0837004405286343;567.5;0.5;20.0;1;-0.1999999999999999;3;5;10;0.05;0.0625;0.4;8.0;1;0;1;1;0;0;0;1;0.0625;0.5;0.003125;16.0;1.0;0.0;1.0;0.0;1.0;0.0;1.0;0.0;0.0;0.0;0.0;0.0;0.0;0.0;0.0;0.0;0.0;0.0;0.0;1.0;1.0;0.0;0.0;0.0;0.0;0.0;0.0;0.0;0.0;0.0;0.0;0.0;0.0;0.0;0.0;0.0;0.0;0.0
2024-02-27;R.C.D. Mallorca;19;4;0;40;46;Real Sociedad;3;1;6;26;1;9;0.38;0.62;360;0.63;20;10;3;1;0;0;4;1.0;0.0;1.0;1.0;1.0;0.0;1.0;1.0;0.0;1.0;1.0;15;0.0238461538461538;0.15;227;0.0881057268722467;597.3684210526316;0.6666666666666666;10.526315789473683;-20;-0.24;-11;2;10;0.0166666666666666;0.1666666666666666;0.38;4.0;0;1;1;0;1;0;1;0;0.1666666666666666;1.0;0.0027777777777777;6.0;1.0;0.0;0.0;0.0;0.0;0.0;0.0;0.0;0.0;0.0;0.0;0.0;0.0;0.0;0.0;0.0;0.0;1.0;0.0;0.0;1.0;0.0;0.0;0.0;0.0;0.0;0.0;0.0;0.0;0.0;0.0;0.0;0.0;0.0;0.0;0.0;0.0;0.0
2024-02-24;R.C.D. Mallorca;1;9;3;40;45;Alavés;2;0;15;9;8;1;0.48;0.52;398;0.74;15;7;2;0;0;0;3;0.0;0.0;1.0;0.0;1.0;0.0;0.0;0.0;1.0;0.0;0.0;3;0.0577777777777777;0.1333333333333333;295;0.0508474576271186;614.5833333333334;0.2;6.25;6;-0.04;0;2;8;0.0376884422110552;0.0666666666666666;0.48;3.0;0;1;1;0;1;0;1;0;0.0666666666666666;0.125;0.0025125628140703;15.0;0.0;1.0;1.0;0.0;1.0;0.0;1.0;0.0;0.0;0.0;0.0;0.0;0.0;0.0;0.0;0.0;1.0;0.0;1.0;1.0;0.0;1.0;0.0;0.0;0.0;0.0;0.0;0.0;0.0;0.0;0.0;0.0;0.0;0.0;0.0;0.0;0.0;0.0
2024-02-18;R.C.D. Mallorca;1;4;0;40;46;Real Sociedad;9;5;4;19;1;5;0.31;0.69;230;0.59;12;18;7;5;2;0;3;0.0;0.0;1.0;1.0;0.0;0.0;1.0;1.0;0.0;0.0;1.0;9;0.0363157894736842;0.75;136;0.088235294117647;438.7096774193548;0.75;9.67741935483871;-15;-0.3799999999999999;-6;4;-6;0.017391304347826;0.25;0.31;3.0;1;0;1;0;0;1;0;1;0.25;1.0;0.0043478260869565;4.0;1.0;0.0;0.0;0.0;1.0;0.0;0.0;0.0;0.0;0.0;0.0;0.0;0.0;0.0;0.0;0.0;0.0;1.0;0.0;1.0;1.0;1.0;0.0;0.0;0.0;0.0;0.0;0.0;0.0;0.0;0.0;0.0;0.0;0.0;0.0;0.0;0.0;0.0
2024-02-11;R.C.D. Mallorca;1;9;3;40;42;Rayo Vallecano;4;0;8;11;5;4;0.49;0.51;412;0.69;17;11;4;0;0;0;5;0.0;0.0;0.0;1.0;0.0;0.0;1.0;0.0;1.0;0.0;0.0;1;0.0463636363636363;0.2352941176470588;284;0.0598591549295774;579.5918367346939;0.625;10.20408163265306;-3;-0.02;4;4;6;0.0194174757281553;0.25;0.245;2.5;0;2;2;1;0;0;0;1;0.25;0.4;0.0048543689320388;4.0;1.0;0.0;1.0;0.0;1.0;0.0;0.0;0.0;0.0;0.0;0.0;0.0;0.0;0.0;0.0;0.0;1.0;1.0;0.0;1.0;1.0;1.0;0.0;0.0;0.0;0.0;0.0;0.0;0.0;0.0;0.0;0.0;0.0;0.0;0.0;0.0;0.0;0.0
2024-02-06;R.C.D. Mallorca;19;4;0;40;46;Real Sociedad;3;3;5;12;0;3;0.3;0.7;229;0.62;20;12;3;3;0;0;2;1.0;0.0;1.0;0.0;1.0;0.0;1.0;1.0;1.0;1.0;1.0;4;0.0583333333333333;0.15;142;0.1408450704225352;473.33333333333337;0.4;6.666666666666667;-7;-0.3999999999999999;-2;0;8;0.0218340611353711;0.0;0.0;0.0;0;0;0;0;1;0;0;1;0.0;0.0;0.0;0.0;0.0;0.0;0.0;0.0;0.0;0.0;0.0;0.0;0.0;0.0;0.0;0.0;0.0;0.0;0.0;0.0;0.0;1.0;0.0;0.0;1.0;1.0;0.0;0.0;0.0;0.0;0.0;0.0;0.0;0.0;0.0;0.0;0.0;0.0;0.0;0.0;0.0;0.0
2024-02-02;R.C.D. Mallorca;1;9;3;40;38;Athletic;1;0;6;13;2;6;0.37;0.63;327;0.71;15;17;1;0;0;0;2;0.0;0.0;1.0;1.0;1.0;0.0;1.0;0.0;0.0;0.0;1.0;6;0.0484615384615384;0.0666666666666666;232;0.0646551724137931;627.0270270270271;0.3333333333333333;5.405405405405405;-7;-0.26;-4;1;-2;0.018348623853211;0.0;0.0;0.0;0;0;0;0;0;1;1;0;0.0;0.0;0.0;0.0;1.0;1.0;1.0;0.0;0.0;0.0;0.0;0.0;0.0;0.0;0.0;0.0;0.0;0.0;0.0;0.0;0.0;1.0;0.0;1.0;1.0;0.0;0.0;0.0;0.0;0.0;0.0;0.0;0.0;0.0;0.0;0.0;0.0;0.0;0.0;0.0;0.0;0.0
2024-01-27;R.C.D. Mallorca;1;4;3;40;39;Betis;2;1;14;8;1;2;0.53;0.47;498;0.83;14;6;2;1;0;0;5;0.0;0.0;1.0;1.0;0.0;0.0;0.0;1.0;1.0;1.0;1.0;4;0.05875;0.1428571428571428;413;0.0338983050847457;779.2452830188679;0.3571428571428571;9.433962264150942;6;0.06;1;1;8;0.0281124497991967;0.0;0.0;0.0;0;0;0;0;0;1;0;1;0.0;0.0;0.0;0.0;0.0;1.0;0.0;0.0;0.0;0.0;1.0;0.0;0.0;0.0;0.0;0.0;0.0;0.0;0.0;0.0;0.0;0.0;0.0;1.0;1.0;1.0;0.0;0.0;0.0;0.0;0.0;0.0;0.0;0.0;0.0;0.0;0.0;0.0;0.0;0.0;0.0;0.0
2024-01-24;R.C.D. Mallorca;19;4;3;40;24;Girona;6;2;14;19;6;5;0.24;0.76;205;0.7;20;5;5;2;1;0;3;1.0;0.0;1.0;1.0;1.0;0.0;1.0;0.0;0.0;1.0;1.0;7;0.04;0.3;144;0.1388888888888889;600.0;0.2142857142857142;12.5;-5;-0.52;-4;4;15;0.0682926829268292;0.2142857142857142;0.08;1.0;3;0;3;1;0;0;0;1;0.2142857142857142;0.5;0.0146341463414634;4.666666666666667;1.0;0.0;1.0;0.0;0.0;0.0;0.0;0.0;0.0;0.0;0.0;0.0;0.0;0.0;0.0;0.0;0.0;1.0;0.0;0.0;1.0;0.0;0.0;0.0;0.0;0.0;0.0;0.0;0.0;0.0;0.0;0.0;0.0;0.0;0.0;0.0;0.0;0.0
2024-01-20;R.C.D. Mallorca;1;9;1;40;37;Villarreal;2;3;8;18;2;5;0.49;0.51;409;0.76;11;13;2;2;0;1;6;0.0;0.0;1.0;1.0;0.0;0.0;1.0;1.0;1.0;0.0;1.0;4;0.0283333333333333;0.1818181818181818;311;0.0353697749196141;634.6938775510204;0.75;12.244897959183673;-10;-0.02;2;-1;-2;0.0195599022004889;0.125;0.49;6.0;0;1;1;0;1;0;1;0;0.125;0.5;0.0024449877750611;8.0;1.0;1.0;0.0;0.0;0.0;0.0;1.0;0.0;0.0;0.0;0.0;0.0;0.0;0.0;0.0;0.0;0.0;0.0;0.0;1.0;0.0;1.0;0.0;0.0;0.0;0.0;0.0;0.0;0.0;0.0;0.0;0.0;0.0;0.0;0.0;0.0;0.0;0.0
2024-01-16;R.C.D. Mallorca;19;17;17;40;134;Tenerife;6;1;11;13;5;2;0.49;0.51;497;0.71;20;24;6;1;0;0;5;1.0;0.0;0.0;0.0;1.0;0.0;0.0;0.0;1.0;1.0;0.0;4;0.0392307692307692;0.3;353;0.0566572237960339;720.4081632653061;0.4545454545454545;10.20408163265306;-2;-0.02;1;5;-4;0.0221327967806841;0.0909090909090909;0.49;5.0;0;1;1;1;0;0;1;0;0.0909090909090909;0.2;0.0020120724346076;11.0;0.0;0.0;1.0;0.0;0.0;1.0;0.0;0.0;0.0;0.0;0.0;1.0;1.0;0.0;0.0;0.0;0.0;0.0;0.0;0.0;1.0;1.0;1.0;0.0;0.0;0.0;0.0;0.0;0.0;0.0;0.0;0.0;0.0;0.0;0.0;0.0;0.0;0.0
2024-01-13;R.C.D. Mallorca;1;9;4;40;44;Celta de Vigo;4;1;17;6;6;2;0.57;0.43;420;0.77;18;18;4;1;0;0;10;0.0;1.0;0.0;1.0;1.0;0.0;1.0;1.0;0.0;0.0;1.0;1;0.0716666666666666;0.2222222222222222;323;0.0557275541795665;566.6666666666667;0.5882352941176471;17.54385964912281;11;0.1399999999999999;9;3;0;0.0404761904761904;0.0588235294117647;0.57;10.0;1;0;1;0;1;0;0;1;0.0588235294117647;0.1666666666666666;0.0023809523809523;17.0;1.0;1.0;0.0;0.0;0.0;0.0;1.0;0.0;0.0;0.0;0.0;0.0;0.0;0.0;0.0;0.0;0.0;0.0;0.0;1.0;1.0;0.0;0.0;0.0;0.0;0.0;0.0;0.0;0.0;0.0;0.0;0.0;0.0;0.0;0.0;0.0;0.0;0.0
2024-01-07;R.C.D. Mallorca;19;6;1;40;129;Burgos;2;1;10;12;5;5;0.54;0.46;440;0.85;12;9;2;1;0;0;5;1.0;0.0;0.0;0.0;1.0;0.0;0.0;0.0;1.0;1.0;0.0;8;0.0383333333333333;0.1666666666666666;374;0.0320855614973262;692.5925925925925;0.5;9.25925925925926;-2;0.08;-3;1;3;0.0227272727272727;0.3;0.18;1.6666666666666667;0;3;3;1;0;0;1;0;0.3;0.6;0.0068181818181818;3.333333333333333;0.0;0.0;1.0;0.0;0.0;1.0;0.0;0.0;0.0;0.0;0.0;1.0;1.0;0.0;0.0;0.0;0.0;0.0;0.0;0.0;1.0;1.0;1.0;0.0;0.0;0.0;0.0;0.0;0.0;0.0;0.0;0.0;0.0;0.0;0.0;0.0;0.0;0.0
2024-01-03;R.C.D. Mallorca;1;9;13;40;12;Real Madrid;3;2;7;17;0;5;0.32;0.68;302;0.73;15;5;3;2;0;0;4;0.0;1.0;0.0;1.0;0.0;0.0;1.0;1.0;0.0;0.0;1.0;5;0.04;0.2;220;0.0681818181818181;687.5;0.5714285714285714;12.5;-10;-0.36;-1;1;10;0.0231788079470198;0.0;0.0;0.0;0;0;0;0;0;1;1;0;0.0;0.0;0.0;0.0;1.0;1.0;0.0;0.0;0.0;0.0;0.0;0.0;0.0;0.0;0.0;1.0;0.0;0.0;0.0;0.0;0.0;0.0;0.0;1.0;1.0;1.0;0.0;0.0;0.0;0.0;0.0;0.0;0.0;0.0;0.0;0.0;0.0;0.0;0.0;0.0;0.0;0.0
2023-12-21;R.C.D. Mallorca;1;17;0;40;41;Osasuna;3;1;15;12;8;7;0.42;0.58;319;0.71;11;12;3;1;0;0;6;0.0;1.0;0.0;1.0;0.0;0.0;1.0;1.0;0.0;0.0;1.0;0;0.0483333333333333;0.2727272727272727;226;0.0486725663716814;538.0952380952381;0.4;14.285714285714286;3;-0.1599999999999999;6;2;-1;0.0470219435736677;0.2;0.1399999999999999;2.0;1;2;3;1;0;0;0;1;0.2;0.375;0.0094043887147335;5.0;1.0;1.0;0.0;0.0;0.0;0.0;0.0;0.0;0.0;0.0;0.0;0.0;0.0;0.0;0.0;0.0;0.0;1.0;0.0;1.0;1.0;1.0;0.0;0.0;0.0;0.0;0.0;0.0;0.0;0.0;0.0;0.0;0.0;0.0;0.0;0.0;0.0;0.0
2023-12-17;R.C.D. Mallorca;1;6;6;40;126;Almería;1;3;20;7;2;1;0.46;0.54;327;0.68;9;12;1;3;0;0;4;0.0;1.0;0.0;1.0;0.0;0.0;1.0;1.0;1.0;0.0;1.0;4;0.0771428571428571;0.1111111111111111;222;0.0405405405405405;482.6086956521739;0.2;8.695652173913043;13;-0.08;0;-2;-3;0.0611620795107033;0.0;0.0;0.0;0;0;0;0;1;0;1;0;0.0;0.0;0.0;0.0;1.0;0.0;1.0;0.0;0.0;0.0;0.0;0.0;0.0;0.0;0.0;0.0;0.0;0.0;0.0;0.0;0.0;1.0;0.0;1.0;0.0;1.0;0.0;0.0;0.0;0.0;0.0;0.0;0.0;0.0;0.0;0.0;0.0;0.0;0.0;0.0;0.0;0.0
2023-12-09;R.C.D. Mallorca;1;23;0;40;43;Sevilla;2;2;6;19;3;5;0.33;0.67;298;0.68;15;6;2;2;0;0;4;0.0;1.0;1.0;1.0;0.0;0.0;1.0;1.0;1.0;0.0;1.0;12;0.0352631578947368;0.1333333333333333;203;0.0738916256157635;615.1515151515151;0.6666666666666666;12.12121212121212;-13;-0.34;-8;0;9;0.0201342281879194;0.1666666666666666;0.33;4.0;1;0;1;1;0;0;0;1;0.1666666666666666;0.3333333333333333;0.0033557046979865;6.0;0.0;0.0;1.0;0.0;0.0;0.0;0.0;0.0;0.0;0.0;0.0;0.0;0.0;0.0;0.0;0.0;0.0;1.0;0.0;1.0;0.0;1.0;0.0;0.0;0.0;0.0;0.0;0.0;0.0;0.0;0.0;0.0;0.0;0.0;0.0;0.0;0.0;0.0
2023-12-06;R.C.D. Mallorca;19;6;4;40;521;Egüés;1;2;20;7;9;3;0.71;0.29;576;0.89;11;9;1;2;0;0;10;0.0;0.0;0.0;0.0;1.0;0.0;1.0;0.0;0.0;1.0;0.0;1;0.0414285714285714;0.0909090909090909;513;0.0214424951267056;722.5352112676056;0.5;14.084507042253522;13;0.42;9;-1;2;0.0347222222222222;0.15;0.2366666666666666;3.333333333333333;1;2;3;1;0;0;1;0;0.15;0.3333333333333333;0.0052083333333333;6.666666666666667;1.0;1.0;0.0;0.0;0.0;0.0;1.0;0.0;0.0;0.0;0.0;1.0;1.0;0.0;0.0;1.0;0.0;0.0;0.0;0.0;0.0;1.0;0.0;1.0;0.0;0.0;0.0;0.0;0.0;0.0;0.0;0.0;0.0;0.0;0.0;0.0;0.0;0.0
2023-12-03;R.C.D. Mallorca;1;3;3;40;45;Alavés;4;2;7;7;3;4;0.64;0.36;494;0.8;16;15;4;2;0;0;5;0.0;0.0;1.0;1.0;0.0;0.0;0.0;1.0;1.0;1.0;0.0;4;0.0514285714285714;0.25;395;0.040506329113924;617.1875;0.7142857142857143;7.8125;0;0.28;1;2;1;0.0141700404858299;0.0;0.0;0.0;0;0;0;0;1;0;0;1;0.0;0.0;0.0;0.0;1.0;0.0;1.0;0.0;0.0;0.0;0.0;0.0;0.0;0.0;0.0;0.0;0.0;0.0;0.0;0.0;0.0;1.0;0.0;1.0;1.0;0.0;1.0;0.0;0.0;0.0;0.0;0.0;0.0;0.0;0.0;0.0;0.0;0.0;0.0;0.0;0.0;0.0
2023-11-29;R.C.D. Mallorca;1;4;1;40;130;Cádiz;2;3;16;6;3;3;0.68;0.32;432;0.78;14;18;2;3;0;0;7;0.0;1.0;1.0;1.0;1.0;0.0;1.0;1.0;1.0;1.0;1.0;0;0.0533333333333333;0.1428571428571428;337;0.0415430267062314;495.5882352941176;0.4375;10.294117647058822;10;0.36;7;-1;-4;0.037037037037037;0.0625;0.68;7.0;1;0;1;0;1;0;0;1;0.0625;0.3333333333333333;0.0023148148148148;16.0;0.0;0.0;0.0;0.0;0.0;0.0;0.0;0.0;0.0;0.0;0.0;0.0;0.0;0.0;0.0;0.0;0.0;1.0;0.0;1.0;0.0;0.0;0.0;0.0;0.0;0.0;0.0;0.0;0.0;0.0;0.0;0.0;0.0;0.0;0.0;0.0;0.0;0.0
2023-11-25;R.C.D. Mallorca;1;9;17;40;27;Atlético Madrid;0;0;8;20;1;3;0.31;0.69;304;0.77;19;8;0;0;0;0;3;0.0;0.0;1.0;0.0;1.0;0.0;1.0;1.0;1.0;1.0;0.0;7;0.0344999999999999;0.0;234;0.0811965811965812;754.8387096774194;0.375;9.67741935483871;-12;-0.3799999999999999;-4;0;11;0.0263157894736842;0.0;0.0;0.0;0;0;0;0;0;1;1;0;0.0;0.0;0.0;0.0;1.0;0.0;0.0;0.0;0.0;0.0;1.0;0.0;0.0;0.0;0.0;0.0;0.0;0.0;0.0;0.0;0.0;0.0;0.0;1.0;1.0;1.0;0.0;0.0;0.0;0.0;0.0;0.0;0.0;0.0;0.0;0.0;0.0;0.0;0.0;0.0;0.0;0.0
2023-11-04;R.C.D. Mallorca;1;4;3;40;39;Betis;3;1;8;22;1;3;0.42;0.58;362;0.76;16;13;3;1;0;0;1;0.0;0.0;1.0;1.0;0.0;0.0;0.0;1.0;0.0;0.0;1.0;6;0.0263636363636363;0.1875;275;0.0581818181818181;654.7619047619048;0.125;2.380952380952381;-14;-0.1599999999999999;-5;2;3;0.0220994475138121;0.0;0.0;0.0;0;0;0;0;0;1;1;0;0.0;0.0;0.0;0.0;1.0;0.0;1.0;0.0;1.0;0.0;0.0;0.0;0.0;0.0;0.0;0.0;0.0;0.0;0.0;0.0;0.0;1.0;0.0;1.0;1.0;1.0;0.0;0.0;0.0;0.0;0.0;0.0;0.0;0.0;0.0;0.0;0.0;0.0;0.0;0.0;0.0;0.0
2023-11-01;R.C.D. Mallorca;19;1;4;40;279;Boiro;0;1;23;7;12;2;0.74;0.26;638;0.85;10;6;0;1;0;0;3;1.0;1.0;0.0;0.0;1.0;0.0;0.0;0.0;0.0;1.0;1.0;3;0.0371428571428571;0.0;542;0.018450184501845;732.4324324324324;0.1304347826086956;4.054054054054054;16;0.48;0;-1;4;0.0360501567398119;0.1739130434782608;0.185;0.75;2;2;4;1;0;0;1;0;0.1739130434782608;0.3333333333333333;0.006269592476489;5.75;0.0;1.0;0.0;0.0;0.0;0.0;1.0;0.0;0.0;0.0;0.0;1.0;1.0;0.0;0.0;0.0;0.0;0.0;0.0;0.0;0.0;0.0;1.0;0.0;1.0;0.0;0.0;0.0;0.0;0.0;0.0;0.0;0.0;0.0;0.0;0.0;0.0;0.0
2023-10-28;R.C.D. Mallorca;1;1;1;40;48;Getafe;0;1;15;8;4;0;0.59;0.41;382;0.72;10;25;0;1;0;0;7;0.0;0.0;1.0;0.0;0.0;0.0;1.0;1.0;0.0;1.0;0.0;3;0.05125;0.0;275;0.0363636363636363;466.1016949152543;0.4666666666666667;11.864406779661016;7;0.18;4;-1;-15;0.0392670157068062;0.0;0.0;0.0;0;0;0;0;1;0;0;1;0.0;0.0;0.0;0.0;1.0;0.0;1.0;0.0;1.0;0.0;0.0;0.0;0.0;0.0;0.0;0.0;0.0;0.0;0.0;0.0;0.0;1.0;0.0;1.0;1.0;1.0;0.0;0.0;0.0;0.0;0.0;0.0;0.0;0.0;0.0;0.0;0.0;0.0;0.0;0.0;0.0;0.0
2023-10-21;R.C.D. Mallorca;1;4;1;40;46;Real Sociedad;3;3;18;14;7;6;0.43;0.57;296;0.69;16;14;3;3;0;0;5;0.0;0.0;1.0;0.0;1.0;0.0;1.0;1.0;0.0;0.0;1.0;2;0.0407142857142857;0.1875;204;0.0784313725490196;474.4186046511628;0.2777777777777778;11.627906976744184;4;-0.1399999999999999;3;0;2;0.0608108108108108;0.0;0.0;0.0;0;0;0;0;0;1;1;0;0.0;0.0;0.0;0.0;1.0;0.0;0.0;0.0;1.0;0.0;1.0;0.0;0.0;0.0;0.0;0.0;0.0;0.0;0.0;0.0;0.0;0.0;0.0;1.0;1.0;1.0;0.0;0.0;0.0;0.0;0.0;0.0;0.0;0.0;0.0;0.0;0.0;0.0;0.0;0.0;0.0;0.0
2023-10-07;R.C.D. Mallorca;1;1;1;40;52;Valencia C. F.;2;1;9;11;5;3;0.48;0.52;441;0.79;17;11;2;1;0;0;3;0.0;0.0;1.0;0.0;0.0;0.0;1.0;1.0;1.0;1.0;0.0;6;0.0472727272727272;0.1176470588235294;348;0.0488505747126436;725.0;0.3333333333333333;6.25;-2;-0.04;-3;1;6;0.0204081632653061;0.1111111111111111;0.48;3.0;1;0;1;0;1;0;0;1;0.1111111111111111;0.2;0.0022675736961451;9.0;1.0;0.0;0.0;0.0;1.0;0.0;1.0;0.0;0.0;0.0;0.0;0.0;0.0;0.0;0.0;0.0;0.0;0.0;0.0;1.0;1.0;1.0;0.0;0.0;0.0;0.0;0.0;0.0;0.0;0.0;0.0;0.0;0.0;0.0;0.0;0.0;0.0;0.0
2023-09-30;R.C.D. Mallorca;1;1;3;40;42;Rayo Vallecano;5;2;9;19;4;5;0.39;0.61;328;0.66;20;12;5;2;0;0;0;0.0;0.0;1.0;0.0;0.0;0.0;1.0;1.0;1.0;1.0;0.0;5;0.0321052631578947;0.25;216;0.0925925925925925;553.8461538461538;0.0;0.0;-10;-0.2199999999999999;-5;3;8;0.0274390243902439;0.2222222222222222;0.195;0.0;1;1;2;0;1;0;1;0;0.2222222222222222;0.5;0.0060975609756097;4.5;1.0;0.0;0.0;0.0;1.0;0.0;0.0;0.0;0.0;0.0;0.0;0.0;0.0;0.0;0.0;0.0;0.0;1.0;0.0;1.0;1.0;1.0;0.0;0.0;0.0;0.0;0.0;0.0;0.0;0.0;0.0;0.0;0.0;0.0;0.0;0.0;0.0;0.0
2023-09-26;R.C.D. Mallorca;1;4;0;40;10;Barcelona;5;1;10;10;5;4;0.3;0.7;247;0.61;19;7;4;1;1;0;7;0.0;1.0;1.0;0.0;1.0;0.0;1.0;1.0;0.0;1.0;0.0;2;0.0699999999999999;0.2631578947368421;151;0.1258278145695364;503.33333333333337;0.7;23.333333333333336;0;-0.3999999999999999;5;4;12;0.0404858299595141;0.2;0.15;3.5;2;0;2;0;1;0;0;1;0.2;0.4;0.0080971659919028;5.0;1.0;0.0;0.0;0.0;1.0;0.0;0.0;0.0;0.0;0.0;0.0;0.0;0.0;0.0;0.0;0.0;0.0;0.0;0.0;1.0;1.0;1.0;0.0;0.0;0.0;0.0;0.0;0.0;0.0;0.0;0.0;0.0;0.0;0.0;0.0;0.0;0.0;0.0
2023-09-23;R.C.D. Mallorca;1;9;7;40;24;Girona;5;1;15;23;5;10;0.43;0.57;405;0.84;12;10;5;1;0;0;5;0.0;1.0;1.0;0.0;0.0;0.0;1.0;1.0;1.0;0.0;0.0;6;0.0247826086956521;0.4166666666666667;340;0.0352941176470588;790.6976744186047;0.3333333333333333;11.627906976744184;-8;-0.1399999999999999;-1;4;2;0.037037037037037;0.2;0.1433333333333333;1.6666666666666667;1;2;3;0;0;1;1;0;0.2;0.6;0.0074074074074074;5.0;0.0;1.0;0.0;0.0;1.0;0.0;0.0;0.0;0.0;0.0;0.0;1.0;0.0;0.0;0.0;0.0;0.0;1.0;0.0;1.0;0.0;1.0;0.0;0.0;0.0;0.0;0.0;0.0;0.0;0.0;0.0;0.0;0.0;0.0;0.0;0.0;0.0;0.0
2023-09-16;R.C.D. Mallorca;1;9;6;40;44;Celta de Vigo;3;1;7;16;4;4;0.39;0.61;347;0.75;15;9;3;1;0;0;1;0.0;1.0;1.0;0.0;0.0;0.0;1.0;1.0;1.0;0.0;0.0;10;0.038125;0.2;260;0.0576923076923076;666.6666666666666;0.1428571428571428;2.564102564102564;-9;-0.2199999999999999;-9;2;6;0.0201729106628242;0.1428571428571428;0.39;1.0;0;1;1;1;0;0;1;0;0.1428571428571428;0.25;0.0028818443804034;7.0;0.0;1.0;0.0;0.0;1.0;0.0;1.0;0.0;0.0;0.0;0.0;1.0;0.0;0.0;0.0;0.0;0.0;0.0;0.0;1.0;0.0;1.0;0.0;0.0;0.0;0.0;0.0;0.0;0.0;0.0;0.0;0.0;0.0;0.0;0.0;0.0;0.0;0.0
2023-09-03;R.C.D. Mallorca;1;4;3;40;38;Athletic;0;1;8;11;2;3;0.33;0.67;249;0.58;12;17;0;1;0;0;3;0.0;1.0;1.0;0.0;0.0;0.0;1.0;1.0;1.0;0.0;1.0;5;0.0609090909090909;0.0;144;0.0833333333333333;436.3636363636363;0.375;9.09090909090909;-3;-0.34;-2;-1;-5;0.0321285140562249;0.0;0.0;0.0;0;0;0;0;1;0;0;1;0.0;0.0;0.0;0.0;0.0;0.0;0.0;0.0;1.0;0.0;1.0;0.0;0.0;0.0;0.0;1.0;0.0;0.0;0.0;0.0;0.0;0.0;0.0;1.0;1.0;0.0;0.0;0.0;0.0;0.0;0.0;0.0;0.0;0.0;0.0;0.0;0.0;0.0;0.0;0.0;0.0;0.0
2023-08-26;R.C.D. Mallorca;1;4;1;40;119;Granada;7;2;10;10;5;4;0.47;0.53;318;0.76;27;11;7;2;0;0;3;0.0;1.0;1.0;0.0;1.0;0.0;1.0;0.0;1.0;1.0;0.0;5;0.053;0.2592592592592592;242;0.1115702479338843;514.8936170212767;0.3;6.382978723404256;0;-0.06;-2;5;16;0.0314465408805031;0.2;0.235;1.5;1;1;2;0;0;1;1;0;0.2;0.4;0.0062893081761006;5.0;0.0;0.0;1.0;0.0;1.0;0.0;1.0;0.0;0.0;0.0;0.0;0.0;0.0;0.0;0.0;0.0;0.0;0.0;0.0;1.0;1.0;0.0;0.0;0.0;0.0;0.0;0.0;0.0;0.0;0.0;0.0;0.0;0.0;0.0;0.0;0.0;0.0;0.0
2023-08-18;R.C.D. Mallorca;1;4;0;40;37;Villarreal;2;4;8;15;1;3;0.39;0.61;323;0.84;12;11;2;4;0;0;6;0.0;1.0;1.0;1.0;1.0;0.0;1.0;0.0;0.0;0.0;0.0;5;0.0406666666666666;0.1666666666666666;271;0.044280442804428;694.8717948717948;0.75;15.384615384615383;-7;-0.2199999999999999;1;-2;1;0.0247678018575851;0.0;0.0;0.0;0;0;0;0;0;1;0;1;0.0;0.0;0.0;0.0;0.0;1.0;1.0;0.0;1.0;0.0;0.0;0.0;0.0;0.0;0.0;0.0;0.0;0.0;0.0;0.0;0.0;1.0;0.0;1.0;0.0;0.0;1.0;0.0;0.0;0.0;0.0;0.0;0.0;0.0;0.0;0.0;0.0;0.0;0.0;0.0;0.0;0.0
2023-08-12;R.C.D. Mallorca;1;4;5;40;50;U. D. Las Palmas;2;3;11;5;2;2;0.31;0.69;255;0.69;22;11;2;3;0;0;6;0.0;1.0;1.0;0.0;1.0;0.0;1.0;0.0;0.0;0.0;0.0;3;0.1379999999999999;0.0909090909090909;176;0.125;567.741935483871;0.5454545454545454;19.35483870967742;6;-0.3799999999999999;3;-1;11;0.0431372549019607;0.0909090909090909;0.31;6.0;0;1;1;0;1;0;1;0;0.0909090909090909;0.5;0.0039215686274509;11.0;0.0;1.0;1.0;0.0;1.0;0.0;0.0;0.0;0.0;0.0;0.0;0.0;0.0;0.0;0.0;0.0;0.0;1.0;0.0;1.0;1.0;0.0;1.0;0.0;0.0;0.0;0.0;0.0;0.0;0.0;0.0;0.0;0.0;0.0;0.0;0.0;0.0;0.0
2023-06-04;R.C.D. Mallorca;1;4;28;40;42;Rayo Vallecano;0;0;8;21;4;4;0.47;0.53;340;0.76;14;15;0;0;0;0;2;0.0;1.0;1.0;1.0;1.0;0.0;1.0;0.0;0.0;0.0;0.0;6;0.0252380952380952;0.0;258;0.0542635658914728;548.936170212766;0.25;4.25531914893617;-13;-0.06;-4;0;-1;0.0235294117647058;0.375;0.1566666666666666;0.6666666666666666;0;3;3;1;0;0;0;1;0.375;0.75;0.0088235294117647;2.6666666666666665;0.0;1.0;0.0;0.0;1.0;0.0;0.0;0.0;0.0;1.0;0.0;0.0;0.0;0.0;0.0;0.0;0.0;1.0;0.0;0.0;0.0;0.0;0.0;0.0;0.0;1.0;1.0;0.0;0.0;0.0;0.0;0.0;0.0;0.0;0.0;0.0;0.0;0.0
2023-05-28;R.C.D. Mallorca;1;9;0;40;10;Barcelona;1;0;3;28;1;9;0.21;0.79;196;0.67;9;4;0;0;1;0;3;1.0;1.0;1.0;0.0;1.0;0.0;1.0;0.0;0.0;0.0;0.0;14;0.0282142857142857;0.1111111111111111;131;0.0687022900763358;623.8095238095239;1.0;14.285714285714286;-25;-0.5800000000000001;-11;1;5;0.0153061224489795;0.0;0.0;0.0;0;0;0;0;0;1;1;0;0.0;0.0;0.0;0.0;0.0;1.0;0.0;0.0;1.0;0.0;0.0;0.0;0.0;0.0;0.0;0.0;0.0;0.0;0.0;0.0;0.0;1.0;0.0;0.0;0.0;0.0;1.0;0.0;0.0;0.0;0.0;1.0;1.0;0.0;0.0;0.0;0.0;0.0;0.0;0.0;0.0;0.0
2023-05-25;R.C.D. Mallorca;1;6;3;40;52;Valencia C. F.;4;2;4;15;3;5;0.4;0.6;326;0.74;15;12;4;2;0;0;2;0.0;1.0;1.0;0.0;1.0;0.0;1.0;0.0;0.0;0.0;0.0;4;0.04;0.2666666666666666;241;0.0622406639004149;602.5;0.5;5.0;-11;-0.1999999999999999;-2;2;3;0.0122699386503067;0.25;0.4;2.0;0;1;1;1;0;0;0;1;0.25;0.3333333333333333;0.0030674846625766;4.0;0.0;0.0;0.0;0.0;1.0;0.0;0.0;0.0;0.0;0.0;0.0;0.0;0.0;0.0;0.0;0.0;0.0;0.0;0.0;1.0;0.0;0.0;1.0;0.0;0.0;0.0;1.0;0.0;1.0;1.0;1.0;0.0;0.0;0.0;0.0;0.0;0.0;0.0
2023-05-20;R.C.D. Mallorca;1;9;0;40;126;Almería;2;1;7;12;3;3;0.45;0.55;344;0.78;15;11;2;1;0;0;6;0.0;1.0;1.0;0.0;1.0;0.0;1.0;0.0;0.0;0.0;0.0;4;0.0458333333333333;0.1333333333333333;268;0.0559701492537313;595.5555555555555;0.8571428571428571;13.333333333333332;-5;-0.1;2;1;4;0.0203488372093023;0.0;0.0;0.0;0;0;0;0;0;1;1;0;0.0;0.0;0.0;0.0;1.0;0.0;0.0;0.0;1.0;0.0;0.0;0.0;0.0;0.0;0.0;0.0;0.0;0.0;0.0;0.0;0.0;0.0;0.0;1.0;0.0;0.0;1.0;0.0;0.0;0.0;1.0;0.0;1.0;1.0;0.0;0.0;0.0;0.0;0.0;0.0;0.0;0.0
2023-05-12;R.C.D. Mallorca;1;6;1;40;130;Cádiz;5;4;8;14;3;4;0.43;0.57;320;0.71;16;14;5;4;0;0;3;0.0;1.0;1.0;0.0;1.0;0.0;0.0;0.0;0.0;0.0;0.0;7;0.0407142857142857;0.3125;227;0.0704845814977973;527.9069767441861;0.375;6.976744186046512;-6;-0.1399999999999999;-4;1;2;0.025;0.125;0.43;3.0;1;0;1;1;0;0;0;1;0.125;0.3333333333333333;0.003125;8.0;0.0;1.0;0.0;0.0;1.0;0.0;0.0;0.0;0.0;0.0;0.0;0.0;0.0;0.0;0.0;0.0;0.0;1.0;0.0;1.0;0.0;0.0;1.0;0.0;0.0;1.0;1.0;0.0;1.0;0.0;0.0;0.0;0.0;0.0;0.0;0.0;0.0;0.0
2023-05-04;R.C.D. Mallorca;1;9;7;40;24;Girona;0;4;8;17;2;7;0.37;0.63;291;0.72;13;9;0;4;0;0;5;0.0;0.0;1.0;0.0;1.0;0.0;0.0;0.0;0.0;0.0;0.0;9;0.0370588235294117;0.0;210;0.0619047619047619;567.5675675675676;0.625;13.513513513513514;-9;-0.26;-4;-4;4;0.0274914089347079;0.125;0.37;5.0;0;1;1;0;0;1;1;0;0.125;0.5;0.0034364261168384;8.0;1.0;1.0;0.0;0.0;1.0;0.0;0.0;0.0;0.0;0.0;0.0;0.0;0.0;0.0;0.0;0.0;0.0;1.0;0.0;1.0;0.0;0.0;1.0;0.0;0.0;1.0;1.0;0.0;0.0;1.0;0.0;0.0;0.0;0.0;0.0;0.0;0.0;0.0
2023-05-01;R.C.D. Mallorca;1;4;3;40;38;Athletic;5;2;9;16;2;6;0.29;0.71;260;0.69;17;8;4;2;1;0;5;0.0;1.0;1.0;1.0;1.0;0.0;0.0;0.0;0.0;0.0;0.0;7;0.044375;0.2941176470588235;179;0.0949720670391061;617.2413793103449;0.5555555555555556;17.24137931034483;-7;-0.42;-2;3;9;0.0346153846153846;0.1111111111111111;0.29;5.0;0;1;1;0;1;0;0;1;0.1111111111111111;0.5;0.0038461538461538;9.0;0.0;1.0;0.0;0.0;1.0;0.0;0.0;0.0;0.0;0.0;0.0;0.0;0.0;0.0;0.0;0.0;0.0;1.0;0.0;1.0;0.0;0.0;1.0;0.0;0.0;1.0;1.0;0.0;0.0;0.0;0.0;0.0;0.0;0.0;0.0;0.0;0.0;0.0
2023-04-26;R.C.D. Mallorca;1;4;4;40;27;Atlético Madrid;0;0;6;24;2;9;0.31;0.69;283;0.68;9;10;0;0;0;0;8;0.0;1.0;0.0;0.0;1.0;0.0;1.0;0.0;0.0;1.0;0.0;5;0.0287499999999999;0.0;192;0.046875;619.3548387096774;1.3333333333333333;25.806451612903228;-18;-0.3799999999999999;3;0;-1;0.0212014134275618;0.1666666666666666;0.31;8.0;1;0;1;0;0;1;1;0;0.1666666666666666;0.5;0.0035335689045936;6.0;0.0;1.0;0.0;0.0;0.0;0.0;0.0;0.0;0.0;0.0;0.0;0.0;0.0;0.0;0.0;0.0;0.0;1.0;0.0;1.0;0.0;1.0;0.0;0.0;0.0;0.0;0.0;0.0;1.0;1.0;0.0;1.0;0.0;0.0;0.0;0.0;0.0;0.0
2023-04-23;R.C.D. Mallorca;1;4;4;40;48;Getafe;2;3;8;3;4;1;0.48;0.52;398;0.72;15;18;2;3;0;0;2;0.0;1.0;1.0;1.0;0.0;0.0;0.0;0.0;0.0;0.0;0.0;2;0.1733333333333333;0.1333333333333333;287;0.0522648083623693;597.9166666666667;0.25;4.166666666666667;5;-0.04;0;-1;-3;0.0201005025125628;0.375;0.16;0.6666666666666666;0;3;3;1;0;0;0;1;0.375;0.75;0.007537688442211;2.6666666666666665;1.0;1.0;0.0;0.0;1.0;0.0;0.0;0.0;0.0;0.0;0.0;0.0;0.0;0.0;0.0;0.0;0.0;0.0;0.0;1.0;0.0;0.0;1.0;0.0;0.0;1.0;1.0;0.0;0.0;1.0;0.0;0.0;0.0;0.0;0.0;0.0;0.0;0.0
2023-04-17;R.C.D. Mallorca;1;4;1;40;44;Celta de Vigo;1;1;8;12;2;3;0.26;0.74;214;0.58;19;10;1;0;0;1;5;0.0;1.0;1.0;1.0;0.0;0.0;0.0;0.0;0.0;0.0;0.0;7;0.0616666666666666;0.0526315789473684;124;0.1532258064516129;476.9230769230769;0.625;19.23076923076923;-4;-0.48;-2;0;9;0.0373831775700934;0.125;0.26;5.0;1;0;1;1;0;0;1;0;0.125;0.5;0.0046728971962616;8.0;1.0;1.0;0.0;0.0;1.0;0.0;0.0;0.0;0.0;0.0;0.0;0.0;0.0;0.0;0.0;0.0;0.0;0.0;0.0;1.0;0.0;0.0;1.0;0.0;0.0;1.0;1.0;0.0;0.0;1.0;0.0;0.0;0.0;0.0;0.0;0.0;0.0;0.0
2023-04-09;R.C.D. Mallorca;1;9;0;40;51;Valladolid;5;3;14;10;6;6;0.37;0.63;279;0.74;20;13;5;3;0;0;2;0.0;1.0;1.0;1.0;0.0;0.0;0.0;0.0;0.0;0.0;0.0;1;0.063;0.25;206;0.0970873786407767;556.7567567567568;0.1428571428571428;5.405405405405405;4;-0.26;1;2;7;0.050179211469534;0.2142857142857142;0.1233333333333333;0.6666666666666666;0;3;3;0;1;0;1;0;0.2142857142857142;0.5;0.010752688172043;4.666666666666667;0.0;1.0;0.0;0.0;1.0;0.0;0.0;0.0;0.0;0.0;0.0;0.0;0.0;0.0;0.0;0.0;0.0;1.0;0.0;1.0;0.0;0.0;1.0;0.0;0.0;1.0;1.0;0.0;0.0;1.0;0.0;0.0;0.0;0.0;0.0;0.0;0.0;0.0
2023-03-31;R.C.D. Mallorca;1;9;0;40;41;Osasuna;8;3;10;11;1;2;0.41;0.59;289;0.69;19;17;7;3;1;0;2;0.0;1.0;0.0;1.0;1.0;0.0;1.0;0.0;0.0;0.0;0.0;3;0.0536363636363636;0.4210526315789473;199;0.0954773869346733;485.3658536585366;0.2;4.878048780487805;-1;-0.18;-1;5;2;0.0346020761245674;0.0;0.0;0.0;0;0;0;0;1;0;0;1;0.0;0.0;0.0;0.0;0.0;0.0;0.0;0.0;1.0;0.0;0.0;0.0;0.0;0.0;0.0;0.0;0.0;0.0;0.0;0.0;0.0;1.0;0.0;1.0;1.0;0.0;0.0;0.0;0.0;1.0;1.0;0.0;1.0;0.0;0.0;0.0;0.0;0.0;0.0;0.0;0.0;0.0
2023-03-19;R.C.D. Mallorca;1;4;3;40;39;Betis;2;1;5;10;1;3;0.39;0.61;364;0.7;15;8;2;1;0;0;4;0.0;1.0;0.0;1.0;0.0;0.0;1.0;0.0;0.0;0.0;0.0;4;0.061;0.1333333333333333;255;0.0588235294117647;653.8461538461538;0.8;10.256410256410255;-5;-0.2199999999999999;0;1;7;0.0137362637362637;0.0;0.0;0.0;0;0;0;0;0;1;1;0;0.0;0.0;0.0;0.0;0.0;0.0;0.0;0.0;1.0;0.0;0.0;0.0;0.0;0.0;0.0;0.0;0.0;0.0;0.0;0.0;0.0;1.0;0.0;1.0;1.0;1.0;0.0;0.0;0.0;1.0;1.0;0.0;1.0;0.0;0.0;0.0;0.0;0.0;0.0;0.0;0.0;0.0
2023-03-12;R.C.D. Mallorca;1;4;14;40;46;Real Sociedad;2;3;8;8;2;2;0.36;0.64;292;0.63;19;20;2;2;0;1;3;0.0;1.0;0.0;1.0;0.0;0.0;1.0;0.0;0.0;0.0;0.0;2;0.08;0.1052631578947368;184;0.1032608695652173;511.1111111111112;0.375;8.333333333333334;0;-0.28;1;-1;-1;0.0273972602739726;0.125;0.36;3.0;0;1;1;0;1;0;0;1;0.125;0.5;0.0034246575342465;8.0;0.0;0.0;0.0;0.0;0.0;0.0;0.0;0.0;0.0;0.0;0.0;0.0;0.0;0.0;0.0;0.0;0.0;1.0;0.0;1.0;1.0;1.0;0.0;0.0;0.0;1.0;1.0;0.0;1.0;0.0;1.0;0.0;0.0;0.0;0.0;0.0;0.0;0.0
2023-03-04;R.C.D. Mallorca;1;4;30;40;123;Elche C. F.;4;3;14;15;3;6;0.56;0.44;448;0.78;17;14;4;3;0;0;6;0.0;1.0;1.0;1.0;1.0;0.0;1.0;0.0;0.0;0.0;0.0;7;0.0293333333333333;0.2352941176470588;349;0.0487106017191977;623.2142857142857;0.4285714285714285;10.714285714285714;-1;0.12;-1;1;3;0.03125;0.0;0.0;0.0;0;0;0;0;0;1;0;1;0.0;0.0;0.0;0.0;0.0;0.0;0.0;0.0;1.0;0.0;0.0;0.0;0.0;0.0;0.0;0.0;0.0;0.0;0.0;0.0;0.0;1.0;0.0;1.0;0.0;0.0;0.0;0.0;0.0;1.0;1.0;0.0;0.0;0.0;1.0;0.0;0.0;0.0;0.0;0.0;0.0;0.0
2023-02-25;R.C.D. Mallorca;1;4;0;40;49;RCD Espanyol;2;2;15;9;4;3;0.61;0.39;457;0.76;18;15;2;2;0;0;4;0.0;1.0;1.0;1.0;0.0;0.0;1.0;0.0;0.0;0.0;0.0;0;0.0433333333333333;0.1111111111111111;347;0.0518731988472622;568.8524590163935;0.2666666666666666;6.557377049180328;6;0.2199999999999999;4;0;3;0.0328227571115973;0.0666666666666666;0.61;4.0;1;0;1;0;0;1;1;0;0.0666666666666666;0.25;0.0021881838074398;15.0;0.0;0.0;0.0;0.0;1.0;0.0;0.0;0.0;0.0;0.0;0.0;0.0;0.0;0.0;0.0;0.0;0.0;1.0;0.0;1.0;0.0;1.0;0.0;0.0;0.0;1.0;1.0;0.0;0.0;0.0;1.0;0.0;0.0;0.0;0.0;0.0;0.0;0.0
2023-02-18;R.C.D. Mallorca;1;9;7;40;37;Villarreal;5;1;13;8;5;4;0.45;0.55;372;0.82;19;8;5;0;0;1;4;0.0;1.0;0.0;1.0;1.0;0.0;1.0;0.0;0.0;0.0;0.0;4;0.06875;0.2631578947368421;305;0.0622950819672131;677.7777777777777;0.3076923076923077;8.88888888888889;5;-0.1;0;4;11;0.0349462365591397;0.3076923076923077;0.1125;1.0;2;2;4;1;0;0;0;1;0.3076923076923077;0.8;0.010752688172043;3.25;0.0;0.0;0.0;0.0;1.0;0.0;0.0;0.0;0.0;0.0;0.0;0.0;0.0;0.0;0.0;0.0;0.0;1.0;0.0;1.0;1.0;0.0;0.0;0.0;0.0;1.0;1.0;0.0;0.0;0.0;1.0;0.0;0.0;0.0;0.0;0.0;0.0;0.0
2023-02-11;R.C.D. Mallorca;1;9;17;40;43;Sevilla;2;4;6;15;0;6;0.35;0.65;321;0.75;14;9;2;4;0;0;2;0.0;1.0;1.0;1.0;0.0;0.0;1.0;0.0;0.0;0.0;0.0;8;0.0433333333333333;0.1428571428571428;241;0.0580912863070539;688.5714285714287;0.3333333333333333;5.714285714285714;-9;-0.3;-6;-2;5;0.0186915887850467;0.0;0.0;0.0;0;0;0;0;0;1;1;0;0.0;0.0;0.0;0.0;0.0;0.0;0.0;0.0;1.0;0.0;0.0;0.0;0.0;0.0;0.0;0.0;0.0;0.0;0.0;0.0;0.0;0.0;0.0;1.0;0.0;1.0;0.0;0.0;0.0;1.0;1.0;0.0;1.0;0.0;0.0;0.0;1.0;0.0;0.0;0.0;0.0;0.0
2023-02-05;R.C.D. Mallorca;1;9;0;40;12;Real Madrid;5;5;4;20;1;1;0.26;0.74;225;0.72;29;14;5;5;0;0;1;0.0;1.0;0.0;1.0;0.0;0.0;1.0;0.0;0.0;0.0;0.0;12;0.037;0.1724137931034483;162;0.1790123456790123;623.0769230769231;0.25;3.846153846153846;-16;-0.48;-11;0;15;0.0177777777777777;0.25;0.26;1.0;1;0;1;1;0;0;0;1;0.25;1.0;0.0044444444444444;4.0;0.0;0.0;0.0;0.0;1.0;0.0;0.0;0.0;0.0;0.0;0.0;0.0;0.0;0.0;0.0;0.0;0.0;1.0;0.0;1.0;1.0;1.0;0.0;0.0;0.0;1.0;1.0;0.0;1.0;0.0;0.0;0.0;0.0;0.0;0.0;0.0;0.0;0.0
2023-01-28;R.C.D. Mallorca;1;9;1;40;130;Cádiz;2;2;9;11;2;4;0.58;0.42;475;0.77;12;13;2;2;0;0;2;0.0;1.0;1.0;1.0;1.0;0.0;1.0;0.0;0.0;0.0;0.0;6;0.0381818181818181;0.1666666666666666;366;0.0327868852459016;631.0344827586207;0.2222222222222222;3.4482758620689657;-2;0.1599999999999999;-4;0;-1;0.0189473684210526;0.0;0.0;0.0;0;0;0;0;0;1;1;0;0.0;0.0;0.0;0.0;0.0;0.0;0.0;0.0;1.0;0.0;0.0;0.0;0.0;0.0;0.0;0.0;0.0;0.0;0.0;0.0;0.0;1.0;0.0;1.0;0.0;0.0;0.0;0.0;0.0;1.0;1.0;0.0;0.0;0.0;0.0;0.0;0.0;1.0;0.0;0.0;0.0;0.0
2023-01-20;R.C.D. Mallorca;1;9;4;40;44;Celta de Vigo;2;3;8;10;3;3;0.41;0.59;396;0.76;15;11;2;3;0;0;4;0.0;1.0;1.0;1.0;0.0;0.0;1.0;0.0;0.0;0.0;0.0;6;0.059;0.1333333333333333;301;0.0498338870431893;734.1463414634147;0.5;9.75609756097561;-2;-0.18;-2;-1;4;0.0202020202020202;0.125;0.41;4.0;0;1;1;1;0;0;0;1;0.125;0.3333333333333333;0.0025252525252525;8.0;0.0;0.0;0.0;0.0;1.0;0.0;0.0;0.0;0.0;0.0;0.0;0.0;0.0;0.0;0.0;0.0;0.0;1.0;0.0;1.0;0.0;1.0;1.0;0.0;0.0;1.0;0.0;0.0;1.0;0.0;0.0;0.0;0.0;0.0;0.0;0.0;0.0;0.0
2023-01-17;R.C.D. Mallorca;19;17;14;40;46;Real Sociedad;3;3;4;8;2;2;0.43;0.57;345;0.75;22;21;3;3;0;0;2;1.0;0.0;1.0;0.0;1.0;0.0;0.0;0.0;0.0;0.0;0.0;5;0.07125;0.1363636363636363;259;0.0849420849420849;602.3255813953489;0.5;4.651162790697675;-4;-0.1399999999999999;-3;0;1;0.0115942028985507;0.0;0.0;0.0;0;0;0;0;0;1;1;0;0.0;0.0;0.0;0.0;1.0;0.0;0.0;0.0;0.0;0.0;0.0;0.0;0.0;0.0;0.0;0.0;0.0;0.0;0.0;0.0;0.0;0.0;0.0;0.0;1.0;0.0;0.0;0.0;0.0;0.0;1.0;1.0;0.0;0.0;1.0;1.0;0.0;0.0;1.0;1.0;0.0;0.0
2023-01-14;R.C.D. Mallorca;1;9;0;40;41;Osasuna;3;2;6;15;2;4;0.37;0.63;336;0.72;19;15;3;2;0;0;1;0.0;1.0;1.0;1.0;1.0;0.0;1.0;0.0;0.0;0.0;0.0;3;0.042;0.1578947368421052;242;0.0785123966942148;654.0540540540541;0.1666666666666666;2.702702702702702;-9;-0.26;-2;1;4;0.0178571428571428;0.0;0.0;0.0;0;0;0;0;0;1;1;0;0.0;0.0;0.0;0.0;0.0;0.0;0.0;0.0;1.0;0.0;0.0;0.0;0.0;0.0;0.0;0.0;0.0;0.0;0.0;0.0;0.0;1.0;0.0;1.0;0.0;0.0;0.0;0.0;0.0;0.0;1.0;0.0;1.0;0.0;0.0;0.0;0.0;1.0;0.0;0.0;0.0;0.0
2023-01-07;R.C.D. Mallorca;1;17;0;40;51;Valladolid;2;3;13;9;4;1;0.41;0.59;331;0.75;14;17;2;3;0;0;6;0.0;0.0;1.0;1.0;1.0;0.0;1.0;0.0;0.0;0.0;0.0;2;0.0655555555555555;0.1428571428571428;248;0.0564516129032258;604.8780487804878;0.4615384615384615;14.634146341463415;4;-0.18;4;-1;-3;0.039274924471299;0.0769230769230769;0.41;6.0;0;1;1;1;0;0;0;1;0.0769230769230769;0.25;0.0030211480362537;13.0;0.0;0.0;0.0;0.0;1.0;0.0;0.0;0.0;0.0;0.0;0.0;0.0;0.0;0.0;0.0;0.0;0.0;1.0;0.0;1.0;1.0;0.0;1.0;0.0;0.0;1.0;0.0;0.0;1.0;0.0;0.0;0.0;0.0;0.0;0.0;0.0;0.0;0.0
2023-01-04;R.C.D. Mallorca;19;6;6;40;-1;Pontevedra;5;4;18;16;8;3;0.47;0.53;418;0.66;21;19;5;4;0;0;7;1.0;0.0;0.0;0.0;1.0;0.0;0.0;0.0;0.0;0.0;0.0;11;0.033125;0.238095238095238;276;0.0760869565217391;587.2340425531916;0.3888888888888889;14.893617021276595;2;-0.06;-4;1;2;0.0430622009569378;0.1111111111111111;0.235;3.5;0;2;2;1;0;0;1;0;0.1111111111111111;0.25;0.0047846889952153;9.0;0.0;0.0;0.0;0.0;0.0;0.0;0.0;0.0;0.0;0.0;0.0;0.0;0.0;0.0;0.0;0.0;0.0;0.0;0.0;0.0;1.0;1.0;1.0;0.0;0.0;1.0;0.0;0.0;0.0;0.0;1.0;1.0;0.0;1.0;0.0;1.0;1.0;0.0
2022-12-30;R.C.D. Mallorca;1;9;4;40;48;Getafe;1;0;3;14;0;6;0.44;0.56;411;0.73;19;10;1;0;0;0;2;0.0;1.0;0.0;1.0;1.0;0.0;1.0;0.0;0.0;0.0;0.0;4;0.04;0.0526315789473684;300;0.0633333333333333;681.8181818181819;0.6666666666666666;4.545454545454546;-11;-0.12;-2;1;9;0.0072992700729927;0.0;0.0;0.0;0;0;0;0;0;1;1;0;0.0;0.0;0.0;0.0;0.0;0.0;0.0;0.0;1.0;0.0;0.0;0.0;0.0;0.0;0.0;0.0;0.0;0.0;0.0;0.0;0.0;1.0;0.0;1.0;0.0;0.0;0.0;0.0;0.0;0.0;1.0;0.0;1.0;0.0;0.0;0.0;0.0;0.0;1.0;0.0;1.0;0.0
2022-12-20;R.C.D. Mallorca;19;6;2;40;-1;Real Unión;3;2;12;8;4;2;0.6;0.4;523;0.82;20;10;3;2;0;0;4;1.0;0.0;1.0;1.0;0.0;0.0;1.0;0.0;0.0;0.0;0.0;2;0.05;0.15;429;0.0466200466200466;715.0;0.3333333333333333;6.666666666666667;4;0.1999999999999999;2;1;10;0.022944550669216;0.0833333333333333;0.6;4.0;1;0;1;1;0;0;1;0;0.0833333333333333;0.25;0.0019120458891013;12.0;0.0;0.0;0.0;0.0;1.0;0.0;0.0;0.0;0.0;0.0;0.0;0.0;0.0;0.0;0.0;0.0;0.0;1.0;0.0;0.0;1.0;1.0;0.0;0.0;0.0;1.0;1.0;0.0;1.0;0.0;0.0;0.0;0.0;0.0;0.0;0.0;0.0;0.0
2022-11-12;R.C.D. Mallorca;19;4;5;40;548;Autol;0;0;26;4;12;2;0.7;0.3;609;0.87;10;6;0;0;0;0;9;0.0;0.0;0.0;1.0;0.0;0.0;0.0;0.0;0.0;1.0;0.0;0;0.075;0.0;530;0.0188679245283018;757.1428571428572;0.3461538461538461;12.857142857142858;22;0.3999999999999999;9;0;4;0.0426929392446633;0.2307692307692307;0.1166666666666666;1.5;4;2;6;1;0;0;1;0;0.2307692307692307;0.5;0.0098522167487684;4.333333333333333;0.0;0.0;0.0;0.0;0.0;0.0;0.0;0.0;0.0;1.0;0.0;0.0;0.0;0.0;0.0;0.0;0.0;0.0;0.0;0.0;0.0;1.0;1.0;0.0;0.0;0.0;0.0;0.0;0.0;0.0;0.0;1.0;0.0;1.0;1.0;1.0;1.0;1.0
2022-11-09;R.C.D. Mallorca;1;9;1;40;27;Atlético Madrid;5;3;9;17;3;5;0.37;0.63;354;0.74;14;17;5;3;0;0;2;0.0;0.0;1.0;1.0;1.0;0.0;0.0;0.0;0.0;0.0;0.0;5;0.0370588235294117;0.3571428571428571;262;0.0534351145038167;708.1081081081081;0.2222222222222222;5.405405405405405;-8;-0.26;-3;2;-3;0.0254237288135593;0.1111111111111111;0.37;2.0;1;0;1;1;0;0;0;1;0.1111111111111111;0.3333333333333333;0.0028248587570621;9.0;1.0;0.0;0.0;0.0;1.0;0.0;0.0;0.0;0.0;0.0;0.0;0.0;0.0;0.0;0.0;0.0;0.0;1.0;0.0;1.0;1.0;0.0;0.0;0.0;0.0;1.0;1.0;0.0;1.0;0.0;0.0;0.0;0.0;0.0;0.0;0.0;0.0;0.0
2022-11-06;R.C.D. Mallorca;1;9;3;40;37;Villarreal;6;4;7;9;5;2;0.28;0.72;242;0.73;16;17;6;4;0;0;2;0.0;0.0;1.0;0.0;1.0;0.0;1.0;0.0;0.0;0.0;0.0;5;0.08;0.375;177;0.0903954802259887;632.1428571428571;0.2857142857142857;7.142857142857142;-2;-0.4399999999999999;-3;2;-1;0.0289256198347107;0.2857142857142857;0.14;1.0;1;1;2;1;0;0;1;0;0.2857142857142857;0.4;0.0082644628099173;3.5;0.0;0.0;0.0;0.0;1.0;0.0;0.0;0.0;0.0;0.0;0.0;0.0;0.0;0.0;0.0;0.0;0.0;1.0;0.0;1.0;1.0;1.0;0.0;0.0;0.0;1.0;1.0;0.0;1.0;0.0;0.0;0.0;0.0;0.0;0.0;0.0;0.0;0.0
