Fecha;Equipo_name;Torneo;Alineacion;Alineacion_contrincante;equipo;equipo_contrincante;equipo_contrincante_name;tarjetas;tarjetas_contrincante;Remates;Remates_contrincante;Remates al arco;Remates al arco_contrincante;Posesión;Posesión_contrincante;Pases;Precisión de los pases;Faltas;Faltas_contrincante;Tarjetas amarillas;Tarjetas amarillas_contrincante;Tarjetas rojas;Tarjetas rojas_contrincante;Tiros de esquina;Maarten Vandevoordt-RB Leipzig;Kosta Nedeljković-RB Leipzig;Lukas Klostermann-RB Leipzig;Castello Lukeba-RB Leipzig;David Raum-RB Leipzig;Kevin Kampl-RB Leipzig;Nicolas Seiwald-RB Leipzig;Amadou Haidara-RB Leipzig;Xavi Simons-RB Leipzig;Loïs Openda-RB Leipzig;Benjamin Šeško-RB Leipzig;Tiros de esquina_concedidos;Posesión_contra_por_remate;tarjetas_por_falta;pases_completados;faltas_por_pases;pases_por_posesion;tirosEsquina_por_remate;tirosEsquina_por_posesion;diff_remates;diff_posesion;diff_Tiros de esquina;diff_tarjetas;diff_faltas;remates_por_pase;posesion_por_remate;posesion_por_gol;tirosEsquina_por_gol;goles_primera_mitad;goles_segunda_mitad;goles_totales;gano;empato;perdio;visitante;local;conversion_goles;conversion_arco;goles_por_pase;remates_al_arco_por_gol;Lutsharel Geertruida-RB Leipzig;El Chadaille Bitshiabu-RB Leipzig;Bote Baku-RB Leipzig;Christoph Baumgartner-RB Leipzig;Péter Gulácsi-RB Leipzig;Arthur Vermeeren-RB Leipzig;Willi Orban-RB Leipzig;Antonio Nusa-RB Leipzig;Yussuf Poulsen-RB Leipzig;Benjamin Henrichs-RB Leipzig;Xaver Schlager-RB Leipzig;André Silva-RB Leipzig;Mohamed Simakan-RB Leipzig;Elif Elmas-RB Leipzig;Janis Blaswich-RB Leipzig;Dani Olmo-RB Leipzig;Emil Forsberg-RB Leipzig;Christopher Lenz-RB Leipzig;Fábio Carvalho-RB Leipzig;Timo Werner-RB Leipzig;Marcel Halstenberg-RB Leipzig;Konrad Laimer-RB Leipzig;Dominik Szoboszlai-RB Leipzig;Christopher Nkunku-RB Leipzig;Ørjan Nyland-RB Leipzig;Joško Gvardiol-RB Leipzig
2025-05-03;RB Leipzig;9;1;1;31;23;Bayern;3;1;8;20;6;6;0.37;0.63;364;0.75;9;6;3;1;0;0;2;1.0;1.0;1.0;1.0;1.0;1.0;1.0;1.0;1.0;1.0;1.0;7;0.0315;0.3333333333333333;273;0.03296703296703297;737.8378378378378;0.25;5.405405405405405;-12;-0.26;-5;2;3;0.02197802197802198;0.375;0.12333333333333334;0.6666666666666666;2;1;3;0;1;0;0;1;0.375;0.5;0.008241758241758242;2.6666666666666665;0.0;0.0;0.0;0.0;0.0;0.0;0.0;0.0;0.0;0.0;0.0;0.0;0.0;0.0;0.0;0.0;0.0;0.0;0.0;0.0;0.0;0.0;0.0;0.0;0.0;0.0
2025-04-26;RB Leipzig;9;23;17;31;87;Frankfurt;3;1;7;9;3;6;0.55;0.45;550;0.87;13;10;2;1;1;0;4;1.0;1.0;1.0;1.0;0.0;0.0;1.0;0.0;1.0;0.0;1.0;8;0.05;0.23076923076923078;478;0.027196652719665274;869.090909090909;0.5714285714285714;7.2727272727272725;-2;0.10000000000000003;-4;2;3;0.012727272727272728;0.0;0.0;0.0;0;0;0;0;0;1;1;0;0.0;0.0;0.0;0.0;1.0;1.0;1.0;1.0;0.0;0.0;0.0;0.0;0.0;0.0;0.0;0.0;0.0;0.0;0.0;0.0;0.0;0.0;0.0;0.0;0.0;0.0;0.0;0.0;0.0;0.0
2025-04-19;RB Leipzig;9;1;6;31;177;KSV Holstein;1;2;10;14;4;3;0.61;0.39;540;0.81;5;9;1;2;0;0;9;0.0;1.0;1.0;1.0;0.0;0.0;1.0;0.0;0.0;1.0;1.0;7;0.027857142857142858;0.2;437;0.011441647597254004;716.3934426229508;0.9;14.754098360655737;-4;0.21999999999999997;2;-1;-4;0.018518518518518517;0.1;0.61;9.0;0;1;1;0;1;0;0;1;0.1;0.25;0.001851851851851852;10.0;0.0;1.0;1.0;1.0;1.0;1.0;0.0;0.0;0.0;0.0;0.0;0.0;0.0;0.0;0.0;0.0;0.0;0.0;0.0;0.0;0.0;0.0;0.0;0.0;0.0;0.0
2025-04-11;RB Leipzig;9;13;29;31;175;Wolfsburg;3;2;16;17;5;6;0.53;0.47;464;0.82;13;14;3;2;0;0;5;0.0;1.0;1.0;1.0;0.0;0.0;1.0;0.0;1.0;1.0;1.0;8;0.02764705882352941;0.23076923076923078;380;0.034210526315789476;716.9811320754717;0.3125;9.433962264150942;-1;0.06000000000000005;-3;1;-1;0.034482758620689655;0.1875;0.17666666666666667;1.6666666666666667;2;1;3;1;0;0;1;0;0.1875;0.6;0.00646551724137931;5.333333333333333;0.0;1.0;1.0;0.0;1.0;1.0;0.0;0.0;0.0;0.0;0.0;0.0;0.0;0.0;0.0;0.0;0.0;0.0;0.0;0.0;0.0;0.0;0.0;0.0;0.0;0.0
2025-04-05;RB Leipzig;9;13;3;31;97;Hoffenheim;0;4;16;9;5;5;0.67;0.33;604;0.88;10;12;0;3;0;1;8;0.0;1.0;0.0;1.0;1.0;0.0;1.0;0.0;1.0;1.0;1.0;2;0.03666666666666667;0.0;532;0.018796992481203006;794.0298507462686;0.5;11.940298507462686;7;0.34;6;-4;-2;0.026490066225165563;0.1875;0.22333333333333336;2.6666666666666665;2;1;3;1;0;0;0;1;0.1875;0.6;0.004966887417218543;5.333333333333333;0.0;0.0;1.0;0.0;1.0;1.0;1.0;0.0;0.0;0.0;0.0;0.0;0.0;0.0;0.0;0.0;0.0;0.0;0.0;0.0;0.0;0.0;0.0;0.0;0.0;0.0
2025-04-02;RB Leipzig;23;1;4;31;18;Stuttgart;3;0;25;9;5;6;0.68;0.32;546;0.84;14;8;3;0;0;0;5;1.0;1.0;0.0;0.0;1.0;0.0;1.0;0.0;1.0;1.0;1.0;5;0.035555555555555556;0.21428571428571427;459;0.030501089324618737;675.0;0.2;7.352941176470588;16;0.36000000000000004;0;3;6;0.045787545787545784;0.04;0.68;5.0;0;1;1;0;0;1;1;0;0.04;0.2;0.0018315018315018315;25.0;0.0;1.0;1.0;0.0;0.0;1.0;1.0;0.0;0.0;0.0;0.0;0.0;0.0;0.0;0.0;0.0;0.0;0.0;0.0;0.0;0.0;0.0;0.0;0.0;0.0;0.0
2025-03-29;RB Leipzig;9;2;3;31;172;Mönchengladbach;2;2;19;16;3;3;0.61;0.39;537;0.83;9;5;2;2;0;0;8;1.0;0.0;1.0;0.0;1.0;0.0;1.0;1.0;1.0;1.0;0.0;5;0.024375;0.2222222222222222;446;0.020179372197309416;731.1475409836065;0.42105263157894735;13.114754098360656;3;0.21999999999999997;3;0;4;0.035381750465549346;0.0;0.0;0.0;0;0;0;0;0;1;1;0;0.0;0.0;0.0;0.0;0.0;1.0;1.0;1.0;0.0;0.0;1.0;0.0;0.0;0.0;0.0;0.0;0.0;0.0;0.0;0.0;0.0;0.0;0.0;0.0;0.0;0.0;0.0;0.0;0.0;0.0
2025-03-15;RB Leipzig;9;17;3;31;11;Dortmund;3;3;15;25;5;9;0.33;0.67;300;0.68;14;10;3;3;0;0;3;0.0;0.0;0.0;0.0;1.0;0.0;1.0;0.0;1.0;1.0;1.0;12;0.0268;0.21428571428571427;204;0.06862745098039216;618.1818181818181;0.2;9.09090909090909;-10;-0.34;-9;0;4;0.05;0.13333333333333333;0.165;1.5;1;1;2;1;0;0;0;1;0.13333333333333333;0.4;0.006666666666666667;7.5;1.0;1.0;1.0;1.0;1.0;0.0;1.0;0.0;0.0;0.0;0.0;0.0;0.0;0.0;0.0;0.0;0.0;0.0;0.0;0.0;0.0;0.0;0.0;0.0;0.0;0.0
2025-03-08;RB Leipzig;9;1;3;31;170;Friburgo;3;0;18;10;3;2;0.47;0.53;420;0.81;11;6;3;0;0;0;6;0.0;0.0;0.0;0.0;1.0;1.0;0.0;0.0;1.0;1.0;1.0;2;0.053000000000000005;0.2727272727272727;340;0.03235294117647059;723.404255319149;0.3333333333333333;12.765957446808512;8;-0.06000000000000005;4;3;5;0.04285714285714286;0.0;0.0;0.0;0;0;0;0;1;0;1;0;0.0;0.0;0.0;0.0;1.0;1.0;1.0;0.0;1.0;1.0;1.0;0.0;0.0;0.0;0.0;0.0;0.0;0.0;0.0;0.0;0.0;0.0;0.0;0.0;0.0;0.0;0.0;0.0;0.0;0.0
2025-03-01;RB Leipzig;9;29;17;31;174;Mainz 05;1;1;13;15;4;3;0.49;0.51;518;0.77;8;15;1;1;0;0;7;0.0;0.0;0.0;0.0;1.0;0.0;0.0;1.0;1.0;1.0;1.0;1;0.034;0.125;399;0.020050125313283207;814.2857142857143;0.5384615384615384;14.285714285714286;-2;-0.020000000000000018;6;0;-7;0.025096525096525095;0.07692307692307693;0.49;7.0;1;0;1;0;0;1;0;1;0.07692307692307693;0.25;0.0019305019305019305;13.0;1.0;1.0;1.0;0.0;1.0;1.0;1.0;0.0;0.0;0.0;0.0;0.0;0.0;0.0;0.0;0.0;0.0;0.0;0.0;0.0;0.0;0.0;0.0;0.0;0.0;0.0
2025-02-26;RB Leipzig;23;29;1;31;175;Wolfsburg;3;2;16;11;4;5;0.51;0.49;437;0.81;15;10;3;2;0;0;8;1.0;0.0;0.0;0.0;1.0;1.0;0.0;0.0;1.0;1.0;1.0;4;0.04454545454545455;0.2;354;0.0423728813559322;694.1176470588235;0.5;15.686274509803921;5;0.020000000000000018;4;1;5;0.036613272311212815;0.0625;0.51;8.0;0;1;1;1;0;0;0;1;0.0625;0.25;0.002288329519450801;16.0;1.0;1.0;1.0;0.0;0.0;1.0;1.0;0.0;0.0;0.0;0.0;0.0;0.0;0.0;0.0;0.0;0.0;0.0;0.0;0.0;0.0;0.0;0.0;0.0;0.0;0.0
2025-02-23;RB Leipzig;9;13;17;31;142;Heidenheim;3;3;17;4;6;2;0.74;0.26;554;0.85;15;15;3;3;0;0;7;0.0;0.0;0.0;1.0;1.0;1.0;1.0;0.0;1.0;1.0;1.0;4;0.065;0.2;471;0.03184713375796178;636.4864864864865;0.4117647058823529;9.45945945945946;13;0.48;3;0;0;0.030685920577617327;0.11764705882352941;0.37;3.5;1;1;2;0;1;0;0;1;0.11764705882352941;0.3333333333333333;0.0036101083032490976;8.5;0.0;0.0;1.0;1.0;1.0;0.0;1.0;0.0;0.0;0.0;0.0;0.0;0.0;0.0;0.0;0.0;0.0;0.0;0.0;0.0;0.0;0.0;0.0;0.0;0.0;0.0
2025-02-14;RB Leipzig;9;17;17;31;173;Augsburgo;1;2;14;11;4;2;0.62;0.38;531;0.87;12;12;1;2;0;0;9;0.0;0.0;1.0;1.0;1.0;1.0;0.0;1.0;1.0;0.0;1.0;8;0.034545454545454546;0.08333333333333333;462;0.025974025974025976;745.1612903225806;0.6428571428571429;14.516129032258064;3;0.24;1;-1;0;0.026365348399246705;0.0;0.0;0.0;0;0;0;0;1;0;1;0;0.0;0.0;0.0;0.0;1.0;0.0;1.0;1.0;1.0;0.0;0.0;0.0;0.0;0.0;0.0;0.0;0.0;0.0;0.0;0.0;0.0;0.0;0.0;0.0;0.0;0.0;0.0;0.0;0.0;0.0
2025-02-09;RB Leipzig;9;17;6;31;176;St. Pauli;3;2;11;7;6;4;0.56;0.44;569;0.88;12;8;2;2;1;0;5;0.0;0.0;0.0;1.0;1.0;1.0;0.0;1.0;1.0;0.0;1.0;4;0.06285714285714286;0.25;501;0.023952095808383235;894.6428571428571;0.45454545454545453;8.928571428571427;4;0.12000000000000005;1;1;4;0.019332161687170474;0.18181818181818182;0.28;2.5;2;0;2;1;0;0;0;1;0.18181818181818182;0.3333333333333333;0.0035149384885764497;5.5;1.0;0.0;1.0;0.0;1.0;0.0;1.0;1.0;0.0;0.0;0.0;0.0;0.0;0.0;0.0;0.0;0.0;0.0;0.0;0.0;0.0;0.0;0.0;0.0;0.0;0.0
2025-02-01;RB Leipzig;9;29;0;31;169;FC Union Berlin;2;3;6;21;2;6;0.53;0.47;467;0.76;12;5;2;3;0;0;5;0.0;0.0;1.0;0.0;1.0;0.0;1.0;0.0;1.0;1.0;1.0;4;0.02238095238095238;0.16666666666666666;355;0.03380281690140845;669.8113207547169;0.8333333333333334;9.433962264150942;-15;0.06000000000000005;1;-1;7;0.01284796573875803;0.0;0.0;0.0;0;0;0;0;1;0;1;0;0.0;0.0;0.0;0.0;0.0;1.0;1.0;1.0;1.0;0.0;1.0;0.0;0.0;0.0;0.0;0.0;0.0;0.0;0.0;0.0;0.0;0.0;0.0;0.0;0.0;0.0;0.0;0.0;0.0;0.0
2025-01-29;RB Leipzig;0;29;22;31;32;Sturm;1;2;15;9;5;5;0.61;0.39;450;0.75;10;13;1;2;0;0;9;1.0;0.0;0.0;0.0;0.0;0.0;1.0;1.0;0.0;1.0;0.0;3;0.043333333333333335;0.1;338;0.029585798816568046;554.0983606557377;0.6;14.754098360655737;6;0.21999999999999997;6;-1;-3;0.03333333333333333;0.0;0.0;0.0;0;0;0;0;0;1;1;0;0.0;0.0;0.0;0.0;1.0;1.0;0.0;1.0;0.0;1.0;1.0;1.0;1.0;0.0;0.0;0.0;0.0;0.0;0.0;0.0;0.0;0.0;0.0;0.0;0.0;0.0;0.0;0.0;0.0;0.0
2025-01-25;RB Leipzig;9;1;3;31;6;Leverkusen;2;2;7;13;3;7;0.66;0.34;603;0.88;12;6;2;2;0;0;7;0.0;0.0;1.0;0.0;1.0;1.0;0.0;0.0;1.0;1.0;1.0;3;0.026153846153846156;0.16666666666666666;531;0.022598870056497175;804.5454545454545;1.0;10.606060606060606;-6;0.32;4;0;6;0.011608623548922056;0.2857142857142857;0.33;3.5;1;1;2;0;1;0;0;1;0.2857142857142857;0.6666666666666666;0.003316749585406302;3.5;0.0;1.0;0.0;0.0;1.0;1.0;1.0;1.0;0.0;0.0;0.0;0.0;0.0;0.0;0.0;0.0;0.0;0.0;0.0;0.0;0.0;0.0;0.0;0.0;0.0;0.0
2025-01-22;RB Leipzig;0;13;1;31;8;Sporting Lisboa;3;0;10;17;6;2;0.47;0.53;462;0.82;16;6;3;0;0;0;0;1.0;0.0;0.0;0.0;1.0;0.0;1.0;1.0;1.0;1.0;1.0;9;0.031176470588235295;0.1875;379;0.04221635883905013;806.3829787234043;0.0;0.0;-7;-0.06000000000000005;-9;3;10;0.021645021645021644;0.2;0.235;0.0;1;1;2;1;0;0;0;1;0.2;0.3333333333333333;0.004329004329004329;5.0;1.0;1.0;0.0;1.0;0.0;0.0;1.0;0.0;0.0;0.0;0.0;0.0;0.0;0.0;0.0;0.0;0.0;0.0;0.0;0.0;0.0;0.0;0.0;0.0;0.0;0.0
2025-01-18;RB Leipzig;9;17;29;31;178;Bochum;0;4;11;14;3;3;0.56;0.44;480;0.78;7;14;0;4;0;0;3;0.0;0.0;1.0;0.0;1.0;1.0;1.0;0.0;1.0;0.0;0.0;6;0.03142857142857143;0.0;374;0.01871657754010695;667.8571428571428;0.2727272727272727;5.357142857142857;-3;0.12000000000000005;-3;-4;-7;0.022916666666666665;0.2727272727272727;0.18666666666666668;1.0;3;0;3;0;1;0;1;0;0.2727272727272727;1.0;0.00625;3.6666666666666665;0.0;0.0;1.0;1.0;1.0;1.0;1.0;1.0;0.0;0.0;0.0;0.0;0.0;0.0;0.0;0.0;0.0;0.0;0.0;0.0;0.0;0.0;0.0;0.0;0.0;0.0
2025-01-15;RB Leipzig;9;17;1;31;18;Stuttgart;5;2;6;14;3;6;0.42;0.58;459;0.77;19;10;3;2;2;0;0;0.0;0.0;1.0;0.0;1.0;1.0;1.0;0.0;1.0;1.0;1.0;5;0.041428571428571426;0.2631578947368421;353;0.053824362606232294;840.4761904761905;0.0;0.0;-8;-0.15999999999999998;-5;3;9;0.013071895424836602;0.16666666666666666;0.42;0.0;1;0;1;0;0;1;1;0;0.16666666666666666;0.3333333333333333;0.002178649237472767;6.0;0.0;0.0;1.0;0.0;1.0;1.0;1.0;0.0;0.0;0.0;0.0;0.0;0.0;0.0;0.0;0.0;0.0;0.0;0.0;0.0;0.0;0.0;0.0;0.0;0.0;0.0
2025-01-12;RB Leipzig;9;17;9;31;171;Werder Bremen;1;1;18;7;7;2;0.49;0.51;519;0.82;7;12;1;1;0;0;4;0.0;0.0;1.0;0.0;1.0;1.0;1.0;0.0;1.0;1.0;1.0;1;0.07285714285714286;0.14285714285714285;426;0.01643192488262911;869.3877551020408;0.2222222222222222;8.16326530612245;11;-0.020000000000000018;3;0;-5;0.03468208092485549;0.2222222222222222;0.1225;1.0;2;2;4;1;0;0;0;1;0.2222222222222222;0.5714285714285714;0.007707129094412331;4.5;0.0;0.0;0.0;0.0;1.0;1.0;1.0;1.0;0.0;0.0;0.0;0.0;0.0;0.0;0.0;0.0;0.0;0.0;0.0;0.0;0.0;0.0;0.0;0.0;0.0;0.0
2024-12-20;RB Leipzig;9;4;3;31;23;Bayern;2;5;4;22;1;9;0.29;0.71;295;0.78;10;9;2;5;0;0;1;0.0;0.0;0.0;0.0;0.0;0.0;1.0;0.0;0.0;1.0;1.0;8;0.03227272727272727;0.2;230;0.043478260869565216;793.1034482758621;0.25;3.4482758620689657;-18;-0.42;-7;-3;1;0.013559322033898305;0.25;0.29;1.0;1;0;1;0;0;1;1;0;0.25;1.0;0.003389830508474576;4.0;1.0;0.0;0.0;1.0;1.0;1.0;1.0;1.0;0.0;1.0;1.0;0.0;0.0;0.0;0.0;0.0;0.0;0.0;0.0;0.0;0.0;0.0;0.0;0.0;0.0;0.0
2024-12-15;RB Leipzig;9;4;17;31;87;Frankfurt;1;3;19;16;9;3;0.43;0.57;407;0.85;15;10;1;3;0;0;6;1.0;0.0;0.0;0.0;0.0;1.0;1.0;0.0;0.0;1.0;1.0;7;0.035625;0.06666666666666667;346;0.04335260115606936;804.6511627906976;0.3157894736842105;13.953488372093023;3;-0.13999999999999996;-1;-2;5;0.04668304668304668;0.10526315789473684;0.215;3.0;1;1;2;1;0;0;0;1;0.10526315789473684;0.2222222222222222;0.004914004914004914;9.5;1.0;0.0;0.0;1.0;0.0;0.0;1.0;1.0;0.0;1.0;1.0;0.0;0.0;0.0;0.0;0.0;0.0;0.0;0.0;0.0;0.0;0.0;0.0;0.0;0.0;0.0
2024-12-10;RB Leipzig;0;1;3;31;1;Aston Villa;1;2;17;19;6;8;0.46;0.54;448;0.84;12;7;1;2;0;0;5;0.0;0.0;0.0;0.0;0.0;0.0;1.0;1.0;0.0;1.0;1.0;7;0.028421052631578948;0.08333333333333333;376;0.031914893617021274;817.391304347826;0.29411764705882354;10.869565217391305;-2;-0.08000000000000002;-2;-1;5;0.03794642857142857;0.11764705882352941;0.23;2.5;1;1;2;0;0;1;0;1;0.11764705882352941;0.3333333333333333;0.004464285714285714;8.5;1.0;0.0;0.0;1.0;1.0;1.0;1.0;1.0;0.0;1.0;0.0;0.0;0.0;0.0;0.0;0.0;0.0;0.0;0.0;0.0;0.0;0.0;0.0;0.0;0.0;0.0
2024-12-07;RB Leipzig;9;2;2;31;177;KSV Holstein;3;4;9;17;5;5;0.44;0.56;393;0.78;13;11;3;4;0;0;1;0.0;0.0;0.0;0.0;0.0;0.0;1.0;1.0;0.0;1.0;1.0;6;0.03294117647058824;0.23076923076923078;307;0.04234527687296417;697.7272727272727;0.1111111111111111;2.272727272727273;-8;-0.12000000000000005;-5;-1;2;0.022900763358778626;0.2222222222222222;0.22;0.5;1;1;2;1;0;0;1;0;0.2222222222222222;0.4;0.005089058524173028;4.5;1.0;0.0;0.0;1.0;1.0;1.0;1.0;1.0;0.0;1.0;0.0;0.0;0.0;0.0;0.0;0.0;0.0;0.0;0.0;0.0;0.0;0.0;0.0;0.0;0.0;0.0
2024-12-04;RB Leipzig;23;2;1;31;87;Frankfurt;1;1;15;7;6;1;0.35;0.65;338;0.77;3;9;1;1;0;0;3;1.0;0.0;0.0;0.0;0.0;0.0;1.0;1.0;0.0;1.0;1.0;9;0.09285714285714286;0.3333333333333333;260;0.011538461538461539;742.8571428571429;0.2;8.571428571428571;8;-0.30000000000000004;-6;0;-6;0.04437869822485207;0.2;0.11666666666666665;1.0;1;2;3;1;0;0;0;1;0.2;0.5;0.008875739644970414;5.0;1.0;0.0;0.0;1.0;0.0;1.0;1.0;1.0;0.0;1.0;0.0;0.0;0.0;0.0;0.0;0.0;0.0;0.0;0.0;0.0;0.0;0.0;0.0;0.0;0.0;0.0
2024-11-30;RB Leipzig;9;1;0;31;175;Wolfsburg;2;1;9;13;4;8;0.63;0.37;637;0.88;11;6;2;1;0;0;7;0.0;0.0;0.0;1.0;0.0;1.0;0.0;1.0;0.0;1.0;1.0;3;0.02846153846153846;0.18181818181818182;561;0.0196078431372549;890.4761904761905;0.7777777777777778;11.11111111111111;-4;0.26;4;1;5;0.0141287284144427;0.1111111111111111;0.63;7.0;0;1;1;0;0;1;0;1;0.1111111111111111;0.25;0.0015698587127158557;9.0;1.0;0.0;0.0;1.0;1.0;0.0;1.0;1.0;0.0;1.0;0.0;0.0;0.0;0.0;0.0;0.0;0.0;0.0;0.0;0.0;0.0;0.0;0.0;0.0;0.0;0.0
2024-11-26;RB Leipzig;0;1;30;31;7;Inter;2;2;7;12;1;4;0.49;0.51;481;0.83;12;11;2;2;0;0;5;0.0;0.0;0.0;1.0;0.0;1.0;0.0;1.0;0.0;1.0;0.0;6;0.0425;0.16666666666666666;399;0.03007518796992481;814.2857142857143;0.7142857142857143;10.204081632653061;-5;-0.020000000000000018;-1;0;1;0.014553014553014554;0.0;0.0;0.0;0;0;0;0;0;1;1;0;0.0;0.0;0.0;0.0;1.0;0.0;0.0;1.0;1.0;0.0;1.0;1.0;0.0;1.0;0.0;1.0;0.0;0.0;0.0;0.0;0.0;0.0;0.0;0.0;0.0;0.0;0.0;0.0;0.0;0.0
2024-11-23;RB Leipzig;9;17;3;31;97;Hoffenheim;1;2;14;20;6;7;0.4;0.6;339;0.76;12;14;1;2;0;0;3;0.0;0.0;1.0;1.0;0.0;1.0;0.0;0.0;0.0;1.0;1.0;4;0.03;0.08333333333333333;258;0.046511627906976744;645.0;0.21428571428571427;7.5;-6;-0.19999999999999996;-1;-1;-2;0.04129793510324484;0.21428571428571427;0.13333333333333333;1.0;2;1;3;0;0;1;1;0;0.21428571428571427;0.5;0.008849557522123894;4.666666666666667;0.0;0.0;0.0;1.0;1.0;1.0;1.0;1.0;0.0;1.0;0.0;0.0;0.0;0.0;0.0;0.0;0.0;0.0;0.0;0.0;0.0;0.0;0.0;0.0;0.0;0.0
2024-11-09;RB Leipzig;9;17;3;31;172;Mönchengladbach;2;2;12;14;5;4;0.62;0.38;616;0.86;14;7;2;2;0;0;8;0.0;0.0;1.0;0.0;0.0;1.0;0.0;0.0;0.0;1.0;0.0;4;0.027142857142857142;0.14285714285714285;530;0.026415094339622643;854.8387096774194;0.6666666666666666;12.903225806451614;-2;0.24;4;0;7;0.01948051948051948;0.0;0.0;0.0;0;0;0;0;1;0;0;1;0.0;0.0;0.0;0.0;0.0;1.0;0.0;1.0;1.0;1.0;1.0;1.0;1.0;1.0;0.0;0.0;0.0;0.0;0.0;0.0;0.0;0.0;0.0;0.0;0.0;0.0;0.0;0.0;0.0;0.0
2024-11-05;RB Leipzig;0;1;0;31;20;Celtic F. C.;1;0;10;17;3;5;0.39;0.61;412;0.87;13;7;1;0;0;0;8;0.0;0.0;0.0;0.0;0.0;1.0;0.0;1.0;0.0;1.0;1.0;7;0.03588235294117647;0.07692307692307693;358;0.036312849162011177;917.9487179487179;0.8;20.51282051282051;-7;-0.21999999999999997;1;1;6;0.024271844660194174;0.1;0.39;8.0;1;0;1;0;0;1;1;0;0.1;0.3333333333333333;0.0024271844660194173;10.0;1.0;1.0;0.0;1.0;1.0;0.0;1.0;1.0;0.0;1.0;0.0;0.0;0.0;0.0;0.0;0.0;0.0;0.0;0.0;0.0;0.0;0.0;0.0;0.0;0.0;0.0
2024-11-02;RB Leipzig;9;1;7;31;11;Dortmund;4;3;7;20;3;7;0.44;0.56;406;0.79;12;11;4;3;0;0;0;0.0;0.0;1.0;0.0;0.0;0.0;0.0;1.0;0.0;1.0;1.0;4;0.028000000000000004;0.3333333333333333;321;0.037383177570093455;729.5454545454545;0.0;0.0;-13;-0.12000000000000005;-4;1;1;0.017241379310344827;0.14285714285714285;0.44;0.0;1;0;1;0;0;1;1;0;0.14285714285714285;0.3333333333333333;0.0024630541871921183;7.0;1.0;0.0;0.0;1.0;1.0;1.0;1.0;1.0;0.0;1.0;0.0;0.0;0.0;0.0;0.0;0.0;0.0;0.0;0.0;0.0;0.0;0.0;0.0;0.0;0.0;0.0
2024-10-29;RB Leipzig;23;6;6;31;176;St. Pauli;0;1;9;17;7;4;0.46;0.54;557;0.84;5;7;0;1;0;0;3;1.0;0.0;1.0;0.0;0.0;1.0;0.0;0.0;0.0;0.0;0.0;7;0.031764705882352945;0.0;468;0.010683760683760684;1017.391304347826;0.3333333333333333;6.521739130434782;-8;-0.08000000000000002;-4;-1;-2;0.01615798922800718;0.4444444444444444;0.115;0.75;3;1;4;1;0;0;0;1;0.4444444444444444;0.5714285714285714;0.00718132854578097;2.25;1.0;1.0;0.0;1.0;0.0;1.0;1.0;0.0;1.0;1.0;0.0;1.0;0.0;0.0;0.0;0.0;0.0;0.0;0.0;0.0;0.0;0.0;0.0;0.0;0.0;0.0
2024-10-26;RB Leipzig;9;13;3;31;170;Friburgo;3;2;12;15;9;5;0.42;0.58;413;0.8;9;7;3;2;0;0;3;0.0;0.0;0.0;1.0;0.0;1.0;0.0;1.0;0.0;1.0;1.0;3;0.03866666666666666;0.3333333333333333;330;0.02727272727272727;785.7142857142858;0.25;7.142857142857143;-3;-0.15999999999999998;0;1;2;0.029055690072639227;0.25;0.13999999999999999;1.0;0;3;3;1;0;0;0;1;0.25;0.3333333333333333;0.007263922518159807;4.0;1.0;0.0;0.0;1.0;1.0;0.0;1.0;1.0;0.0;1.0;0.0;0.0;0.0;0.0;0.0;0.0;0.0;0.0;0.0;0.0;0.0;0.0;0.0;0.0;0.0;0.0
2024-10-23;RB Leipzig;0;1;0;31;2;Liverpool;2;1;13;17;6;8;0.42;0.58;440;0.83;9;7;2;1;0;0;5;0.0;0.0;0.0;1.0;0.0;0.0;0.0;1.0;1.0;1.0;1.0;7;0.03411764705882353;0.2222222222222222;365;0.024657534246575342;869.047619047619;0.38461538461538464;11.904761904761905;-4;-0.15999999999999998;-2;1;2;0.029545454545454545;0.0;0.0;0.0;0;0;0;0;0;1;0;1;0.0;0.0;0.0;0.0;1.0;0.0;0.0;0.0;1.0;1.0;1.0;1.0;0.0;1.0;0.0;0.0;0.0;0.0;0.0;0.0;0.0;0.0;0.0;0.0;0.0;0.0;0.0;0.0;0.0;0.0
2024-10-19;RB Leipzig;9;17;17;31;174;Mainz 05;3;1;11;17;5;2;0.46;0.54;459;0.75;15;12;3;1;0;0;3;0.0;0.0;1.0;1.0;0.0;0.0;0.0;1.0;1.0;1.0;1.0;5;0.031764705882352945;0.2;344;0.0436046511627907;747.8260869565217;0.2727272727272727;6.521739130434782;-6;-0.08000000000000002;-2;2;3;0.023965141612200435;0.18181818181818182;0.23;1.5;2;0;2;1;0;0;1;0;0.18181818181818182;0.4;0.004357298474945534;5.5;1.0;0.0;0.0;0.0;1.0;1.0;1.0;1.0;0.0;0.0;0.0;0.0;0.0;0.0;0.0;0.0;0.0;0.0;0.0;0.0;0.0;0.0;0.0;0.0;0.0;0.0
2024-10-06;RB Leipzig;9;13;29;31;142;Heidenheim;2;2;13;14;2;4;0.55;0.45;491;0.79;13;12;2;2;0;0;2;0.0;0.0;1.0;1.0;1.0;0.0;0.0;1.0;1.0;1.0;1.0;3;0.03214285714285715;0.15384615384615385;388;0.03350515463917526;705.4545454545454;0.15384615384615385;3.6363636363636362;-1;0.10000000000000003;-1;0;1;0.026476578411405296;0.07692307692307693;0.55;2.0;0;1;1;1;0;0;1;0;0.07692307692307693;0.5;0.002036659877800407;13.0;0.0;0.0;0.0;0.0;1.0;1.0;1.0;1.0;0.0;0.0;0.0;0.0;0.0;0.0;0.0;0.0;0.0;0.0;0.0;0.0;0.0;0.0;0.0;0.0;0.0;0.0
2024-10-02;RB Leipzig;0;1;3;31;14;Juventus;1;3;24;16;7;5;0.44;0.56;389;0.86;4;14;1;2;0;1;8;0.0;0.0;0.0;1.0;1.0;0.0;1.0;1.0;1.0;1.0;1.0;2;0.035;0.25;335;0.011940298507462687;761.3636363636364;0.3333333333333333;18.181818181818183;8;-0.12000000000000005;6;-2;-10;0.061696658097686374;0.08333333333333333;0.22;4.0;1;1;2;0;0;1;0;1;0.08333333333333333;0.2857142857142857;0.005141388174807198;12.0;1.0;0.0;0.0;1.0;1.0;0.0;1.0;0.0;0.0;0.0;0.0;0.0;0.0;0.0;0.0;0.0;0.0;0.0;0.0;0.0;0.0;0.0;0.0;0.0;0.0;0.0
2024-09-28;RB Leipzig;9;1;17;31;173;Augsburgo;1;2;17;7;7;1;0.6;0.4;560;0.85;9;13;1;2;0;0;8;0.0;0.0;0.0;1.0;1.0;0.0;1.0;1.0;1.0;1.0;1.0;5;0.05714285714285715;0.1111111111111111;476;0.018907563025210083;793.3333333333334;0.47058823529411764;13.333333333333334;10;0.19999999999999996;3;-1;-4;0.030357142857142857;0.23529411764705882;0.15;2.0;2;2;4;1;0;0;0;1;0.23529411764705882;0.5714285714285714;0.007142857142857143;4.25;1.0;0.0;0.0;0.0;1.0;0.0;1.0;1.0;0.0;0.0;0.0;0.0;0.0;0.0;0.0;0.0;0.0;0.0;0.0;0.0;0.0;0.0;0.0;0.0;0.0;0.0
2024-09-22;RB Leipzig;9;1;6;31;176;St. Pauli;1;2;10;17;5;4;0.7;0.3;757;0.86;8;6;1;2;0;0;1;0.0;0.0;1.0;0.0;1.0;0.0;1.0;1.0;1.0;0.0;1.0;3;0.01764705882352941;0.125;651;0.01228878648233487;930.0000000000001;0.1;1.4285714285714286;-7;0.39999999999999997;-2;-1;2;0.013210039630118891;0.0;0.0;0.0;0;0;0;0;1;0;1;0;0.0;0.0;0.0;0.0;1.0;0.0;0.0;1.0;1.0;0.0;1.0;0.0;1.0;0.0;0.0;0.0;0.0;0.0;0.0;0.0;0.0;0.0;0.0;0.0;0.0;0.0;0.0;0.0;0.0;0.0
2024-09-19;RB Leipzig;0;1;17;31;27;Atlético Madrid;4;3;7;21;3;4;0.48;0.52;522;0.84;13;13;4;3;0;0;2;0.0;0.0;0.0;1.0;1.0;0.0;0.0;1.0;1.0;1.0;1.0;8;0.024761904761904763;0.3076923076923077;438;0.02968036529680365;912.5;0.2857142857142857;4.166666666666667;-14;-0.040000000000000036;-6;1;0;0.013409961685823755;0.14285714285714285;0.48;2.0;1;0;1;0;0;1;1;0;0.14285714285714285;0.3333333333333333;0.0019157088122605363;7.0;0.0;0.0;0.0;0.0;1.0;1.0;1.0;1.0;0.0;1.0;0.0;0.0;0.0;0.0;0.0;0.0;0.0;0.0;0.0;0.0;0.0;0.0;0.0;0.0;0.0;0.0
2024-09-14;RB Leipzig;9;17;6;31;169;FC Union Berlin;2;3;15;10;3;3;0.68;0.32;745;0.88;8;19;2;3;0;0;6;0.0;0.0;1.0;1.0;1.0;1.0;0.0;1.0;1.0;1.0;1.0;5;0.032;0.25;656;0.012195121951219513;964.7058823529411;0.4;8.823529411764705;5;0.36000000000000004;1;-1;-11;0.020134228187919462;0.0;0.0;0.0;0;0;0;0;1;0;0;1;0.0;0.0;0.0;0.0;1.0;0.0;0.0;0.0;1.0;0.0;0.0;0.0;0.0;1.0;0.0;0.0;0.0;0.0;0.0;0.0;0.0;0.0;0.0;0.0;0.0;0.0;0.0;0.0;0.0;0.0
2024-08-31;RB Leipzig;9;17;17;31;6;Leverkusen;1;3;8;26;4;10;0.37;0.63;352;0.82;8;7;1;3;0;0;2;0.0;0.0;1.0;1.0;1.0;1.0;0.0;1.0;1.0;1.0;1.0;18;0.02423076923076923;0.125;289;0.02768166089965398;781.081081081081;0.25;5.405405405405405;-18;-0.26;-16;-2;1;0.022727272727272728;0.375;0.12333333333333334;0.6666666666666666;1;2;3;1;0;0;1;0;0.375;0.75;0.008522727272727272;2.6666666666666665;0.0;1.0;0.0;0.0;1.0;0.0;0.0;0.0;0.0;1.0;0.0;0.0;0.0;0.0;0.0;0.0;0.0;0.0;0.0;0.0;0.0;0.0;0.0;0.0;0.0;0.0
2024-08-24;RB Leipzig;9;13;22;31;178;Bochum;2;3;13;10;3;4;0.63;0.37;505;0.81;9;16;1;3;1;0;9;0.0;0.0;0.0;1.0;1.0;1.0;1.0;1.0;1.0;1.0;1.0;3;0.037;0.2222222222222222;409;0.022004889975550123;649.2063492063492;0.6923076923076923;14.285714285714286;3;0.26;6;-1;-7;0.02574257425742574;0.07692307692307693;0.63;9.0;0;1;1;1;0;0;0;1;0.07692307692307693;0.3333333333333333;0.0019801980198019802;13.0;0.0;0.0;0.0;0.0;1.0;0.0;1.0;0.0;0.0;0.0;0.0;0.0;1.0;0.0;0.0;0.0;0.0;0.0;0.0;0.0;0.0;0.0;0.0;0.0;0.0;0.0
2024-08-17;RB Leipzig;23;1;4;31;628;Rot-Weiss Essen;1;2;17;12;11;3;0.59;0.41;613;0.9;8;10;1;2;0;0;5;0.0;0.0;1.0;0.0;1.0;1.0;1.0;1.0;1.0;1.0;1.0;3;0.034166666666666665;0.125;552;0.014492753623188406;935.5932203389831;0.29411764705882354;8.474576271186441;5;0.18;2;-1;-2;0.02773246329526917;0.23529411764705882;0.1475;1.25;2;2;4;1;0;0;1;0;0.23529411764705882;0.36363636363636365;0.0065252854812398045;4.25;0.0;0.0;0.0;0.0;1.0;0.0;1.0;0.0;0.0;0.0;0.0;0.0;1.0;0.0;0.0;0.0;0.0;0.0;0.0;0.0;0.0;0.0;0.0;0.0;0.0;0.0
2024-08-10;RB Leipzig;6;1;0;31;19;PSG;0;1;8;11;3;2;0.36;0.64;385;0.82;12;6;0;1;0;0;1;0.0;0.0;1.0;0.0;1.0;0.0;1.0;1.0;1.0;1.0;0.0;3;0.05818181818181818;0.0;316;0.0379746835443038;877.7777777777778;0.125;2.7777777777777777;-3;-0.28;-2;-1;6;0.02077922077922078;0.125;0.36;1.0;1;0;1;0;1;0;0;1;0.125;0.3333333333333333;0.0025974025974025974;8.0;0.0;0.0;0.0;0.0;1.0;0.0;1.0;0.0;1.0;0.0;0.0;0.0;1.0;1.0;0.0;0.0;0.0;0.0;0.0;0.0;0.0;0.0;0.0;0.0;0.0;0.0
2024-05-18;RB Leipzig;9;13;17;31;87;Frankfurt;2;2;9;22;5;6;0.54;0.46;506;0.82;11;10;2;2;0;0;3;0.0;0.0;1.0;1.0;0.0;0.0;1.0;1.0;1.0;1.0;1.0;8;0.02090909090909091;0.18181818181818182;415;0.02650602409638554;768.5185185185185;0.3333333333333333;5.555555555555555;-13;0.08000000000000002;-5;0;1;0.017786561264822136;0.2222222222222222;0.27;1.5;1;1;2;0;1;0;1;0;0.2222222222222222;0.4;0.003952569169960474;4.5;0.0;0.0;0.0;0.0;0.0;0.0;1.0;0.0;0.0;1.0;0.0;0.0;0.0;1.0;1.0;0.0;0.0;0.0;0.0;0.0;0.0;0.0;0.0;0.0;0.0;0.0
2024-05-11;RB Leipzig;9;6;17;31;171;Werder Bremen;1;0;13;11;5;2;0.44;0.56;458;0.86;11;6;1;0;0;0;4;0.0;0.0;1.0;1.0;0.0;0.0;1.0;1.0;0.0;1.0;0.0;3;0.05090909090909091;0.09090909090909091;394;0.027918781725888325;895.4545454545455;0.3076923076923077;9.090909090909092;2;-0.12000000000000005;1;1;5;0.028384279475982533;0.07692307692307693;0.44;4.0;0;1;1;0;1;0;0;1;0.07692307692307693;0.2;0.002183406113537118;13.0;0.0;0.0;0.0;1.0;1.0;0.0;1.0;0.0;1.0;1.0;0.0;0.0;1.0;0.0;0.0;0.0;0.0;0.0;0.0;0.0;0.0;0.0;0.0;0.0;0.0;0.0
2024-05-03;RB Leipzig;9;13;2;31;97;Hoffenheim;2;1;8;20;4;8;0.44;0.56;474;0.85;8;6;1;1;1;0;4;0.0;0.0;0.0;1.0;1.0;0.0;0.0;1.0;1.0;1.0;1.0;4;0.028000000000000004;0.25;403;0.019851116625310174;915.9090909090909;0.5;9.090909090909092;-12;-0.12000000000000005;0;1;2;0.016877637130801686;0.125;0.44;4.0;1;0;1;0;1;0;1;0;0.125;0.25;0.002109704641350211;8.0;0.0;0.0;0.0;0.0;1.0;0.0;1.0;0.0;0.0;1.0;1.0;0.0;0.0;0.0;0.0;1.0;0.0;0.0;0.0;0.0;0.0;0.0;0.0;0.0;0.0;0.0
2024-04-27;RB Leipzig;9;13;5;31;11;Dortmund;1;2;21;12;7;5;0.38;0.62;343;0.85;11;8;1;2;0;0;5;0.0;0.0;0.0;1.0;1.0;0.0;0.0;1.0;1.0;1.0;1.0;8;0.051666666666666666;0.09090909090909091;292;0.03767123287671233;768.421052631579;0.23809523809523808;13.157894736842104;9;-0.24;-3;-1;3;0.061224489795918366;0.19047619047619047;0.095;1.25;2;2;4;1;0;0;0;1;0.19047619047619047;0.5714285714285714;0.011661807580174927;5.25;0.0;0.0;0.0;0.0;1.0;0.0;1.0;0.0;0.0;0.0;1.0;0.0;1.0;0.0;0.0;1.0;0.0;0.0;0.0;0.0;0.0;0.0;0.0;0.0;0.0;0.0
2024-04-20;RB Leipzig;9;13;22;31;142;Heidenheim;1;3;12;10;4;4;0.61;0.39;583;0.84;8;13;1;3;0;0;6;0.0;0.0;0.0;1.0;1.0;0.0;0.0;1.0;1.0;1.0;1.0;2;0.039;0.125;490;0.0163265306122449;803.2786885245902;0.5;9.836065573770492;2;0.21999999999999997;4;-2;-5;0.02058319039451115;0.16666666666666666;0.305;3.0;1;1;2;1;0;0;1;0;0.16666666666666666;0.5;0.003430531732418525;6.0;0.0;0.0;0.0;0.0;1.0;0.0;1.0;0.0;0.0;1.0;1.0;0.0;0.0;0.0;0.0;1.0;0.0;0.0;0.0;0.0;0.0;0.0;0.0;0.0;0.0;0.0
2024-04-13;RB Leipzig;9;13;17;31;175;Wolfsburg;2;4;16;10;6;3;0.5;0.5;520;0.87;12;8;2;4;0;0;6;0.0;0.0;0.0;1.0;0.0;0.0;0.0;1.0;1.0;1.0;1.0;4;0.05;0.16666666666666666;452;0.02654867256637168;904.0;0.375;12.0;6;0.0;2;-2;4;0.03076923076923077;0.1875;0.16666666666666666;2.0;1;2;3;1;0;0;0;1;0.1875;0.5;0.0057692307692307696;5.333333333333333;0.0;0.0;0.0;0.0;1.0;0.0;1.0;0.0;0.0;1.0;1.0;0.0;1.0;0.0;0.0;1.0;0.0;0.0;0.0;0.0;0.0;0.0;0.0;0.0;0.0;0.0
2024-04-06;RB Leipzig;9;13;17;31;170;Friburgo;4;3;14;13;6;2;0.54;0.46;473;0.87;13;7;4;3;0;0;4;0.0;0.0;0.0;1.0;1.0;0.0;0.0;1.0;1.0;1.0;1.0;8;0.03538461538461539;0.3076923076923077;412;0.03155339805825243;762.9629629629629;0.2857142857142857;7.4074074074074066;1;0.08000000000000002;-4;1;6;0.02959830866807611;0.2857142857142857;0.135;1.0;3;1;4;1;0;0;1;0;0.2857142857142857;0.6666666666666666;0.008456659619450317;3.5;0.0;0.0;0.0;0.0;1.0;0.0;1.0;0.0;0.0;1.0;1.0;0.0;0.0;0.0;0.0;1.0;0.0;0.0;0.0;0.0;0.0;0.0;0.0;0.0;0.0;0.0
2024-03-30;RB Leipzig;9;1;17;31;174;Mainz 05;2;5;20;8;10;2;0.67;0.33;625;0.85;10;15;2;5;0;0;12;0.0;0.0;0.0;1.0;1.0;1.0;0.0;0.0;1.0;1.0;0.0;2;0.04125;0.2;531;0.018832391713747645;792.5373134328357;0.6;17.91044776119403;12;0.34;10;-3;-5;0.032;0.0;0.0;0.0;0;0;0;0;1;0;0;1;0.0;0.0;0.0;0.0;0.0;0.0;0.0;1.0;1.0;0.0;1.0;0.0;0.0;1.0;1.0;0.0;0.0;0.0;0.0;1.0;0.0;0.0;0.0;0.0;0.0;0.0;0.0;0.0;0.0;0.0
2024-03-15;RB Leipzig;9;13;3;31;190;Colonia;2;2;22;10;8;2;0.67;0.33;585;0.87;13;11;2;2;0;0;6;0.0;0.0;0.0;1.0;1.0;0.0;0.0;1.0;1.0;1.0;1.0;3;0.033;0.15384615384615385;509;0.025540275049115914;759.7014925373134;0.2727272727272727;8.955223880597014;12;0.34;3;0;2;0.037606837606837605;0.22727272727272727;0.134;1.2;1;4;5;1;0;0;1;0;0.22727272727272727;0.625;0.008547008547008548;4.4;0.0;0.0;0.0;0.0;1.0;0.0;1.0;0.0;0.0;1.0;1.0;0.0;0.0;0.0;0.0;1.0;0.0;0.0;0.0;0.0;0.0;0.0;0.0;0.0;0.0;0.0
2024-03-09;RB Leipzig;9;13;13;31;191;SV Darmstadt 98;0;3;29;9;8;4;0.64;0.36;628;0.89;3;14;0;3;0;0;8;0.0;0.0;0.0;1.0;1.0;1.0;0.0;0.0;1.0;1.0;0.0;4;0.04;0.0;559;0.005366726296958855;873.4375;0.27586206896551724;12.5;20;0.28;4;-3;-11;0.04617834394904458;0.06896551724137931;0.32;4.0;1;1;2;1;0;0;0;1;0.06896551724137931;0.25;0.0031847133757961785;14.5;0.0;0.0;0.0;0.0;1.0;0.0;1.0;0.0;1.0;0.0;1.0;0.0;1.0;1.0;0.0;0.0;0.0;0.0;0.0;0.0;0.0;0.0;0.0;0.0;0.0;0.0
2024-03-06;RB Leipzig;0;13;0;31;12;Real Madrid;3;3;20;11;4;3;0.46;0.54;432;0.86;15;12;3;3;0;0;8;0.0;0.0;0.0;1.0;1.0;0.0;0.0;1.0;1.0;1.0;1.0;3;0.049090909090909095;0.2;372;0.04032258064516129;808.695652173913;0.4;17.391304347826086;9;-0.08000000000000002;5;0;3;0.046296296296296294;0.05;0.46;8.0;0;1;1;0;1;0;1;0;0.05;0.25;0.0023148148148148147;20.0;0.0;0.0;0.0;0.0;1.0;0.0;1.0;0.0;0.0;1.0;1.0;0.0;0.0;0.0;0.0;1.0;0.0;0.0;0.0;0.0;0.0;0.0;0.0;0.0;0.0;0.0
2024-03-02;RB Leipzig;9;13;3;31;178;Bochum;2;4;12;14;4;3;0.58;0.42;470;0.73;10;13;2;3;0;1;5;0.0;0.0;0.0;1.0;1.0;0.0;1.0;1.0;1.0;0.0;1.0;2;0.03;0.2;343;0.029154518950437316;591.3793103448277;0.4166666666666667;8.620689655172415;-2;0.15999999999999998;3;-2;-3;0.02553191489361702;0.3333333333333333;0.145;1.25;1;3;4;1;0;0;1;0;0.3333333333333333;1.0;0.00851063829787234;3.0;0.0;0.0;0.0;1.0;1.0;0.0;1.0;0.0;0.0;1.0;0.0;0.0;0.0;0.0;0.0;1.0;0.0;0.0;0.0;0.0;0.0;0.0;0.0;0.0;0.0;0.0
2024-02-24;RB Leipzig;9;13;3;31;23;Bayern;3;3;11;16;6;4;0.43;0.57;470;0.84;10;11;3;3;0;0;4;0.0;0.0;0.0;0.0;1.0;0.0;0.0;1.0;1.0;1.0;1.0;6;0.035625;0.3;395;0.02531645569620253;918.6046511627907;0.36363636363636365;9.30232558139535;-5;-0.13999999999999996;-2;0;-1;0.023404255319148935;0.09090909090909091;0.43;4.0;0;1;1;0;0;1;1;0;0.09090909090909091;0.16666666666666666;0.002127659574468085;11.0;0.0;0.0;0.0;0.0;0.0;0.0;1.0;0.0;0.0;1.0;1.0;0.0;1.0;0.0;1.0;1.0;0.0;0.0;0.0;0.0;0.0;0.0;0.0;0.0;0.0;0.0
2024-02-17;RB Leipzig;9;13;2;31;172;Mönchengladbach;1;5;16;15;9;0;0.49;0.51;456;0.82;12;13;1;5;0;0;8;0.0;0.0;1.0;0.0;1.0;0.0;0.0;1.0;1.0;1.0;0.0;4;0.034;0.08333333333333333;374;0.03208556149732621;763.265306122449;0.5;16.3265306122449;1;-0.020000000000000018;4;-4;-1;0.03508771929824561;0.125;0.245;4.0;1;1;2;1;0;0;0;1;0.125;0.2222222222222222;0.0043859649122807015;8.0;0.0;0.0;0.0;0.0;1.0;0.0;1.0;0.0;1.0;1.0;1.0;0.0;0.0;0.0;0.0;1.0;0.0;0.0;0.0;0.0;0.0;0.0;0.0;0.0;0.0;0.0
2024-02-13;RB Leipzig;0;13;28;31;12;Real Madrid;3;2;14;15;9;3;0.5;0.5;541;0.87;10;12;3;2;0;0;7;0.0;0.0;1.0;0.0;1.0;0.0;0.0;0.0;1.0;1.0;1.0;3;0.03333333333333333;0.3;471;0.021231422505307854;942.0;0.5;14.0;-1;0.0;4;1;-2;0.025878003696857672;0.0;0.0;0.0;0;0;0;0;0;1;0;1;0.0;0.0;0.0;0.0;0.0;0.0;0.0;0.0;1.0;0.0;1.0;0.0;0.0;1.0;1.0;0.0;1.0;0.0;0.0;1.0;0.0;0.0;0.0;0.0;0.0;0.0;0.0;0.0;0.0;0.0
2024-02-10;RB Leipzig;9;13;28;31;173;Augsburgo;1;5;9;11;7;4;0.59;0.41;488;0.79;10;15;1;5;0;0;3;0.0;0.0;1.0;0.0;1.0;1.0;0.0;0.0;1.0;1.0;1.0;1;0.03727272727272727;0.1;386;0.025906735751295335;654.2372881355933;0.3333333333333333;5.084745762711865;-2;0.18;2;-4;-5;0.018442622950819672;0.2222222222222222;0.295;1.5;1;1;2;0;1;0;1;0;0.2222222222222222;0.2857142857142857;0.004098360655737705;4.5;0.0;0.0;0.0;0.0;1.0;0.0;1.0;0.0;0.0;1.0;1.0;0.0;0.0;0.0;0.0;1.0;0.0;0.0;0.0;0.0;0.0;0.0;0.0;0.0;0.0;0.0
2024-02-04;RB Leipzig;9;13;2;31;169;FC Union Berlin;1;3;16;10;6;2;0.66;0.34;687;0.88;13;11;1;2;0;1;5;0.0;0.0;1.0;0.0;1.0;1.0;0.0;0.0;1.0;1.0;1.0;4;0.034;0.07692307692307693;605;0.021487603305785124;916.6666666666666;0.3125;7.575757575757575;6;0.32;1;-2;2;0.023289665211062592;0.125;0.33;2.5;1;1;2;1;0;0;0;1;0.125;0.3333333333333333;0.002911208151382824;8.0;0.0;0.0;0.0;0.0;1.0;0.0;1.0;0.0;0.0;1.0;1.0;0.0;0.0;0.0;0.0;1.0;0.0;0.0;0.0;0.0;0.0;0.0;0.0;0.0;0.0;0.0
2024-01-27;RB Leipzig;9;13;2;31;18;Stuttgart;4;1;4;18;2;9;0.45;0.55;472;0.83;11;9;4;1;0;0;3;0.0;0.0;1.0;1.0;1.0;0.0;1.0;0.0;0.0;1.0;1.0;9;0.030555555555555558;0.36363636363636365;392;0.02806122448979592;871.1111111111111;0.75;6.666666666666666;-14;-0.10000000000000003;-6;3;2;0.00847457627118644;0.5;0.225;1.5;1;1;2;0;0;1;1;0;0.5;1.0;0.00423728813559322;2.0;0.0;0.0;0.0;1.0;0.0;0.0;0.0;0.0;0.0;0.0;1.0;0.0;1.0;0.0;1.0;1.0;0.0;0.0;0.0;0.0;0.0;0.0;0.0;0.0;0.0;0.0
2024-01-20;RB Leipzig;9;13;17;31;6;Leverkusen;2;3;10;18;6;5;0.39;0.61;431;0.8;11;13;2;3;0;0;1;0.0;0.0;1.0;1.0;1.0;0.0;1.0;0.0;1.0;1.0;1.0;9;0.033888888888888885;0.18181818181818182;345;0.03188405797101449;884.6153846153846;0.1;2.564102564102564;-8;-0.21999999999999997;-8;-1;-2;0.02320185614849188;0.2;0.195;0.5;1;1;2;0;0;1;0;1;0.2;0.3333333333333333;0.004640371229698376;5.0;0.0;0.0;0.0;0.0;0.0;0.0;0.0;0.0;0.0;0.0;1.0;0.0;1.0;0.0;1.0;1.0;0.0;0.0;0.0;0.0;0.0;0.0;0.0;0.0;0.0;0.0
2024-01-13;RB Leipzig;9;1;6;31;87;Frankfurt;0;2;31;5;8;1;0.63;0.37;631;0.86;9;16;0;2;0;0;15;0.0;0.0;1.0;0.0;1.0;1.0;0.0;0.0;1.0;1.0;1.0;4;0.074;0.0;543;0.016574585635359115;861.9047619047619;0.4838709677419355;23.80952380952381;26;0.26;11;-2;-7;0.0491283676703645;0.0;0.0;0.0;0;0;0;0;0;1;0;1;0.0;0.0;0.0;0.0;0.0;0.0;0.0;1.0;0.0;0.0;0.0;0.0;0.0;1.0;1.0;0.0;1.0;0.0;1.0;0.0;0.0;0.0;0.0;0.0;0.0;0.0;0.0;0.0;0.0;0.0
2023-12-19;RB Leipzig;9;13;6;31;171;Werder Bremen;2;4;17;11;8;2;0.56;0.44;535;0.84;9;15;2;4;0;0;4;0.0;0.0;1.0;1.0;1.0;1.0;0.0;1.0;1.0;1.0;0.0;1;0.04;0.2222222222222222;449;0.0200445434298441;801.7857142857142;0.23529411764705882;7.142857142857142;6;0.12000000000000005;3;-2;-6;0.03177570093457944;0.058823529411764705;0.56;4.0;0;1;1;0;1;0;1;0;0.058823529411764705;0.125;0.001869158878504673;17.0;0.0;0.0;0.0;0.0;0.0;0.0;0.0;0.0;1.0;1.0;0.0;0.0;0.0;0.0;1.0;0.0;1.0;0.0;0.0;0.0;0.0;0.0;0.0;0.0;0.0;0.0
2023-12-16;RB Leipzig;9;13;29;31;97;Hoffenheim;3;2;22;9;10;4;0.58;0.42;517;0.86;11;9;3;2;0;0;9;0.0;0.0;1.0;0.0;1.0;0.0;0.0;1.0;1.0;1.0;0.0;2;0.04666666666666666;0.2727272727272727;445;0.024719101123595506;767.2413793103449;0.4090909090909091;15.517241379310345;13;0.15999999999999998;7;1;2;0.0425531914893617;0.13636363636363635;0.19333333333333333;3.0;1;2;3;1;0;0;0;1;0.13636363636363635;0.3;0.005802707930367505;7.333333333333333;0.0;0.0;0.0;1.0;0.0;0.0;0.0;0.0;1.0;1.0;1.0;0.0;1.0;0.0;1.0;0.0;0.0;0.0;0.0;0.0;0.0;0.0;0.0;0.0;0.0;0.0
2023-12-13;RB Leipzig;0;13;1;31;35;Young Boys;2;3;10;16;2;3;0.54;0.46;501;0.79;9;18;2;3;0;0;1;0.0;0.0;0.0;1.0;0.0;1.0;1.0;0.0;0.0;0.0;1.0;3;0.02875;0.2222222222222222;396;0.022727272727272728;733.3333333333333;0.1;1.8518518518518516;-6;0.08000000000000002;-2;-1;-9;0.01996007984031936;0.2;0.27;0.5;0;2;2;1;0;0;0;1;0.2;1.0;0.003992015968063872;5.0;0.0;0.0;0.0;0.0;1.0;0.0;0.0;0.0;1.0;1.0;0.0;0.0;1.0;0.0;0.0;0.0;1.0;1.0;1.0;0.0;0.0;0.0;0.0;0.0;0.0;0.0
2023-12-09;RB Leipzig;9;17;3;31;11;Dortmund;3;2;26;18;8;6;0.46;0.54;485;0.82;11;6;3;1;0;1;6;0.0;0.0;1.0;1.0;1.0;0.0;0.0;1.0;1.0;1.0;0.0;6;0.030000000000000002;0.2727272727272727;398;0.02763819095477387;865.2173913043478;0.23076923076923078;13.043478260869565;8;-0.08000000000000002;0;1;5;0.05360824742268041;0.11538461538461539;0.15333333333333335;2.0;1;2;3;1;0;0;1;0;0.11538461538461539;0.375;0.006185567010309278;8.666666666666666;0.0;0.0;0.0;1.0;0.0;0.0;0.0;0.0;0.0;1.0;1.0;0.0;1.0;0.0;1.0;0.0;0.0;0.0;0.0;0.0;0.0;0.0;0.0;0.0;0.0;0.0
2023-12-02;RB Leipzig;9;13;9;31;142;Heidenheim;2;2;23;7;8;1;0.71;0.29;713;0.88;13;16;2;2;0;0;5;0.0;0.0;1.0;0.0;1.0;0.0;0.0;1.0;1.0;1.0;0.0;3;0.041428571428571426;0.15384615384615385;627;0.02073365231259968;883.0985915492959;0.21739130434782608;7.042253521126761;16;0.42;2;0;-3;0.03225806451612903;0.08695652173913043;0.355;2.5;2;0;2;1;0;0;0;1;0.08695652173913043;0.25;0.002805049088359046;11.5;0.0;0.0;0.0;1.0;0.0;0.0;0.0;0.0;1.0;1.0;1.0;0.0;1.0;0.0;1.0;0.0;0.0;0.0;0.0;0.0;0.0;0.0;0.0;0.0;0.0;0.0
2023-11-28;RB Leipzig;0;9;31;31;3;Manchester City;0;1;5;14;3;6;0.29;0.71;327;0.85;11;10;0;1;0;0;7;0.0;0.0;1.0;1.0;1.0;0.0;1.0;1.0;1.0;1.0;0.0;6;0.05071428571428571;0.0;278;0.039568345323741004;958.6206896551724;1.4;24.13793103448276;-9;-0.42;1;-1;1;0.01529051987767584;0.4;0.145;3.5;2;0;2;0;0;1;1;0;0.4;0.6666666666666666;0.0061162079510703364;2.5;0.0;0.0;0.0;0.0;0.0;0.0;0.0;0.0;0.0;0.0;1.0;0.0;1.0;0.0;1.0;0.0;1.0;0.0;0.0;0.0;0.0;0.0;0.0;0.0;0.0;0.0
2023-11-25;RB Leipzig;9;13;6;31;175;Wolfsburg;2;4;25;10;9;4;0.64;0.36;591;0.85;12;17;2;4;0;0;12;0.0;0.0;0.0;1.0;1.0;0.0;0.0;1.0;1.0;1.0;0.0;1;0.036;0.16666666666666666;502;0.02390438247011952;784.375;0.48;18.75;15;0.28;11;-2;-5;0.04230118443316413;0.04;0.64;12.0;0;1;1;0;0;1;1;0;0.04;0.1111111111111111;0.001692047377326565;25.0;0.0;0.0;0.0;1.0;0.0;0.0;0.0;0.0;1.0;1.0;1.0;0.0;1.0;0.0;1.0;0.0;0.0;0.0;0.0;0.0;0.0;0.0;0.0;0.0;0.0;0.0
2023-11-12;RB Leipzig;9;1;17;31;170;Friburgo;2;0;15;9;6;3;0.63;0.37;630;0.87;10;12;2;0;0;0;7;0.0;0.0;1.0;1.0;1.0;0.0;0.0;1.0;1.0;1.0;1.0;3;0.04111111111111111;0.2;548;0.01824817518248175;869.8412698412699;0.4666666666666667;11.11111111111111;6;0.26;4;2;-2;0.023809523809523808;0.2;0.21;2.3333333333333335;1;2;3;1;0;0;0;1;0.2;0.5;0.004761904761904762;5.0;0.0;0.0;0.0;0.0;0.0;0.0;0.0;0.0;0.0;0.0;1.0;0.0;1.0;0.0;1.0;0.0;1.0;0.0;0.0;0.0;0.0;0.0;0.0;0.0;0.0;0.0
2023-11-07;RB Leipzig;0;1;4;31;33;Estrella Roja;3;5;24;15;4;3;0.51;0.49;458;0.83;11;12;3;5;0;0;7;0.0;0.0;0.0;1.0;1.0;0.0;0.0;1.0;1.0;1.0;1.0;4;0.03266666666666666;0.2727272727272727;380;0.02894736842105263;745.0980392156863;0.2916666666666667;13.72549019607843;9;0.020000000000000018;3;-2;-1;0.05240174672489083;0.08333333333333333;0.255;3.5;1;1;2;1;0;0;1;0;0.08333333333333333;0.5;0.004366812227074236;12.0;0.0;0.0;0.0;0.0;0.0;0.0;0.0;0.0;0.0;1.0;1.0;0.0;1.0;0.0;1.0;0.0;1.0;0.0;0.0;0.0;0.0;0.0;0.0;0.0;0.0;0.0
2023-11-04;RB Leipzig;9;17;17;31;174;Mainz 05;1;3;10;10;2;3;0.68;0.32;648;0.82;9;13;1;3;0;0;7;0.0;0.0;1.0;1.0;1.0;1.0;0.0;0.0;1.0;1.0;0.0;2;0.032;0.1111111111111111;531;0.01694915254237288;780.8823529411765;0.7;10.294117647058822;0;0.36000000000000004;5;-2;-4;0.015432098765432098;0.0;0.0;0.0;0;0;0;0;0;1;1;0;0.0;0.0;0.0;0.0;0.0;0.0;0.0;1.0;0.0;0.0;0.0;0.0;0.0;1.0;1.0;0.0;1.0;0.0;1.0;0.0;0.0;0.0;0.0;0.0;0.0;0.0;0.0;0.0;0.0;0.0
2023-10-31;RB Leipzig;23;1;6;31;175;Wolfsburg;4;5;11;12;1;5;0.66;0.34;590;0.82;11;17;3;5;1;0;6;0.0;0.0;1.0;1.0;1.0;0.0;0.0;1.0;1.0;1.0;0.0;6;0.028333333333333335;0.36363636363636365;484;0.022727272727272728;733.3333333333333;0.5454545454545454;9.09090909090909;-1;0.32;0;-1;-6;0.01864406779661017;0.0;0.0;0.0;0;0;0;0;0;1;1;0;0.0;0.0;0.0;0.0;0.0;0.0;0.0;0.0;1.0;0.0;0.0;0.0;1.0;1.0;1.0;0.0;0.0;0.0;0.0;0.0;0.0;0.0;0.0;1.0;0.0;0.0;0.0;0.0;0.0;0.0
2023-10-28;RB Leipzig;9;29;3;31;190;Colonia;2;3;26;6;13;2;0.63;0.37;567;0.88;8;13;2;2;0;1;11;0.0;0.0;1.0;1.0;1.0;0.0;0.0;1.0;1.0;1.0;0.0;1;0.06166666666666667;0.25;499;0.01603206412825651;792.063492063492;0.4230769230769231;17.46031746031746;20;0.26;10;-1;-5;0.04585537918871252;0.23076923076923078;0.105;1.8333333333333333;4;2;6;1;0;0;0;1;0.23076923076923078;0.46153846153846156;0.010582010582010581;4.333333333333333;0.0;0.0;0.0;0.0;0.0;0.0;0.0;0.0;0.0;1.0;1.0;0.0;1.0;0.0;1.0;0.0;0.0;0.0;0.0;1.0;0.0;0.0;0.0;0.0;0.0;0.0
2023-10-25;RB Leipzig;0;1;2;31;33;Estrella Roja;1;4;27;16;10;4;0.66;0.34;560;0.87;7;16;1;4;0;0;9;0.0;0.0;0.0;1.0;1.0;1.0;0.0;0.0;1.0;1.0;0.0;4;0.02125;0.14285714285714285;487;0.014373716632443531;737.8787878787879;0.3333333333333333;13.636363636363635;11;0.32;5;-3;-9;0.048214285714285716;0.1111111111111111;0.22;3.0;1;2;3;1;0;0;0;1;0.1111111111111111;0.3;0.005357142857142857;9.0;0.0;0.0;0.0;0.0;0.0;0.0;0.0;0.0;1.0;1.0;1.0;0.0;1.0;0.0;1.0;0.0;1.0;0.0;0.0;0.0;0.0;0.0;0.0;0.0;0.0;0.0
2023-10-21;RB Leipzig;9;13;29;31;191;SV Darmstadt 98;3;6;10;18;7;4;0.42;0.58;321;0.66;12;16;3;6;0;0;0;0.0;0.0;0.0;1.0;1.0;1.0;0.0;1.0;1.0;1.0;0.0;6;0.03222222222222222;0.25;212;0.05660377358490566;504.76190476190476;0.0;0.0;-8;-0.15999999999999998;-6;-3;-4;0.03115264797507788;0.3;0.13999999999999999;0.0;2;1;3;1;0;0;1;0;0.3;0.42857142857142855;0.009345794392523364;3.3333333333333335;0.0;0.0;0.0;0.0;0.0;0.0;0.0;0.0;1.0;1.0;0.0;0.0;1.0;0.0;1.0;0.0;1.0;0.0;0.0;0.0;0.0;0.0;0.0;0.0;0.0;0.0
2023-10-07;RB Leipzig;9;1;2;31;178;Bochum;2;4;17;9;5;2;0.77;0.23;681;0.89;10;13;2;4;0;0;9;0.0;0.0;1.0;1.0;1.0;1.0;0.0;0.0;1.0;1.0;1.0;1;0.025555555555555557;0.2;606;0.0165016501650165;787.012987012987;0.5294117647058824;11.688311688311687;8;0.54;8;-2;-3;0.024963289280469897;0.0;0.0;0.0;0;0;0;0;1;0;0;1;0.0;0.0;0.0;0.0;0.0;0.0;0.0;1.0;0.0;0.0;0.0;0.0;0.0;0.0;1.0;0.0;1.0;0.0;1.0;0.0;0.0;0.0;0.0;0.0;0.0;0.0;0.0;0.0;0.0;0.0
2023-10-04;RB Leipzig;0;3;31;31;3;Manchester City;2;1;3;18;1;5;0.31;0.69;351;0.85;12;6;2;1;0;0;2;0.0;0.0;1.0;1.0;1.0;0.0;1.0;0.0;1.0;1.0;0.0;3;0.03833333333333333;0.16666666666666666;298;0.040268456375838924;961.2903225806451;0.6666666666666666;6.451612903225807;-15;-0.37999999999999995;-1;1;6;0.008547008547008548;0.3333333333333333;0.31;2.0;0;1;1;0;0;1;0;1;0.3333333333333333;1.0;0.002849002849002849;3.0;0.0;0.0;0.0;0.0;0.0;0.0;0.0;0.0;1.0;0.0;1.0;0.0;1.0;0.0;1.0;0.0;1.0;0.0;0.0;0.0;0.0;0.0;0.0;0.0;0.0;0.0
2023-09-30;RB Leipzig;9;13;3;31;23;Bayern;2;5;6;11;2;5;0.34;0.66;355;0.78;10;11;2;5;0;0;5;0.0;0.0;0.0;1.0;1.0;1.0;0.0;0.0;1.0;1.0;0.0;1;0.060000000000000005;0.2;277;0.036101083032490974;814.7058823529411;0.8333333333333334;14.705882352941176;-5;-0.32;4;-3;-1;0.016901408450704224;0.3333333333333333;0.17;2.5;2;0;2;0;1;0;0;1;0.3333333333333333;1.0;0.005633802816901409;3.0;0.0;0.0;0.0;0.0;0.0;0.0;0.0;0.0;1.0;1.0;1.0;0.0;1.0;0.0;1.0;0.0;1.0;0.0;0.0;0.0;0.0;0.0;0.0;0.0;0.0;0.0
2023-09-27;RB Leipzig;23;1;6;31;617;Wehen Wiesbaden;1;3;14;16;8;7;0.69;0.31;742;0.9;10;12;1;3;0;0;4;0.0;0.0;1.0;1.0;0.0;1.0;1.0;0.0;0.0;0.0;1.0;4;0.019375;0.1;668;0.014970059880239521;968.1159420289856;0.2857142857142857;5.797101449275363;-2;0.37999999999999995;0;-2;-2;0.018867924528301886;0.21428571428571427;0.22999999999999998;1.3333333333333333;2;1;3;1;0;0;1;0;0.21428571428571427;0.375;0.004043126684636119;4.666666666666667;0.0;0.0;0.0;0.0;1.0;0.0;0.0;0.0;1.0;1.0;0.0;0.0;0.0;0.0;0.0;0.0;1.0;1.0;1.0;0.0;0.0;0.0;0.0;0.0;0.0;0.0
2023-09-23;RB Leipzig;9;1;2;31;172;Mönchengladbach;1;1;8;14;4;1;0.56;0.44;552;0.82;7;14;1;1;0;0;6;0.0;0.0;0.0;1.0;1.0;1.0;0.0;0.0;1.0;1.0;1.0;11;0.03142857142857143;0.14285714285714285;453;0.01545253863134658;808.9285714285713;0.75;10.714285714285714;-6;0.12000000000000005;-5;0;-7;0.014492753623188406;0.125;0.56;6.0;0;1;1;1;0;0;1;0;0.125;0.25;0.0018115942028985507;8.0;0.0;0.0;0.0;0.0;0.0;0.0;0.0;0.0;0.0;1.0;1.0;0.0;1.0;0.0;1.0;0.0;0.0;0.0;1.0;0.0;0.0;0.0;0.0;0.0;0.0;0.0
2023-09-19;RB Leipzig;0;1;4;31;35;Young Boys;4;3;21;8;9;3;0.44;0.56;406;0.78;13;12;4;3;0;0;7;0.0;0.0;0.0;1.0;1.0;1.0;0.0;0.0;1.0;1.0;0.0;3;0.07;0.3076923076923077;317;0.04100946372239748;720.4545454545455;0.3333333333333333;15.909090909090908;13;-0.12000000000000005;4;1;1;0.05172413793103448;0.14285714285714285;0.14666666666666667;2.3333333333333335;1;2;3;1;0;0;1;0;0.14285714285714285;0.3333333333333333;0.007389162561576354;7.0;0.0;0.0;0.0;0.0;0.0;0.0;0.0;0.0;1.0;1.0;1.0;0.0;1.0;0.0;1.0;0.0;1.0;0.0;0.0;0.0;0.0;0.0;0.0;0.0;0.0;0.0
2023-09-16;RB Leipzig;9;13;17;31;173;Augsburgo;0;0;9;16;6;5;0.55;0.45;504;0.84;16;12;0;0;0;0;1;0.0;0.0;0.0;1.0;1.0;1.0;0.0;0.0;1.0;1.0;0.0;6;0.028125;0.0;423;0.037825059101654845;769.090909090909;0.1111111111111111;1.8181818181818181;-7;0.10000000000000003;-5;0;4;0.017857142857142856;0.3333333333333333;0.18333333333333335;0.3333333333333333;3;0;3;1;0;0;0;1;0.3333333333333333;0.5;0.005952380952380952;3.0;0.0;0.0;0.0;0.0;0.0;0.0;0.0;0.0;1.0;1.0;1.0;0.0;1.0;0.0;1.0;0.0;1.0;0.0;0.0;0.0;0.0;0.0;0.0;0.0;0.0;0.0
2023-09-03;RB Leipzig;9;13;17;31;169;FC Union Berlin;1;4;14;3;7;1;0.66;0.34;643;0.84;9;16;1;3;0;1;7;0.0;0.0;0.0;0.0;1.0;1.0;0.0;0.0;1.0;1.0;0.0;3;0.11333333333333334;0.1111111111111111;540;0.016666666666666666;818.1818181818181;0.5;10.606060606060606;11;0.32;4;-3;-7;0.02177293934681182;0.21428571428571427;0.22;2.3333333333333335;0;3;3;1;0;0;1;0;0.21428571428571427;0.42857142857142855;0.004665629860031105;4.666666666666667;0.0;0.0;0.0;0.0;0.0;0.0;1.0;0.0;1.0;1.0;1.0;0.0;1.0;0.0;1.0;1.0;0.0;0.0;0.0;0.0;0.0;0.0;0.0;0.0;0.0;0.0
2023-08-25;RB Leipzig;9;13;3;31;18;Stuttgart;1;1;20;9;11;4;0.54;0.46;510;0.86;11;10;1;1;0;0;4;0.0;0.0;0.0;0.0;1.0;1.0;0.0;0.0;1.0;1.0;0.0;4;0.051111111111111114;0.09090909090909091;439;0.025056947608200455;812.9629629629629;0.2;7.4074074074074066;11;0.08000000000000002;0;0;1;0.0392156862745098;0.25;0.10800000000000001;0.8;0;5;5;1;0;0;0;1;0.25;0.45454545454545453;0.00980392156862745;4.0;0.0;0.0;0.0;0.0;0.0;0.0;1.0;0.0;1.0;1.0;1.0;0.0;1.0;0.0;1.0;1.0;0.0;0.0;0.0;0.0;0.0;0.0;0.0;0.0;0.0;0.0
2023-08-19;RB Leipzig;9;13;17;31;6;Leverkusen;2;1;14;11;6;7;0.56;0.44;557;0.85;10;13;2;1;0;0;5;0.0;0.0;0.0;0.0;1.0;0.0;1.0;0.0;1.0;1.0;0.0;4;0.04;0.2;473;0.021141649048625793;844.6428571428571;0.35714285714285715;8.928571428571427;3;0.12000000000000005;1;1;-3;0.025134649910233394;0.14285714285714285;0.28;2.5;1;1;2;0;0;1;1;0;0.14285714285714285;0.3333333333333333;0.003590664272890485;7.0;0.0;0.0;0.0;0.0;0.0;0.0;1.0;0.0;0.0;1.0;1.0;0.0;1.0;0.0;1.0;1.0;0.0;0.0;0.0;1.0;0.0;0.0;0.0;0.0;0.0;0.0
2023-08-12;RB Leipzig;47;13;3;31;23;Bayern;1;2;10;13;5;5;0.32;0.68;288;0.76;13;14;1;2;0;0;6;0.0;0.0;0.0;0.0;1.0;0.0;1.0;0.0;1.0;1.0;0.0;9;0.05230769230769231;0.07692307692307693;219;0.0593607305936073;684.375;0.6;18.75;-3;-0.36000000000000004;-3;-1;-1;0.034722222222222224;0.3;0.10666666666666667;2.0;2;1;3;1;0;0;1;0;0.3;0.6;0.010416666666666666;3.3333333333333335;0.0;0.0;0.0;0.0;0.0;0.0;1.0;0.0;0.0;1.0;1.0;0.0;1.0;0.0;1.0;1.0;0.0;0.0;0.0;1.0;0.0;0.0;0.0;0.0;0.0;0.0
2023-06-03;RB Leipzig;23;13;17;31;87;Frankfurt;2;2;13;6;3;2;0.58;0.42;557;0.81;13;13;2;2;0;0;6;0.0;0.0;1.0;0.0;0.0;0.0;0.0;1.0;0.0;0.0;0.0;3;0.06999999999999999;0.15384615384615385;451;0.028824833702882482;777.5862068965517;0.46153846153846156;10.344827586206897;7;0.15999999999999998;3;0;0;0.02333931777378815;0.15384615384615385;0.29;3.0;0;2;2;1;0;0;0;1;0.15384615384615385;0.6666666666666666;0.003590664272890485;6.5;0.0;0.0;0.0;0.0;0.0;0.0;1.0;0.0;0.0;1.0;0.0;0.0;0.0;0.0;1.0;1.0;0.0;0.0;0.0;1.0;1.0;1.0;1.0;1.0;0.0;0.0
2023-05-27;RB Leipzig;9;13;3;31;194;Schalke 04;2;2;18;15;11;4;0.51;0.49;425;0.75;12;11;2;2;0;0;4;0.0;0.0;1.0;0.0;0.0;0.0;0.0;1.0;0.0;0.0;0.0;5;0.03266666666666666;0.16666666666666666;319;0.03761755485893417;625.4901960784314;0.2222222222222222;7.8431372549019605;3;0.020000000000000018;-1;0;1;0.042352941176470586;0.2222222222222222;0.1275;1.0;2;2;4;1;0;0;0;1;0.2222222222222222;0.36363636363636365;0.009411764705882352;4.5;0.0;0.0;0.0;0.0;0.0;0.0;1.0;0.0;0.0;0.0;0.0;0.0;1.0;0.0;0.0;1.0;1.0;0.0;0.0;1.0;1.0;1.0;0.0;1.0;1.0;0.0
2023-05-20;RB Leipzig;9;13;3;31;23;Bayern;1;1;14;15;7;4;0.4;0.6;388;0.79;11;8;1;1;0;0;2;0.0;0.0;0.0;0.0;0.0;0.0;0.0;1.0;0.0;0.0;0.0;7;0.04;0.09090909090909091;307;0.035830618892508145;767.5;0.14285714285714285;5.0;-1;-0.19999999999999996;-5;0;3;0.03608247422680412;0.21428571428571427;0.13333333333333333;0.6666666666666666;0;3;3;1;0;0;1;0;0.21428571428571427;0.42857142857142855;0.007731958762886598;4.666666666666667;0.0;0.0;0.0;0.0;0.0;0.0;1.0;0.0;0.0;0.0;0.0;1.0;1.0;0.0;1.0;1.0;0.0;0.0;0.0;0.0;1.0;1.0;1.0;1.0;0.0;1.0
2023-05-14;RB Leipzig;9;13;30;31;171;Werder Bremen;2;4;20;6;7;2;0.62;0.38;573;0.84;12;20;2;4;0;0;3;0.0;0.0;1.0;0.0;0.0;0.0;0.0;1.0;0.0;0.0;0.0;2;0.06333333333333334;0.16666666666666666;481;0.02494802494802495;775.8064516129033;0.15;4.838709677419355;14;0.24;1;-2;-8;0.034904013961605584;0.1;0.31;1.5;0;2;2;1;0;0;0;1;0.1;0.2857142857142857;0.0034904013961605585;10.0;0.0;0.0;0.0;0.0;0.0;0.0;1.0;0.0;0.0;1.0;0.0;0.0;1.0;0.0;1.0;0.0;1.0;0.0;0.0;1.0;0.0;1.0;1.0;1.0;0.0;0.0
2023-05-06;RB Leipzig;9;13;13;31;170;Friburgo;4;1;13;3;5;1;0.59;0.41;518;0.8;11;9;4;1;0;0;3;0.0;0.0;1.0;0.0;0.0;0.0;0.0;1.0;0.0;0.0;0.0;3;0.13666666666666666;0.36363636363636365;414;0.026570048309178744;701.6949152542373;0.23076923076923078;5.084745762711865;10;0.18;0;3;2;0.025096525096525095;0.07692307692307693;0.59;3.0;0;1;1;1;0;0;1;0;0.07692307692307693;0.2;0.0019305019305019305;13.0;0.0;0.0;0.0;0.0;0.0;0.0;1.0;0.0;0.0;1.0;0.0;0.0;1.0;0.0;1.0;1.0;0.0;0.0;0.0;1.0;0.0;1.0;1.0;1.0;0.0;0.0
2023-05-02;RB Leipzig;23;3;4;31;170;Friburgo;4;2;12;10;6;2;0.47;0.53;410;0.77;16;16;3;2;1;0;3;0.0;0.0;0.0;0.0;0.0;0.0;0.0;1.0;0.0;0.0;0.0;3;0.053000000000000005;0.25;316;0.05063291139240506;672.3404255319149;0.25;6.382978723404256;2;-0.06000000000000005;0;2;0;0.02926829268292683;0.4166666666666667;0.094;0.6;4;1;5;1;0;0;1;0;0.4166666666666667;0.8333333333333334;0.012195121951219513;2.4;0.0;0.0;0.0;0.0;0.0;0.0;1.0;0.0;0.0;1.0;0.0;0.0;0.0;0.0;1.0;1.0;0.0;0.0;0.0;1.0;1.0;1.0;1.0;1.0;0.0;1.0
2023-04-29;RB Leipzig;9;17;2;31;97;Hoffenheim;0;2;15;5;2;1;0.59;0.41;586;0.84;10;14;0;2;0;0;7;0.0;0.0;1.0;0.0;1.0;1.0;0.0;0.0;0.0;0.0;0.0;1;0.08199999999999999;0.0;492;0.02032520325203252;833.8983050847459;0.4666666666666667;11.864406779661017;10;0.18;6;-2;-4;0.025597269624573378;0.06666666666666667;0.59;7.0;1;0;1;1;0;0;0;1;0.06666666666666667;0.5;0.0017064846416382253;15.0;0.0;0.0;0.0;0.0;0.0;0.0;1.0;0.0;0.0;0.0;0.0;0.0;1.0;0.0;1.0;0.0;1.0;0.0;0.0;1.0;0.0;1.0;0.0;1.0;0.0;1.0
2023-04-23;RB Leipzig;9;17;17;31;6;Leverkusen;4;3;26;7;6;4;0.69;0.31;710;0.85;9;9;3;3;1;0;9;0.0;0.0;1.0;0.0;0.0;1.0;0.0;1.0;0.0;0.0;0.0;0;0.04428571428571428;0.4444444444444444;604;0.014900662251655629;875.3623188405797;0.34615384615384615;13.043478260869566;19;0.37999999999999995;9;1;0;0.036619718309859155;0.0;0.0;0.0;0;0;0;0;0;1;1;0;0.0;0.0;0.0;0.0;0.0;0.0;0.0;0.0;0.0;0.0;1.0;0.0;0.0;1.0;0.0;0.0;0.0;0.0;1.0;1.0;0.0;0.0;0.0;1.0;1.0;0.0;1.0;0.0;0.0;1.0
2023-04-15;RB Leipzig;9;6;17;31;173;Augsburgo;2;3;12;12;6;2;0.59;0.41;637;0.85;8;11;2;3;0;0;3;0.0;0.0;1.0;0.0;1.0;1.0;0.0;1.0;0.0;0.0;0.0;5;0.034166666666666665;0.25;541;0.014787430683918669;916.949152542373;0.25;5.084745762711865;0;0.18;-2;-1;-3;0.018838304552590265;0.25;0.19666666666666666;1.0;3;0;3;1;0;0;0;1;0.25;0.5;0.004709576138147566;4.0;0.0;0.0;0.0;0.0;0.0;0.0;1.0;0.0;0.0;1.0;0.0;0.0;0.0;0.0;1.0;1.0;0.0;0.0;0.0;1.0;0.0;0.0;1.0;0.0;0.0;1.0
2023-04-08;RB Leipzig;9;6;2;31;184;Hertha Berlin;3;4;18;11;6;1;0.68;0.32;578;0.82;13;12;3;4;0;0;4;0.0;0.0;0.0;0.0;1.0;1.0;0.0;1.0;0.0;0.0;0.0;4;0.02909090909090909;0.23076923076923078;474;0.027426160337552744;697.0588235294117;0.2222222222222222;5.88235294117647;7;0.36000000000000004;0;-1;1;0.031141868512110725;0.05555555555555555;0.68;4.0;1;0;1;1;0;0;1;0;0.05555555555555555;0.16666666666666666;0.0017301038062283738;18.0;0.0;0.0;0.0;0.0;0.0;0.0;1.0;0.0;0.0;1.0;0.0;0.0;1.0;0.0;1.0;0.0;1.0;0.0;0.0;1.0;0.0;0.0;1.0;0.0;0.0;1.0
2023-04-05;RB Leipzig;23;6;0;31;11;Dortmund;2;4;20;3;11;1;0.45;0.55;496;0.78;9;7;2;4;0;0;9;0.0;0.0;0.0;0.0;1.0;0.0;0.0;1.0;0.0;0.0;0.0;1;0.18333333333333335;0.2222222222222222;387;0.023255813953488372;860.0;0.45;20.0;17;-0.10000000000000003;8;-2;2;0.04032258064516129;0.1;0.225;4.5;1;1;2;1;0;0;0;1;0.1;0.18181818181818182;0.004032258064516129;10.0;0.0;0.0;0.0;0.0;0.0;0.0;1.0;0.0;0.0;1.0;0.0;0.0;1.0;0.0;1.0;1.0;0.0;0.0;0.0;1.0;0.0;1.0;1.0;0.0;0.0;1.0
2023-04-01;RB Leipzig;9;13;17;31;174;Mainz 05;3;3;12;19;3;7;0.7;0.3;706;0.85;13;20;3;3;0;0;3;0.0;0.0;0.0;0.0;0.0;1.0;0.0;0.0;0.0;0.0;0.0;4;0.015789473684210527;0.23076923076923078;600;0.021666666666666667;857.1428571428572;0.25;4.285714285714286;-7;0.39999999999999997;-1;0;-7;0.0169971671388102;0.0;0.0;0.0;0;0;0;0;0;1;0;1;0.0;0.0;0.0;0.0;0.0;0.0;0.0;0.0;0.0;0.0;1.0;0.0;0.0;1.0;0.0;1.0;0.0;0.0;1.0;0.0;1.0;0.0;0.0;1.0;1.0;1.0;1.0;0.0;0.0;1.0
2023-03-18;RB Leipzig;9;13;28;31;178;Bochum;3;2;22;8;8;2;0.66;0.34;543;0.82;8;11;3;2;0;0;7;0.0;0.0;0.0;0.0;0.0;1.0;0.0;0.0;0.0;0.0;0.0;2;0.0425;0.375;445;0.017977528089887642;674.2424242424242;0.3181818181818182;10.606060606060606;14;0.32;5;1;-3;0.040515653775322284;0.0;0.0;0.0;0;0;0;0;0;1;1;0;0.0;0.0;0.0;0.0;0.0;0.0;0.0;0.0;0.0;0.0;1.0;0.0;1.0;0.0;0.0;1.0;1.0;0.0;1.0;0.0;0.0;0.0;0.0;1.0;1.0;1.0;1.0;0.0;0.0;1.0
2023-03-14;RB Leipzig;0;3;31;31;3;Manchester City;2;2;4;23;1;16;0.33;0.67;332;0.78;7;10;2;2;0;0;0;0.0;0.0;0.0;0.0;1.0;1.0;0.0;1.0;0.0;0.0;0.0;10;0.029130434782608697;0.2857142857142857;259;0.02702702702702703;784.8484848484848;0.0;0.0;-19;-0.34;-10;0;-3;0.012048192771084338;0.0;0.0;0.0;0;0;0;0;0;1;1;0;0.0;0.0;0.0;0.0;0.0;0.0;0.0;0.0;0.0;0.0;1.0;0.0;0.0;1.0;0.0;0.0;0.0;0.0;1.0;0.0;1.0;0.0;0.0;1.0;0.0;1.0;1.0;0.0;0.0;1.0
2023-03-11;RB Leipzig;9;13;3;31;172;Mönchengladbach;1;0;14;7;9;3;0.67;0.33;693;0.87;9;9;1;0;0;0;11;0.0;0.0;0.0;0.0;1.0;0.0;0.0;1.0;0.0;0.0;0.0;0;0.047142857142857146;0.1111111111111111;603;0.014925373134328358;900.0;0.7857142857142857;16.417910447761194;7;0.34;11;1;0;0.020202020202020204;0.21428571428571427;0.22333333333333336;3.6666666666666665;0;3;3;1;0;0;0;1;0.21428571428571427;0.3333333333333333;0.004329004329004329;4.666666666666667;0.0;0.0;0.0;0.0;0.0;0.0;1.0;0.0;0.0;1.0;0.0;1.0;0.0;0.0;1.0;0.0;1.0;0.0;0.0;1.0;0.0;1.0;1.0;0.0;0.0;1.0
2023-03-03;RB Leipzig;9;13;7;31;11;Dortmund;5;2;17;8;6;3;0.62;0.38;626;0.87;20;8;5;2;0;0;6;0.0;0.0;0.0;0.0;0.0;0.0;0.0;1.0;0.0;0.0;0.0;4;0.0475;0.25;545;0.03669724770642202;879.0322580645161;0.35294117647058826;9.67741935483871;9;0.24;2;3;12;0.027156549520766772;0.058823529411764705;0.62;6.0;0;1;1;0;0;1;1;0;0.058823529411764705;0.16666666666666666;0.001597444089456869;17.0;0.0;0.0;0.0;0.0;0.0;0.0;1.0;0.0;0.0;1.0;1.0;1.0;0.0;0.0;1.0;0.0;1.0;0.0;0.0;0.0;1.0;0.0;1.0;1.0;0.0;1.0
2023-02-25;RB Leipzig;9;13;17;31;87;Frankfurt;2;3;10;7;5;4;0.54;0.46;587;0.81;11;12;2;3;0;0;2;0.0;0.0;0.0;0.0;0.0;1.0;0.0;0.0;0.0;0.0;0.0;6;0.06571428571428571;0.18181818181818182;475;0.023157894736842106;879.6296296296296;0.2;3.7037037037037033;3;0.08000000000000002;-4;-1;-1;0.017035775127768313;0.2;0.27;1.0;2;0;2;1;0;0;0;1;0.2;0.4;0.0034071550255536627;5.0;0.0;0.0;0.0;0.0;0.0;0.0;1.0;0.0;1.0;1.0;0.0;0.0;0.0;0.0;1.0;0.0;1.0;0.0;0.0;1.0;1.0;1.0;1.0;0.0;0.0;1.0
2023-02-22;RB Leipzig;0;3;31;31;3;Manchester City;1;0;7;12;4;3;0.38;0.62;427;0.85;12;6;1;0;0;0;2;0.0;0.0;1.0;0.0;0.0;0.0;0.0;0.0;0.0;0.0;0.0;4;0.051666666666666666;0.08333333333333333;363;0.03305785123966942;955.2631578947369;0.2857142857142857;5.2631578947368425;-5;-0.24;-2;1;6;0.01639344262295082;0.14285714285714285;0.38;2.0;0;1;1;0;1;0;0;1;0.14285714285714285;0.25;0.00234192037470726;7.0;0.0;0.0;0.0;0.0;0.0;0.0;1.0;0.0;0.0;0.0;1.0;1.0;0.0;0.0;1.0;0.0;1.0;0.0;0.0;1.0;1.0;1.0;1.0;0.0;0.0;1.0
2023-02-18;RB Leipzig;9;3;3;31;175;Wolfsburg;1;1;16;7;5;2;0.57;0.43;604;0.87;15;16;1;1;0;0;5;0.0;0.0;1.0;0.0;1.0;0.0;0.0;1.0;0.0;0.0;0.0;2;0.06142857142857143;0.06666666666666667;525;0.02857142857142857;921.0526315789474;0.3125;8.771929824561404;9;0.13999999999999996;3;0;-1;0.026490066225165563;0.1875;0.18999999999999997;1.6666666666666667;1;2;3;1;0;0;1;0;0.1875;0.6;0.004966887417218543;5.333333333333333;0.0;0.0;0.0;0.0;0.0;0.0;1.0;0.0;0.0;0.0;1.0;1.0;0.0;0.0;1.0;0.0;1.0;0.0;0.0;1.0;0.0;0.0;1.0;0.0;0.0;1.0
2023-02-11;RB Leipzig;9;17;2;31;169;FC Union Berlin;4;4;10;6;2;3;0.64;0.36;648;0.85;15;13;4;4;0;0;3;0.0;0.0;1.0;0.0;0.0;0.0;0.0;0.0;0.0;0.0;0.0;4;0.06;0.26666666666666666;551;0.02722323049001815;860.9375;0.3;4.6875;4;0.28;-1;0;2;0.015432098765432098;0.1;0.64;3.0;1;0;1;0;0;1;0;1;0.1;0.5;0.0015432098765432098;10.0;0.0;0.0;0.0;0.0;0.0;0.0;0.0;0.0;0.0;1.0;1.0;1.0;1.0;0.0;1.0;0.0;0.0;0.0;0.0;1.0;1.0;1.0;1.0;0.0;0.0;1.0
2023-02-04;RB Leipzig;9;17;13;31;190;Colonia;4;3;7;9;2;0;0.56;0.44;569;0.77;15;10;4;3;0;0;1;0.0;0.0;1.0;0.0;1.0;0.0;0.0;0.0;0.0;0.0;0.0;5;0.04888888888888889;0.26666666666666666;438;0.03424657534246575;782.1428571428571;0.14285714285714285;1.7857142857142856;-2;0.12000000000000005;-4;1;5;0.012302284710017574;0.0;0.0;0.0;0;0;0;0;1;0;1;0;0.0;0.0;0.0;0.0;0.0;0.0;0.0;0.0;0.0;0.0;1.0;0.0;0.0;1.0;1.0;1.0;0.0;0.0;1.0;0.0;0.0;0.0;0.0;1.0;0.0;1.0;1.0;0.0;0.0;1.0
2023-02-01;RB Leipzig;23;13;9;31;97;Hoffenheim;0;3;11;3;6;1;0.65;0.35;651;0.85;12;9;0;2;0;1;5;0.0;0.0;0.0;0.0;0.0;0.0;0.0;0.0;0.0;0.0;0.0;0;0.11666666666666665;0.0;553;0.0216998191681736;850.7692307692307;0.45454545454545453;7.692307692307692;8;0.30000000000000004;5;-3;3;0.016897081413210446;0.2727272727272727;0.21666666666666667;1.6666666666666667;2;1;3;1;0;0;0;1;0.2727272727272727;0.5;0.004608294930875576;3.6666666666666665;0.0;0.0;0.0;0.0;0.0;0.0;1.0;0.0;0.0;0.0;1.0;1.0;1.0;0.0;0.0;0.0;1.0;0.0;0.0;1.0;1.0;1.0;1.0;0.0;1.0;1.0
2023-01-27;RB Leipzig;9;13;3;31;18;Stuttgart;0;0;10;12;4;4;0.55;0.45;614;0.84;8;6;0;0;0;0;3;0.0;0.0;0.0;0.0;1.0;0.0;0.0;1.0;0.0;0.0;0.0;6;0.0375;0.0;516;0.015503875968992248;938.1818181818181;0.3;5.454545454545454;-2;0.10000000000000003;-3;0;2;0.016286644951140065;0.2;0.275;1.5;1;1;2;1;0;0;0;1;0.2;0.5;0.003257328990228013;5.0;0.0;0.0;0.0;0.0;0.0;0.0;1.0;0.0;0.0;1.0;1.0;1.0;0.0;0.0;1.0;1.0;0.0;0.0;0.0;1.0;0.0;0.0;1.0;0.0;0.0;1.0
