Fecha;Equipo_name;Torneo;Alineacion;Alineacion_contrincante;equipo;equipo_contrincante;equipo_contrincante_name;tarjetas;tarjetas_contrincante;Remates;Remates_contrincante;Remates al arco;Remates al arco_contrincante;Posesión;Posesión_contrincante;Pases;Precisión de los pases;Faltas;Faltas_contrincante;Tarjetas amarillas;Tarjetas amarillas_contrincante;Tarjetas rojas;Tarjetas rojas_contrincante;Tiros de esquina;Joan García Pons-RCD Espanyol;Omar El Hilali-RCD Espanyol;Marash Kumbulla-RCD Espanyol;Leandro Cabrera-RCD Espanyol;Carlos Romero Serrano-RCD Espanyol;Urko González de Zárate-RCD Espanyol;Pol Lozano-RCD Espanyol;Jofre Carreras-RCD Espanyol;Eduardo Expósito Jaén-RCD Espanyol;Antoniu Roca-RCD Espanyol;Roberto Fernández Jaén-RCD Espanyol;Tiros de esquina_concedidos;Posesión_contra_por_remate;tarjetas_por_falta;pases_completados;faltas_por_pases;pases_por_posesion;tirosEsquina_por_remate;tirosEsquina_por_posesion;diff_remates;diff_posesion;diff_Tiros de esquina;diff_tarjetas;diff_faltas;remates_por_pase;posesion_por_remate;posesion_por_gol;tirosEsquina_por_gol;goles_primera_mitad;goles_segunda_mitad;goles_totales;gano;empato;perdio;visitante;local;conversion_goles;conversion_arco;goles_por_pase;remates_al_arco_por_gol;Javi Puado-RCD Espanyol;Alex Král-RCD Espanyol;Fernando Calero Villa-RCD Espanyol;Álvaro Aguado-RCD Espanyol;Brian Oliván-RCD Espanyol;Álvaro Tejero-RCD Espanyol;Alejo Véliz-RCD Espanyol;Walid Cheddira-RCD Espanyol;Justin Smith-RCD Espanyol;Irvin Cardona-RCD Espanyol;Sergi Gómez-RCD Espanyol;Fernando Pacheco-RCD Espanyol;Rafel Bauzà-RCD Espanyol;Naci Ünüvar-RCD Espanyol;José Luis Català Vázquez-RCD Espanyol;Salvi Sánchez-RCD Espanyol;Pere Milla-RCD Espanyol;José Gragera Amado-RCD Espanyol;Keidi Bare-RCD Espanyol;Nico Melamed-RCD Espanyol;Martin Braithwaite-RCD Espanyol;Óscar Gil Regaño-RCD Espanyol;Keita Baldé Diao-RCD Espanyol;Gastón Valles-RCD Espanyol;Víctor Ruiz Torre-RCD Espanyol;Rubén Sánchez Sáez-RCD Espanyol;Ian Forns-RCD Espanyol;Omar Sadik-RCD Espanyol;Ramon Ramos Lima-RCD Espanyol;José Carlos Lazo-RCD Espanyol;Ronaël Pierre-Gabriel-RCD Espanyol;César Montes-RCD Espanyol;Sergi Darder-RCD Espanyol;Denis Suárez-RCD Espanyol;Joselu-RCD Espanyol;Adrià Pedrosa-RCD Espanyol;Vinícius Souza-RCD Espanyol;Aleix Vidal-RCD Espanyol;Álvaro Fernández Llorente-RCD Espanyol;Roger Martínez Santamaría-RCD Espanyol;Simo-RCD Espanyol;Dani Villahermosa-RCD Espanyol;Daniel Gómez Alcón-RCD Espanyol;Benjamin Lecomte-RCD Espanyol
2025-05-04;RCD Espanyol;1;3;3;49;39;Betis;2;0;11;20;5;10;0.37;0.63;325;0.84;16;10;2;0;0;0;3;1.0;1.0;1.0;1.0;1.0;1.0;1.0;0.0;1.0;1.0;1.0;7;0.0315;0.125;273;0.05860805860805861;737.8378378378378;0.2727272727272727;8.108108108108109;-9;-0.26;-4;2;6;0.033846153846153845;0.09090909090909091;0.37;3.0;1;0;1;0;0;1;0;1;0.09090909090909091;0.2;0.003076923076923077;11.0;1.0;0.0;0.0;0.0;0.0;0.0;0.0;0.0;0.0;0.0;0.0;0.0;0.0;0.0;0.0;0.0;0.0;0.0;0.0;0.0;0.0;0.0;0.0;0.0;0.0;0.0;0.0;0.0;0.0;0.0;0.0;0.0;0.0;0.0;0.0;0.0;0.0;0.0;0.0;0.0;0.0;0.0;0.0;0.0
2025-04-27;RCD Espanyol;1;3;1;49;37;Villarreal;0;4;12;14;1;5;0.56;0.44;430;0.87;11;19;0;4;0;0;6;1.0;1.0;1.0;1.0;1.0;1.0;0.0;0.0;1.0;1.0;1.0;8;0.03142857142857143;0.0;374;0.029411764705882353;667.8571428571428;0.5;10.714285714285714;-2;0.12000000000000005;-2;-4;-8;0.027906976744186046;0.0;0.0;0.0;0;0;0;0;0;1;1;0;0.0;0.0;0.0;0.0;1.0;1.0;0.0;0.0;0.0;0.0;0.0;0.0;0.0;0.0;0.0;0.0;0.0;0.0;0.0;0.0;0.0;0.0;0.0;0.0;0.0;0.0;0.0;0.0;0.0;0.0;0.0;0.0;0.0;0.0;0.0;0.0;0.0;0.0;0.0;0.0;0.0;0.0;0.0;0.0;0.0;0.0;0.0;0.0
2025-04-22;RCD Espanyol;1;3;3;49;52;Valencia C. F.;1;1;8;16;3;7;0.33;0.67;320;0.77;7;7;1;1;0;0;4;1.0;1.0;1.0;1.0;1.0;1.0;1.0;1.0;1.0;0.0;1.0;6;0.041875;0.14285714285714285;246;0.028455284552845527;745.4545454545454;0.5;12.121212121212121;-8;-0.34;-2;0;0;0.025;0.125;0.33;4.0;1;0;1;0;1;0;1;0;0.125;0.3333333333333333;0.003125;8.0;1.0;0.0;0.0;0.0;0.0;0.0;0.0;0.0;0.0;0.0;0.0;0.0;0.0;0.0;0.0;0.0;0.0;0.0;0.0;0.0;0.0;0.0;0.0;0.0;0.0;0.0;0.0;0.0;0.0;0.0;0.0;0.0;0.0;0.0;0.0;0.0;0.0;0.0;0.0;0.0;0.0;0.0;0.0;0.0
2025-04-18;RCD Espanyol;1;3;7;49;48;Getafe;0;3;9;9;3;4;0.63;0.37;406;0.78;12;15;0;2;0;1;6;1.0;1.0;1.0;1.0;1.0;1.0;1.0;1.0;1.0;1.0;1.0;8;0.0411111111111111;0.0;317;0.0378548895899053;503.1746031746032;0.6666666666666666;9.523809523809524;0;0.26;-2;-3;-3;0.022167487684729;0.1111111111111111;0.63;6.0;1;0;1;1;0;0;0;1;0.1111111111111111;0.3333333333333333;0.0024630541871921;9.0;0.0;0.0;0.0;0.0;0.0;0.0;0.0;0.0;0.0;0.0;0.0;0.0;0.0;0.0;0.0;0.0;0.0;0.0;0.0;0.0;0.0;0.0;0.0;0.0;0.0;0.0;0.0;0.0;0.0;0.0;0.0;0.0;0.0;0.0;0.0;0.0;0.0;0.0;0.0;0.0;0.0;0.0;0.0;0.0
2025-04-12;RCD Espanyol;1;3;7;49;44;Celta de Vigo;2;2;5;16;3;6;0.35;0.65;330;0.8;10;14;2;2;0;0;5;1.0;1.0;1.0;1.0;1.0;1.0;1.0;0.0;1.0;1.0;1.0;13;0.040625;0.2;264;0.0378787878787878;754.2857142857143;1.0;14.285714285714286;-11;-0.3;-8;0;-4;0.0151515151515151;0.4;0.175;2.5;1;1;2;1;0;0;1;0;0.4;0.6666666666666666;0.006060606060606;2.5;1.0;0.0;0.0;0.0;0.0;0.0;0.0;0.0;0.0;0.0;0.0;0.0;0.0;0.0;0.0;0.0;0.0;0.0;0.0;0.0;0.0;0.0;0.0;0.0;0.0;0.0;0.0;0.0;0.0;0.0;0.0;0.0;0.0;0.0;0.0;0.0;0.0;0.0;0.0;0.0;0.0;0.0;0.0;0.0
2025-04-04;RCD Espanyol;1;3;3;49;42;Rayo Vallecano;2;2;15;16;7;5;0.3;0.7;242;0.71;10;8;2;2;0;0;4;1.0;1.0;1.0;1.0;1.0;1.0;1.0;0.0;1.0;1.0;1.0;8;0.04375;0.2;172;0.0581395348837209;573.3333333333334;0.2666666666666666;13.333333333333334;-1;-0.3999999999999999;-4;0;2;0.0619834710743801;0.2666666666666666;0.075;1.0;2;2;4;1;0;0;1;0;0.2666666666666666;0.5714285714285714;0.0165289256198347;3.75;1.0;0.0;0.0;0.0;0.0;0.0;0.0;0.0;0.0;0.0;0.0;0.0;0.0;0.0;0.0;0.0;0.0;0.0;0.0;0.0;0.0;0.0;0.0;0.0;0.0;0.0;0.0;0.0;0.0;0.0;0.0;0.0;0.0;0.0;0.0;0.0;0.0;0.0;0.0;0.0;0.0;0.0;0.0;0.0
2025-03-29;RCD Espanyol;1;3;1;49;27;Atlético Madrid;2;1;8;13;1;2;0.39;0.61;398;0.82;12;14;2;1;0;0;4;1.0;1.0;1.0;1.0;1.0;1.0;1.0;1.0;0.0;0.0;1.0;3;0.0469230769230769;0.1666666666666666;326;0.0368098159509202;835.8974358974359;0.5;10.256410256410255;-5;-0.2199999999999999;1;1;-2;0.0201005025125628;0.125;0.39;4.0;0;1;1;0;1;0;0;1;0.125;1.0;0.0025125628140703;8.0;1.0;1.0;0.0;0.0;0.0;0.0;0.0;0.0;0.0;0.0;0.0;0.0;0.0;0.0;0.0;0.0;0.0;0.0;0.0;0.0;0.0;0.0;0.0;0.0;0.0;0.0;0.0;0.0;0.0;0.0;0.0;0.0;0.0;0.0;0.0;0.0;0.0;0.0;0.0;0.0;0.0;0.0;0.0;0.0
2025-03-15;RCD Espanyol;1;1;3;49;40;R.C.D. Mallorca;2;0;2;20;0;7;0.37;0.63;275;0.73;12;10;2;0;0;0;2;1.0;1.0;1.0;1.0;1.0;1.0;0.0;1.0;1.0;0.0;1.0;6;0.0315;0.1666666666666666;201;0.0597014925373134;543.2432432432432;1.0;5.405405405405405;-18;-0.26;-4;2;2;0.0072727272727272;0.5;0.37;2.0;0;1;1;0;0;1;1;0;0.5;0.0;0.0036363636363636;2.0;1.0;1.0;0.0;0.0;0.0;0.0;0.0;0.0;0.0;0.0;0.0;0.0;0.0;0.0;0.0;0.0;0.0;0.0;0.0;0.0;0.0;0.0;0.0;0.0;0.0;0.0;0.0;0.0;0.0;0.0;0.0;0.0;0.0;0.0;0.0;0.0;0.0;0.0;0.0;0.0;0.0;0.0;0.0;0.0
2025-03-10;RCD Espanyol;1;20;0;49;24;Girona;3;3;7;18;4;4;0.33;0.67;291;0.81;11;13;3;3;0;0;4;1.0;1.0;1.0;1.0;1.0;1.0;1.0;1.0;0.0;0.0;1.0;9;0.0372222222222222;0.2727272727272727;236;0.0466101694915254;715.1515151515151;0.5714285714285714;12.12121212121212;-11;-0.34;-5;0;-2;0.0240549828178694;0.1428571428571428;0.33;4.0;0;1;1;0;1;0;0;1;0.1428571428571428;0.25;0.0034364261168384;7.0;1.0;1.0;0.0;0.0;0.0;0.0;0.0;0.0;0.0;0.0;0.0;0.0;0.0;0.0;0.0;0.0;0.0;0.0;0.0;0.0;0.0;0.0;0.0;0.0;0.0;0.0;0.0;0.0;0.0;0.0;0.0;0.0;0.0;0.0;0.0;0.0;0.0;0.0;0.0;0.0;0.0;0.0;0.0;0.0
2025-02-22;RCD Espanyol;1;3;1;49;45;Alavés;2;2;9;15;2;5;0.38;0.62;299;0.69;17;13;2;2;0;0;0;1.0;1.0;1.0;1.0;1.0;1.0;1.0;1.0;0.0;0.0;1.0;7;0.0413333333333333;0.1176470588235294;206;0.0825242718446602;542.1052631578947;0.0;0.0;-6;-0.24;-7;0;4;0.0301003344481605;0.1111111111111111;0.38;0.0;0;1;1;1;0;0;1;0;0.1111111111111111;0.5;0.0033444816053511;9.0;1.0;1.0;0.0;0.0;0.0;0.0;0.0;0.0;0.0;0.0;0.0;0.0;0.0;0.0;0.0;0.0;0.0;0.0;0.0;0.0;0.0;0.0;0.0;0.0;0.0;0.0;0.0;0.0;0.0;0.0;0.0;0.0;0.0;0.0;0.0;0.0;0.0;0.0;0.0;0.0;0.0;0.0;0.0;0.0
2025-02-16;RCD Espanyol;1;3;3;49;38;Athletic;1;1;12;14;4;4;0.38;0.62;294;0.68;12;8;1;1;0;0;2;1.0;1.0;1.0;1.0;1.0;1.0;1.0;1.0;0.0;0.0;1.0;7;0.0442857142857142;0.0833333333333333;200;0.06;526.3157894736842;0.1666666666666666;5.2631578947368425;-2;-0.24;-5;0;4;0.0408163265306122;0.0833333333333333;0.38;2.0;0;1;1;0;1;0;0;1;0.0833333333333333;0.25;0.0034013605442176;12.0;1.0;1.0;0.0;0.0;0.0;0.0;0.0;0.0;0.0;0.0;0.0;0.0;0.0;0.0;0.0;0.0;0.0;0.0;0.0;0.0;0.0;0.0;0.0;0.0;0.0;0.0;0.0;0.0;0.0;0.0;0.0;0.0;0.0;0.0;0.0;0.0;0.0;0.0;0.0;0.0;0.0;0.0;0.0;0.0
2025-02-09;RCD Espanyol;1;1;0;49;46;Real Sociedad;2;1;4;13;1;3;0.3;0.7;246;0.67;17;11;2;1;0;0;0;1.0;1.0;1.0;1.0;0.0;0.0;0.0;0.0;1.0;1.0;1.0;6;0.0538461538461538;0.1176470588235294;165;0.103030303030303;550.0;0.0;0.0;-9;-0.3999999999999999;-6;1;6;0.016260162601626;0.25;0.3;0.0;0;1;1;0;0;1;1;0;0.25;1.0;0.0040650406504065;4.0;1.0;1.0;1.0;1.0;0.0;0.0;0.0;0.0;0.0;0.0;0.0;0.0;0.0;0.0;0.0;0.0;0.0;0.0;0.0;0.0;0.0;0.0;0.0;0.0;0.0;0.0;0.0;0.0;0.0;0.0;0.0;0.0;0.0;0.0;0.0;0.0;0.0;0.0;0.0;0.0;0.0;0.0;0.0;0.0
2025-02-01;RCD Espanyol;1;3;3;49;12;Real Madrid;2;0;5;21;2;7;0.23;0.77;242;0.77;14;3;2;0;0;0;1;1.0;1.0;1.0;1.0;1.0;1.0;1.0;1.0;0.0;0.0;1.0;8;0.0366666666666666;0.1428571428571428;186;0.075268817204301;808.695652173913;0.2;4.3478260869565215;-16;-0.54;-7;2;11;0.0206611570247933;0.2;0.23;1.0;0;1;1;1;0;0;0;1;0.2;0.5;0.0041322314049586;5.0;1.0;1.0;0.0;0.0;0.0;0.0;0.0;0.0;0.0;0.0;0.0;0.0;0.0;0.0;0.0;0.0;0.0;0.0;0.0;0.0;0.0;0.0;0.0;0.0;0.0;0.0;0.0;0.0;0.0;0.0;0.0;0.0;0.0;0.0;0.0;0.0;0.0;0.0;0.0;0.0;0.0;0.0;0.0;0.0
2025-01-25;RCD Espanyol;1;1;0;49;43;Sevilla;4;1;6;25;1;4;0.25;0.75;218;0.61;14;13;4;1;0;0;1;1.0;1.0;1.0;1.0;0.0;0.0;1.0;1.0;0.0;0.0;1.0;5;0.03;0.2857142857142857;133;0.1052631578947368;532.0;0.1666666666666666;4.0;-19;-0.5;-4;3;1;0.0275229357798165;0.1666666666666666;0.25;1.0;1;0;1;0;1;0;1;0;0.1666666666666666;1.0;0.0045871559633027;6.0;1.0;1.0;0.0;0.0;1.0;1.0;0.0;0.0;0.0;0.0;0.0;0.0;0.0;0.0;0.0;0.0;0.0;0.0;0.0;0.0;0.0;0.0;0.0;0.0;0.0;0.0;0.0;0.0;0.0;0.0;0.0;0.0;0.0;0.0;0.0;0.0;0.0;0.0;0.0;0.0;0.0;0.0;0.0;0.0
2025-01-17;RCD Espanyol;1;1;0;49;51;Valladolid;2;2;12;11;4;4;0.35;0.65;341;0.8;13;16;2;2;0;0;1;1.0;1.0;1.0;1.0;0.0;0.0;1.0;0.0;0.0;1.0;0.0;7;0.059090909090909;0.1538461538461538;273;0.0476190476190476;780.0;0.0833333333333333;2.857142857142857;1;-0.3;-6;0;-3;0.0351906158357771;0.1666666666666666;0.175;0.5;1;1;2;1;0;0;0;1;0.1666666666666666;0.5;0.0058651026392961;6.0;1.0;1.0;0.0;0.0;1.0;1.0;1.0;0.0;0.0;0.0;0.0;0.0;0.0;0.0;0.0;0.0;0.0;0.0;0.0;0.0;0.0;0.0;0.0;0.0;0.0;0.0;0.0;0.0;0.0;0.0;0.0;0.0;0.0;0.0;0.0;0.0;0.0;0.0;0.0;0.0;0.0;0.0;0.0;0.0
2025-01-11;RCD Espanyol;1;7;9;49;47;Leganés;2;3;15;14;5;6;0.53;0.47;460;0.85;15;19;2;2;0;1;8;1.0;1.0;1.0;1.0;0.0;0.0;1.0;1.0;0.0;1.0;0.0;4;0.0335714285714285;0.1333333333333333;391;0.0383631713554987;737.7358490566037;0.5333333333333333;15.094339622641508;1;0.06;4;-1;-4;0.0326086956521739;0.0666666666666666;0.53;8.0;1;0;1;0;1;0;0;1;0.0666666666666666;0.2;0.0021739130434782;15.0;1.0;1.0;0.0;0.0;1.0;1.0;0.0;0.0;0.0;0.0;0.0;0.0;0.0;0.0;0.0;0.0;0.0;0.0;0.0;0.0;0.0;0.0;0.0;0.0;0.0;0.0;0.0;0.0;0.0;0.0;0.0;0.0;0.0;0.0;0.0;0.0;0.0;0.0;0.0;0.0;0.0;0.0;0.0;0.0
2024-12-22;RCD Espanyol;1;7;0;49;50;U. D. Las Palmas;2;4;9;10;2;4;0.42;0.58;350;0.82;16;9;2;4;0;0;2;1.0;1.0;1.0;1.0;0.0;0.0;1.0;0.0;0.0;1.0;0.0;2;0.0579999999999999;0.125;287;0.0557491289198606;683.3333333333334;0.2222222222222222;4.761904761904762;-1;-0.1599999999999999;0;-2;7;0.0257142857142857;0.0;0.0;0.0;0;0;0;0;0;1;1;0;0.0;0.0;0.0;0.0;1.0;1.0;0.0;0.0;1.0;1.0;0.0;1.0;0.0;0.0;0.0;0.0;0.0;0.0;0.0;0.0;0.0;0.0;0.0;0.0;0.0;0.0;0.0;0.0;0.0;0.0;0.0;0.0;0.0;0.0;0.0;0.0;0.0;0.0;0.0;0.0;0.0;0.0;0.0;0.0;0.0;0.0;0.0;0.0
2024-12-18;RCD Espanyol;1;1;3;49;52;Valencia C. F.;1;0;10;14;3;4;0.45;0.55;405;0.77;13;11;1;0;0;0;4;1.0;1.0;1.0;1.0;0.0;0.0;0.0;1.0;0.0;1.0;0.0;7;0.0392857142857142;0.0769230769230769;312;0.0416666666666666;693.3333333333334;0.4;8.88888888888889;-4;-0.1;-3;1;2;0.0246913580246913;0.1;0.45;4.0;1;0;1;0;1;0;0;1;0.1;0.3333333333333333;0.0024691358024691;10.0;1.0;1.0;0.0;0.0;1.0;0.0;0.0;1.0;1.0;0.0;0.0;0.0;0.0;0.0;0.0;0.0;0.0;0.0;0.0;0.0;0.0;0.0;0.0;0.0;0.0;0.0;0.0;0.0;0.0;0.0;0.0;0.0;0.0;0.0;0.0;0.0;0.0;0.0;0.0;0.0;0.0;0.0;0.0;0.0
2024-12-14;RCD Espanyol;1;1;1;49;41;Osasuna;3;1;9;6;3;0;0.41;0.59;344;0.8;13;13;3;1;0;0;5;1.0;0.0;1.0;1.0;1.0;0.0;1.0;0.0;0.0;1.0;0.0;4;0.0983333333333333;0.2307692307692307;275;0.0472727272727272;670.7317073170732;0.5555555555555556;12.195121951219512;3;-0.18;1;2;0;0.0261627906976744;0.0;0.0;0.0;0;0;0;0;1;0;0;1;0.0;0.0;0.0;0.0;1.0;1.0;0.0;0.0;1.0;1.0;0.0;0.0;0.0;1.0;0.0;0.0;0.0;0.0;0.0;0.0;0.0;0.0;0.0;0.0;0.0;0.0;0.0;0.0;0.0;0.0;0.0;0.0;0.0;0.0;0.0;0.0;0.0;0.0;0.0;0.0;0.0;0.0;0.0;0.0;0.0;0.0;0.0;0.0
2024-12-09;RCD Espanyol;1;7;1;49;48;Getafe;6;3;9;15;1;6;0.59;0.41;436;0.74;15;14;6;3;0;0;3;1.0;1.0;0.0;1.0;0.0;0.0;1.0;1.0;0.0;0.0;0.0;3;0.0273333333333333;0.4;323;0.0464396284829721;547.457627118644;0.3333333333333333;5.084745762711865;-6;0.18;0;3;1;0.0206422018348623;0.0;0.0;0.0;0;0;0;0;0;1;1;0;0.0;0.0;0.0;0.0;1.0;1.0;0.0;0.0;1.0;0.0;0.0;0.0;1.0;1.0;1.0;0.0;0.0;0.0;0.0;0.0;0.0;0.0;0.0;0.0;0.0;0.0;0.0;0.0;0.0;0.0;0.0;0.0;0.0;0.0;0.0;0.0;0.0;0.0;0.0;0.0;0.0;0.0;0.0;0.0;0.0;0.0;0.0;0.0
2024-12-03;RCD Espanyol;19;1;17;49;-1;Barbastro;2;1;25;4;9;3;0.74;0.26;497;0.84;15;14;2;1;0;0;5;0.0;0.0;1.0;0.0;1.0;0.0;0.0;0.0;0.0;1.0;0.0;2;0.065;0.1333333333333333;417;0.0359712230215827;563.5135135135135;0.2;6.756756756756757;21;0.48;3;1;1;0.0503018108651911;0.0;0.0;0.0;0;0;0;0;0;1;1;0;0.0;0.0;0.0;0.0;0.0;0.0;0.0;1.0;0.0;1.0;1.0;1.0;0.0;0.0;1.0;1.0;1.0;1.0;0.0;0.0;0.0;0.0;0.0;0.0;0.0;0.0;0.0;0.0;0.0;0.0;0.0;0.0;0.0;0.0;0.0;0.0;0.0;0.0;0.0;0.0;0.0;0.0;0.0;0.0;0.0;0.0;0.0;0.0
2024-11-30;RCD Espanyol;1;7;23;49;44;Celta de Vigo;2;2;9;16;5;2;0.2;0.8;183;0.65;13;7;2;2;0;0;2;1.0;1.0;1.0;1.0;0.0;0.0;1.0;1.0;0.0;0.0;0.0;5;0.05;0.1538461538461538;119;0.1092436974789916;595.0;0.2222222222222222;10.0;-7;-0.6000000000000001;-3;0;6;0.0491803278688524;0.3333333333333333;0.0666666666666666;0.6666666666666666;1;2;3;1;0;0;0;1;0.3333333333333333;0.6;0.0163934426229508;3.0;1.0;1.0;0.0;0.0;1.0;0.0;0.0;0.0;1.0;1.0;0.0;0.0;0.0;0.0;0.0;0.0;0.0;0.0;0.0;0.0;0.0;0.0;0.0;0.0;0.0;0.0;0.0;0.0;0.0;0.0;0.0;0.0;0.0;0.0;0.0;0.0;0.0;0.0;0.0;0.0;0.0;0.0;0.0;0.0
2024-11-23;RCD Espanyol;1;9;3;49;24;Girona;3;0;9;12;1;5;0.24;0.76;234;0.75;19;4;3;0;0;0;3;1.0;1.0;0.0;1.0;1.0;0.0;0.0;1.0;0.0;0.0;0.0;6;0.0633333333333333;0.1578947368421052;176;0.1079545454545454;733.3333333333334;0.3333333333333333;12.5;-3;-0.52;-3;3;15;0.0384615384615384;0.1111111111111111;0.24;3.0;0;1;1;0;0;1;1;0;0.1111111111111111;1.0;0.0042735042735042;9.0;1.0;1.0;0.0;0.0;0.0;1.0;1.0;0.0;0.0;0.0;1.0;0.0;1.0;0.0;0.0;0.0;0.0;0.0;0.0;0.0;0.0;0.0;0.0;0.0;0.0;0.0;0.0;0.0;0.0;0.0;0.0;0.0;0.0;0.0;0.0;0.0;0.0;0.0;0.0;0.0;0.0;0.0;0.0;0.0
2024-11-03;RCD Espanyol;1;7;3;49;10;Barcelona;3;0;10;14;3;9;0.22;0.78;209;0.66;14;13;3;0;0;0;5;1.0;1.0;1.0;1.0;1.0;0.0;0.0;1.0;0.0;0.0;0.0;9;0.0557142857142857;0.2142857142857142;138;0.1014492753623188;627.2727272727273;0.5;22.727272727272727;-4;-0.56;-4;3;1;0.0478468899521531;0.1;0.22;5.0;0;1;1;0;0;1;1;0;0.1;0.3333333333333333;0.0047846889952153;10.0;1.0;1.0;0.0;1.0;0.0;1.0;0.0;0.0;0.0;0.0;0.0;0.0;1.0;0.0;0.0;0.0;0.0;0.0;0.0;0.0;0.0;0.0;0.0;0.0;0.0;0.0;0.0;0.0;0.0;0.0;0.0;0.0;0.0;0.0;0.0;0.0;0.0;0.0;0.0;0.0;0.0;0.0;0.0;0.0
2024-10-31;RCD Espanyol;19;6;1;49;-1;San Tirso;2;2;26;8;12;1;0.73;0.27;555;0.87;14;5;2;2;0;0;3;0.0;0.0;0.0;0.0;0.0;0.0;0.0;0.0;0.0;1.0;0.0;5;0.03375;0.1428571428571428;483;0.0289855072463768;661.6438356164384;0.1153846153846153;4.109589041095891;18;0.4599999999999999;-2;0;9;0.0468468468468468;0.1538461538461538;0.1825;0.75;0;4;4;1;0;0;1;0;0.1538461538461538;0.3333333333333333;0.0072072072072072;6.5;0.0;0.0;0.0;1.0;1.0;0.0;1.0;0.0;0.0;1.0;1.0;1.0;1.0;0.0;1.0;1.0;1.0;0.0;0.0;0.0;0.0;0.0;0.0;0.0;0.0;0.0;0.0;0.0;0.0;0.0;0.0;0.0;0.0;0.0;0.0;0.0;0.0;0.0;0.0;0.0;0.0;0.0;0.0;0.0
2024-10-25;RCD Espanyol;1;1;3;49;43;Sevilla;2;0;16;6;1;3;0.42;0.58;312;0.75;14;9;2;0;0;0;13;1.0;1.0;1.0;1.0;0.0;0.0;1.0;1.0;0.0;0.0;0.0;2;0.0966666666666666;0.1428571428571428;234;0.0598290598290598;557.1428571428571;0.8125;30.95238095238096;10;-0.1599999999999999;11;2;5;0.0512820512820512;0.0;0.0;0.0;0;0;0;0;0;1;0;1;0.0;0.0;0.0;0.0;1.0;1.0;0.0;0.0;1.0;1.0;0.0;1.0;0.0;0.0;0.0;0.0;0.0;0.0;0.0;0.0;0.0;0.0;0.0;0.0;0.0;0.0;0.0;0.0;0.0;0.0;0.0;0.0;0.0;0.0;0.0;0.0;0.0;0.0;0.0;0.0;0.0;0.0;0.0;0.0;0.0;0.0;0.0;0.0
2024-10-19;RCD Espanyol;1;3;3;49;38;Athletic;3;2;5;10;2;6;0.43;0.57;350;0.78;22;15;3;2;0;0;5;1.0;1.0;1.0;0.0;1.0;0.0;1.0;1.0;0.0;0.0;0.0;5;0.0569999999999999;0.1363636363636363;273;0.0805860805860805;634.8837209302326;1.0;11.627906976744184;-5;-0.1399999999999999;0;1;7;0.0142857142857142;0.2;0.43;5.0;0;1;1;0;0;1;1;0;0.2;0.5;0.0028571428571428;5.0;0.0;1.0;0.0;0.0;1.0;0.0;1.0;0.0;0.0;0.0;1.0;0.0;0.0;0.0;0.0;0.0;0.0;1.0;0.0;0.0;0.0;0.0;0.0;0.0;0.0;0.0;0.0;0.0;0.0;0.0;0.0;0.0;0.0;0.0;0.0;0.0;0.0;0.0;0.0;0.0;0.0;0.0;0.0;0.0
2024-10-05;RCD Espanyol;1;3;8;49;40;R.C.D. Mallorca;1;5;8;11;3;5;0.39;0.61;279;0.72;14;19;1;5;0;0;4;1.0;1.0;1.0;0.0;1.0;0.0;1.0;1.0;0.0;0.0;0.0;6;0.0554545454545454;0.0714285714285714;201;0.0696517412935323;515.3846153846154;0.5;10.256410256410255;-3;-0.2199999999999999;-2;-4;-5;0.028673835125448;0.25;0.195;2.0;1;1;2;1;0;0;0;1;0.25;0.6666666666666666;0.007168458781362;4.0;0.0;1.0;0.0;0.0;0.0;0.0;1.0;0.0;0.0;1.0;1.0;0.0;0.0;0.0;0.0;0.0;0.0;1.0;0.0;0.0;0.0;0.0;0.0;0.0;0.0;0.0;0.0;0.0;0.0;0.0;0.0;0.0;0.0;0.0;0.0;0.0;0.0;0.0;0.0;0.0;0.0;0.0;0.0;0.0
2024-09-29;RCD Espanyol;1;1;3;49;39;Betis;4;2;8;20;1;11;0.46;0.54;408;0.82;20;14;4;2;0;0;4;1.0;1.0;1.0;0.0;1.0;0.0;1.0;1.0;0.0;0.0;0.0;8;0.027;0.2;335;0.0597014925373134;728.2608695652174;0.5;8.695652173913043;-12;-0.08;-4;2;6;0.0196078431372549;0.0;0.0;0.0;0;0;0;0;0;1;1;0;0.0;0.0;0.0;0.0;1.0;1.0;0.0;0.0;0.0;0.0;0.0;1.0;0.0;0.0;1.0;0.0;0.0;0.0;0.0;0.0;0.0;1.0;0.0;0.0;0.0;0.0;0.0;0.0;0.0;0.0;0.0;0.0;0.0;0.0;0.0;0.0;0.0;0.0;0.0;0.0;0.0;0.0;0.0;0.0;0.0;0.0;0.0;0.0
2024-09-26;RCD Espanyol;1;1;1;49;37;Villarreal;5;3;9;15;2;4;0.57;0.43;506;0.85;12;14;5;3;0;0;4;1.0;1.0;1.0;1.0;0.0;0.0;1.0;1.0;0.0;0.0;0.0;1;0.0286666666666666;0.4166666666666667;430;0.027906976744186;754.3859649122808;0.4444444444444444;7.017543859649123;-6;0.1399999999999999;3;2;-2;0.0177865612648221;0.1111111111111111;0.57;4.0;1;0;1;0;0;1;0;1;0.1111111111111111;0.5;0.0019762845849802;9.0;1.0;1.0;0.0;0.0;1.0;1.0;1.0;0.0;0.0;0.0;0.0;0.0;0.0;0.0;0.0;0.0;0.0;0.0;0.0;0.0;0.0;0.0;0.0;0.0;0.0;0.0;0.0;0.0;0.0;0.0;0.0;0.0;0.0;0.0;0.0;0.0;0.0;0.0;0.0;0.0;0.0;0.0;0.0;0.0
2024-09-21;RCD Espanyol;1;4;0;49;12;Real Madrid;3;4;10;31;1;14;0.27;0.73;260;0.68;5;7;3;4;0;0;4;1.0;1.0;1.0;1.0;1.0;0.0;1.0;1.0;0.0;0.0;0.0;9;0.0235483870967741;0.6;177;0.0282485875706214;655.5555555555555;0.4;14.814814814814811;-21;-0.4599999999999999;-5;-1;-2;0.0384615384615384;0.1;0.27;4.0;0;1;1;0;0;1;1;0;0.1;1.0;0.0038461538461538;10.0;1.0;1.0;0.0;0.0;0.0;1.0;0.0;1.0;0.0;0.0;0.0;0.0;0.0;0.0;0.0;0.0;0.0;0.0;0.0;0.0;0.0;0.0;0.0;0.0;0.0;0.0;0.0;0.0;0.0;0.0;0.0;0.0;0.0;0.0;0.0;0.0;0.0;0.0;0.0;0.0;0.0;0.0;0.0;0.0
2024-09-14;RCD Espanyol;1;1;3;49;45;Alavés;2;3;9;19;4;6;0.37;0.63;265;0.75;17;14;2;3;0;0;0;1.0;1.0;1.0;1.0;1.0;0.0;0.0;1.0;0.0;0.0;0.0;5;0.0331578947368421;0.1176470588235294;199;0.0854271356783919;537.8378378378378;0.0;0.0;-10;-0.26;-5;-1;3;0.0339622641509433;0.3333333333333333;0.1233333333333333;0.0;1;2;3;1;0;0;0;1;0.3333333333333333;0.75;0.0113207547169811;3.0;1.0;1.0;0.0;1.0;0.0;1.0;1.0;0.0;0.0;0.0;0.0;0.0;0.0;0.0;0.0;0.0;0.0;0.0;0.0;0.0;0.0;0.0;0.0;0.0;0.0;0.0;0.0;0.0;0.0;0.0;0.0;0.0;0.0;0.0;0.0;0.0;0.0;0.0;0.0;0.0;0.0;0.0;0.0;0.0
2024-08-31;RCD Espanyol;1;1;1;49;42;Rayo Vallecano;3;2;10;17;3;5;0.47;0.53;355;0.77;14;16;3;2;0;0;3;1.0;1.0;1.0;0.0;1.0;0.0;0.0;1.0;0.0;0.0;0.0;7;0.0311764705882352;0.2142857142857142;273;0.0512820512820512;580.8510638297872;0.3;6.382978723404256;-7;-0.06;-4;1;-2;0.028169014084507;0.2;0.235;1.5;1;1;2;1;0;0;0;1;0.2;0.6666666666666666;0.0056338028169014;5.0;1.0;1.0;1.0;0.0;1.0;0.0;1.0;0.0;0.0;0.0;0.0;0.0;0.0;0.0;0.0;0.0;0.0;1.0;0.0;0.0;0.0;0.0;0.0;0.0;0.0;0.0;0.0;0.0;0.0;0.0;0.0;0.0;0.0;0.0;0.0;0.0;0.0;0.0;0.0;0.0;0.0;0.0;0.0;0.0
2024-08-28;RCD Espanyol;1;4;4;49;27;Atlético Madrid;2;0;8;25;1;7;0.37;0.63;362;0.79;9;6;2;0;0;0;3;1.0;1.0;1.0;0.0;1.0;0.0;0.0;0.0;0.0;0.0;0.0;9;0.0252;0.2222222222222222;286;0.0314685314685314;772.972972972973;0.375;8.108108108108109;-17;-0.26;-6;2;3;0.0220994475138121;0.0;0.0;0.0;0;0;0;0;1;0;1;0;0.0;0.0;0.0;0.0;1.0;1.0;1.0;1.0;0.0;1.0;1.0;0.0;0.0;0.0;0.0;0.0;0.0;0.0;0.0;0.0;0.0;1.0;0.0;0.0;0.0;0.0;0.0;0.0;0.0;0.0;0.0;0.0;0.0;0.0;0.0;0.0;0.0;0.0;0.0;0.0;0.0;0.0;0.0;0.0;0.0;0.0;0.0;0.0
2024-08-24;RCD Espanyol;1;1;7;49;46;Real Sociedad;2;2;13;8;4;3;0.34;0.66;259;0.74;14;18;2;2;0;0;7;1.0;1.0;1.0;1.0;1.0;0.0;0.0;1.0;0.0;0.0;0.0;4;0.0825;0.1428571428571428;192;0.0729166666666666;564.7058823529411;0.5384615384615384;20.588235294117645;5;-0.32;3;0;-4;0.0501930501930501;0.0;0.0;0.0;0;0;0;0;0;1;0;1;0.0;0.0;0.0;0.0;1.0;1.0;0.0;0.0;0.0;0.0;1.0;0.0;0.0;1.0;0.0;0.0;0.0;0.0;0.0;0.0;0.0;1.0;0.0;0.0;0.0;0.0;0.0;0.0;0.0;0.0;0.0;0.0;0.0;0.0;0.0;0.0;0.0;0.0;0.0;0.0;0.0;0.0;0.0;0.0;0.0;0.0;0.0;0.0
2024-08-19;RCD Espanyol;1;4;5;49;51;Valladolid;2;2;10;12;2;1;0.55;0.45;479;0.81;8;15;2;2;0;0;2;1.0;1.0;0.0;1.0;1.0;0.0;1.0;0.0;0.0;0.0;0.0;3;0.0375;0.25;388;0.0206185567010309;705.4545454545454;0.2;3.636363636363636;-2;0.1;-1;0;-7;0.0208768267223382;0.0;0.0;0.0;0;0;0;0;0;1;1;0;0.0;0.0;0.0;0.0;1.0;0.0;0.0;0.0;0.0;1.0;1.0;0.0;0.0;0.0;1.0;0.0;0.0;0.0;0.0;0.0;1.0;1.0;0.0;0.0;0.0;0.0;0.0;0.0;0.0;0.0;0.0;0.0;0.0;0.0;0.0;0.0;0.0;0.0;0.0;0.0;0.0;0.0;0.0;0.0;0.0;0.0;0.0;0.0
2024-06-23;RCD Espanyol;7;1;3;49;121;Real Oviedo;3;3;11;9;2;2;0.46;0.54;329;0.75;21;16;3;3;0;0;7;1.0;1.0;0.0;1.0;0.0;0.0;0.0;1.0;0.0;0.0;0.0;5;0.06;0.1428571428571428;247;0.0850202429149797;536.9565217391304;0.6363636363636364;15.217391304347826;2;-0.08;2;0;5;0.033434650455927;0.1818181818181818;0.23;3.5;2;0;2;1;0;0;0;1;0.1818181818181818;1.0;0.0060790273556231;5.5;1.0;0.0;1.0;0.0;0.0;0.0;0.0;0.0;0.0;0.0;0.0;0.0;0.0;0.0;0.0;0.0;1.0;1.0;1.0;1.0;1.0;0.0;0.0;0.0;0.0;0.0;0.0;0.0;0.0;0.0;0.0;0.0;0.0;0.0;0.0;0.0;0.0;0.0;0.0;0.0;0.0;0.0;0.0;0.0
2024-06-16;RCD Espanyol;7;1;3;49;121;Real Oviedo;2;1;4;9;0;4;0.48;0.52;336;0.79;17;14;2;1;0;0;4;1.0;0.0;0.0;1.0;0.0;0.0;0.0;1.0;0.0;0.0;0.0;1;0.0577777777777777;0.1176470588235294;265;0.0641509433962264;552.0833333333334;1.0;8.333333333333334;-5;-0.04;3;1;3;0.0119047619047619;0.0;0.0;0.0;0;0;0;0;0;1;1;0;0.0;0.0;0.0;0.0;1.0;0.0;1.0;1.0;1.0;0.0;0.0;0.0;0.0;0.0;0.0;0.0;0.0;0.0;0.0;0.0;0.0;1.0;1.0;0.0;1.0;1.0;0.0;0.0;0.0;0.0;0.0;0.0;0.0;0.0;0.0;0.0;0.0;0.0;0.0;0.0;0.0;0.0;0.0;0.0;0.0;0.0;0.0;0.0
2024-06-13;RCD Espanyol;7;1;1;49;120;Sporting Gijón;1;3;19;14;6;3;0.47;0.53;392;0.75;13;16;0;3;1;0;1;1.0;1.0;0.0;1.0;0.0;0.0;0.0;1.0;0.0;0.0;0.0;7;0.0378571428571428;0.0769230769230769;294;0.0442176870748299;625.5319148936171;0.0526315789473684;2.127659574468085;5;-0.06;-6;-2;-3;0.048469387755102;0.0;0.0;0.0;0;0;0;0;1;0;0;1;0.0;0.0;0.0;0.0;1.0;0.0;1.0;0.0;0.0;0.0;0.0;0.0;0.0;0.0;0.0;0.0;0.0;0.0;0.0;0.0;1.0;1.0;1.0;1.0;1.0;0.0;0.0;0.0;0.0;0.0;0.0;0.0;0.0;0.0;0.0;0.0;0.0;0.0;0.0;0.0;0.0;0.0;0.0;0.0;0.0;0.0;0.0;0.0
2024-06-09;RCD Espanyol;7;1;1;49;120;Sporting Gijón;6;3;16;9;5;3;0.55;0.45;455;0.84;15;8;5;3;1;0;5;1.0;1.0;0.0;1.0;0.0;0.0;0.0;1.0;0.0;0.0;0.0;0;0.05;0.4;382;0.0392670157068062;694.5454545454545;0.3125;9.09090909090909;7;0.1;5;3;7;0.0351648351648351;0.0625;0.55;5.0;0;1;1;1;0;0;1;0;0.0625;0.2;0.0021978021978021;16.0;1.0;0.0;1.0;0.0;0.0;0.0;0.0;0.0;0.0;0.0;0.0;0.0;0.0;0.0;0.0;0.0;1.0;1.0;1.0;1.0;1.0;0.0;0.0;0.0;0.0;0.0;0.0;0.0;0.0;0.0;0.0;0.0;0.0;0.0;0.0;0.0;0.0;0.0;0.0;0.0;0.0;0.0;0.0;0.0
2024-06-02;RCD Espanyol;7;3;0;49;135;Cartagena;1;0;14;8;6;1;0.58;0.42;463;0.81;10;12;1;0;0;0;8;1.0;0.0;0.0;1.0;0.0;0.0;0.0;0.0;0.0;0.0;0.0;3;0.0525;0.1;375;0.0266666666666666;646.551724137931;0.5714285714285714;13.793103448275865;6;0.1599999999999999;5;1;-2;0.0302375809935205;0.2142857142857142;0.1933333333333333;2.6666666666666665;0;3;3;1;0;0;0;1;0.2142857142857142;0.5;0.0064794816414686;4.666666666666667;1.0;0.0;1.0;1.0;0.0;0.0;0.0;0.0;0.0;0.0;0.0;0.0;1.0;0.0;0.0;1.0;1.0;0.0;1.0;0.0;1.0;1.0;0.0;0.0;0.0;0.0;0.0;0.0;0.0;0.0;0.0;0.0;0.0;0.0;0.0;0.0;0.0;0.0;0.0;0.0;0.0;0.0;0.0;0.0
2024-05-26;RCD Espanyol;7;6;1;49;816;Amorebieta;0;1;11;10;3;3;0.65;0.35;522;0.86;14;11;0;1;0;0;2;1.0;1.0;0.0;1.0;0.0;0.0;0.0;0.0;0.0;1.0;0.0;3;0.0349999999999999;0.0;449;0.0311804008908685;690.7692307692307;0.1818181818181818;3.0769230769230766;1;0.3;-1;-1;3;0.0210727969348659;0.0;0.0;0.0;0;0;0;0;1;0;1;0;0.0;0.0;0.0;0.0;1.0;0.0;1.0;1.0;0.0;0.0;0.0;0.0;0.0;0.0;0.0;0.0;0.0;0.0;0.0;0.0;1.0;0.0;1.0;0.0;1.0;0.0;1.0;0.0;0.0;0.0;0.0;0.0;0.0;0.0;0.0;0.0;0.0;0.0;0.0;0.0;0.0;0.0;0.0;0.0;0.0;0.0;0.0;0.0
2024-05-20;RCD Espanyol;7;1;3;49;121;Real Oviedo;2;1;10;9;2;4;0.43;0.57;299;0.78;13;15;2;1;0;0;2;1.0;1.0;0.0;1.0;0.0;0.0;0.0;0.0;0.0;1.0;0.0;7;0.0633333333333333;0.1538461538461538;233;0.055793991416309;541.8604651162791;0.2;4.651162790697675;1;-0.1399999999999999;-5;1;-2;0.0334448160535117;0.2;0.215;1.0;1;1;2;1;0;0;0;1;0.2;1.0;0.0066889632107023;5.0;1.0;0.0;0.0;1.0;1.0;0.0;0.0;0.0;0.0;0.0;1.0;0.0;0.0;0.0;0.0;0.0;1.0;0.0;1.0;0.0;1.0;0.0;0.0;0.0;0.0;0.0;0.0;0.0;0.0;0.0;0.0;0.0;0.0;0.0;0.0;0.0;0.0;0.0;0.0;0.0;0.0;0.0;0.0;0.0
2024-05-11;RCD Espanyol;7;1;0;49;51;Valladolid;7;4;4;15;1;2;0.41;0.59;335;0.69;19;13;6;4;1;0;4;1.0;0.0;0.0;1.0;0.0;0.0;0.0;1.0;0.0;0.0;0.0;3;0.0393333333333333;0.3684210526315789;231;0.0822510822510822;563.4146341463415;1.0;9.75609756097561;-11;-0.18;1;3;6;0.0119402985074626;0.0;0.0;0.0;0;0;0;0;1;0;1;0;0.0;0.0;0.0;0.0;0.0;0.0;0.0;1.0;1.0;0.0;0.0;0.0;0.0;0.0;1.0;0.0;0.0;0.0;0.0;0.0;0.0;1.0;0.0;1.0;1.0;1.0;0.0;1.0;0.0;0.0;0.0;0.0;0.0;0.0;0.0;0.0;0.0;0.0;0.0;0.0;0.0;0.0;0.0;0.0;0.0;0.0;0.0;0.0
2024-05-05;RCD Espanyol;7;1;1;49;120;Sporting Gijón;4;4;14;4;2;0;0.53;0.47;334;0.79;20;11;4;4;0;0;8;1.0;1.0;0.0;1.0;0.0;0.0;0.0;1.0;0.0;0.0;0.0;3;0.1175;0.2;264;0.0757575757575757;498.1132075471698;0.5714285714285714;15.094339622641508;10;0.06;5;0;9;0.0419161676646706;0.0;0.0;0.0;0;0;0;0;1;0;0;1;0.0;0.0;0.0;0.0;1.0;0.0;0.0;1.0;1.0;0.0;0.0;0.0;0.0;0.0;1.0;0.0;0.0;0.0;0.0;0.0;0.0;1.0;0.0;0.0;1.0;0.0;0.0;1.0;0.0;0.0;0.0;0.0;0.0;0.0;0.0;0.0;0.0;0.0;0.0;0.0;0.0;0.0;0.0;0.0;0.0;0.0;0.0;0.0
2024-04-27;RCD Espanyol;7;1;17;49;123;Elche C. F.;4;2;9;10;4;3;0.41;0.59;353;0.78;22;12;4;2;0;0;4;1.0;1.0;0.0;1.0;0.0;0.0;1.0;1.0;0.0;0.0;0.0;6;0.059;0.1818181818181818;275;0.08;670.7317073170732;0.4444444444444444;9.75609756097561;-1;-0.18;-2;2;10;0.0254957507082152;0.2222222222222222;0.205;2.0;1;1;2;0;1;0;1;0;0.2222222222222222;0.5;0.0056657223796034;4.5;1.0;0.0;0.0;1.0;1.0;0.0;0.0;0.0;0.0;0.0;1.0;0.0;0.0;0.0;0.0;0.0;0.0;1.0;0.0;0.0;1.0;0.0;0.0;0.0;0.0;0.0;0.0;0.0;0.0;0.0;0.0;0.0;0.0;0.0;0.0;0.0;0.0;0.0;0.0;0.0;0.0;0.0;0.0;0.0
2024-04-21;RCD Espanyol;7;8;3;49;-1;FC Andorra;5;3;12;12;4;6;0.47;0.53;422;0.85;12;6;5;3;0;0;6;1.0;1.0;0.0;0.0;0.0;0.0;0.0;1.0;0.0;0.0;0.0;2;0.0441666666666666;0.4166666666666667;359;0.0334261838440111;763.8297872340426;0.5;12.765957446808512;0;-0.06;4;2;6;0.0284360189573459;0.0833333333333333;0.47;6.0;0;1;1;0;1;0;0;1;0.0833333333333333;0.25;0.0023696682464454;12.0;1.0;0.0;0.0;0.0;1.0;0.0;0.0;0.0;0.0;0.0;1.0;0.0;0.0;0.0;0.0;0.0;0.0;1.0;1.0;1.0;1.0;0.0;0.0;0.0;1.0;0.0;0.0;0.0;0.0;0.0;0.0;0.0;0.0;0.0;0.0;0.0;0.0;0.0;0.0;0.0;0.0;0.0;0.0;0.0
2024-04-12;RCD Espanyol;7;1;3;49;47;Leganés;2;4;13;10;1;3;0.57;0.43;459;0.86;11;19;2;4;0;0;0;1.0;1.0;0.0;1.0;0.0;0.0;0.0;1.0;0.0;0.0;0.0;3;0.043;0.1818181818181818;395;0.0278481012658227;692.9824561403509;0.0;0.0;3;0.1399999999999999;-3;-2;-8;0.0283224400871459;0.0;0.0;0.0;0;0;0;0;1;0;1;0;0.0;0.0;0.0;0.0;0.0;0.0;0.0;0.0;1.0;0.0;0.0;0.0;0.0;0.0;1.0;0.0;0.0;0.0;0.0;0.0;0.0;1.0;1.0;1.0;1.0;0.0;0.0;1.0;0.0;0.0;0.0;0.0;0.0;0.0;0.0;0.0;0.0;0.0;0.0;0.0;0.0;0.0;0.0;0.0;0.0;0.0;0.0;0.0
2024-04-07;RCD Espanyol;7;3;14;49;127;Albacete;3;3;9;9;5;4;0.54;0.46;461;0.85;17;9;2;3;1;0;5;1.0;1.0;0.0;1.0;0.0;0.0;0.0;1.0;0.0;0.0;0.0;8;0.0511111111111111;0.1764705882352941;392;0.0433673469387755;725.9259259259259;0.5555555555555556;9.25925925925926;0;0.08;-3;0;8;0.0195227765726681;0.2222222222222222;0.27;2.5;1;1;2;1;0;0;0;1;0.2222222222222222;0.4;0.0043383947939262;4.5;1.0;0.0;0.0;1.0;1.0;0.0;0.0;0.0;0.0;0.0;0.0;0.0;0.0;0.0;0.0;0.0;0.0;1.0;0.0;1.0;1.0;0.0;0.0;0.0;1.0;0.0;0.0;0.0;0.0;0.0;0.0;0.0;0.0;0.0;0.0;0.0;0.0;0.0;0.0;0.0;0.0;0.0;0.0;0.0
2024-03-29;RCD Espanyol;7;1;8;49;129;Burgos;3;4;10;14;2;5;0.52;0.48;387;0.8;13;12;3;4;0;0;7;1.0;1.0;0.0;1.0;0.0;0.0;0.0;1.0;0.0;0.0;0.0;5;0.0342857142857142;0.2307692307692307;310;0.0419354838709677;596.1538461538462;0.7;13.461538461538462;-4;0.04;2;-1;1;0.0258397932816537;0.0;0.0;0.0;0;0;0;0;1;0;1;0;0.0;0.0;0.0;0.0;1.0;0.0;0.0;0.0;1.0;0.0;0.0;0.0;0.0;0.0;1.0;0.0;0.0;0.0;0.0;0.0;1.0;1.0;1.0;1.0;0.0;0.0;0.0;0.0;0.0;0.0;0.0;0.0;0.0;0.0;0.0;0.0;0.0;0.0;0.0;0.0;0.0;0.0;0.0;0.0;0.0;0.0;0.0;0.0
2024-03-23;RCD Espanyol;7;7;1;49;134;Tenerife;4;4;22;9;8;2;0.67;0.33;492;0.88;10;19;4;4;0;0;10;1.0;1.0;0.0;1.0;0.0;0.0;1.0;1.0;0.0;0.0;0.0;2;0.0366666666666666;0.4;433;0.023094688221709;646.2686567164179;0.4545454545454545;14.925373134328357;13;0.34;8;0;-9;0.0447154471544715;0.0454545454545454;0.67;10.0;0;1;1;0;1;0;0;1;0.0454545454545454;0.125;0.0020325203252032;22.0;1.0;0.0;0.0;1.0;0.0;0.0;0.0;0.0;0.0;0.0;1.0;0.0;0.0;0.0;0.0;0.0;0.0;1.0;0.0;0.0;0.0;0.0;1.0;0.0;1.0;0.0;0.0;0.0;0.0;0.0;0.0;0.0;0.0;0.0;0.0;0.0;0.0;0.0;0.0;0.0;0.0;0.0;0.0;0.0
2024-03-17;RCD Espanyol;7;3;3;49;117;Real Zaragoza;4;1;6;14;1;2;0.4;0.6;311;0.72;22;13;4;1;0;0;3;1.0;1.0;0.0;1.0;0.0;0.0;0.0;0.0;0.0;0.0;0.0;8;0.0428571428571428;0.1818181818181818;224;0.0982142857142857;560.0;0.5;7.5;-8;-0.1999999999999999;-5;3;9;0.0192926045016077;0.1666666666666666;0.4;3.0;1;0;1;1;0;0;1;0;0.1666666666666666;1.0;0.0032154340836012;6.0;1.0;0.0;0.0;1.0;1.0;0.0;0.0;0.0;0.0;0.0;0.0;0.0;0.0;0.0;0.0;0.0;0.0;1.0;1.0;0.0;1.0;0.0;0.0;0.0;1.0;1.0;0.0;0.0;0.0;0.0;0.0;0.0;0.0;0.0;0.0;0.0;0.0;0.0;0.0;0.0;0.0;0.0;0.0;0.0
2024-03-10;RCD Espanyol;7;6;1;49;-1;Alcorcón;5;3;13;15;2;5;0.63;0.37;456;0.79;13;11;4;2;1;1;6;1.0;1.0;0.0;1.0;0.0;0.0;0.0;0.0;0.0;0.0;0.0;4;0.0246666666666666;0.3846153846153846;360;0.0361111111111111;571.4285714285714;0.4615384615384615;9.523809523809524;-2;0.26;2;2;2;0.0285087719298245;0.0769230769230769;0.63;6.0;0;1;1;0;1;0;1;0;0.0769230769230769;0.5;0.0021929824561403;13.0;1.0;0.0;0.0;0.0;0.0;0.0;0.0;0.0;0.0;0.0;1.0;0.0;0.0;0.0;0.0;1.0;0.0;1.0;1.0;0.0;1.0;0.0;1.0;0.0;1.0;0.0;0.0;0.0;0.0;0.0;0.0;0.0;0.0;0.0;0.0;0.0;0.0;0.0;0.0;0.0;0.0;0.0;0.0;0.0
2024-03-02;RCD Espanyol;7;1;9;49;122;S. D. Huesca;2;5;12;2;3;1;0.57;0.43;518;0.85;19;16;2;5;0;0;4;1.0;1.0;0.0;1.0;0.0;0.0;0.0;0.0;0.0;0.0;0.0;1;0.215;0.1052631578947368;440;0.0431818181818181;771.9298245614036;0.3333333333333333;7.017543859649123;10;0.1399999999999999;3;-3;3;0.0231660231660231;0.0;0.0;0.0;0;0;0;0;1;0;0;1;0.0;0.0;0.0;0.0;1.0;0.0;0.0;1.0;0.0;0.0;0.0;0.0;0.0;0.0;1.0;0.0;0.0;0.0;0.0;1.0;1.0;0.0;1.0;0.0;1.0;0.0;0.0;0.0;1.0;0.0;0.0;0.0;0.0;0.0;0.0;0.0;0.0;0.0;0.0;0.0;0.0;0.0;0.0;0.0;0.0;0.0;0.0;0.0
2024-02-24;RCD Espanyol;7;1;3;49;124;Eibar;2;1;8;12;4;4;0.45;0.55;471;0.78;13;14;2;1;0;0;3;0.0;1.0;0.0;1.0;0.0;0.0;0.0;1.0;0.0;0.0;0.0;6;0.0458333333333333;0.1538461538461538;367;0.0354223433242506;815.5555555555555;0.375;6.666666666666666;-4;-0.1;-3;1;-1;0.0169851380042462;0.375;0.15;1.0;0;3;3;1;0;0;1;0;0.375;0.75;0.0063694267515923;2.6666666666666665;1.0;0.0;0.0;1.0;0.0;0.0;0.0;0.0;0.0;0.0;1.0;1.0;0.0;0.0;0.0;0.0;1.0;0.0;1.0;0.0;1.0;0.0;0.0;0.0;1.0;0.0;0.0;0.0;0.0;0.0;0.0;0.0;0.0;0.0;0.0;0.0;0.0;0.0;0.0;0.0;0.0;0.0;0.0;0.0
2024-02-17;RCD Espanyol;7;1;7;49;116;Mirandés;2;4;18;4;7;0;0.49;0.51;395;0.82;18;13;2;4;0;0;7;0.0;1.0;0.0;1.0;0.0;0.0;0.0;1.0;0.0;0.0;0.0;3;0.1275;0.1111111111111111;324;0.0555555555555555;661.2244897959184;0.3888888888888889;14.285714285714286;14;-0.02;4;-2;5;0.0455696202531645;0.1666666666666666;0.1633333333333333;2.333333333333333;1;2;3;1;0;0;0;1;0.1666666666666666;0.4285714285714285;0.0075949367088607;6.0;1.0;0.0;0.0;1.0;0.0;0.0;0.0;0.0;0.0;0.0;1.0;1.0;0.0;0.0;0.0;0.0;1.0;0.0;1.0;0.0;1.0;0.0;0.0;0.0;1.0;0.0;0.0;0.0;0.0;0.0;0.0;0.0;0.0;0.0;0.0;0.0;0.0;0.0;0.0;0.0;0.0;0.0;0.0;0.0
2024-02-10;RCD Espanyol;7;1;3;49;114;Racing de Santander;0;1;9;10;1;5;0.63;0.37;439;0.75;14;17;0;1;0;0;3;0.0;1.0;0.0;0.0;0.0;0.0;1.0;1.0;0.0;0.0;0.0;7;0.037;0.0;329;0.0425531914893617;522.2222222222222;0.3333333333333333;4.761904761904762;-1;0.26;-4;-1;-3;0.020501138952164;0.0;0.0;0.0;0;0;0;0;0;1;1;0;0.0;0.0;0.0;0.0;0.0;0.0;0.0;1.0;0.0;0.0;0.0;0.0;0.0;0.0;1.0;1.0;0.0;0.0;0.0;0.0;1.0;0.0;0.0;0.0;1.0;0.0;0.0;0.0;1.0;0.0;1.0;1.0;0.0;0.0;0.0;0.0;0.0;0.0;0.0;0.0;0.0;0.0;0.0;0.0;0.0;0.0;0.0;0.0
2024-02-04;RCD Espanyol;7;1;30;49;115;Levante;3;3;9;16;3;5;0.42;0.58;375;0.82;19;16;3;3;0;0;5;0.0;1.0;0.0;0.0;0.0;0.0;1.0;1.0;0.0;0.0;0.0;6;0.03625;0.1578947368421052;308;0.0616883116883116;733.3333333333334;0.5555555555555556;11.904761904761903;-7;-0.1599999999999999;-1;0;3;0.024;0.2222222222222222;0.21;2.5;1;1;2;1;0;0;0;1;0.2222222222222222;0.6666666666666666;0.0053333333333333;4.5;0.0;0.0;0.0;1.0;0.0;0.0;0.0;0.0;0.0;0.0;1.0;1.0;0.0;0.0;0.0;0.0;1.0;0.0;0.0;0.0;1.0;0.0;0.0;0.0;1.0;0.0;1.0;1.0;0.0;0.0;0.0;0.0;0.0;0.0;0.0;0.0;0.0;0.0;0.0;0.0;0.0;0.0;0.0;0.0
2024-01-28;RCD Espanyol;7;1;8;49;131;CD Eldense;2;2;5;13;1;5;0.51;0.49;374;0.7;15;15;2;2;0;0;3;0.0;0.0;0.0;1.0;0.0;0.0;1.0;0.0;1.0;0.0;0.0;7;0.0376923076923076;0.1333333333333333;262;0.0572519083969465;513.7254901960785;0.6;5.88235294117647;-8;0.02;-4;0;0;0.0133689839572192;0.4;0.255;1.5;2;0;2;0;0;1;1;0;0.4;2.0;0.0053475935828877;2.5;0.0;0.0;0.0;1.0;1.0;0.0;0.0;0.0;0.0;0.0;1.0;1.0;0.0;0.0;0.0;1.0;1.0;0.0;0.0;0.0;1.0;1.0;0.0;0.0;0.0;0.0;0.0;0.0;0.0;0.0;0.0;0.0;0.0;0.0;0.0;0.0;0.0;0.0;0.0;0.0;0.0;0.0;0.0;0.0
2024-01-20;RCD Espanyol;7;1;1;49;-1;Villarreal B;2;2;9;11;4;3;0.56;0.44;496;0.85;13;11;2;2;0;0;5;0.0;1.0;0.0;0.0;0.0;0.0;1.0;0.0;1.0;0.0;0.0;8;0.04;0.1538461538461538;422;0.0308056872037914;753.5714285714286;0.5555555555555556;8.928571428571427;-2;0.12;-3;0;2;0.0181451612903225;0.2222222222222222;0.28;2.5;2;0;2;1;0;0;0;1;0.2222222222222222;0.5;0.0040322580645161;4.5;1.0;0.0;1.0;1.0;1.0;0.0;0.0;0.0;0.0;0.0;1.0;1.0;0.0;0.0;0.0;0.0;1.0;0.0;0.0;0.0;1.0;0.0;0.0;0.0;0.0;0.0;0.0;0.0;0.0;0.0;0.0;0.0;0.0;0.0;0.0;0.0;0.0;0.0;0.0;0.0;0.0;0.0;0.0;0.0
2024-01-13;RCD Espanyol;7;1;3;49;132;Racing Ferrol;3;2;8;6;1;1;0.47;0.53;389;0.76;14;11;3;2;0;0;8;0.0;1.0;0.0;0.0;0.0;0.0;1.0;0.0;1.0;0.0;0.0;5;0.0883333333333333;0.2142857142857142;296;0.0472972972972973;629.7872340425532;1.0;17.02127659574468;2;-0.06;3;1;3;0.0205655526992287;0.0;0.0;0.0;0;0;0;0;1;0;1;0;0.0;0.0;0.0;0.0;1.0;0.0;1.0;1.0;1.0;0.0;0.0;0.0;0.0;0.0;1.0;1.0;0.0;0.0;0.0;0.0;1.0;0.0;0.0;0.0;1.0;0.0;0.0;0.0;0.0;0.0;0.0;0.0;0.0;0.0;0.0;0.0;0.0;0.0;0.0;0.0;0.0;0.0;0.0;0.0;0.0;0.0;0.0;0.0
2024-01-06;RCD Espanyol;19;1;1;49;48;Getafe;1;2;9;13;4;2;0.53;0.47;427;0.75;11;18;1;2;0;0;4;1.0;1.0;0.0;0.0;0.0;0.0;1.0;1.0;1.0;0.0;0.0;3;0.0361538461538461;0.0909090909090909;320;0.034375;603.7735849056603;0.4444444444444444;7.547169811320754;-4;0.06;1;-1;-7;0.0210772833723653;0.0;0.0;0.0;0;0;0;0;0;1;0;1;0.0;0.0;0.0;0.0;0.0;0.0;1.0;1.0;0.0;0.0;0.0;0.0;0.0;0.0;1.0;0.0;0.0;0.0;0.0;0.0;1.0;0.0;0.0;0.0;1.0;0.0;0.0;0.0;0.0;0.0;1.0;0.0;0.0;0.0;0.0;0.0;0.0;0.0;0.0;0.0;0.0;0.0;0.0;0.0;0.0;0.0;0.0;0.0
2023-12-19;RCD Espanyol;7;1;9;49;129;Burgos;3;2;14;13;7;6;0.68;0.32;661;0.87;8;12;3;2;0;0;6;0.0;1.0;0.0;0.0;0.0;0.0;0.0;0.0;1.0;0.0;0.0;6;0.0246153846153846;0.375;575;0.0139130434782608;845.5882352941176;0.4285714285714285;8.823529411764705;1;0.36;0;1;-4;0.021180030257186;0.2142857142857142;0.2266666666666666;2.0;1;2;3;0;1;0;0;1;0.2142857142857142;0.4285714285714285;0.0045385779122541;4.666666666666667;1.0;0.0;1.0;1.0;1.0;0.0;0.0;0.0;0.0;0.0;1.0;1.0;0.0;0.0;0.0;0.0;1.0;0.0;1.0;0.0;1.0;0.0;0.0;0.0;0.0;0.0;0.0;0.0;0.0;0.0;0.0;0.0;0.0;0.0;0.0;0.0;0.0;0.0;0.0;0.0;0.0;0.0;0.0;0.0
2023-12-16;RCD Espanyol;7;1;0;49;-1;FC Andorra;4;1;6;14;1;3;0.31;0.69;282;0.74;19;10;4;1;0;0;2;0.0;0.0;0.0;0.0;0.0;0.0;1.0;0.0;1.0;0.0;0.0;6;0.0492857142857142;0.2105263157894736;209;0.0909090909090909;674.1935483870968;0.3333333333333333;6.451612903225807;-8;-0.3799999999999999;-4;3;9;0.0212765957446808;0.1666666666666666;0.31;2.0;0;1;1;0;1;0;1;0;0.1666666666666666;1.0;0.0035460992907801;6.0;1.0;0.0;0.0;0.0;1.0;0.0;0.0;0.0;0.0;0.0;1.0;1.0;0.0;0.0;0.0;0.0;1.0;1.0;1.0;0.0;1.0;1.0;0.0;0.0;0.0;0.0;0.0;0.0;0.0;0.0;0.0;0.0;0.0;0.0;0.0;0.0;0.0;0.0;0.0;0.0;0.0;0.0;0.0;0.0
2023-12-08;RCD Espanyol;7;1;2;49;117;Real Zaragoza;3;3;8;10;1;2;0.47;0.53;372;0.73;15;17;2;3;1;0;4;0.0;0.0;0.0;1.0;0.0;0.0;0.0;1.0;1.0;0.0;0.0;6;0.053;0.2;272;0.0551470588235294;578.7234042553192;0.5;8.51063829787234;-2;-0.06;-2;0;-2;0.021505376344086;0.125;0.47;4.0;0;1;1;0;1;0;0;1;0.125;1.0;0.0026881720430107;8.0;1.0;0.0;1.0;1.0;1.0;0.0;0.0;0.0;0.0;0.0;0.0;1.0;0.0;0.0;0.0;0.0;0.0;1.0;0.0;0.0;1.0;1.0;0.0;0.0;0.0;0.0;0.0;0.0;0.0;0.0;0.0;0.0;0.0;0.0;0.0;0.0;0.0;0.0;0.0;0.0;0.0;0.0;0.0;0.0
2023-12-05;RCD Espanyol;19;1;7;49;51;Valladolid;1;3;9;11;3;3;0.41;0.59;360;0.78;12;10;1;2;0;1;5;1.0;0.0;0.0;1.0;0.0;0.0;1.0;1.0;0.0;0.0;0.0;3;0.0536363636363636;0.0833333333333333;281;0.0427046263345195;685.3658536585366;0.5555555555555556;12.195121951219512;-2;-0.18;2;-2;2;0.025;0.3333333333333333;0.1366666666666666;1.6666666666666667;2;1;3;1;0;0;0;1;0.3333333333333333;1.0;0.0083333333333333;3.0;0.0;0.0;0.0;0.0;0.0;0.0;0.0;0.0;0.0;0.0;1.0;0.0;0.0;0.0;0.0;1.0;0.0;0.0;1.0;0.0;0.0;1.0;1.0;0.0;0.0;0.0;0.0;1.0;1.0;0.0;0.0;0.0;0.0;0.0;0.0;0.0;0.0;0.0;0.0;0.0;0.0;0.0;0.0;0.0
2023-12-01;RCD Espanyol;7;1;3;49;121;Real Oviedo;3;5;7;16;2;5;0.47;0.53;339;0.69;24;16;3;5;0;0;4;0.0;1.0;0.0;1.0;0.0;0.0;0.0;0.0;1.0;0.0;0.0;7;0.033125;0.125;234;0.1025641025641025;497.872340425532;0.5714285714285714;8.51063829787234;-9;-0.06;-3;-2;8;0.0206489675516224;0.0;0.0;0.0;0;0;0;0;0;1;1;0;0.0;0.0;0.0;0.0;1.0;0.0;1.0;0.0;1.0;0.0;0.0;0.0;0.0;0.0;0.0;1.0;0.0;0.0;0.0;0.0;1.0;1.0;1.0;0.0;1.0;0.0;0.0;0.0;0.0;0.0;0.0;0.0;0.0;0.0;0.0;0.0;0.0;0.0;0.0;0.0;0.0;0.0;0.0;0.0;0.0;0.0;0.0;0.0
2023-11-26;RCD Espanyol;7;1;1;49;-1;Alcorcón;2;1;23;6;9;1;0.66;0.34;611;0.88;16;11;2;0;0;1;8;0.0;1.0;0.0;1.0;0.0;0.0;0.0;1.0;1.0;0.0;0.0;2;0.0566666666666666;0.125;538;0.0297397769516728;815.1515151515151;0.3478260869565217;12.12121212121212;17;0.32;6;1;5;0.0376432078559738;0.0869565217391304;0.33;4.0;1;1;2;1;0;0;0;1;0.0869565217391304;0.2222222222222222;0.0032733224222585;11.5;0.0;0.0;1.0;1.0;1.0;0.0;0.0;0.0;0.0;0.0;0.0;1.0;0.0;0.0;0.0;0.0;1.0;1.0;0.0;0.0;1.0;0.0;0.0;0.0;0.0;0.0;0.0;0.0;0.0;0.0;0.0;0.0;0.0;0.0;0.0;0.0;0.0;0.0;0.0;0.0;0.0;0.0;0.0;0.0
2023-11-18;RCD Espanyol;7;1;1;49;123;Elche C. F.;3;2;12;15;5;3;0.43;0.57;319;0.74;25;11;3;2;0;0;8;0.0;1.0;0.0;1.0;0.0;0.0;0.0;1.0;1.0;0.0;0.0;5;0.038;0.12;236;0.1059322033898305;548.8372093023256;0.6666666666666666;18.6046511627907;-3;-0.1399999999999999;3;1;14;0.0376175548589341;0.1666666666666666;0.215;4.0;2;0;2;1;0;0;0;1;0.1666666666666666;0.4;0.006269592476489;6.0;0.0;0.0;1.0;1.0;1.0;0.0;0.0;0.0;0.0;0.0;0.0;1.0;0.0;0.0;0.0;0.0;1.0;1.0;0.0;0.0;1.0;0.0;0.0;0.0;0.0;0.0;0.0;0.0;0.0;0.0;0.0;0.0;0.0;0.0;0.0;0.0;0.0;0.0;0.0;0.0;0.0;0.0;0.0;0.0
2023-11-12;RCD Espanyol;7;1;2;49;122;S. D. Huesca;4;2;6;19;1;5;0.41;0.59;318;0.72;18;8;4;2;0;0;1;0.0;1.0;0.0;1.0;0.0;0.0;0.0;0.0;1.0;0.0;0.0;7;0.0310526315789473;0.2222222222222222;229;0.0786026200873362;558.5365853658537;0.1666666666666666;2.4390243902439024;-13;-0.18;-6;2;10;0.0188679245283018;0.1666666666666666;0.41;1.0;0;1;1;0;1;0;1;0;0.1666666666666666;1.0;0.0031446540880503;6.0;1.0;0.0;0.0;0.0;1.0;0.0;0.0;0.0;0.0;0.0;1.0;1.0;0.0;0.0;0.0;1.0;1.0;1.0;0.0;0.0;1.0;0.0;0.0;0.0;0.0;0.0;0.0;0.0;0.0;0.0;0.0;0.0;0.0;0.0;0.0;0.0;0.0;0.0;0.0;0.0;0.0;0.0;0.0;0.0
2023-11-03;RCD Espanyol;7;17;3;49;124;Eibar;1;1;13;13;6;4;0.44;0.56;426;0.81;9;7;1;1;0;0;4;0.0;0.0;0.0;0.0;0.0;0.0;0.0;1.0;1.0;0.0;0.0;4;0.043076923076923;0.1111111111111111;345;0.0260869565217391;784.0909090909091;0.3076923076923077;9.090909090909092;0;-0.12;0;0;2;0.0305164319248826;0.1538461538461538;0.22;2.0;1;1;2;0;1;0;0;1;0.1538461538461538;0.3333333333333333;0.0046948356807511;6.5;1.0;0.0;0.0;1.0;1.0;0.0;0.0;0.0;0.0;0.0;1.0;1.0;0.0;0.0;0.0;0.0;1.0;1.0;0.0;0.0;1.0;0.0;0.0;0.0;1.0;0.0;0.0;0.0;0.0;0.0;0.0;0.0;0.0;0.0;0.0;0.0;0.0;0.0;0.0;0.0;0.0;0.0;0.0;0.0
2023-10-28;RCD Espanyol;7;8;30;49;120;Sporting Gijón;3;6;17;9;4;3;0.61;0.39;477;0.86;8;13;3;6;0;0;7;0.0;0.0;0.0;1.0;0.0;0.0;0.0;1.0;0.0;0.0;0.0;4;0.0433333333333333;0.375;410;0.0195121951219512;672.1311475409836;0.4117647058823529;11.475409836065571;8;0.2199999999999999;3;-3;-5;0.0356394129979035;0.0;0.0;0.0;0;0;0;0;0;1;1;0;0.0;0.0;0.0;0.0;1.0;0.0;1.0;1.0;1.0;0.0;0.0;0.0;0.0;0.0;0.0;1.0;0.0;0.0;0.0;0.0;1.0;1.0;0.0;0.0;1.0;1.0;0.0;0.0;0.0;0.0;0.0;0.0;0.0;0.0;0.0;0.0;0.0;0.0;0.0;0.0;0.0;0.0;0.0;0.0;0.0;0.0;0.0;0.0
2023-10-20;RCD Espanyol;7;1;9;49;47;Leganés;3;4;12;13;3;4;0.61;0.39;549;0.83;12;12;2;4;1;0;4;0.0;0.0;0.0;1.0;0.0;0.0;0.0;0.0;0.0;0.0;0.0;1;0.03;0.25;456;0.0263157894736842;747.5409836065573;0.3333333333333333;6.557377049180328;-1;0.2199999999999999;3;-1;0;0.0218579234972677;0.0;0.0;0.0;0;0;0;0;0;1;0;1;0.0;0.0;0.0;0.0;1.0;0.0;1.0;0.0;1.0;0.0;0.0;0.0;0.0;0.0;0.0;1.0;0.0;0.0;0.0;0.0;1.0;1.0;1.0;1.0;1.0;1.0;0.0;0.0;0.0;0.0;0.0;0.0;0.0;0.0;0.0;0.0;0.0;0.0;0.0;0.0;0.0;0.0;0.0;0.0;0.0;0.0;0.0;0.0
2023-10-14;RCD Espanyol;7;8;7;49;51;Valladolid;3;3;5;11;3;3;0.33;0.67;272;0.69;15;14;3;3;0;0;0;0.0;1.0;0.0;1.0;0.0;0.0;0.0;0.0;0.0;0.0;0.0;5;0.0609090909090909;0.2;188;0.0797872340425532;569.6969696969696;0.0;0.0;-6;-0.34;-5;0;1;0.0183823529411764;0.4;0.165;0.0;2;0;2;1;0;0;0;1;0.4;0.6666666666666666;0.0073529411764705;2.5;1.0;0.0;1.0;1.0;1.0;0.0;0.0;0.0;0.0;0.0;0.0;1.0;0.0;0.0;0.0;0.0;1.0;1.0;0.0;1.0;1.0;0.0;0.0;0.0;0.0;0.0;0.0;0.0;0.0;0.0;0.0;0.0;0.0;0.0;0.0;0.0;0.0;0.0;0.0;0.0;0.0;0.0;0.0;0.0
2023-10-09;RCD Espanyol;7;2;1;49;-1;Villarreal B;4;1;16;18;4;7;0.59;0.41;441;0.85;12;17;4;1;0;0;9;0.0;1.0;0.0;1.0;0.0;0.0;1.0;0.0;0.0;0.0;0.0;7;0.0227777777777777;0.3333333333333333;375;0.032;635.5932203389831;0.5625;15.254237288135592;-2;0.18;2;3;-5;0.0362811791383219;0.0625;0.59;9.0;1;0;1;0;0;1;1;0;0.0625;0.25;0.0022675736961451;16.0;1.0;0.0;1.0;1.0;0.0;0.0;0.0;0.0;0.0;0.0;1.0;1.0;0.0;0.0;0.0;0.0;1.0;0.0;0.0;0.0;1.0;0.0;0.0;0.0;0.0;0.0;0.0;0.0;1.0;0.0;0.0;0.0;0.0;0.0;0.0;0.0;0.0;0.0;0.0;0.0;0.0;0.0;0.0;0.0
2023-10-05;RCD Espanyol;7;3;1;49;135;Cartagena;3;4;8;10;4;1;0.6;0.4;544;0.82;14;17;3;4;0;0;1;0.0;1.0;0.0;1.0;0.0;0.0;1.0;0.0;1.0;0.0;0.0;6;0.04;0.2142857142857142;446;0.0313901345291479;743.3333333333334;0.125;1.6666666666666667;-2;0.1999999999999999;-5;-1;-3;0.0147058823529411;0.25;0.3;0.5;1;1;2;1;0;0;1;0;0.25;0.5;0.0036764705882352;4.0;1.0;0.0;0.0;0.0;1.0;0.0;0.0;0.0;0.0;0.0;1.0;1.0;0.0;0.0;0.0;0.0;1.0;0.0;0.0;1.0;1.0;0.0;0.0;0.0;0.0;0.0;0.0;0.0;0.0;0.0;0.0;0.0;0.0;0.0;0.0;0.0;0.0;0.0;0.0;0.0;0.0;0.0;0.0;0.0
2023-10-02;RCD Espanyol;7;1;1;49;132;Racing Ferrol;2;3;10;6;3;2;0.59;0.41;510;0.86;22;13;2;2;0;1;6;0.0;1.0;0.0;1.0;0.0;0.0;1.0;0.0;0.0;0.0;0.0;0;0.0683333333333333;0.0909090909090909;439;0.0501138952164009;744.0677966101696;0.6;10.16949152542373;4;0.18;6;-1;9;0.0196078431372549;0.3;0.1966666666666666;2.0;1;2;3;1;0;0;0;1;0.3;1.0;0.0058823529411764;3.333333333333333;1.0;0.0;1.0;0.0;1.0;0.0;0.0;0.0;0.0;0.0;0.0;1.0;0.0;0.0;0.0;0.0;1.0;0.0;1.0;1.0;1.0;0.0;0.0;0.0;0.0;0.0;0.0;0.0;0.0;0.0;0.0;0.0;0.0;0.0;0.0;0.0;0.0;0.0;0.0;0.0;0.0;0.0;0.0;0.0
2023-09-25;RCD Espanyol;7;1;1;49;134;Tenerife;3;3;18;13;2;6;0.54;0.46;428;0.84;9;22;3;3;0;0;10;0.0;1.0;0.0;1.0;0.0;0.0;1.0;0.0;0.0;0.0;0.0;6;0.0353846153846153;0.3333333333333333;360;0.025;666.6666666666666;0.5555555555555556;18.51851851851852;5;0.08;4;0;-13;0.0420560747663551;0.0;0.0;0.0;0;0;0;0;0;1;1;0;0.0;0.0;0.0;0.0;1.0;0.0;1.0;0.0;1.0;0.0;0.0;0.0;0.0;0.0;0.0;1.0;0.0;0.0;0.0;0.0;1.0;0.0;1.0;1.0;1.0;0.0;0.0;0.0;0.0;0.0;0.0;0.0;0.0;0.0;0.0;0.0;0.0;0.0;0.0;0.0;0.0;0.0;0.0;0.0;0.0;0.0;0.0;0.0
2023-09-17;RCD Espanyol;7;1;1;49;131;CD Eldense;3;4;23;6;5;3;0.63;0.37;493;0.84;14;13;3;4;0;0;12;0.0;1.0;0.0;1.0;0.0;0.0;1.0;0.0;1.0;0.0;0.0;0;0.0616666666666666;0.2142857142857142;414;0.0338164251207729;657.1428571428571;0.5217391304347826;19.047619047619047;17;0.26;12;-1;1;0.0466531440162271;0.1304347826086956;0.21;4.0;0;3;3;0;1;0;0;1;0.1304347826086956;0.6;0.0060851926977687;7.666666666666667;1.0;0.0;1.0;0.0;0.0;0.0;0.0;0.0;0.0;0.0;0.0;1.0;0.0;0.0;0.0;1.0;0.0;0.0;0.0;1.0;1.0;0.0;0.0;0.0;0.0;0.0;0.0;0.0;1.0;0.0;0.0;0.0;0.0;0.0;0.0;0.0;0.0;0.0;0.0;0.0;0.0;0.0;0.0;0.0
2023-09-08;RCD Espanyol;7;1;1;49;115;Levante;0;1;16;15;10;3;0.4;0.6;362;0.82;13;13;0;0;0;1;3;0.0;1.0;0.0;1.0;0.0;0.0;1.0;1.0;1.0;0.0;0.0;5;0.04;0.0;297;0.0437710437710437;742.5;0.1875;7.5;1;-0.1999999999999999;-2;-1;0;0.0441988950276243;0.25;0.1;0.75;2;2;4;1;0;0;1;0;0.25;0.4;0.011049723756906;4.0;1.0;0.0;1.0;0.0;0.0;0.0;0.0;0.0;0.0;0.0;0.0;1.0;0.0;0.0;0.0;0.0;1.0;0.0;0.0;1.0;0.0;0.0;0.0;0.0;0.0;0.0;0.0;0.0;1.0;0.0;0.0;0.0;0.0;0.0;0.0;0.0;0.0;0.0;0.0;0.0;0.0;0.0;0.0;0.0
2023-09-03;RCD Espanyol;7;3;1;49;816;Amorebieta;3;1;20;7;7;4;0.6;0.4;536;0.82;6;15;3;1;0;0;4;0.0;1.0;0.0;1.0;0.0;0.0;1.0;1.0;0.0;0.0;0.0;3;0.0571428571428571;0.5;440;0.0136363636363636;733.3333333333334;0.2;6.666666666666667;13;0.1999999999999999;1;2;-9;0.0373134328358208;0.15;0.1999999999999999;1.3333333333333333;0;3;3;1;0;0;0;1;0.15;0.4285714285714285;0.0055970149253731;6.666666666666667;1.0;0.0;1.0;0.0;1.0;0.0;0.0;0.0;0.0;0.0;0.0;1.0;0.0;0.0;0.0;0.0;1.0;0.0;1.0;1.0;0.0;0.0;0.0;0.0;0.0;0.0;0.0;0.0;0.0;0.0;0.0;0.0;0.0;0.0;0.0;0.0;0.0;0.0;0.0;0.0;0.0;0.0;0.0;0.0
2023-08-27;RCD Espanyol;7;0;17;49;116;Mirandés;2;4;17;5;4;1;0.48;0.52;402;0.8;13;12;2;4;0;0;7;0.0;1.0;0.0;1.0;0.0;0.0;1.0;1.0;0.0;0.0;0.0;4;0.104;0.1538461538461538;322;0.0403726708074534;670.8333333333334;0.4117647058823529;14.583333333333334;12;-0.04;3;-2;1;0.0422885572139303;0.0588235294117647;0.48;7.0;0;1;1;1;0;0;1;0;0.0588235294117647;0.25;0.0024875621890547;17.0;0.0;0.0;1.0;0.0;1.0;0.0;0.0;0.0;0.0;0.0;0.0;1.0;0.0;0.0;0.0;0.0;1.0;0.0;1.0;1.0;0.0;0.0;0.0;0.0;0.0;0.0;0.0;0.0;0.0;1.0;0.0;0.0;0.0;0.0;0.0;0.0;0.0;0.0;0.0;0.0;0.0;0.0;0.0;0.0
2023-08-19;RCD Espanyol;7;1;1;49;114;Racing de Santander;1;2;21;12;6;2;0.46;0.54;404;0.79;23;17;1;2;0;0;6;0.0;0.0;0.0;1.0;0.0;0.0;1.0;0.0;1.0;0.0;0.0;7;0.045;0.0434782608695652;319;0.0721003134796238;693.4782608695651;0.2857142857142857;13.043478260869565;9;-0.08;-1;-1;6;0.0519801980198019;0.0952380952380952;0.23;3.0;1;1;2;1;0;0;0;1;0.0952380952380952;0.3333333333333333;0.0049504950495049;10.5;0.0;0.0;1.0;0.0;1.0;0.0;0.0;0.0;0.0;0.0;0.0;1.0;0.0;0.0;0.0;0.0;1.0;0.0;0.0;1.0;1.0;1.0;0.0;0.0;0.0;0.0;0.0;0.0;0.0;1.0;0.0;0.0;0.0;0.0;0.0;0.0;0.0;0.0;0.0;0.0;0.0;0.0;0.0;0.0
2023-08-13;RCD Espanyol;7;0;1;49;127;Albacete;3;3;8;17;3;6;0.44;0.56;294;0.71;19;14;3;3;0;0;4;0.0;0.0;0.0;1.0;0.0;0.0;1.0;1.0;0.0;0.0;0.0;7;0.0329411764705882;0.1578947368421052;209;0.0909090909090909;475.0;0.5;9.090909090909092;-9;-0.12;-3;0;5;0.0272108843537414;0.125;0.44;4.0;1;0;1;0;1;0;1;0;0.125;0.3333333333333333;0.0034013605442176;8.0;0.0;0.0;1.0;0.0;1.0;0.0;0.0;0.0;0.0;0.0;0.0;1.0;0.0;0.0;0.0;0.0;0.0;0.0;1.0;1.0;1.0;1.0;0.0;0.0;0.0;0.0;0.0;0.0;0.0;1.0;0.0;0.0;0.0;0.0;0.0;0.0;0.0;0.0;0.0;0.0;0.0;0.0;0.0;0.0
2023-06-04;RCD Espanyol;1;3;0;49;126;Almería;2;4;12;11;8;4;0.64;0.36;458;0.86;11;12;2;4;0;0;7;1.0;0.0;0.0;0.0;0.0;0.0;0.0;0.0;1.0;0.0;0.0;5;0.0327272727272727;0.1818181818181818;394;0.0279187817258883;615.625;0.5833333333333334;10.9375;1;0.28;2;-2;-1;0.0262008733624454;0.25;0.2133333333333333;2.333333333333333;1;2;3;0;1;0;0;1;0.25;0.375;0.0065502183406113;4.0;1.0;0.0;1.0;0.0;1.0;0.0;0.0;0.0;0.0;0.0;0.0;0.0;0.0;0.0;0.0;0.0;0.0;0.0;0.0;1.0;1.0;0.0;0.0;0.0;0.0;0.0;0.0;0.0;0.0;0.0;1.0;1.0;1.0;1.0;0.0;0.0;0.0;0.0;0.0;0.0;0.0;0.0;0.0;0.0
2023-05-28;RCD Espanyol;1;4;3;49;52;Valencia C. F.;3;0;9;19;5;4;0.46;0.54;378;0.75;12;12;3;0;0;0;3;0.0;0.0;0.0;1.0;0.0;0.0;0.0;0.0;0.0;0.0;0.0;10;0.0284210526315789;0.25;284;0.0422535211267605;617.391304347826;0.3333333333333333;6.521739130434782;-10;-0.08;-7;3;0;0.0238095238095238;0.2222222222222222;0.23;1.5;1;1;2;0;1;0;1;0;0.2222222222222222;0.4;0.0052910052910052;4.5;1.0;0.0;0.0;0.0;1.0;0.0;0.0;0.0;0.0;0.0;1.0;1.0;0.0;0.0;0.0;0.0;0.0;0.0;0.0;1.0;0.0;1.0;0.0;0.0;0.0;0.0;0.0;0.0;0.0;0.0;0.0;1.0;1.0;1.0;1.0;0.0;0.0;0.0;0.0;0.0;0.0;0.0;0.0;0.0
2023-05-24;RCD Espanyol;1;4;4;49;27;Atlético Madrid;2;3;26;16;13;7;0.45;0.55;435;0.84;6;9;2;3;0;0;16;0.0;0.0;0.0;1.0;0.0;0.0;0.0;0.0;0.0;0.0;0.0;1;0.034375;0.3333333333333333;365;0.0164383561643835;811.1111111111111;0.6153846153846154;35.55555555555556;10;-0.1;15;-1;-3;0.0597701149425287;0.1153846153846153;0.15;5.333333333333333;0;3;3;0;1;0;0;1;0.1153846153846153;0.2307692307692307;0.0068965517241379;8.666666666666666;1.0;0.0;1.0;0.0;1.0;0.0;0.0;0.0;0.0;0.0;0.0;1.0;0.0;0.0;0.0;0.0;0.0;0.0;0.0;1.0;0.0;1.0;0.0;0.0;0.0;0.0;0.0;0.0;0.0;0.0;0.0;1.0;1.0;1.0;1.0;0.0;0.0;0.0;0.0;0.0;0.0;0.0;0.0;0.0
2023-05-21;RCD Espanyol;1;3;1;49;42;Rayo Vallecano;2;2;10;15;6;5;0.35;0.65;271;0.63;11;8;2;2;0;0;4;0.0;0.0;0.0;1.0;0.0;0.0;0.0;0.0;0.0;0.0;0.0;4;0.0433333333333333;0.1818181818181818;171;0.0643274853801169;488.5714285714286;0.4;11.428571428571429;-5;-0.3;0;0;3;0.03690036900369;0.2;0.175;2.0;1;1;2;1;0;0;1;0;0.2;0.3333333333333333;0.007380073800738;5.0;1.0;0.0;1.0;0.0;1.0;0.0;0.0;0.0;0.0;0.0;1.0;1.0;0.0;0.0;0.0;0.0;0.0;0.0;0.0;1.0;0.0;1.0;0.0;0.0;0.0;0.0;0.0;0.0;0.0;0.0;0.0;0.0;1.0;1.0;1.0;0.0;0.0;0.0;0.0;0.0;0.0;0.0;0.0;0.0
2023-05-14;RCD Espanyol;1;4;0;49;10;Barcelona;1;3;15;15;7;5;0.29;0.71;301;0.78;12;9;1;3;0;0;4;0.0;0.0;0.0;1.0;0.0;0.0;0.0;0.0;0.0;0.0;0.0;3;0.0473333333333333;0.0833333333333333;235;0.051063829787234;810.344827586207;0.2666666666666666;13.793103448275865;0;-0.42;1;-2;3;0.0498338870431893;0.1333333333333333;0.145;2.0;0;2;2;0;0;1;0;1;0.1333333333333333;0.2857142857142857;0.0066445182724252;7.5;0.0;0.0;0.0;0.0;1.0;0.0;0.0;0.0;0.0;0.0;1.0;1.0;0.0;0.0;0.0;0.0;0.0;0.0;0.0;1.0;1.0;1.0;0.0;0.0;0.0;0.0;0.0;0.0;0.0;0.0;0.0;1.0;1.0;1.0;1.0;0.0;0.0;0.0;0.0;0.0;0.0;0.0;0.0;0.0
2023-05-04;RCD Espanyol;1;9;3;49;43;Sevilla;2;1;7;18;3;6;0.36;0.64;294;0.75;11;15;2;1;0;0;0;0.0;0.0;0.0;1.0;0.0;0.0;0.0;0.0;0.0;0.0;0.0;9;0.0355555555555555;0.1818181818181818;220;0.05;611.1111111111111;0.0;0.0;-11;-0.28;-9;1;-4;0.0238095238095238;0.2857142857142857;0.18;0.0;2;0;2;0;0;1;1;0;0.2857142857142857;0.6666666666666666;0.0068027210884353;3.5;1.0;0.0;0.0;0.0;1.0;0.0;0.0;0.0;0.0;0.0;1.0;1.0;0.0;0.0;0.0;0.0;0.0;0.0;0.0;1.0;0.0;1.0;0.0;0.0;0.0;0.0;0.0;0.0;0.0;0.0;0.0;1.0;1.0;1.0;1.0;0.0;0.0;0.0;0.0;0.0;0.0;0.0;0.0;0.0
2023-04-30;RCD Espanyol;1;4;1;49;48;Getafe;4;5;17;7;8;2;0.58;0.42;372;0.76;12;23;4;5;0;0;6;0.0;0.0;0.0;1.0;0.0;0.0;0.0;0.0;0.0;0.0;0.0;3;0.06;0.3333333333333333;283;0.0424028268551236;487.93103448275866;0.3529411764705882;10.344827586206897;10;0.1599999999999999;3;-1;-11;0.0456989247311828;0.0588235294117647;0.58;6.0;1;0;1;1;0;0;0;1;0.0588235294117647;0.125;0.0026881720430107;17.0;0.0;0.0;1.0;0.0;0.0;0.0;0.0;0.0;0.0;0.0;1.0;1.0;0.0;0.0;0.0;0.0;0.0;0.0;0.0;1.0;1.0;1.0;0.0;0.0;0.0;0.0;0.0;0.0;0.0;0.0;0.0;0.0;1.0;1.0;1.0;1.0;0.0;0.0;0.0;0.0;0.0;0.0;0.0;0.0
2023-04-27;RCD Espanyol;1;8;3;49;37;Villarreal;5;2;14;31;4;13;0.35;0.65;262;0.78;10;14;4;2;1;0;2;0.0;0.0;0.0;0.0;0.0;0.0;0.0;0.0;0.0;0.0;0.0;9;0.0209677419354838;0.5;204;0.0490196078431372;582.8571428571429;0.1428571428571428;5.714285714285714;-17;-0.3;-7;3;-4;0.0534351145038167;0.1428571428571428;0.175;1.0;1;1;2;0;0;1;1;0;0.1428571428571428;0.5;0.0076335877862595;7.0;1.0;0.0;1.0;0.0;0.0;0.0;0.0;0.0;0.0;0.0;1.0;1.0;0.0;0.0;0.0;0.0;0.0;0.0;1.0;0.0;1.0;1.0;0.0;0.0;0.0;0.0;0.0;0.0;0.0;0.0;0.0;1.0;1.0;0.0;1.0;0.0;1.0;0.0;0.0;0.0;0.0;0.0;0.0;0.0
2023-04-21;RCD Espanyol;1;4;1;49;130;Cádiz;4;2;14;11;5;2;0.57;0.43;390;0.8;8;22;4;2;0;0;6;0.0;0.0;0.0;1.0;0.0;0.0;0.0;0.0;0.0;0.0;0.0;4;0.039090909090909;0.5;312;0.0256410256410256;547.3684210526317;0.4285714285714285;10.526315789473683;3;0.1399999999999999;2;2;-14;0.0358974358974358;0.0;0.0;0.0;0;0;0;0;1;0;0;1;0.0;0.0;0.0;0.0;0.0;0.0;0.0;0.0;0.0;0.0;0.0;0.0;0.0;0.0;1.0;1.0;0.0;0.0;0.0;0.0;0.0;1.0;0.0;1.0;1.0;1.0;0.0;0.0;0.0;0.0;0.0;0.0;0.0;0.0;0.0;1.0;1.0;0.0;1.0;1.0;0.0;0.0;0.0;0.0;0.0;0.0;0.0;0.0
2023-04-15;RCD Espanyol;1;0;3;49;39;Betis;2;2;13;15;4;8;0.48;0.52;377;0.83;13;9;2;2;0;0;13;0.0;0.0;0.0;1.0;0.0;0.0;0.0;0.0;0.0;0.0;0.0;4;0.0346666666666666;0.1538461538461538;313;0.0415335463258785;652.0833333333334;1.0;27.083333333333336;-2;-0.04;9;0;4;0.0344827586206896;0.0769230769230769;0.48;13.0;0;1;1;0;0;1;1;0;0.0769230769230769;0.25;0.0026525198938992;13.0;1.0;0.0;0.0;0.0;0.0;0.0;0.0;0.0;0.0;0.0;1.0;1.0;0.0;0.0;0.0;0.0;0.0;0.0;0.0;1.0;1.0;0.0;0.0;0.0;0.0;1.0;0.0;0.0;0.0;0.0;0.0;1.0;1.0;0.0;1.0;0.0;1.0;0.0;0.0;0.0;0.0;0.0;0.0;0.0
2023-04-08;RCD Espanyol;1;3;3;49;38;Athletic;5;4;9;12;2;7;0.48;0.52;441;0.81;14;18;4;4;1;0;8;0.0;0.0;0.0;1.0;0.0;0.0;0.0;0.0;1.0;0.0;0.0;7;0.0433333333333333;0.3571428571428571;357;0.0392156862745098;743.75;0.8888888888888888;16.666666666666668;-3;-0.04;1;1;-4;0.0204081632653061;0.1111111111111111;0.48;8.0;0;1;1;0;0;1;0;1;0.1111111111111111;0.5;0.0022675736961451;9.0;1.0;0.0;0.0;0.0;0.0;0.0;0.0;0.0;0.0;0.0;0.0;1.0;0.0;0.0;0.0;0.0;0.0;1.0;0.0;0.0;1.0;1.0;0.0;0.0;0.0;1.0;0.0;0.0;0.0;0.0;0.0;1.0;1.0;0.0;1.0;0.0;0.0;0.0;0.0;0.0;0.0;0.0;0.0;0.0
2023-04-01;RCD Espanyol;1;8;7;49;24;Girona;3;5;5;14;1;4;0.37;0.63;283;0.64;16;12;2;4;1;1;2;0.0;0.0;0.0;0.0;0.0;0.0;0.0;0.0;0.0;0.0;0.0;5;0.045;0.1875;181;0.0883977900552486;489.1891891891892;0.4;5.405405405405405;-9;-0.26;-3;-2;4;0.0176678445229682;0.2;0.37;2.0;0;1;1;0;0;1;1;0;0.2;1.0;0.0035335689045936;5.0;1.0;0.0;0.0;0.0;0.0;0.0;0.0;0.0;0.0;0.0;1.0;1.0;0.0;0.0;0.0;0.0;0.0;1.0;0.0;0.0;1.0;1.0;0.0;0.0;0.0;1.0;0.0;0.0;0.0;0.0;0.0;1.0;1.0;0.0;1.0;0.0;1.0;0.0;0.0;0.0;0.0;0.0;0.0;0.0
2023-03-18;RCD Espanyol;1;3;1;49;44;Celta de Vigo;2;2;11;8;3;4;0.56;0.44;455;0.8;11;12;2;2;0;0;4;0.0;0.0;0.0;1.0;0.0;0.0;0.0;0.0;0.0;0.0;0.0;1;0.055;0.1818181818181818;364;0.0302197802197802;649.9999999999999;0.3636363636363636;7.142857142857142;3;0.12;3;0;-1;0.0241758241758241;0.0909090909090909;0.56;4.0;0;1;1;0;0;1;0;1;0.0909090909090909;0.3333333333333333;0.0021978021978021;11.0;0.0;0.0;0.0;0.0;0.0;0.0;0.0;0.0;0.0;0.0;1.0;1.0;0.0;0.0;0.0;0.0;0.0;0.0;0.0;0.0;1.0;1.0;0.0;0.0;0.0;1.0;0.0;0.0;0.0;0.0;0.0;1.0;1.0;1.0;1.0;0.0;1.0;0.0;0.0;0.0;0.0;0.0;0.0;0.0
2023-03-11;RCD Espanyol;1;1;0;49;12;Real Madrid;2;3;10;22;3;7;0.29;0.71;260;0.8;17;12;2;3;0;0;4;0.0;0.0;0.0;1.0;0.0;0.0;0.0;0.0;0.0;0.0;0.0;7;0.0322727272727272;0.1176470588235294;208;0.0817307692307692;717.2413793103449;0.4;13.793103448275865;-12;-0.42;-3;-1;5;0.0384615384615384;0.1;0.29;4.0;1;0;1;0;0;1;1;0;0.1;0.3333333333333333;0.0038461538461538;10.0;0.0;0.0;0.0;0.0;0.0;0.0;0.0;0.0;0.0;0.0;1.0;1.0;0.0;0.0;0.0;0.0;0.0;1.0;0.0;0.0;1.0;1.0;0.0;0.0;0.0;1.0;0.0;0.0;0.0;0.0;0.0;1.0;1.0;0.0;1.0;0.0;1.0;0.0;0.0;0.0;0.0;0.0;0.0;0.0
2023-03-05;RCD Espanyol;1;3;0;49;51;Valladolid;2;3;12;15;2;5;0.56;0.44;426;0.78;11;4;2;3;0;0;6;0.0;0.0;0.0;0.0;0.0;0.0;0.0;0.0;0.0;0.0;0.0;9;0.0293333333333333;0.1818181818181818;332;0.0331325301204819;592.8571428571428;0.5;10.714285714285714;-3;0.12;-3;-1;7;0.028169014084507;0.0833333333333333;0.56;6.0;0;1;1;0;0;1;1;0;0.0833333333333333;0.5;0.0023474178403755;12.0;1.0;0.0;0.0;0.0;1.0;0.0;0.0;0.0;0.0;0.0;1.0;1.0;0.0;0.0;0.0;0.0;0.0;0.0;0.0;0.0;1.0;1.0;0.0;0.0;0.0;0.0;0.0;0.0;0.0;0.0;0.0;1.0;1.0;1.0;1.0;0.0;1.0;0.0;0.0;0.0;0.0;0.0;0.0;0.0
2023-02-25;RCD Espanyol;1;0;4;49;40;R.C.D. Mallorca;2;2;9;15;3;4;0.39;0.61;305;0.68;15;18;2;2;0;0;0;0.0;0.0;0.0;0.0;0.0;0.0;0.0;0.0;0.0;0.0;0.0;4;0.0406666666666666;0.1333333333333333;207;0.072463768115942;530.7692307692307;0.0;0.0;-6;-0.2199999999999999;-4;0;-3;0.0295081967213114;0.2222222222222222;0.195;0.0;1;1;2;1;0;0;0;1;0.2222222222222222;0.6666666666666666;0.0065573770491803;4.5;1.0;0.0;0.0;0.0;1.0;0.0;0.0;0.0;0.0;0.0;1.0;1.0;0.0;0.0;0.0;0.0;0.0;0.0;0.0;0.0;1.0;1.0;0.0;0.0;0.0;0.0;0.0;0.0;0.0;0.0;0.0;1.0;1.0;1.0;0.0;0.0;1.0;1.0;0.0;0.0;0.0;0.0;0.0;0.0
2023-02-19;RCD Espanyol;1;2;6;49;123;Elche C. F.;3;1;11;19;4;5;0.54;0.46;409;0.77;12;11;3;0;0;1;5;0.0;0.0;0.0;0.0;0.0;0.0;0.0;0.0;0.0;0.0;0.0;10;0.0242105263157894;0.25;315;0.0380952380952381;583.3333333333333;0.4545454545454545;9.25925925925926;-8;0.08;-5;2;1;0.0268948655256723;0.0909090909090909;0.54;5.0;0;1;1;1;0;0;1;0;0.0909090909090909;0.25;0.0024449877750611;11.0;1.0;0.0;0.0;0.0;1.0;0.0;0.0;0.0;0.0;0.0;1.0;1.0;0.0;0.0;0.0;0.0;0.0;1.0;0.0;0.0;1.0;1.0;0.0;0.0;0.0;1.0;0.0;0.0;0.0;0.0;0.0;0.0;1.0;1.0;0.0;0.0;1.0;0.0;0.0;0.0;0.0;0.0;0.0;0.0
2023-02-13;RCD Espanyol;1;1;7;49;46;Real Sociedad;3;1;10;11;6;5;0.43;0.57;373;0.73;9;17;2;1;1;0;4;0.0;0.0;0.0;1.0;0.0;0.0;0.0;0.0;0.0;0.0;0.0;3;0.0518181818181818;0.3333333333333333;272;0.0330882352941176;632.5581395348837;0.4;9.30232558139535;-1;-0.1399999999999999;1;2;-8;0.0268096514745308;0.2;0.215;2.0;0;2;2;0;0;1;0;1;0.2;0.3333333333333333;0.0053619302949061;5.0;1.0;0.0;1.0;0.0;1.0;0.0;0.0;0.0;0.0;0.0;0.0;0.0;0.0;0.0;0.0;0.0;0.0;0.0;0.0;1.0;1.0;1.0;0.0;0.0;0.0;0.0;0.0;0.0;0.0;0.0;0.0;0.0;1.0;0.0;0.0;0.0;1.0;1.0;1.0;0.0;0.0;0.0;0.0;0.0
2023-02-04;RCD Espanyol;1;1;7;49;41;Osasuna;2;4;9;9;4;3;0.4;0.6;320;0.74;9;17;1;3;1;1;4;0.0;0.0;0.0;1.0;0.0;0.0;0.0;0.0;0.0;0.0;0.0;3;0.0666666666666666;0.2222222222222222;237;0.0379746835443038;592.5;0.4444444444444444;10.0;0;-0.1999999999999999;1;-2;-8;0.028125;0.1111111111111111;0.4;4.0;0;1;1;0;1;0;0;1;0.1111111111111111;0.25;0.003125;9.0;1.0;0.0;1.0;0.0;1.0;0.0;0.0;0.0;0.0;0.0;0.0;0.0;0.0;0.0;0.0;0.0;0.0;0.0;0.0;1.0;1.0;0.0;0.0;0.0;0.0;0.0;0.0;0.0;0.0;0.0;1.0;1.0;1.0;0.0;0.0;0.0;0.0;1.0;1.0;0.0;0.0;0.0;0.0;0.0
2023-01-27;RCD Espanyol;1;14;0;49;126;Almería;3;3;6;19;3;7;0.43;0.57;315;0.67;6;16;3;3;0;0;2;0.0;0.0;0.0;1.0;0.0;0.0;0.0;0.0;0.0;0.0;0.0;2;0.03;0.5;211;0.0284360189573459;490.6976744186047;0.3333333333333333;4.651162790697675;-13;-0.1399999999999999;0;0;-10;0.019047619047619;0.1666666666666666;0.43;2.0;0;1;1;0;0;1;1;0;0.1666666666666666;0.3333333333333333;0.0031746031746031;6.0;1.0;0.0;0.0;0.0;1.0;0.0;0.0;0.0;0.0;0.0;0.0;0.0;0.0;0.0;0.0;0.0;0.0;0.0;0.0;0.0;1.0;1.0;0.0;0.0;0.0;0.0;0.0;0.0;0.0;0.0;0.0;1.0;1.0;0.0;1.0;0.0;1.0;1.0;1.0;0.0;0.0;0.0;0.0;0.0
2023-01-21;RCD Espanyol;1;1;3;49;39;Betis;3;2;8;13;2;4;0.3;0.7;251;0.69;18;8;3;2;0;0;7;0.0;0.0;0.0;1.0;0.0;0.0;0.0;0.0;0.0;0.0;0.0;4;0.0538461538461538;0.1666666666666666;173;0.1040462427745664;576.6666666666667;0.875;23.333333333333336;-5;-0.3999999999999999;3;1;10;0.0318725099601593;0.125;0.3;7.0;1;0;1;1;0;0;0;1;0.125;0.5;0.0039840637450199;8.0;1.0;0.0;0.0;0.0;1.0;0.0;0.0;0.0;0.0;0.0;0.0;0.0;0.0;0.0;0.0;0.0;0.0;0.0;0.0;0.0;1.0;1.0;0.0;0.0;0.0;0.0;0.0;0.0;0.0;0.0;0.0;1.0;1.0;0.0;1.0;0.0;1.0;1.0;1.0;0.0;0.0;0.0;0.0;0.0
2023-01-18;RCD Espanyol;19;9;3;49;38;Athletic;4;1;4;24;1;9;0.36;0.64;304;0.71;13;10;4;1;0;0;2;1.0;0.0;0.0;1.0;0.0;0.0;0.0;0.0;1.0;0.0;0.0;17;0.0266666666666666;0.3076923076923077;216;0.0601851851851851;600.0;0.5;5.555555555555555;-20;-0.28;-15;3;3;0.0131578947368421;0.0;0.0;0.0;0;0;0;0;0;1;1;0;0.0;0.0;0.0;0.0;1.0;0.0;0.0;0.0;1.0;0.0;0.0;0.0;0.0;0.0;1.0;0.0;0.0;0.0;0.0;0.0;0.0;0.0;0.0;0.0;0.0;0.0;0.0;0.0;0.0;1.0;0.0;0.0;0.0;0.0;0.0;1.0;1.0;0.0;1.0;0.0;1.0;0.0;0.0;0.0;0.0;0.0;0.0;0.0
2023-01-15;RCD Espanyol;1;17;4;49;48;Getafe;3;2;10;10;4;2;0.38;0.62;279;0.65;13;20;3;2;0;0;1;0.0;0.0;0.0;1.0;0.0;0.0;0.0;0.0;0.0;0.0;0.0;5;0.062;0.2307692307692307;181;0.0718232044198895;476.3157894736842;0.1;2.631578947368421;0;-0.24;-4;1;-7;0.03584229390681;0.2;0.19;0.5;1;1;2;1;0;0;1;0;0.2;0.5;0.007168458781362;5.0;1.0;0.0;1.0;0.0;0.0;0.0;0.0;0.0;0.0;0.0;0.0;0.0;0.0;0.0;0.0;0.0;0.0;0.0;0.0;0.0;1.0;1.0;0.0;0.0;0.0;0.0;0.0;0.0;0.0;0.0;0.0;1.0;1.0;0.0;1.0;0.0;1.0;1.0;1.0;0.0;0.0;0.0;0.0;0.0
2023-01-07;RCD Espanyol;1;0;7;49;24;Girona;3;2;12;12;6;5;0.44;0.56;354;0.78;13;16;3;2;0;0;5;0.0;0.0;0.0;1.0;0.0;0.0;0.0;0.0;1.0;0.0;0.0;2;0.0466666666666666;0.2307692307692307;276;0.0471014492753623;627.2727272727273;0.4166666666666667;11.363636363636363;0;-0.12;3;1;-3;0.0338983050847457;0.1666666666666666;0.22;2.5;0;2;2;0;1;0;0;1;0.1666666666666666;0.3333333333333333;0.0056497175141242;6.0;0.0;0.0;1.0;0.0;1.0;0.0;0.0;0.0;0.0;0.0;1.0;0.0;0.0;0.0;0.0;0.0;0.0;0.0;0.0;1.0;1.0;1.0;0.0;0.0;0.0;0.0;0.0;0.0;0.0;0.0;0.0;0.0;1.0;0.0;1.0;0.0;0.0;0.0;1.0;0.0;0.0;0.0;0.0;0.0
2023-01-03;RCD Espanyol;19;3;3;49;44;Celta de Vigo;5;7;15;14;6;2;0.47;0.53;519;0.8;19;17;5;6;0;1;11;1.0;0.0;0.0;1.0;0.0;0.0;0.0;0.0;1.0;0.0;0.0;4;0.0378571428571428;0.2631578947368421;415;0.0457831325301204;882.9787234042553;0.7333333333333333;23.404255319148938;1;-0.06;7;-2;2;0.0289017341040462;0.2;0.1566666666666666;3.6666666666666665;0;3;3;1;0;0;0;1;0.2;0.5;0.0057803468208092;5.0;1.0;0.0;0.0;0.0;1.0;0.0;0.0;0.0;0.0;0.0;0.0;0.0;0.0;0.0;0.0;0.0;0.0;0.0;0.0;0.0;1.0;0.0;0.0;0.0;0.0;1.0;0.0;0.0;0.0;1.0;0.0;1.0;0.0;0.0;0.0;0.0;1.0;0.0;0.0;1.0;0.0;0.0;0.0;0.0
2022-12-31;RCD Espanyol;1;3;0;49;10;Barcelona;7;6;4;21;1;6;0.22;0.78;186;0.67;15;11;6;5;1;1;2;0.0;0.0;0.0;1.0;0.0;0.0;0.0;0.0;0.0;0.0;0.0;10;0.0371428571428571;0.4666666666666667;125;0.12;568.1818181818181;0.5;9.090909090909092;-17;-0.56;-8;1;4;0.021505376344086;0.25;0.22;2.0;0;1;1;0;1;0;1;0;0.25;1.0;0.0053763440860215;4.0;0.0;0.0;1.0;0.0;1.0;0.0;0.0;0.0;0.0;0.0;1.0;0.0;0.0;0.0;0.0;0.0;0.0;0.0;0.0;1.0;1.0;1.0;0.0;0.0;0.0;0.0;0.0;0.0;0.0;0.0;0.0;0.0;1.0;0.0;1.0;0.0;1.0;0.0;1.0;0.0;0.0;0.0;0.0;0.0
2022-12-20;RCD Espanyol;19;1;6;49;-1;Atlético Paso;2;1;12;4;6;0;0.65;0.35;406;0.72;10;12;2;1;0;0;5;1.0;0.0;0.0;1.0;0.0;0.0;0.0;0.0;0.0;0.0;0.0;3;0.0875;0.2;292;0.0342465753424657;449.2307692307692;0.4166666666666667;7.692307692307692;8;0.3;2;1;-2;0.0295566502463054;0.0833333333333333;0.65;5.0;0;1;1;1;0;0;1;0;0.0833333333333333;0.1666666666666666;0.0024630541871921;12.0;1.0;0.0;1.0;0.0;1.0;0.0;0.0;0.0;0.0;0.0;0.0;0.0;0.0;0.0;0.0;0.0;0.0;0.0;1.0;1.0;0.0;1.0;0.0;0.0;0.0;0.0;0.0;0.0;0.0;1.0;0.0;0.0;0.0;0.0;1.0;0.0;0.0;0.0;0.0;0.0;1.0;0.0;0.0;0.0
2022-11-12;RCD Espanyol;19;3;8;49;-1;Rincón;5;3;19;0;10;0;0.68;0.32;613;0.91;13;9;4;2;1;1;8;0.0;1.0;0.0;1.0;0.0;0.0;1.0;0.0;1.0;0.0;0.0;0;0.0;0.3846153846153846;558;0.0232974910394265;820.5882352941176;0.4210526315789473;11.76470588235294;19;0.36;8;2;4;0.030995106035889;0.1578947368421052;0.2266666666666666;2.6666666666666665;0;3;3;1;0;0;1;0;0.1578947368421052;0.3;0.0048939641109298;6.333333333333333;0.0;0.0;0.0;0.0;0.0;0.0;0.0;0.0;0.0;0.0;0.0;0.0;0.0;0.0;0.0;0.0;0.0;0.0;0.0;1.0;0.0;0.0;0.0;0.0;0.0;0.0;0.0;0.0;0.0;1.0;0.0;0.0;0.0;0.0;0.0;0.0;0.0;1.0;1.0;0.0;1.0;1.0;1.0;0.0
2022-11-09;RCD Espanyol;1;3;0;49;37;Villarreal;1;3;14;10;6;3;0.44;0.56;414;0.85;11;6;1;3;0;0;4;0.0;0.0;0.0;0.0;0.0;0.0;0.0;0.0;0.0;0.0;0.0;7;0.056;0.0909090909090909;352;0.03125;800.0;0.2857142857142857;9.090909090909092;4;-0.12;-3;-2;5;0.0338164251207729;0.0;0.0;0.0;0;0;0;0;0;1;0;1;0.0;0.0;0.0;0.0;1.0;0.0;1.0;0.0;1.0;0.0;0.0;0.0;0.0;0.0;1.0;0.0;0.0;0.0;0.0;0.0;0.0;0.0;1.0;0.0;1.0;1.0;0.0;0.0;0.0;0.0;0.0;0.0;0.0;0.0;0.0;0.0;1.0;0.0;1.0;0.0;1.0;0.0;0.0;0.0;0.0;0.0;0.0;1.0
2022-11-06;RCD Espanyol;1;3;1;49;27;Atlético Madrid;6;3;6;27;2;7;0.32;0.68;269;0.71;10;13;5;3;1;0;2;0.0;0.0;0.0;1.0;0.0;0.0;0.0;0.0;0.0;0.0;0.0;12;0.0251851851851851;0.6;191;0.0523560209424083;596.875;0.3333333333333333;6.25;-21;-0.36;-10;3;-3;0.0223048327137546;0.1666666666666666;0.32;2.0;0;1;1;0;1;0;1;0;0.1666666666666666;0.5;0.0037174721189591;6.0;0.0;0.0;1.0;0.0;1.0;0.0;0.0;0.0;0.0;0.0;0.0;0.0;0.0;0.0;0.0;0.0;0.0;0.0;1.0;0.0;1.0;1.0;0.0;0.0;0.0;0.0;0.0;0.0;0.0;0.0;0.0;0.0;1.0;0.0;1.0;0.0;1.0;1.0;0.0;0.0;0.0;0.0;0.0;1.0
2022-10-28;RCD Espanyol;1;0;9;49;40;R.C.D. Mallorca;1;5;7;13;2;5;0.48;0.52;421;0.79;9;15;1;4;0;1;4;0.0;0.0;0.0;1.0;0.0;0.0;0.0;0.0;1.0;0.0;0.0;4;0.04;0.1111111111111111;333;0.027027027027027;693.75;0.5714285714285714;8.333333333333334;-6;-0.04;0;-4;-6;0.0166270783847981;0.1428571428571428;0.48;4.0;0;1;1;0;1;0;1;0;0.1428571428571428;0.5;0.002375296912114;7.0;1.0;0.0;0.0;0.0;1.0;0.0;0.0;0.0;0.0;0.0;1.0;0.0;0.0;0.0;0.0;0.0;0.0;0.0;0.0;0.0;1.0;1.0;0.0;0.0;0.0;0.0;0.0;0.0;0.0;0.0;0.0;0.0;1.0;0.0;1.0;0.0;1.0;0.0;0.0;0.0;0.0;0.0;0.0;1.0
