Fecha;Equipo_name;Torneo;Alineacion;Alineacion_contrincante;equipo;equipo_contrincante;equipo_contrincante_name;tarjetas;tarjetas_contrincante;Remates;Remates_contrincante;Remates al arco;Remates al arco_contrincante;Posesión;Posesión_contrincante;Pases;Precisión de los pases;Faltas;Faltas_contrincante;Tarjetas amarillas;Tarjetas amarillas_contrincante;Tarjetas rojas;Tarjetas rojas_contrincante;Tiros de esquina;Thibaut Courtois-Real Madrid;Lucas Vázquez-Real Madrid;Raúl Asencio del Rosario-Real Madrid;Antonio Rüdiger-Real Madrid;David Alaba-Real Madrid;Federico Valverde-Real Madrid;Aurélien Tchouaméni-Real Madrid;Rodrygo-Real Madrid;Jude Bellingham-Real Madrid;Vinícius Júnior-Real Madrid;Kylian Mbappé-Real Madrid;Tiros de esquina_concedidos;Posesión_contra_por_remate;tarjetas_por_falta;pases_completados;faltas_por_pases;pases_por_posesion;tirosEsquina_por_remate;tirosEsquina_por_posesion;diff_remates;diff_posesion;diff_Tiros de esquina;diff_tarjetas;diff_faltas;remates_por_pase;posesion_por_remate;posesion_por_gol;tirosEsquina_por_gol;goles_primera_mitad;goles_segunda_mitad;goles_totales;gano;empato;perdio;visitante;local;conversion_goles;conversion_arco;goles_por_pase;remates_al_arco_por_gol;Francisco José García Torres-Real Madrid;Arda Güler-Real Madrid;Eduardo Camavinga-Real Madrid;Luka Modrić-Real Madrid;Fran González-Real Madrid;Brahim Díaz-Real Madrid;Andriy Lunin-Real Madrid;Endrick-Real Madrid;Ferland Mendy-Real Madrid;Dani Ceballos-Real Madrid;Jacobo Ramón-Real Madrid;Lorenzo Aguado-Real Madrid;Diego Aguado-Real Madrid;Éder Militão-Real Madrid;Dani Carvajal-Real Madrid;Mario Martín Rielves-Real Madrid;Jesús Vallejo-Real Madrid;Nacho Fernández Iglesias-Real Madrid;Toni Kroos-Real Madrid;Joselu-Real Madrid;Kepa Arrizabalaga-Real Madrid;Vinicius Tobias-Real Madrid;Álvaro Carrillo Alacid-Real Madrid;Nico Paz-Real Madrid;Karim Benzema-Real Madrid;Marco Asensio-Real Madrid;Eden Hazard-Real Madrid;Mariano Díaz Mejía-Real Madrid
2025-05-11;Real Madrid;1;3;3;12;10;Barcelona;3;4;9;23;5;9;0.37;0.63;296;0.8;15;17;3;4;0;0;2;1.0;1.0;1.0;0.0;0.0;1.0;1.0;0.0;1.0;1.0;1.0;10;0.027391304347826;0.2;237;0.0632911392405063;640.5405405405405;0.2222222222222222;5.405405405405405;-14;-0.26;-8;-1;-2;0.0304054054054054;0.3333333333333333;0.1233333333333333;0.6666666666666666;2;1;3;0;0;1;1;0;0.3333333333333333;0.6;0.0101351351351351;3.0;1.0;1.0;0.0;0.0;0.0;0.0;0.0;0.0;0.0;1.0;0.0;0.0;0.0;0.0;0.0;0.0;0.0;0.0;0.0;0.0;0.0;0.0;0.0;0.0;0.0;0.0;0.0;0.0
2025-05-04;Real Madrid;1;3;17;12;44;Celta de Vigo;2;1;17;14;6;7;0.54;0.46;605;0.92;5;11;2;1;0;0;4;1.0;1.0;1.0;0.0;0.0;1.0;1.0;0.0;1.0;1.0;1.0;6;0.0328571428571428;0.4;557;0.0089766606822262;1031.4814814814815;0.2352941176470588;7.4074074074074066;3;0.08;-2;1;-6;0.028099173553719;0.1764705882352941;0.18;1.3333333333333333;2;1;3;1;0;0;0;1;0.1764705882352941;0.5;0.0049586776859504;5.666666666666667;1.0;1.0;0.0;0.0;0.0;0.0;0.0;0.0;0.0;1.0;0.0;0.0;0.0;0.0;0.0;0.0;0.0;0.0;0.0;0.0;0.0;0.0;0.0;0.0;0.0;0.0;0.0;0.0
2025-04-26;Real Madrid;19;3;3;12;10;Barcelona;5;4;15;22;7;9;0.4;0.6;457;0.8;11;23;3;4;2;0;7;1.0;1.0;1.0;1.0;0.0;1.0;1.0;1.0;1.0;1.0;0.0;8;0.0272727272727272;0.4545454545454545;366;0.0300546448087431;915.0;0.4666666666666667;17.5;-7;-0.1999999999999999;-1;1;-12;0.0328227571115973;0.1333333333333333;0.2;3.5;0;2;2;0;0;1;1;0;0.1333333333333333;0.2857142857142857;0.0043763676148796;7.5;0.0;0.0;0.0;0.0;0.0;0.0;0.0;0.0;1.0;1.0;0.0;0.0;0.0;0.0;0.0;0.0;0.0;0.0;0.0;0.0;0.0;0.0;0.0;0.0;0.0;0.0;0.0;0.0
2025-04-23;Real Madrid;1;1;9;12;48;Getafe;1;2;14;20;7;6;0.64;0.36;545;0.85;7;15;1;2;0;0;4;1.0;1.0;1.0;0.0;1.0;1.0;1.0;0.0;0.0;1.0;0.0;4;0.018;0.1428571428571428;463;0.0151187904967602;723.4375;0.2857142857142857;6.25;-6;0.28;0;-1;-8;0.0256880733944954;0.0714285714285714;0.64;4.0;1;0;1;1;0;0;1;0;0.0714285714285714;0.1428571428571428;0.0018348623853211;14.0;1.0;1.0;0.0;0.0;0.0;1.0;0.0;1.0;0.0;0.0;0.0;0.0;0.0;0.0;0.0;0.0;0.0;0.0;0.0;0.0;0.0;0.0;0.0;0.0;0.0;0.0;0.0;0.0
2025-04-20;Real Madrid;1;28;3;12;38;Athletic;1;2;22;3;7;1;0.74;0.26;661;0.91;7;15;1;2;0;0;14;1.0;0.0;1.0;1.0;0.0;1.0;1.0;1.0;1.0;1.0;0.0;1;0.0866666666666666;0.1428571428571428;602;0.0116279069767441;813.5135135135135;0.6363636363636364;18.91891891891892;19;0.48;13;-1;-8;0.0332829046898638;0.0454545454545454;0.74;14.0;0;1;1;1;0;0;0;1;0.0454545454545454;0.1428571428571428;0.0015128593040847;22.0;0.0;0.0;1.0;1.0;0.0;0.0;0.0;0.0;0.0;1.0;0.0;0.0;0.0;0.0;0.0;0.0;0.0;0.0;0.0;0.0;0.0;0.0;0.0;0.0;0.0;0.0;0.0;0.0
2025-04-16;Real Madrid;0;3;0;12;9;Arsenal;3;2;18;12;3;6;0.67;0.33;431;0.86;18;15;3;2;0;0;10;1.0;1.0;1.0;1.0;1.0;1.0;1.0;1.0;1.0;1.0;1.0;4;0.0275;0.1666666666666666;371;0.0485175202156334;553.7313432835821;0.5555555555555556;14.925373134328357;6;0.34;6;1;3;0.0417633410672853;0.0555555555555555;0.67;10.0;0;1;1;0;0;1;0;1;0.0555555555555555;0.3333333333333333;0.0023201856148491;18.0;0.0;0.0;0.0;0.0;0.0;0.0;0.0;0.0;0.0;0.0;0.0;0.0;0.0;0.0;0.0;0.0;0.0;0.0;0.0;0.0;0.0;0.0;0.0;0.0;0.0;0.0;0.0;0.0
2025-04-13;Real Madrid;1;7;3;12;45;Alavés;5;5;11;13;4;6;0.44;0.56;404;0.85;12;21;4;4;1;1;4;1.0;1.0;1.0;1.0;0.0;1.0;1.0;1.0;0.0;0.0;1.0;4;0.043076923076923;0.4166666666666667;343;0.0349854227405247;779.5454545454545;0.3636363636363636;9.090909090909092;-2;-0.12;0;0;-9;0.0272277227722772;0.0909090909090909;0.44;4.0;1;0;1;1;0;0;1;0;0.0909090909090909;0.25;0.0024752475247524;11.0;1.0;1.0;1.0;0.0;0.0;0.0;0.0;0.0;0.0;0.0;0.0;0.0;0.0;0.0;0.0;0.0;0.0;0.0;0.0;0.0;0.0;0.0;0.0;0.0;0.0;0.0;0.0;0.0
2025-04-08;Real Madrid;0;1;0;12;9;Arsenal;1;1;9;12;3;11;0.46;0.54;436;0.86;9;8;0;1;1;0;3;1.0;0.0;1.0;1.0;1.0;1.0;0.0;1.0;1.0;1.0;1.0;5;0.045;0.1111111111111111;375;0.024;815.2173913043478;0.3333333333333333;6.521739130434782;-3;-0.08;-2;0;1;0.0206422018348623;0.0;0.0;0.0;0;0;0;0;0;1;1;0;0.0;0.0;0.0;0.0;0.0;0.0;1.0;1.0;0.0;0.0;0.0;0.0;0.0;0.0;0.0;0.0;0.0;0.0;0.0;0.0;0.0;0.0;0.0;0.0;0.0;0.0;0.0;0.0;0.0;0.0;0.0;0.0
2025-04-05;Real Madrid;1;1;9;12;52;Valencia C. F.;0;4;21;10;9;2;0.65;0.35;621;0.9;10;13;0;4;0;0;9;0.0;1.0;0.0;1.0;0.0;1.0;1.0;0.0;1.0;1.0;1.0;4;0.0349999999999999;0.0;559;0.0178890876565295;860.0;0.4285714285714285;13.846153846153843;11;0.3;5;-4;-3;0.0338164251207729;0.0476190476190476;0.65;9.0;0;1;1;0;0;1;0;1;0.0476190476190476;0.1111111111111111;0.001610305958132;21.0;1.0;0.0;0.0;1.0;1.0;1.0;0.0;0.0;0.0;0.0;0.0;0.0;0.0;0.0;0.0;0.0;0.0;0.0;0.0;0.0;0.0;0.0;0.0;0.0;0.0;0.0;0.0;0.0
2025-04-01;Real Madrid;19;3;7;12;46;Real Sociedad;1;4;26;11;10;5;0.59;0.41;709;0.89;6;23;1;4;0;0;10;0.0;1.0;1.0;0.0;1.0;1.0;1.0;1.0;1.0;1.0;0.0;6;0.0372727272727272;0.1666666666666666;631;0.0095087163232963;1069.491525423729;0.3846153846153846;16.949152542372882;15;0.18;4;-3;-17;0.0366713681241184;0.1538461538461538;0.1475;2.5;1;3;4;0;1;0;0;1;0.1538461538461538;0.4;0.005641748942172;6.5;0.0;0.0;1.0;0.0;0.0;0.0;1.0;1.0;0.0;0.0;0.0;0.0;0.0;0.0;0.0;0.0;0.0;0.0;0.0;0.0;0.0;0.0;0.0;0.0;0.0;0.0;0.0;0.0
2025-03-29;Real Madrid;1;3;3;12;47;Leganés;1;4;24;10;10;4;0.71;0.29;606;0.91;9;13;1;4;0;0;8;0.0;1.0;1.0;1.0;0.0;0.0;0.0;0.0;1.0;0.0;1.0;3;0.0289999999999999;0.1111111111111111;551;0.0163339382940108;776.0563380281691;0.3333333333333333;11.267605633802818;14;0.42;5;-3;-4;0.0396039603960396;0.125;0.2366666666666666;2.6666666666666665;1;2;3;1;0;0;0;1;0.125;0.3;0.0049504950495049;8.0;1.0;1.0;1.0;1.0;0.0;1.0;1.0;0.0;0.0;0.0;0.0;0.0;0.0;0.0;0.0;0.0;0.0;0.0;0.0;0.0;0.0;0.0;0.0;0.0;0.0;0.0;0.0;0.0
2025-03-15;Real Madrid;1;3;1;12;37;Villarreal;1;2;9;23;5;10;0.55;0.45;597;0.88;3;17;1;2;0;0;4;1.0;1.0;1.0;0.0;0.0;1.0;1.0;1.0;1.0;0.0;1.0;11;0.0195652173913043;0.3333333333333333;525;0.0057142857142857;954.5454545454544;0.4444444444444444;7.272727272727272;-14;0.1;-7;-1;-14;0.0150753768844221;0.2222222222222222;0.275;2.0;2;0;2;1;0;0;1;0;0.2222222222222222;0.4;0.0033500837520938;4.5;1.0;0.0;1.0;0.0;0.0;1.0;0.0;0.0;0.0;0.0;0.0;0.0;0.0;0.0;0.0;0.0;0.0;0.0;0.0;0.0;0.0;0.0;0.0;0.0;0.0;0.0;0.0;0.0
2025-03-12;Real Madrid;0;1;1;12;27;Atlético Madrid;4;4;10;17;3;8;0.62;0.38;856;0.92;16;11;4;4;0;0;10;1.0;0.0;1.0;1.0;0.0;1.0;1.0;1.0;1.0;1.0;1.0;10;0.0223529411764705;0.25;788;0.0203045685279187;1270.967741935484;1.0;16.129032258064516;-7;0.24;0;0;5;0.0116822429906542;0.0;0.0;0.0;0;0;0;0;0;1;1;0;0.0;0.0;0.0;0.0;0.0;0.0;0.0;1.0;0.0;0.0;0.0;0.0;1.0;0.0;0.0;0.0;0.0;0.0;0.0;0.0;0.0;0.0;0.0;0.0;0.0;0.0;0.0;0.0;0.0;0.0;0.0;0.0
2025-03-09;Real Madrid;1;1;3;12;42;Rayo Vallecano;3;1;10;20;5;6;0.45;0.55;465;0.88;12;17;3;1;0;0;4;0.0;1.0;1.0;0.0;1.0;0.0;1.0;1.0;1.0;1.0;1.0;6;0.0275;0.25;409;0.0293398533007334;908.8888888888888;0.4;8.88888888888889;-10;-0.1;-2;2;-5;0.021505376344086;0.2;0.225;2.0;2;0;2;1;0;0;0;1;0.2;0.4;0.0043010752688172;5.0;1.0;0.0;0.0;1.0;0.0;0.0;1.0;0.0;0.0;0.0;0.0;0.0;0.0;0.0;0.0;0.0;0.0;0.0;0.0;0.0;0.0;0.0;0.0;0.0;0.0;0.0;0.0;0.0
2025-03-04;Real Madrid;0;1;1;12;27;Atlético Madrid;1;0;13;6;7;2;0.52;0.48;642;0.92;10;13;1;0;0;0;6;1.0;0.0;1.0;1.0;0.0;1.0;1.0;1.0;0.0;1.0;1.0;3;0.08;0.1;591;0.0169204737732656;1136.5384615384614;0.4615384615384615;11.538461538461538;7;0.04;3;1;-3;0.0202492211838006;0.1538461538461538;0.26;3.0;1;1;2;1;0;0;0;1;0.1538461538461538;0.2857142857142857;0.0031152647975077;6.5;0.0;0.0;1.0;0.0;0.0;1.0;0.0;0.0;1.0;0.0;0.0;0.0;0.0;0.0;0.0;0.0;0.0;0.0;0.0;0.0;0.0;0.0;0.0;0.0;0.0;0.0;0.0;0.0
2025-03-01;Real Madrid;1;0;3;12;39;Betis;4;3;9;18;2;3;0.59;0.41;551;0.85;12;17;4;3;0;0;2;1.0;1.0;0.0;1.0;1.0;0.0;1.0;1.0;0.0;1.0;1.0;9;0.0227777777777777;0.3333333333333333;468;0.0256410256410256;793.2203389830509;0.2222222222222222;3.389830508474577;-9;0.18;-7;1;-5;0.0163339382940108;0.1111111111111111;0.59;2.0;1;0;1;0;0;1;1;0;0.1111111111111111;0.5;0.0018148820326678;9.0;0.0;0.0;0.0;1.0;0.0;1.0;0.0;0.0;1.0;0.0;0.0;0.0;0.0;0.0;0.0;0.0;0.0;0.0;0.0;0.0;0.0;0.0;0.0;0.0;0.0;0.0;0.0;0.0
2025-02-26;Real Madrid;19;1;7;12;46;Real Sociedad;2;0;14;11;5;6;0.48;0.52;434;0.84;9;17;2;0;0;0;8;0.0;0.0;1.0;1.0;0.0;0.0;1.0;0.0;1.0;1.0;0.0;8;0.0472727272727272;0.2222222222222222;365;0.0246575342465753;760.4166666666667;0.5714285714285714;16.666666666666668;3;-0.04;0;2;-8;0.032258064516129;0.0714285714285714;0.48;8.0;1;0;1;1;0;0;1;0;0.0714285714285714;0.2;0.0023041474654377;14.0;1.0;1.0;1.0;0.0;0.0;0.0;1.0;1.0;0.0;1.0;0.0;0.0;0.0;0.0;0.0;0.0;0.0;0.0;0.0;0.0;0.0;0.0;0.0;0.0;0.0;0.0;0.0;0.0
2025-02-23;Real Madrid;1;13;29;12;24;Girona;0;2;22;6;5;2;0.64;0.36;676;0.93;1;7;0;2;0;0;11;1.0;1.0;1.0;0.0;1.0;0.0;1.0;1.0;0.0;1.0;1.0;5;0.06;0.0;629;0.0015898251192368;982.8125;0.5;17.1875;16;0.28;6;-2;-6;0.0325443786982248;0.0909090909090909;0.32;5.5;1;1;2;1;0;0;0;1;0.0909090909090909;0.4;0.0029585798816568;11.0;0.0;0.0;0.0;1.0;0.0;1.0;0.0;0.0;1.0;0.0;0.0;0.0;0.0;0.0;0.0;0.0;0.0;0.0;0.0;0.0;0.0;0.0;0.0;0.0;0.0;0.0;0.0;0.0
2025-02-19;Real Madrid;0;1;22;12;3;Manchester City;1;2;15;12;8;4;0.48;0.52;493;0.88;9;9;1;2;0;0;7;1.0;0.0;1.0;1.0;0.0;1.0;1.0;1.0;1.0;1.0;1.0;5;0.0433333333333333;0.1111111111111111;434;0.02073732718894;904.1666666666669;0.4666666666666667;14.583333333333334;3;-0.04;2;-1;0;0.0304259634888438;0.2;0.16;2.333333333333333;2;1;3;1;0;0;0;1;0.2;0.375;0.0060851926977687;5.0;0.0;0.0;0.0;0.0;0.0;0.0;0.0;0.0;1.0;1.0;0.0;0.0;0.0;0.0;0.0;0.0;0.0;0.0;0.0;0.0;0.0;0.0;0.0;0.0;0.0;0.0;0.0;0.0
2025-02-15;Real Madrid;1;1;7;12;41;Osasuna;2;3;17;11;6;4;0.55;0.45;475;0.88;7;16;1;3;1;0;2;1.0;0.0;1.0;0.0;0.0;1.0;1.0;0.0;1.0;1.0;1.0;6;0.0409090909090909;0.2857142857142857;418;0.0167464114832535;759.9999999999999;0.1176470588235294;3.636363636363636;6;0.1;-4;-1;-9;0.0357894736842105;0.0588235294117647;0.55;2.0;1;0;1;0;1;0;1;0;0.0588235294117647;0.1666666666666666;0.0021052631578947;17.0;1.0;0.0;1.0;1.0;0.0;1.0;0.0;0.0;0.0;0.0;0.0;0.0;0.0;0.0;0.0;0.0;0.0;0.0;0.0;0.0;0.0;0.0;0.0;0.0;0.0;0.0;0.0;0.0
2025-02-11;Real Madrid;0;1;7;12;3;Manchester City;0;0;20;11;8;4;0.45;0.55;420;0.89;6;9;0;0;0;0;5;1.0;0.0;1.0;0.0;0.0;1.0;1.0;1.0;1.0;1.0;1.0;6;0.05;0.0;374;0.0160427807486631;831.1111111111111;0.25;11.11111111111111;9;-0.1;-1;0;-3;0.0476190476190476;0.15;0.15;1.6666666666666667;0;3;3;1;0;0;1;0;0.15;0.375;0.0071428571428571;6.666666666666667;0.0;0.0;1.0;0.0;0.0;0.0;0.0;0.0;1.0;1.0;0.0;0.0;0.0;0.0;0.0;0.0;0.0;0.0;0.0;0.0;0.0;0.0;0.0;0.0;0.0;0.0;0.0;0.0
2025-02-08;Real Madrid;1;3;1;12;27;Atlético Madrid;1;3;23;10;9;1;0.61;0.39;665;0.92;14;13;1;3;0;0;6;1.0;1.0;1.0;0.0;0.0;1.0;1.0;1.0;1.0;1.0;1.0;1;0.039;0.0714285714285714;612;0.022875816993464;1003.2786885245902;0.2608695652173913;9.836065573770492;13;0.2199999999999999;5;-2;1;0.0345864661654135;0.0434782608695652;0.61;6.0;0;1;1;0;1;0;0;1;0.0434782608695652;0.1111111111111111;0.0015037593984962;23.0;1.0;0.0;0.0;0.0;0.0;0.0;0.0;0.0;0.0;1.0;0.0;0.0;0.0;0.0;0.0;0.0;0.0;0.0;0.0;0.0;0.0;0.0;0.0;0.0;0.0;0.0;0.0;0.0
2025-02-05;Real Madrid;19;0;7;12;47;Leganés;3;1;20;16;12;4;0.59;0.41;573;0.93;13;15;3;1;0;0;7;0.0;0.0;1.0;0.0;0.0;1.0;1.0;1.0;0.0;0.0;0.0;3;0.025625;0.2307692307692307;533;0.024390243902439;903.3898305084746;0.35;11.864406779661016;4;0.18;4;2;-2;0.0349040139616055;0.15;0.1966666666666666;2.333333333333333;2;1;3;1;0;0;1;0;0.15;0.25;0.0052356020942408;6.666666666666667;0.0;1.0;0.0;1.0;0.0;1.0;1.0;1.0;1.0;0.0;1.0;0.0;0.0;0.0;0.0;0.0;0.0;0.0;0.0;0.0;0.0;0.0;0.0;0.0;0.0;0.0;0.0;0.0
2025-02-01;Real Madrid;1;3;3;12;49;RCD Espanyol;0;2;21;5;7;2;0.77;0.23;793;0.91;3;14;0;2;0;0;8;1.0;1.0;0.0;1.0;0.0;1.0;1.0;1.0;1.0;1.0;1.0;1;0.046;0.0;722;0.0041551246537396;937.6623376623376;0.3809523809523809;10.38961038961039;16;0.54;7;-2;-11;0.0264817150063051;0.0;0.0;0.0;0;0;0;0;0;1;1;0;0.0;0.0;0.0;0.0;1.0;0.0;0.0;0.0;0.0;0.0;0.0;0.0;0.0;1.0;0.0;0.0;0.0;0.0;0.0;0.0;0.0;0.0;0.0;0.0;0.0;0.0;0.0;0.0;0.0;0.0;0.0;0.0
2025-01-29;Real Madrid;0;3;28;12;5;Stade Brestois;3;1;14;23;6;5;0.6;0.4;620;0.9;12;11;3;1;0;0;3;1.0;1.0;0.0;1.0;0.0;1.0;1.0;1.0;1.0;0.0;1.0;4;0.017391304347826;0.25;558;0.021505376344086;930.0;0.2142857142857142;5.0;-9;0.1999999999999999;-1;2;1;0.0225806451612903;0.2142857142857142;0.1999999999999999;1.0;1;2;3;1;0;0;1;0;0.2142857142857142;0.5;0.0048387096774193;4.666666666666667;0.0;0.0;0.0;1.0;0.0;1.0;0.0;0.0;1.0;0.0;0.0;0.0;0.0;0.0;0.0;0.0;0.0;0.0;0.0;0.0;0.0;0.0;0.0;0.0;0.0;0.0;0.0;0.0
2025-01-25;Real Madrid;1;3;0;12;51;Valladolid;3;2;20;6;4;2;0.69;0.31;694;0.92;12;11;3;1;0;1;7;1.0;0.0;1.0;1.0;0.0;1.0;1.0;1.0;1.0;0.0;1.0;1;0.0516666666666666;0.25;638;0.018808777429467;924.6376811594204;0.35;10.144927536231885;14;0.3799999999999999;6;1;1;0.0288184438040345;0.15;0.2299999999999999;2.333333333333333;1;2;3;1;0;0;1;0;0.15;0.75;0.0043227665706051;6.666666666666667;1.0;0.0;0.0;0.0;0.0;1.0;0.0;0.0;0.0;1.0;0.0;0.0;0.0;0.0;0.0;0.0;0.0;0.0;0.0;0.0;0.0;0.0;0.0;0.0;0.0;0.0;0.0;0.0
2025-01-22;Real Madrid;0;0;1;12;34;RB Salzburg;1;0;14;9;6;3;0.71;0.29;793;0.92;11;9;1;0;0;0;10;1.0;0.0;1.0;1.0;0.0;1.0;0.0;1.0;1.0;1.0;1.0;3;0.0322222222222222;0.0909090909090909;730;0.0150684931506849;1028.1690140845071;0.7142857142857143;14.084507042253522;5;0.42;7;1;2;0.0176544766708701;0.3571428571428571;0.142;2.0;2;3;5;1;0;0;0;1;0.3571428571428571;0.8333333333333334;0.0063051702395964;2.8;0.0;0.0;0.0;1.0;0.0;0.0;0.0;0.0;1.0;1.0;0.0;0.0;0.0;0.0;0.0;0.0;0.0;0.0;0.0;0.0;0.0;0.0;0.0;0.0;0.0;0.0;0.0;0.0
2025-01-19;Real Madrid;1;3;5;12;50;U. D. Las Palmas;0;2;26;6;13;2;0.62;0.38;565;0.92;11;13;0;1;0;1;8;1.0;1.0;1.0;1.0;0.0;1.0;0.0;1.0;1.0;0.0;1.0;2;0.0633333333333333;0.0;520;0.0211538461538461;838.7096774193549;0.3076923076923077;12.903225806451614;20;0.24;6;-2;-2;0.0460176991150442;0.1538461538461538;0.155;2.0;3;1;4;1;0;0;0;1;0.1538461538461538;0.3076923076923077;0.0070796460176991;6.5;1.0;0.0;0.0;0.0;0.0;1.0;0.0;0.0;0.0;1.0;0.0;0.0;0.0;0.0;0.0;0.0;0.0;0.0;0.0;0.0;0.0;0.0;0.0;0.0;0.0;0.0;0.0;0.0
2025-01-16;Real Madrid;19;0;9;12;44;Celta de Vigo;2;4;23;12;11;4;0.59;0.41;822;0.91;10;11;2;4;0;0;11;0.0;1.0;1.0;1.0;0.0;0.0;1.0;0.0;0.0;1.0;1.0;6;0.0341666666666666;0.2;748;0.0133689839572192;1267.7966101694915;0.4782608695652174;18.64406779661017;11;0.18;5;-2;-1;0.0279805352798053;0.217391304347826;0.118;2.2;1;4;5;1;0;0;0;1;0.217391304347826;0.4545454545454545;0.0060827250608272;4.6;1.0;0.0;0.0;1.0;0.0;1.0;1.0;0.0;0.0;1.0;0.0;0.0;0.0;0.0;0.0;0.0;0.0;0.0;0.0;0.0;0.0;0.0;0.0;0.0;0.0;0.0;0.0;0.0
2025-01-12;Real Madrid;18;3;3;12;10;Barcelona;5;5;19;14;6;8;0.48;0.52;404;0.85;14;13;5;4;0;1;9;1.0;1.0;0.0;1.0;0.0;1.0;1.0;1.0;1.0;1.0;1.0;5;0.0371428571428571;0.3571428571428571;343;0.0408163265306122;714.5833333333334;0.4736842105263157;18.75;5;-0.04;4;0;1;0.047029702970297;0.1052631578947368;0.24;4.5;1;1;2;0;0;1;0;1;0.1052631578947368;0.3333333333333333;0.0049504950495049;9.5;0.0;0.0;1.0;0.0;0.0;0.0;0.0;0.0;1.0;0.0;0.0;0.0;0.0;0.0;0.0;0.0;0.0;0.0;0.0;0.0;0.0;0.0;0.0;0.0;0.0;0.0;0.0;0.0
2025-01-09;Real Madrid;18;3;1;12;40;R.C.D. Mallorca;4;2;28;8;11;0;0.65;0.35;543;0.9;12;14;4;2;0;0;6;1.0;1.0;0.0;1.0;0.0;1.0;1.0;1.0;1.0;1.0;1.0;1;0.04375;0.3333333333333333;489;0.0245398773006134;752.3076923076923;0.2142857142857142;9.23076923076923;20;0.3;5;2;-2;0.0515653775322283;0.1071428571428571;0.2166666666666666;2.0;0;3;3;1;0;0;0;1;0.1071428571428571;0.2727272727272727;0.005524861878453;9.333333333333334;0.0;0.0;1.0;0.0;0.0;0.0;0.0;0.0;1.0;0.0;0.0;0.0;0.0;0.0;0.0;0.0;0.0;0.0;0.0;0.0;0.0;0.0;0.0;0.0;0.0;0.0;0.0;0.0
2025-01-06;Real Madrid;19;0;7;12;-1;Deportiva Minera;0;1;33;4;21;1;0.67;0.33;692;0.92;13;11;0;1;0;0;9;0.0;0.0;1.0;0.0;0.0;1.0;0.0;0.0;0.0;0.0;0.0;0;0.0825;0.0;637;0.0204081632653061;950.7462686567164;0.2727272727272727;13.43283582089552;29;0.34;9;-1;2;0.0476878612716763;0.1515151515151515;0.134;1.8;3;2;5;1;0;0;1;0;0.1515151515151515;0.238095238095238;0.0072254335260115;6.6;1.0;1.0;1.0;1.0;0.0;1.0;1.0;1.0;0.0;0.0;0.0;1.0;1.0;0.0;0.0;0.0;0.0;0.0;0.0;0.0;0.0;0.0;0.0;0.0;0.0;0.0;0.0;0.0
2025-01-03;Real Madrid;1;3;1;12;52;Valencia C. F.;4;2;17;8;5;5;0.62;0.38;618;0.89;9;16;3;2;1;0;5;1.0;1.0;0.0;1.0;0.0;1.0;1.0;1.0;1.0;1.0;1.0;2;0.0475;0.4444444444444444;550;0.0163636363636363;887.0967741935484;0.2941176470588235;8.064516129032258;9;0.24;3;2;-7;0.0275080906148867;0.1176470588235294;0.31;2.5;0;2;2;1;0;0;1;0;0.1176470588235294;0.4;0.0032362459546925;8.5;0.0;0.0;0.0;0.0;0.0;0.0;0.0;0.0;1.0;1.0;0.0;0.0;0.0;0.0;0.0;0.0;0.0;0.0;0.0;0.0;0.0;0.0;0.0;0.0;0.0;0.0;0.0;0.0
2024-12-22;Real Madrid;1;3;1;12;43;Sevilla;1;2;16;10;8;5;0.6;0.4;634;0.9;5;14;1;2;0;0;6;1.0;1.0;0.0;1.0;0.0;1.0;1.0;1.0;1.0;0.0;1.0;6;0.04;0.2;571;0.0087565674255691;951.6666666666669;0.375;10.0;6;0.1999999999999999;0;-1;-9;0.0252365930599369;0.25;0.15;1.5;3;1;4;1;0;0;0;1;0.25;0.5;0.0063091482649842;4.0;0.0;0.0;1.0;0.0;0.0;1.0;0.0;0.0;0.0;1.0;0.0;0.0;0.0;0.0;0.0;0.0;0.0;0.0;0.0;0.0;0.0;0.0;0.0;0.0;0.0;0.0;0.0;0.0
2024-12-18;Real Madrid;-1;3;3;12;-1;Pachuca;0;2;12;12;5;4;0.66;0.34;702;0.91;14;13;0;2;0;0;6;1.0;1.0;0.0;1.0;0.0;1.0;1.0;1.0;1.0;1.0;1.0;5;0.0283333333333333;0.0;639;0.0219092331768388;968.181818181818;0.5;9.09090909090909;0;0.32;1;-2;1;0.017094017094017;0.25;0.22;2.0;1;2;3;1;0;0;0;1;0.25;0.6;0.0042735042735042;4.0;1.0;0.0;1.0;0.0;0.0;0.0;0.0;0.0;0.0;0.0;0.0;0.0;0.0;0.0;0.0;0.0;0.0;0.0;0.0;0.0;0.0;0.0;0.0;0.0;0.0;0.0;0.0;0.0
2024-12-14;Real Madrid;1;3;1;12;42;Rayo Vallecano;2;4;13;14;6;5;0.67;0.33;624;0.88;8;18;2;4;0;0;3;1.0;1.0;0.0;1.0;0.0;1.0;1.0;1.0;1.0;0.0;0.0;4;0.0235714285714285;0.25;549;0.0145719489981785;819.4029850746268;0.2307692307692307;4.477611940298507;-1;0.34;-1;-2;-10;0.0208333333333333;0.2307692307692307;0.2233333333333333;1.0;2;1;3;0;1;0;1;0;0.2307692307692307;0.5;0.0048076923076923;4.333333333333333;1.0;1.0;0.0;1.0;0.0;1.0;0.0;0.0;0.0;0.0;0.0;0.0;0.0;0.0;0.0;0.0;0.0;0.0;0.0;0.0;0.0;0.0;0.0;0.0;0.0;0.0;0.0;0.0
2024-12-10;Real Madrid;0;3;29;12;17;Atalanta;2;1;10;20;6;9;0.44;0.56;472;0.85;13;15;2;1;0;0;2;1.0;1.0;0.0;1.0;0.0;1.0;1.0;0.0;1.0;1.0;1.0;5;0.028;0.1538461538461538;401;0.0324189526184538;911.3636363636364;0.2;4.545454545454546;-10;-0.12;-3;1;-2;0.0211864406779661;0.3;0.1466666666666666;0.6666666666666666;1;2;3;1;0;0;1;0;0.3;0.5;0.0063559322033898;3.333333333333333;1.0;0.0;0.0;0.0;0.0;1.0;0.0;0.0;0.0;1.0;0.0;0.0;0.0;0.0;0.0;0.0;0.0;0.0;0.0;0.0;0.0;0.0;0.0;0.0;0.0;0.0;0.0;0.0
2024-12-07;Real Madrid;1;3;3;12;24;Girona;2;3;10;10;7;4;0.59;0.41;675;0.92;7;6;2;3;0;0;3;1.0;1.0;0.0;1.0;0.0;1.0;1.0;0.0;1.0;0.0;1.0;6;0.0409999999999999;0.2857142857142857;621;0.0112721417069243;1052.542372881356;0.3;5.084745762711865;0;0.18;-3;-1;1;0.0148148148148148;0.3;0.1966666666666666;1.0;1;2;3;1;0;0;1;0;0.3;0.4285714285714285;0.0044444444444444;3.333333333333333;0.0;1.0;0.0;1.0;0.0;1.0;0.0;0.0;1.0;0.0;0.0;0.0;0.0;0.0;0.0;0.0;0.0;0.0;0.0;0.0;0.0;0.0;0.0;0.0;0.0;0.0;0.0;0.0
2024-12-04;Real Madrid;1;1;3;12;38;Athletic;3;3;10;9;5;3;0.64;0.36;618;0.86;9;21;3;3;0;0;2;1.0;1.0;1.0;1.0;0.0;1.0;1.0;1.0;1.0;0.0;1.0;5;0.04;0.3333333333333333;531;0.0169491525423728;829.6875;0.2;3.125;1;0.28;-3;0;-12;0.0161812297734627;0.1;0.64;2.0;0;1;1;0;0;1;1;0;0.1;0.2;0.0016181229773462;10.0;1.0;0.0;0.0;0.0;0.0;0.0;0.0;0.0;0.0;1.0;0.0;0.0;0.0;0.0;0.0;0.0;0.0;0.0;0.0;0.0;0.0;0.0;0.0;0.0;0.0;0.0;0.0;0.0
2024-12-01;Real Madrid;1;0;1;12;48;Getafe;2;6;13;8;4;3;0.7;0.3;619;0.89;7;26;2;6;0;0;5;1.0;1.0;1.0;1.0;0.0;1.0;0.0;1.0;1.0;0.0;1.0;3;0.0375;0.2857142857142857;551;0.0127041742286751;787.1428571428572;0.3846153846153846;7.142857142857143;5;0.3999999999999999;2;-4;-19;0.0210016155088853;0.1538461538461538;0.35;2.5;2;0;2;1;0;0;0;1;0.1538461538461538;0.5;0.0032310177705977;6.5;1.0;0.0;0.0;0.0;0.0;1.0;0.0;0.0;0.0;1.0;0.0;0.0;0.0;0.0;0.0;0.0;0.0;0.0;0.0;0.0;0.0;0.0;0.0;0.0;0.0;0.0;0.0;0.0
2024-11-27;Real Madrid;0;13;0;12;2;Liverpool;4;3;8;17;3;7;0.37;0.63;366;0.87;10;11;4;3;0;0;5;1.0;0.0;1.0;1.0;0.0;1.0;0.0;0.0;1.0;0.0;1.0;8;0.0370588235294117;0.4;318;0.0314465408805031;859.4594594594595;0.625;13.513513513513514;-9;-0.26;-3;1;-1;0.0218579234972677;0.0;0.0;0.0;0;0;0;0;0;1;1;0;0.0;0.0;0.0;0.0;0.0;1.0;1.0;1.0;0.0;1.0;0.0;0.0;1.0;0.0;0.0;0.0;0.0;0.0;0.0;0.0;0.0;0.0;0.0;0.0;0.0;0.0;0.0;0.0;0.0;0.0;0.0;0.0
2024-11-24;Real Madrid;1;1;17;12;47;Leganés;0;2;16;4;9;0;0.68;0.32;631;0.88;11;17;0;2;0;0;4;1.0;0.0;1.0;1.0;0.0;1.0;0.0;0.0;1.0;1.0;1.0;2;0.08;0.0;555;0.0198198198198198;816.1764705882352;0.25;5.88235294117647;12;0.36;2;-2;-6;0.0253565768621236;0.1875;0.2266666666666666;1.3333333333333333;1;2;3;1;0;0;1;0;0.1875;0.3333333333333333;0.0047543581616481;5.333333333333333;1.0;1.0;1.0;0.0;0.0;0.0;0.0;0.0;0.0;1.0;0.0;0.0;0.0;0.0;0.0;0.0;0.0;0.0;0.0;0.0;0.0;0.0;0.0;0.0;0.0;0.0;0.0;0.0
2024-11-09;Real Madrid;1;0;0;12;41;Osasuna;0;2;18;2;8;0;0.69;0.31;626;0.9;9;16;0;2;0;0;11;0.0;1.0;0.0;1.0;0.0;1.0;0.0;1.0;1.0;1.0;1.0;3;0.155;0.0;563;0.0159857904085257;815.9420289855074;0.6111111111111112;15.942028985507248;16;0.3799999999999999;8;-2;-7;0.0287539936102236;0.2222222222222222;0.1725;2.75;2;2;4;1;0;0;0;1;0.2222222222222222;0.5;0.0063897763578274;4.5;1.0;0.0;1.0;0.0;0.0;0.0;1.0;0.0;0.0;0.0;0.0;0.0;0.0;1.0;0.0;0.0;0.0;0.0;0.0;0.0;0.0;0.0;0.0;0.0;0.0;0.0;0.0;0.0
2024-11-05;Real Madrid;0;1;3;12;25;Milan;4;2;23;14;10;9;0.57;0.43;511;0.93;11;9;4;2;0;0;8;0.0;1.0;0.0;1.0;0.0;1.0;1.0;0.0;1.0;1.0;1.0;5;0.0307142857142857;0.3636363636363636;475;0.0231578947368421;833.3333333333334;0.3478260869565217;14.035087719298248;9;0.1399999999999999;3;2;2;0.0450097847358121;0.0434782608695652;0.57;8.0;1;0;1;0;0;1;0;1;0.0434782608695652;0.1;0.0019569471624266;23.0;0.0;0.0;0.0;1.0;0.0;0.0;1.0;0.0;1.0;0.0;0.0;0.0;0.0;1.0;0.0;0.0;0.0;0.0;0.0;0.0;0.0;0.0;0.0;0.0;0.0;0.0;0.0;0.0
2024-10-26;Real Madrid;1;1;3;12;10;Barcelona;2;5;9;15;4;7;0.41;0.59;311;0.78;15;17;2;5;0;0;10;0.0;1.0;0.0;1.0;0.0;1.0;1.0;0.0;1.0;1.0;1.0;3;0.0393333333333333;0.1333333333333333;243;0.0617283950617283;592.6829268292684;1.1111111111111112;24.390243902439025;-6;-0.18;7;-3;-2;0.0289389067524115;0.0;0.0;0.0;0;0;0;0;0;1;0;1;0.0;0.0;0.0;0.0;0.0;0.0;1.0;0.0;0.0;0.0;1.0;0.0;1.0;0.0;0.0;0.0;0.0;1.0;0.0;0.0;0.0;0.0;0.0;0.0;0.0;0.0;0.0;0.0;0.0;0.0;0.0;0.0
2024-10-22;Real Madrid;0;0;3;12;11;Dortmund;1;0;26;8;10;7;0.52;0.48;516;0.9;10;11;1;0;0;0;11;1.0;1.0;0.0;1.0;0.0;1.0;0.0;1.0;1.0;1.0;1.0;4;0.06;0.1;464;0.021551724137931;892.3076923076923;0.4230769230769231;21.15384615384616;18;0.04;7;1;-1;0.0503875968992248;0.1923076923076923;0.104;2.2;0;5;5;1;0;0;0;1;0.1923076923076923;0.5;0.0096899224806201;5.2;0.0;0.0;0.0;1.0;0.0;0.0;0.0;0.0;1.0;0.0;0.0;0.0;0.0;1.0;0.0;0.0;0.0;0.0;0.0;0.0;0.0;0.0;0.0;0.0;0.0;0.0;0.0;0.0
2024-10-19;Real Madrid;1;17;6;12;44;Celta de Vigo;1;2;10;13;3;5;0.53;0.47;610;0.88;13;16;1;2;0;0;2;1.0;1.0;0.0;1.0;0.0;1.0;1.0;0.0;1.0;1.0;1.0;6;0.0361538461538461;0.0769230769230769;537;0.0242085661080074;1013.2075471698112;0.2;3.773584905660377;-3;0.06;-4;-1;-3;0.0163934426229508;0.2;0.265;1.0;1;1;2;1;0;0;1;0;0.2;0.6666666666666666;0.0032786885245901;5.0;1.0;0.0;1.0;0.0;0.0;0.0;0.0;0.0;0.0;0.0;0.0;0.0;0.0;1.0;0.0;0.0;0.0;0.0;0.0;0.0;0.0;0.0;0.0;0.0;0.0;0.0;0.0;0.0
2024-10-05;Real Madrid;1;1;0;12;37;Villarreal;0;1;11;12;2;1;0.56;0.44;649;0.91;7;11;0;1;0;0;2;0.0;0.0;0.0;1.0;0.0;1.0;1.0;0.0;1.0;1.0;1.0;5;0.0366666666666666;0.0;591;0.0118443316412859;1055.357142857143;0.1818181818181818;3.571428571428571;-1;0.12;-3;-1;-4;0.0169491525423728;0.1818181818181818;0.28;1.0;1;1;2;1;0;0;0;1;0.1818181818181818;1.0;0.0030816640986132;5.5;0.0;0.0;1.0;1.0;0.0;0.0;1.0;0.0;1.0;0.0;0.0;0.0;0.0;0.0;1.0;0.0;0.0;0.0;0.0;0.0;0.0;0.0;0.0;0.0;0.0;0.0;0.0;0.0
2024-10-02;Real Madrid;0;1;3;12;15;LOSC;5;2;12;7;6;3;0.58;0.42;598;0.87;14;12;5;2;0;0;3;0.0;0.0;0.0;1.0;0.0;1.0;1.0;0.0;1.0;1.0;0.0;2;0.06;0.3571428571428571;520;0.0269230769230769;896.551724137931;0.25;5.172413793103448;5;0.1599999999999999;1;3;2;0.020066889632107;0.0;0.0;0.0;0;0;0;0;0;1;1;0;0.0;0.0;0.0;0.0;0.0;0.0;1.0;0.0;0.0;0.0;1.0;1.0;1.0;0.0;0.0;0.0;0.0;1.0;1.0;0.0;0.0;0.0;0.0;0.0;0.0;0.0;0.0;0.0;0.0;0.0;0.0;0.0
2024-09-29;Real Madrid;1;1;1;12;27;Atlético Madrid;1;4;12;12;4;4;0.49;0.51;548;0.89;11;11;1;3;0;1;5;1.0;0.0;0.0;1.0;0.0;1.0;1.0;1.0;1.0;1.0;0.0;5;0.0425;0.0909090909090909;488;0.0225409836065573;995.9183673469388;0.4166666666666667;10.20408163265306;0;-0.02;0;-3;0;0.0218978102189781;0.0833333333333333;0.49;5.0;0;1;1;0;1;0;1;0;0.0833333333333333;0.25;0.0018248175182481;12.0;0.0;0.0;0.0;1.0;0.0;0.0;0.0;0.0;1.0;0.0;0.0;0.0;0.0;1.0;1.0;0.0;0.0;0.0;0.0;0.0;0.0;0.0;0.0;0.0;0.0;0.0;0.0;0.0
2024-09-24;Real Madrid;1;0;1;12;45;Alavés;4;0;10;12;4;3;0.69;0.31;735;0.91;7;10;4;0;0;0;4;1.0;1.0;0.0;1.0;0.0;1.0;1.0;1.0;1.0;1.0;1.0;4;0.0258333333333333;0.5714285714285714;669;0.0104633781763826;969.5652173913044;0.4;5.797101449275363;-2;0.3799999999999999;0;4;-3;0.0136054421768707;0.3;0.2299999999999999;1.3333333333333333;2;1;3;1;0;0;0;1;0.3;0.75;0.0040816326530612;3.333333333333333;0.0;0.0;0.0;0.0;0.0;0.0;0.0;0.0;1.0;0.0;0.0;0.0;0.0;1.0;0.0;0.0;0.0;0.0;0.0;0.0;0.0;0.0;0.0;0.0;0.0;0.0;0.0;0.0
2024-09-21;Real Madrid;1;0;4;12;49;RCD Espanyol;4;3;31;10;14;1;0.73;0.27;703;0.9;7;5;4;3;0;0;9;1.0;0.0;0.0;0.0;0.0;1.0;1.0;1.0;1.0;0.0;1.0;4;0.027;0.5714285714285714;633;0.0110584518167456;867.1232876712329;0.2903225806451613;12.32876712328767;21;0.4599999999999999;5;1;2;0.0440967283072546;0.1290322580645161;0.1825;2.25;0;4;4;1;0;0;0;1;0.1290322580645161;0.2857142857142857;0.0056899004267425;7.75;1.0;1.0;0.0;1.0;0.0;0.0;0.0;0.0;0.0;0.0;0.0;0.0;0.0;1.0;1.0;0.0;0.0;0.0;0.0;0.0;0.0;0.0;0.0;0.0;0.0;0.0;0.0;0.0
2024-09-17;Real Madrid;0;0;3;12;18;Stuttgart;4;1;20;17;8;7;0.45;0.55;432;0.86;13;9;4;1;0;0;10;1.0;1.0;0.0;1.0;0.0;1.0;1.0;1.0;1.0;1.0;1.0;6;0.0323529411764705;0.3076923076923077;372;0.0349462365591397;826.6666666666666;0.5;22.22222222222222;3;-0.1;4;3;4;0.0462962962962962;0.15;0.15;3.333333333333333;0;3;3;1;0;0;0;1;0.15;0.375;0.0069444444444444;6.666666666666667;0.0;0.0;0.0;0.0;0.0;0.0;0.0;0.0;1.0;0.0;0.0;0.0;0.0;0.0;1.0;0.0;0.0;0.0;0.0;0.0;0.0;0.0;0.0;0.0;0.0;0.0;0.0;0.0
2024-09-14;Real Madrid;1;3;5;12;46;Real Sociedad;1;4;16;11;6;2;0.52;0.48;494;0.88;9;12;1;4;0;0;6;1.0;0.0;0.0;1.0;0.0;1.0;0.0;0.0;0.0;1.0;1.0;6;0.0436363636363636;0.1111111111111111;435;0.0206896551724137;836.5384615384615;0.375;11.538461538461538;5;0.04;0;-3;-3;0.0323886639676113;0.125;0.26;3.0;0;2;2;1;0;0;1;0;0.125;0.3333333333333333;0.0040485829959514;8.0;0.0;1.0;0.0;1.0;0.0;1.0;0.0;0.0;1.0;0.0;0.0;0.0;0.0;1.0;1.0;0.0;0.0;0.0;0.0;0.0;0.0;0.0;0.0;0.0;0.0;0.0;0.0;0.0
2024-09-01;Real Madrid;1;0;3;12;39;Betis;2;0;22;11;7;2;0.6;0.4;608;0.89;9;17;2;0;0;0;7;1.0;0.0;0.0;1.0;0.0;1.0;1.0;1.0;0.0;1.0;1.0;3;0.0363636363636363;0.2222222222222222;541;0.0166358595194085;901.6666666666669;0.3181818181818182;11.666666666666668;11;0.1999999999999999;4;2;-8;0.0361842105263157;0.0909090909090909;0.3;3.5;0;2;2;1;0;0;0;1;0.0909090909090909;0.2857142857142857;0.0032894736842105;11.0;0.0;0.0;0.0;0.0;0.0;0.0;0.0;0.0;1.0;1.0;0.0;0.0;0.0;1.0;1.0;0.0;0.0;0.0;0.0;0.0;0.0;0.0;0.0;0.0;0.0;0.0;0.0;0.0
2024-08-29;Real Madrid;1;3;7;12;50;U. D. Las Palmas;3;0;25;7;8;2;0.57;0.43;547;0.87;13;16;3;0;0;0;6;1.0;1.0;0.0;1.0;0.0;1.0;1.0;0.0;0.0;1.0;1.0;2;0.0614285714285714;0.2307692307692307;476;0.0273109243697479;835.0877192982457;0.24;10.526315789473683;18;0.1399999999999999;4;3;-3;0.0457038391224862;0.04;0.57;6.0;0;1;1;0;1;0;1;0;0.04;0.125;0.0018281535648994;25.0;0.0;0.0;0.0;1.0;0.0;1.0;0.0;0.0;1.0;0.0;0.0;0.0;0.0;1.0;0.0;0.0;0.0;0.0;0.0;0.0;0.0;0.0;0.0;0.0;0.0;0.0;0.0;0.0
2024-08-25;Real Madrid;1;3;7;12;51;Valladolid;1;1;17;8;9;0;0.64;0.36;648;0.91;10;15;1;1;0;0;5;1.0;0.0;0.0;1.0;0.0;1.0;1.0;1.0;0.0;1.0;1.0;5;0.045;0.1;590;0.0169491525423728;921.875;0.2941176470588235;7.8125;9;0.28;0;0;-5;0.0262345679012345;0.1764705882352941;0.2133333333333333;1.6666666666666667;0;3;3;1;0;0;0;1;0.1764705882352941;0.3333333333333333;0.0046296296296296;5.666666666666667;1.0;1.0;0.0;0.0;0.0;0.0;0.0;0.0;0.0;0.0;0.0;0.0;0.0;1.0;1.0;0.0;0.0;0.0;0.0;0.0;0.0;0.0;0.0;0.0;0.0;0.0;0.0;0.0
2024-08-18;Real Madrid;1;0;0;12;40;R.C.D. Mallorca;1;1;13;12;5;5;0.67;0.33;667;0.89;6;11;0;1;1;0;7;1.0;0.0;0.0;1.0;0.0;1.0;1.0;1.0;1.0;1.0;1.0;8;0.0275;0.1666666666666666;594;0.0101010101010101;886.5671641791045;0.5384615384615384;10.44776119402985;1;0.34;-1;0;-5;0.0194902548725637;0.0769230769230769;0.67;7.0;1;0;1;0;1;0;1;0;0.0769230769230769;0.2;0.0014992503748125;13.0;0.0;0.0;0.0;0.0;0.0;0.0;0.0;0.0;1.0;0.0;0.0;0.0;0.0;1.0;1.0;0.0;0.0;0.0;0.0;0.0;0.0;0.0;0.0;0.0;0.0;0.0;0.0;0.0
2024-08-14;Real Madrid;17;0;29;12;17;Atalanta;2;2;13;7;6;2;0.52;0.48;550;0.87;12;19;2;2;0;0;5;1.0;0.0;0.0;1.0;0.0;1.0;1.0;1.0;1.0;1.0;1.0;2;0.0685714285714285;0.1666666666666666;478;0.0251046025104602;919.2307692307692;0.3846153846153846;9.615384615384617;6;0.04;3;0;-7;0.0236363636363636;0.1538461538461538;0.26;2.5;0;2;2;1;0;0;0;1;0.1538461538461538;0.3333333333333333;0.0036363636363636;6.5;0.0;0.0;0.0;0.0;0.0;0.0;0.0;0.0;1.0;0.0;0.0;0.0;0.0;1.0;1.0;0.0;0.0;0.0;0.0;0.0;0.0;0.0;0.0;0.0;0.0;0.0;0.0;0.0
2024-08-06;Real Madrid;6;0;3;12;53;Chelsea;1;0;14;9;3;3;0.57;0.43;592;0.92;10;6;1;0;0;0;6;1.0;1.0;0.0;1.0;0.0;0.0;0.0;1.0;0.0;1.0;0.0;1;0.0477777777777777;0.1;545;0.018348623853211;956.1403508771932;0.4285714285714285;10.526315789473683;5;0.1399999999999999;5;1;4;0.0236486486486486;0.1428571428571428;0.285;3.0;2;0;2;1;0;0;0;1;0.1428571428571428;0.6666666666666666;0.0033783783783783;7.0;1.0;0.0;0.0;1.0;0.0;1.0;0.0;0.0;0.0;1.0;0.0;0.0;0.0;1.0;0.0;1.0;0.0;0.0;0.0;0.0;0.0;0.0;0.0;0.0;0.0;0.0;0.0;0.0
2024-08-03;Real Madrid;6;0;3;12;10;Barcelona;2;2;11;11;3;6;0.51;0.49;548;0.91;14;12;2;2;0;0;6;1.0;1.0;0.0;1.0;0.0;0.0;0.0;0.0;0.0;0.0;0.0;6;0.0445454545454545;0.1428571428571428;499;0.0280561122244488;978.4313725490196;0.5454545454545454;11.76470588235294;0;0.02;0;0;2;0.0200729927007299;0.0909090909090909;0.51;6.0;0;1;1;0;0;1;0;1;0.0909090909090909;0.3333333333333333;0.0018248175182481;11.0;1.0;1.0;0.0;1.0;0.0;1.0;0.0;1.0;0.0;1.0;0.0;0.0;0.0;1.0;0.0;1.0;0.0;0.0;0.0;0.0;0.0;0.0;0.0;0.0;0.0;0.0;0.0;0.0
2024-07-31;Real Madrid;6;0;3;12;25;Milan;0;1;8;11;2;4;0.48;0.52;474;0.88;15;16;0;1;0;0;3;1.0;1.0;0.0;1.0;0.0;0.0;0.0;0.0;0.0;0.0;0.0;1;0.0472727272727272;0.0;417;0.0359712230215827;868.75;0.375;6.25;-3;-0.04;2;-1;-1;0.0168776371308016;0.0;0.0;0.0;0;0;0;0;0;1;1;0;0.0;0.0;0.0;0.0;1.0;1.0;0.0;1.0;0.0;1.0;0.0;1.0;0.0;1.0;0.0;0.0;0.0;0.0;0.0;1.0;1.0;0.0;0.0;0.0;0.0;0.0;0.0;0.0;0.0;0.0;0.0;0.0
2024-06-01;Real Madrid;0;28;0;12;11;Dortmund;1;3;13;13;6;4;0.58;0.42;549;0.91;8;12;1;3;0;0;8;1.0;0.0;0.0;1.0;0.0;1.0;0.0;1.0;1.0;1.0;0.0;9;0.0323076923076923;0.125;500;0.016;862.0689655172414;0.6153846153846154;13.793103448275865;0;0.1599999999999999;-1;-2;-4;0.02367941712204;0.1538461538461538;0.29;4.0;0;2;2;1;0;0;1;0;0.1538461538461538;0.3333333333333333;0.0036429872495446;6.5;0.0;0.0;1.0;0.0;0.0;0.0;0.0;0.0;1.0;0.0;0.0;0.0;0.0;0.0;1.0;0.0;0.0;1.0;1.0;0.0;0.0;0.0;0.0;0.0;0.0;0.0;0.0;0.0
2024-05-25;Real Madrid;1;28;8;12;39;Betis;2;1;13;11;5;3;0.6;0.4;645;0.93;8;11;2;1;0;0;4;1.0;0.0;0.0;1.0;0.0;1.0;0.0;1.0;1.0;1.0;0.0;5;0.0363636363636363;0.25;600;0.0133333333333333;1000.0;0.3076923076923077;6.666666666666667;2;0.1999999999999999;-1;1;-3;0.0201550387596899;0.0;0.0;0.0;0;0;0;0;1;0;0;1;0.0;0.0;0.0;0.0;0.0;0.0;1.0;0.0;0.0;0.0;0.0;0.0;1.0;0.0;0.0;0.0;0.0;0.0;1.0;0.0;0.0;1.0;1.0;0.0;0.0;0.0;0.0;0.0;0.0;0.0;0.0;0.0
2024-05-19;Real Madrid;1;3;1;12;37;Villarreal;2;2;12;21;6;7;0.57;0.43;685;0.91;12;15;2;2;0;0;3;0.0;1.0;0.0;1.0;0.0;1.0;0.0;0.0;0.0;0.0;0.0;3;0.0204761904761904;0.1666666666666666;623;0.0192616372391653;1092.982456140351;0.25;5.2631578947368425;-9;0.1399999999999999;0;0;-3;0.0175182481751824;0.3333333333333333;0.1425;0.75;4;0;4;0;1;0;1;0;0.3333333333333333;0.6666666666666666;0.0058394160583941;3.0;1.0;1.0;0.0;1.0;0.0;1.0;1.0;0.0;0.0;1.0;0.0;0.0;0.0;1.0;0.0;0.0;0.0;0.0;0.0;1.0;0.0;0.0;0.0;0.0;0.0;0.0;0.0;0.0
2024-05-14;Real Madrid;1;28;3;12;45;Alavés;1;1;22;18;11;10;0.72;0.28;789;0.92;6;12;1;1;0;0;4;1.0;0.0;0.0;0.0;0.0;1.0;0.0;1.0;1.0;1.0;0.0;1;0.0155555555555555;0.1666666666666666;726;0.0082644628099173;1008.3333333333334;0.1818181818181818;5.555555555555555;4;0.4399999999999999;3;0;-6;0.0278833967046894;0.2272727272727272;0.144;0.8;3;2;5;1;0;0;0;1;0.2272727272727272;0.4545454545454545;0.0063371356147021;4.4;0.0;0.0;1.0;0.0;0.0;0.0;0.0;0.0;1.0;0.0;0.0;0.0;0.0;1.0;1.0;0.0;0.0;1.0;1.0;0.0;0.0;0.0;0.0;0.0;0.0;0.0;0.0;0.0
2024-05-11;Real Madrid;1;0;1;12;119;Granada;0;2;13;12;7;1;0.59;0.41;538;0.88;10;11;0;2;0;0;5;1.0;1.0;0.0;1.0;0.0;0.0;0.0;0.0;0.0;0.0;0.0;8;0.0341666666666666;0.0;473;0.0211416490486257;801.6949152542373;0.3846153846153846;8.474576271186441;1;0.18;-3;-2;-1;0.0241635687732342;0.3076923076923077;0.1475;1.25;2;2;4;1;0;0;1;0;0.3076923076923077;0.5714285714285714;0.0074349442379182;3.25;1.0;1.0;1.0;1.0;0.0;1.0;0.0;0.0;0.0;1.0;0.0;0.0;0.0;1.0;0.0;0.0;0.0;0.0;0.0;1.0;0.0;0.0;0.0;0.0;0.0;0.0;0.0;0.0
2024-05-08;Real Madrid;0;1;3;12;23;Bayern;1;0;19;8;7;5;0.58;0.42;635;0.89;12;10;1;0;0;0;8;0.0;0.0;0.0;1.0;0.0;1.0;1.0;1.0;1.0;1.0;0.0;4;0.0525;0.0833333333333333;565;0.0212389380530973;974.1379310344828;0.4210526315789473;13.793103448275865;11;0.1599999999999999;4;1;2;0.0299212598425196;0.1052631578947368;0.29;4.0;0;2;2;1;0;0;0;1;0.1052631578947368;0.2857142857142857;0.0031496062992125;9.5;0.0;0.0;0.0;0.0;0.0;0.0;1.0;0.0;1.0;0.0;0.0;0.0;0.0;0.0;1.0;0.0;0.0;1.0;1.0;0.0;0.0;0.0;0.0;0.0;0.0;0.0;0.0;0.0
2024-05-04;Real Madrid;1;0;5;12;130;Cádiz;0;1;19;7;9;2;0.72;0.28;788;0.93;6;12;0;1;0;0;7;1.0;0.0;0.0;0.0;0.0;0.0;0.0;0.0;0.0;0.0;0.0;4;0.04;0.0;733;0.0081855388813096;1018.0555555555557;0.3684210526315789;9.722222222222223;12;0.4399999999999999;3;-1;-6;0.0241116751269035;0.1578947368421052;0.24;2.333333333333333;0;3;3;1;0;0;0;1;0.1578947368421052;0.3333333333333333;0.0038071065989847;6.333333333333333;1.0;1.0;1.0;1.0;0.0;1.0;0.0;0.0;0.0;1.0;0.0;0.0;0.0;1.0;1.0;0.0;0.0;1.0;0.0;1.0;0.0;0.0;0.0;0.0;0.0;0.0;0.0;0.0
2024-04-30;Real Madrid;0;1;3;12;23;Bayern;2;2;10;14;4;5;0.48;0.52;517;0.9;10;11;2;2;0;0;5;0.0;1.0;0.0;1.0;0.0;1.0;1.0;1.0;1.0;1.0;0.0;6;0.0371428571428571;0.2;465;0.021505376344086;968.75;0.5;10.416666666666668;-4;-0.04;-1;0;-1;0.0193423597678916;0.2;0.24;2.5;1;1;2;0;1;0;1;0;0.2;0.5;0.0038684719535783;5.0;0.0;0.0;0.0;0.0;0.0;0.0;1.0;0.0;1.0;0.0;0.0;0.0;0.0;0.0;0.0;0.0;0.0;1.0;1.0;0.0;0.0;0.0;0.0;0.0;0.0;0.0;0.0;0.0
2024-04-26;Real Madrid;1;3;7;12;46;Real Sociedad;4;3;5;9;3;3;0.43;0.57;423;0.82;11;13;4;3;0;0;3;0.0;0.0;0.0;0.0;0.0;0.0;1.0;0.0;0.0;0.0;0.0;11;0.0633333333333333;0.3636363636363636;347;0.031700288184438;806.9767441860465;0.6;6.976744186046512;-4;-0.1399999999999999;-8;1;-2;0.0118203309692671;0.2;0.43;3.0;1;0;1;1;0;0;1;0;0.2;0.3333333333333333;0.0023640661938534;5.0;1.0;1.0;0.0;1.0;0.0;1.0;0.0;0.0;0.0;1.0;0.0;0.0;0.0;1.0;1.0;0.0;0.0;1.0;0.0;1.0;1.0;0.0;0.0;0.0;0.0;0.0;0.0;0.0
2024-04-21;Real Madrid;1;22;0;12;10;Barcelona;3;2;14;15;8;6;0.46;0.54;476;0.88;11;12;3;2;0;0;2;0.0;1.0;0.0;1.0;0.0;1.0;1.0;1.0;1.0;1.0;0.0;8;0.036;0.2727272727272727;419;0.026252983293556;910.8695652173913;0.1428571428571428;4.3478260869565215;-1;-0.08;-6;1;-1;0.0294117647058823;0.2142857142857142;0.1533333333333333;0.6666666666666666;1;2;3;1;0;0;0;1;0.2142857142857142;0.375;0.0063025210084033;4.666666666666667;0.0;0.0;1.0;1.0;0.0;0.0;1.0;0.0;0.0;0.0;0.0;0.0;0.0;0.0;0.0;0.0;0.0;0.0;1.0;0.0;0.0;0.0;0.0;0.0;0.0;0.0;0.0;0.0
2024-04-17;Real Madrid;0;3;7;12;3;Manchester City;2;3;8;33;3;9;0.32;0.68;457;0.81;11;15;2;3;0;0;1;0.0;0.0;0.0;1.0;0.0;1.0;0.0;1.0;1.0;1.0;0.0;18;0.0206060606060606;0.1818181818181818;370;0.0297297297297297;1156.25;0.125;3.125;-25;-0.36;-17;-1;-4;0.0175054704595186;0.125;0.32;1.0;1;0;1;0;1;0;1;0;0.125;0.3333333333333333;0.0021881838074398;8.0;0.0;0.0;1.0;0.0;0.0;0.0;1.0;0.0;1.0;0.0;0.0;0.0;0.0;0.0;1.0;0.0;0.0;1.0;1.0;0.0;0.0;0.0;0.0;0.0;0.0;0.0;0.0;0.0
2024-04-13;Real Madrid;1;3;9;12;40;R.C.D. Mallorca;1;2;16;6;9;2;0.57;0.43;559;0.86;7;18;1;2;0;0;2;0.0;1.0;0.0;1.0;0.0;1.0;1.0;0.0;1.0;0.0;0.0;4;0.0716666666666666;0.1428571428571428;481;0.0145530145530145;843.8596491228071;0.125;3.5087719298245617;10;0.1399999999999999;-2;-1;-11;0.0286225402504472;0.0625;0.57;2.0;0;1;1;1;0;0;1;0;0.0625;0.1111111111111111;0.0017889087656529;16.0;0.0;0.0;0.0;1.0;0.0;1.0;1.0;0.0;1.0;0.0;0.0;0.0;0.0;0.0;0.0;0.0;0.0;1.0;0.0;1.0;0.0;0.0;0.0;0.0;0.0;0.0;0.0;0.0
2024-04-09;Real Madrid;0;3;3;12;3;Manchester City;2;2;14;12;5;6;0.38;0.62;423;0.86;11;9;2;2;0;0;4;0.0;0.0;0.0;1.0;0.0;1.0;1.0;1.0;1.0;1.0;0.0;2;0.0516666666666666;0.1818181818181818;364;0.0302197802197802;957.8947368421052;0.2857142857142857;10.526315789473683;2;-0.24;2;0;2;0.0330969267139479;0.2142857142857142;0.1266666666666666;1.3333333333333333;2;1;3;0;1;0;0;1;0.2142857142857142;0.6;0.0070921985815602;4.666666666666667;0.0;0.0;1.0;0.0;0.0;0.0;1.0;0.0;1.0;0.0;0.0;0.0;0.0;0.0;1.0;0.0;0.0;0.0;1.0;0.0;0.0;0.0;0.0;0.0;0.0;0.0;0.0;0.0
2024-03-31;Real Madrid;1;13;3;12;38;Athletic;2;1;9;7;4;3;0.59;0.41;651;0.88;9;13;2;1;0;0;4;0.0;0.0;0.0;1.0;0.0;1.0;1.0;1.0;1.0;0.0;0.0;7;0.0585714285714285;0.2222222222222222;573;0.0157068062827225;971.1864406779662;0.4444444444444444;6.779661016949153;2;0.18;-3;1;-4;0.0138248847926267;0.2222222222222222;0.295;2.0;1;1;2;1;0;0;0;1;0.2222222222222222;0.5;0.0030721966205837;4.5;0.0;0.0;0.0;0.0;0.0;1.0;1.0;0.0;1.0;0.0;0.0;0.0;0.0;0.0;1.0;0.0;0.0;1.0;1.0;0.0;0.0;0.0;0.0;0.0;0.0;0.0;0.0;0.0
2024-03-16;Real Madrid;1;0;2;12;41;Osasuna;2;3;17;10;9;4;0.64;0.36;577;0.86;8;18;2;3;0;0;7;0.0;0.0;0.0;1.0;0.0;1.0;1.0;1.0;0.0;1.0;0.0;5;0.036;0.25;496;0.0161290322580645;775.0;0.4117647058823529;10.9375;7;0.28;2;-1;-10;0.0294627383015597;0.2352941176470588;0.16;1.75;2;2;4;1;0;0;1;0;0.2352941176470588;0.4444444444444444;0.0069324090121317;4.25;0.0;0.0;1.0;0.0;0.0;1.0;1.0;0.0;1.0;0.0;0.0;0.0;0.0;0.0;1.0;0.0;0.0;0.0;1.0;0.0;0.0;0.0;0.0;0.0;0.0;0.0;0.0;0.0
2024-03-10;Real Madrid;1;28;4;12;44;Celta de Vigo;2;3;25;11;13;1;0.64;0.36;638;0.91;8;13;2;3;0;0;12;0.0;1.0;0.0;1.0;0.0;1.0;0.0;1.0;0.0;1.0;0.0;1;0.0327272727272727;0.25;581;0.0137693631669535;907.8125;0.48;18.75;14;0.28;11;-1;-5;0.0391849529780564;0.16;0.16;3.0;1;3;4;1;0;0;0;1;0.16;0.3076923076923077;0.006269592476489;6.25;0.0;0.0;1.0;1.0;0.0;1.0;1.0;0.0;1.0;0.0;0.0;0.0;0.0;0.0;0.0;0.0;0.0;1.0;0.0;0.0;0.0;0.0;0.0;0.0;0.0;0.0;0.0;0.0
2024-03-06;Real Madrid;0;0;13;12;31;RB Leipzig;3;3;11;20;3;4;0.54;0.46;514;0.89;12;15;3;3;0;0;3;0.0;0.0;0.0;1.0;0.0;1.0;1.0;0.0;1.0;1.0;0.0;8;0.023;0.25;457;0.0262582056892779;846.2962962962962;0.2727272727272727;5.555555555555555;-9;0.08;-5;0;-3;0.0214007782101167;0.0909090909090909;0.54;3.0;0;1;1;0;1;0;0;1;0.0909090909090909;0.3333333333333333;0.0019455252918287;11.0;0.0;0.0;1.0;0.0;0.0;0.0;1.0;0.0;1.0;0.0;0.0;0.0;0.0;0.0;1.0;0.0;0.0;1.0;1.0;0.0;0.0;0.0;0.0;0.0;0.0;0.0;0.0;0.0
2024-03-02;Real Madrid;1;28;1;12;52;Valencia C. F.;4;2;10;12;5;5;0.71;0.29;739;0.9;11;19;3;2;1;0;2;0.0;0.0;0.0;1.0;0.0;1.0;1.0;1.0;1.0;1.0;0.0;2;0.0241666666666666;0.3636363636363636;665;0.0165413533834586;936.6197183098592;0.2;2.8169014084507045;-2;0.42;0;2;-8;0.013531799729364;0.2;0.355;1.0;1;1;2;0;1;0;1;0;0.2;0.4;0.0027063599458728;5.0;0.0;0.0;1.0;0.0;0.0;0.0;1.0;0.0;1.0;0.0;0.0;0.0;0.0;0.0;1.0;0.0;0.0;0.0;1.0;0.0;0.0;0.0;0.0;0.0;0.0;0.0;0.0;0.0
2024-02-25;Real Madrid;1;0;4;12;43;Sevilla;1;3;16;4;6;1;0.64;0.36;639;0.9;10;13;1;3;0;0;7;0.0;1.0;0.0;1.0;0.0;1.0;1.0;1.0;0.0;1.0;0.0;2;0.09;0.1;575;0.017391304347826;898.4375;0.4375;10.9375;12;0.28;5;-2;-3;0.0250391236306729;0.0625;0.64;7.0;0;1;1;1;0;0;0;1;0.0625;0.1666666666666666;0.001564945226917;16.0;0.0;0.0;0.0;0.0;0.0;1.0;1.0;0.0;1.0;0.0;0.0;0.0;0.0;0.0;0.0;0.0;0.0;1.0;1.0;0.0;0.0;0.0;0.0;0.0;0.0;0.0;0.0;0.0
2024-02-18;Real Madrid;1;3;1;12;42;Rayo Vallecano;2;4;11;8;4;3;0.61;0.39;513;0.85;7;17;1;4;1;0;10;0.0;1.0;0.0;0.0;0.0;1.0;1.0;0.0;0.0;1.0;0.0;4;0.04875;0.2857142857142857;436;0.0160550458715596;714.7540983606558;0.9090909090909092;16.39344262295082;3;0.2199999999999999;6;-2;-10;0.0214424951267056;0.0909090909090909;0.61;10.0;1;0;1;0;1;0;1;0;0.0909090909090909;0.25;0.0019493177387914;11.0;1.0;0.0;1.0;1.0;0.0;1.0;1.0;0.0;0.0;0.0;0.0;0.0;0.0;0.0;0.0;0.0;0.0;1.0;0.0;1.0;0.0;0.0;0.0;0.0;0.0;0.0;0.0;0.0
2024-02-13;Real Madrid;0;28;13;12;31;RB Leipzig;2;3;15;14;3;9;0.5;0.5;548;0.88;12;10;2;3;0;0;3;0.0;0.0;0.0;0.0;0.0;1.0;1.0;1.0;0.0;1.0;0.0;7;0.0357142857142857;0.1666666666666666;482;0.0248962655601659;964.0;0.2;6.0;1;0.0;-4;-1;2;0.0273722627737226;0.0666666666666666;0.5;3.0;0;1;1;1;0;0;1;0;0.0666666666666666;0.3333333333333333;0.0018248175182481;15.0;0.0;0.0;1.0;0.0;0.0;1.0;1.0;0.0;1.0;0.0;0.0;0.0;0.0;0.0;1.0;0.0;0.0;1.0;1.0;0.0;0.0;0.0;0.0;0.0;0.0;0.0;0.0;0.0
2024-02-10;Real Madrid;1;28;3;12;24;Girona;1;2;16;5;6;0;0.54;0.46;583;0.92;9;12;1;2;0;0;0;0.0;1.0;0.0;0.0;0.0;1.0;1.0;1.0;1.0;1.0;0.0;2;0.092;0.1111111111111111;536;0.0167910447761194;992.5925925925924;0.0;0.0;11;0.08;-2;-1;-3;0.0274442538593482;0.25;0.135;0.0;2;2;4;1;0;0;0;1;0.25;0.6666666666666666;0.006861063464837;4.0;0.0;0.0;1.0;0.0;0.0;0.0;1.0;0.0;1.0;0.0;0.0;0.0;0.0;0.0;1.0;0.0;0.0;0.0;1.0;0.0;0.0;0.0;0.0;0.0;0.0;0.0;0.0;0.0
2024-02-04;Real Madrid;1;28;2;12;27;Atlético Madrid;0;4;17;10;4;5;0.55;0.45;656;0.93;6;15;0;4;0;0;2;0.0;1.0;0.0;0.0;0.0;1.0;0.0;1.0;1.0;0.0;0.0;8;0.045;0.0;610;0.0098360655737704;1109.090909090909;0.1176470588235294;3.636363636363636;7;0.1;-6;-4;-9;0.0259146341463414;0.0588235294117647;0.55;2.0;1;0;1;0;1;0;0;1;0.0588235294117647;0.25;0.0015243902439024;17.0;0.0;0.0;1.0;0.0;0.0;1.0;1.0;0.0;1.0;0.0;0.0;0.0;0.0;0.0;1.0;0.0;0.0;1.0;1.0;0.0;0.0;0.0;0.0;0.0;0.0;0.0;0.0;0.0
2024-02-01;Real Madrid;1;28;1;12;48;Getafe;2;1;16;10;9;2;0.59;0.41;595;0.88;5;16;2;1;0;0;6;0.0;1.0;0.0;1.0;0.0;1.0;1.0;0.0;1.0;1.0;0.0;2;0.0409999999999999;0.4;524;0.0095419847328244;888.135593220339;0.375;10.16949152542373;6;0.18;4;1;-11;0.026890756302521;0.125;0.295;3.0;1;1;2;1;0;0;1;0;0.125;0.2222222222222222;0.0033613445378151;8.0;0.0;0.0;0.0;1.0;0.0;0.0;1.0;0.0;1.0;0.0;0.0;0.0;0.0;0.0;0.0;0.0;0.0;1.0;0.0;1.0;0.0;0.0;0.0;0.0;0.0;0.0;0.0;0.0
2024-01-27;Real Madrid;1;28;5;12;50;U. D. Las Palmas;3;3;13;7;5;2;0.46;0.54;485;0.89;14;17;3;3;0;0;6;0.0;0.0;0.0;1.0;0.0;0.0;0.0;1.0;0.0;1.0;0.0;1;0.0771428571428571;0.2142857142857142;432;0.0324074074074074;939.1304347826086;0.4615384615384615;13.043478260869565;6;-0.08;5;0;-3;0.0268041237113402;0.1538461538461538;0.23;3.0;0;2;2;1;0;0;1;0;0.1538461538461538;0.4;0.0041237113402061;6.5;1.0;0.0;1.0;0.0;0.0;1.0;1.0;0.0;0.0;1.0;0.0;0.0;0.0;0.0;1.0;0.0;0.0;1.0;1.0;0.0;0.0;0.0;0.0;0.0;0.0;0.0;0.0;0.0
2024-01-21;Real Madrid;1;28;9;12;126;Almería;3;5;18;10;6;2;0.74;0.26;636;0.86;9;17;3;5;0;0;6;0.0;0.0;0.0;1.0;0.0;1.0;1.0;1.0;1.0;1.0;0.0;3;0.026;0.3333333333333333;547;0.016453382084095;739.1891891891892;0.3333333333333333;8.108108108108109;8;0.48;3;-2;-8;0.0283018867924528;0.1666666666666666;0.2466666666666666;2.0;0;3;3;1;0;0;0;1;0.1666666666666666;0.5;0.0047169811320754;6.0;0.0;0.0;0.0;0.0;0.0;0.0;0.0;0.0;1.0;0.0;0.0;0.0;0.0;0.0;1.0;0.0;0.0;1.0;1.0;0.0;1.0;0.0;0.0;0.0;0.0;0.0;0.0;0.0
2024-01-18;Real Madrid;19;28;2;12;27;Atlético Madrid;6;6;19;18;7;12;0.6;0.4;792;0.91;13;20;6;6;0;0;9;0.0;0.0;0.0;1.0;0.0;1.0;0.0;1.0;1.0;1.0;0.0;0;0.0222222222222222;0.4615384615384615;721;0.0180305131761442;1201.6666666666667;0.4736842105263157;15.0;1;0.1999999999999999;9;0;-7;0.0239898989898989;0.1052631578947368;0.3;4.5;1;1;2;0;0;1;1;0;0.1052631578947368;0.2857142857142857;0.0025252525252525;9.5;0.0;0.0;1.0;1.0;0.0;0.0;1.0;0.0;1.0;0.0;0.0;0.0;0.0;0.0;1.0;0.0;0.0;1.0;0.0;0.0;0.0;0.0;0.0;0.0;0.0;0.0;0.0;0.0
2024-01-14;Real Madrid;18;28;3;12;10;Barcelona;2;2;18;12;9;7;0.42;0.58;466;0.9;8;12;2;1;0;1;3;0.0;0.0;0.0;1.0;0.0;1.0;1.0;1.0;1.0;1.0;0.0;4;0.0483333333333333;0.25;419;0.0190930787589498;997.6190476190476;0.1666666666666666;7.142857142857143;6;-0.1599999999999999;-1;0;-4;0.03862660944206;0.2222222222222222;0.105;0.75;3;1;4;1;0;0;0;1;0.2222222222222222;0.4444444444444444;0.0085836909871244;4.5;0.0;0.0;0.0;0.0;0.0;0.0;1.0;0.0;1.0;0.0;0.0;0.0;0.0;0.0;1.0;0.0;0.0;1.0;1.0;0.0;0.0;0.0;0.0;0.0;0.0;0.0;0.0;0.0
2024-01-10;Real Madrid;18;28;2;12;27;Atlético Madrid;1;0;22;11;11;6;0.57;0.43;911;0.9;10;19;1;0;0;0;11;0.0;0.0;0.0;1.0;0.0;1.0;1.0;1.0;1.0;1.0;0.0;4;0.039090909090909;0.1;820;0.0121951219512195;1438.5964912280704;0.5;19.29824561403509;11;0.1399999999999999;7;1;-9;0.0241492864983534;0.2272727272727272;0.1139999999999999;2.2;2;3;5;1;0;0;0;1;0.2272727272727272;0.4545454545454545;0.0054884742041712;4.4;0.0;0.0;0.0;1.0;0.0;0.0;0.0;0.0;1.0;0.0;0.0;0.0;0.0;0.0;1.0;0.0;0.0;1.0;0.0;0.0;1.0;0.0;0.0;0.0;0.0;0.0;0.0;0.0
2024-01-06;Real Madrid;19;3;2;12;395;Arandina;0;3;15;2;5;1;0.78;0.22;727;0.9;7;16;0;3;0;0;9;0.0;0.0;0.0;0.0;0.0;0.0;0.0;0.0;0.0;0.0;0.0;1;0.11;0.0;654;0.010703363914373;838.4615384615385;0.6;11.538461538461538;13;0.56;8;-3;-9;0.0206327372764786;0.2;0.26;3.0;0;3;3;1;0;0;1;0;0.2;0.6;0.0041265474552957;5.0;1.0;1.0;1.0;0.0;0.0;1.0;0.0;0.0;0.0;1.0;0.0;0.0;0.0;0.0;0.0;0.0;0.0;1.0;0.0;1.0;1.0;1.0;1.0;1.0;0.0;0.0;0.0;0.0
2024-01-03;Real Madrid;1;13;9;12;40;R.C.D. Mallorca;2;3;17;7;5;0;0.68;0.32;635;0.91;5;15;2;3;0;0;5;0.0;0.0;0.0;1.0;0.0;1.0;1.0;1.0;1.0;1.0;0.0;4;0.0457142857142857;0.4;578;0.0086505190311418;849.9999999999999;0.2941176470588235;7.352941176470588;10;0.36;1;-1;-10;0.026771653543307;0.0588235294117647;0.68;5.0;0;1;1;1;0;0;0;1;0.0588235294117647;0.2;0.0015748031496062;17.0;1.0;0.0;0.0;1.0;0.0;0.0;1.0;0.0;0.0;0.0;0.0;0.0;0.0;0.0;1.0;0.0;0.0;0.0;1.0;0.0;0.0;0.0;0.0;0.0;0.0;0.0;0.0;0.0
2023-12-21;Real Madrid;1;28;3;12;45;Alavés;2;3;9;8;4;2;0.6;0.4;534;0.91;13;18;1;3;1;0;3;0.0;1.0;0.0;1.0;0.0;1.0;0.0;1.0;1.0;0.0;0.0;3;0.05;0.1538461538461538;486;0.0267489711934156;810.0;0.3333333333333333;5.0;1;0.1999999999999999;0;-1;-5;0.0168539325842696;0.1111111111111111;0.6;3.0;0;1;1;1;0;0;1;0;0.1111111111111111;0.25;0.0018726591760299;9.0;1.0;0.0;0.0;1.0;0.0;1.0;0.0;0.0;0.0;0.0;0.0;0.0;0.0;0.0;0.0;0.0;0.0;1.0;1.0;0.0;1.0;0.0;0.0;0.0;0.0;0.0;0.0;0.0
2023-12-17;Real Madrid;1;1;1;12;37;Villarreal;2;3;22;3;9;1;0.61;0.39;650;0.91;14;12;2;3;0;0;14;0.0;1.0;0.0;1.0;1.0;1.0;0.0;1.0;1.0;0.0;0.0;0;0.13;0.1428571428571428;592;0.0236486486486486;970.4918032786884;0.6363636363636364;22.950819672131143;19;0.2199999999999999;14;-1;2;0.0338461538461538;0.1818181818181818;0.1525;3.5;2;2;4;1;0;0;0;1;0.1818181818181818;0.4444444444444444;0.0061538461538461;5.5;0.0;0.0;0.0;1.0;0.0;1.0;1.0;0.0;1.0;0.0;0.0;0.0;0.0;0.0;0.0;0.0;0.0;0.0;1.0;0.0;0.0;0.0;0.0;0.0;0.0;0.0;0.0;0.0
2023-12-12;Real Madrid;0;13;4;12;169;FC Union Berlin;2;2;23;8;9;5;0.75;0.25;887;0.94;5;10;2;2;0;0;8;0.0;1.0;0.0;0.0;1.0;1.0;0.0;1.0;1.0;0.0;0.0;3;0.03125;0.4;834;0.0059952038369304;1112.0;0.3478260869565217;10.666666666666666;15;0.5;5;0;-5;0.0259301014656144;0.1304347826086956;0.25;2.6666666666666665;0;3;3;1;0;0;1;0;0.1304347826086956;0.3333333333333333;0.0033821871476888;7.666666666666667;1.0;0.0;0.0;1.0;0.0;0.0;0.0;0.0;0.0;1.0;0.0;0.0;0.0;0.0;0.0;0.0;0.0;1.0;0.0;1.0;1.0;0.0;0.0;0.0;0.0;0.0;0.0;0.0
2023-12-09;Real Madrid;1;3;3;12;39;Betis;1;2;12;14;2;6;0.63;0.37;727;0.89;7;14;1;2;0;0;6;0.0;1.0;0.0;1.0;1.0;1.0;0.0;1.0;1.0;0.0;0.0;7;0.0264285714285714;0.1428571428571428;647;0.0108191653786707;1026.984126984127;0.5;9.523809523809524;-2;0.26;-1;-1;-7;0.0165061898211829;0.0833333333333333;0.63;6.0;0;1;1;0;1;0;1;0;0.0833333333333333;0.5;0.0013755158184319;12.0;0.0;0.0;0.0;1.0;0.0;1.0;1.0;0.0;1.0;0.0;0.0;0.0;0.0;0.0;0.0;0.0;0.0;0.0;1.0;0.0;0.0;0.0;0.0;0.0;0.0;0.0;0.0;0.0
2023-12-02;Real Madrid;1;1;1;12;119;Granada;2;1;11;2;4;0;0.71;0.29;811;0.93;10;12;2;1;0;0;6;0.0;0.0;0.0;1.0;1.0;1.0;0.0;1.0;1.0;0.0;0.0;0;0.145;0.2;754;0.013262599469496;1061.9718309859156;0.5454545454545454;8.450704225352114;9;0.42;6;1;-2;0.0135635018495684;0.1818181818181818;0.355;3.0;1;1;2;1;0;0;0;1;0.1818181818181818;0.5;0.002466091245376;5.5;0.0;0.0;0.0;0.0;0.0;1.0;1.0;0.0;1.0;0.0;0.0;0.0;0.0;0.0;1.0;0.0;0.0;0.0;1.0;1.0;0.0;0.0;0.0;0.0;0.0;0.0;0.0;0.0
2023-11-29;Real Madrid;0;13;0;12;69;Napoli;0;2;20;11;9;3;0.53;0.47;578;0.9;6;14;0;2;0;0;5;0.0;0.0;0.0;1.0;1.0;1.0;0.0;1.0;1.0;0.0;0.0;4;0.0427272727272727;0.0;520;0.0115384615384615;981.132075471698;0.25;9.433962264150942;9;0.06;1;-2;-8;0.0346020761245674;0.2;0.1325;1.25;2;2;4;1;0;0;0;1;0.2;0.4444444444444444;0.0069204152249134;5.0;0.0;0.0;0.0;0.0;0.0;1.0;1.0;0.0;1.0;1.0;0.0;0.0;0.0;0.0;1.0;0.0;0.0;0.0;1.0;0.0;0.0;0.0;0.0;0.0;0.0;0.0;0.0;0.0
2023-11-26;Real Madrid;1;13;9;12;130;Cádiz;3;3;14;13;5;4;0.61;0.39;653;0.91;16;16;3;3;0;0;4;0.0;0.0;0.0;1.0;0.0;1.0;0.0;1.0;1.0;0.0;0.0;4;0.03;0.1875;594;0.0269360269360269;973.7704918032788;0.2857142857142857;6.557377049180328;1;0.2199999999999999;0;0;0;0.0214395099540581;0.2142857142857142;0.2033333333333333;1.3333333333333333;1;2;3;1;0;0;1;0;0.2142857142857142;0.6;0.004594180704441;4.666666666666667;0.0;0.0;0.0;1.0;0.0;0.0;1.0;0.0;1.0;0.0;0.0;0.0;0.0;0.0;1.0;0.0;0.0;1.0;1.0;1.0;0.0;0.0;0.0;0.0;0.0;0.0;0.0;0.0
2023-11-11;Real Madrid;1;1;3;12;52;Valencia C. F.;1;3;16;10;7;4;0.56;0.44;558;0.89;7;26;1;3;0;0;4;0.0;0.0;0.0;0.0;1.0;1.0;0.0;1.0;0.0;1.0;0.0;4;0.044;0.1428571428571428;497;0.0140845070422535;887.4999999999999;0.25;7.142857142857142;6;0.12;0;-2;-19;0.028673835125448;0.3125;0.112;0.8;2;3;5;1;0;0;0;1;0.3125;0.7142857142857143;0.0089605734767025;3.2;0.0;0.0;1.0;0.0;0.0;1.0;1.0;0.0;1.0;0.0;0.0;0.0;0.0;0.0;1.0;0.0;0.0;1.0;1.0;0.0;0.0;0.0;0.0;0.0;0.0;0.0;0.0;0.0
2023-11-08;Real Madrid;0;28;0;12;103;Braga;1;0;18;9;7;4;0.47;0.53;528;0.9;11;7;1;0;0;0;7;0.0;1.0;0.0;1.0;0.0;1.0;0.0;1.0;0.0;1.0;0.0;2;0.0588888888888888;0.0909090909090909;475;0.0231578947368421;1010.6382978723404;0.3888888888888889;14.893617021276595;9;-0.06;5;1;4;0.034090909090909;0.1666666666666666;0.1566666666666666;2.333333333333333;1;2;3;1;0;0;0;1;0.1666666666666666;0.4285714285714285;0.0056818181818181;6.0;0.0;0.0;1.0;0.0;0.0;1.0;1.0;0.0;1.0;0.0;0.0;0.0;0.0;0.0;0.0;0.0;0.0;1.0;1.0;0.0;0.0;0.0;0.0;0.0;0.0;0.0;0.0;0.0
2023-11-05;Real Madrid;1;28;7;12;42;Rayo Vallecano;3;5;22;4;5;0;0.64;0.36;538;0.86;12;15;3;5;0;0;11;0.0;0.0;0.0;1.0;1.0;1.0;0.0;0.0;1.0;1.0;0.0;1;0.09;0.25;463;0.0259179265658747;723.4375;0.5;17.1875;18;0.28;10;-2;-3;0.0408921933085501;0.0;0.0;0.0;0;0;0;0;1;0;0;1;0.0;0.0;0.0;0.0;1.0;0.0;1.0;1.0;0.0;0.0;0.0;0.0;0.0;0.0;0.0;0.0;0.0;0.0;1.0;0.0;0.0;0.0;0.0;1.0;1.0;0.0;0.0;0.0;0.0;0.0;0.0;0.0
2023-10-28;Real Madrid;1;14;29;12;10;Barcelona;1;2;13;15;4;3;0.48;0.52;507;0.89;15;15;1;2;0;0;3;0.0;0.0;0.0;1.0;1.0;1.0;1.0;1.0;1.0;1.0;0.0;6;0.0346666666666666;0.0666666666666666;451;0.0332594235033259;939.5833333333334;0.2307692307692307;6.25;-2;-0.04;-3;-1;0;0.0256410256410256;0.1538461538461538;0.24;1.5;0;2;2;1;0;0;1;0;0.1538461538461538;0.5;0.0039447731755424;6.5;0.0;0.0;0.0;0.0;0.0;0.0;0.0;0.0;1.0;0.0;0.0;0.0;0.0;0.0;1.0;0.0;0.0;0.0;1.0;0.0;1.0;0.0;0.0;0.0;0.0;0.0;0.0;0.0
2023-10-24;Real Madrid;0;28;3;12;103;Braga;2;0;13;16;6;3;0.53;0.47;536;0.91;11;7;2;0;0;0;5;0.0;0.0;0.0;1.0;0.0;1.0;0.0;1.0;1.0;1.0;0.0;5;0.029375;0.1818181818181818;488;0.0225409836065573;920.754716981132;0.3846153846153846;9.433962264150942;-3;0.06;0;2;4;0.0242537313432835;0.1538461538461538;0.265;2.5;1;1;2;1;0;0;1;0;0.1538461538461538;0.3333333333333333;0.003731343283582;6.5;1.0;0.0;1.0;1.0;0.0;0.0;0.0;0.0;0.0;0.0;0.0;0.0;0.0;0.0;1.0;0.0;0.0;1.0;0.0;0.0;1.0;0.0;0.0;0.0;0.0;0.0;0.0;0.0
2023-10-21;Real Madrid;1;22;0;12;43;Sevilla;2;5;14;17;5;7;0.51;0.49;490;0.89;6;13;2;5;0;0;6;0.0;0.0;0.0;1.0;1.0;1.0;1.0;1.0;1.0;1.0;0.0;4;0.0288235294117647;0.3333333333333333;436;0.0137614678899082;854.9019607843137;0.4285714285714285;11.76470588235294;-3;0.02;2;-3;-7;0.0285714285714285;0.0714285714285714;0.51;6.0;0;1;1;0;1;0;1;0;0.0714285714285714;0.2;0.0020408163265306;14.0;0.0;0.0;0.0;0.0;0.0;0.0;0.0;0.0;1.0;0.0;0.0;0.0;0.0;0.0;1.0;0.0;0.0;0.0;1.0;0.0;1.0;0.0;0.0;0.0;0.0;0.0;0.0;0.0
2023-10-07;Real Madrid;1;28;0;12;41;Osasuna;2;2;19;7;9;1;0.67;0.33;707;0.91;9;6;2;2;0;0;5;0.0;0.0;0.0;1.0;0.0;1.0;1.0;0.0;1.0;1.0;0.0;4;0.0471428571428571;0.2222222222222222;643;0.0139968895800933;959.7014925373134;0.2631578947368421;7.462686567164178;12;0.34;1;0;3;0.0268741159830268;0.2105263157894736;0.1675;1.25;1;3;4;1;0;0;0;1;0.2105263157894736;0.4444444444444444;0.0056577086280056;4.75;0.0;0.0;1.0;1.0;0.0;0.0;0.0;0.0;1.0;0.0;0.0;0.0;0.0;0.0;1.0;0.0;0.0;0.0;0.0;1.0;1.0;0.0;0.0;0.0;0.0;0.0;0.0;0.0
2023-10-03;Real Madrid;0;28;0;12;69;Napoli;3;1;18;18;5;7;0.49;0.51;515;0.89;12;9;3;1;0;0;9;0.0;0.0;0.0;1.0;0.0;1.0;1.0;1.0;1.0;1.0;0.0;9;0.0283333333333333;0.25;458;0.0262008733624454;934.6938775510204;0.5;18.367346938775512;0;-0.02;0;2;3;0.0349514563106796;0.1666666666666666;0.1633333333333333;3.0;2;1;3;1;0;0;1;0;0.1666666666666666;0.6;0.0058252427184466;6.0;0.0;0.0;1.0;0.0;0.0;0.0;0.0;0.0;0.0;0.0;0.0;0.0;0.0;0.0;1.0;0.0;0.0;1.0;1.0;0.0;1.0;0.0;0.0;0.0;0.0;0.0;0.0;0.0
2023-09-30;Real Madrid;1;28;7;12;24;Girona;3;2;14;13;7;3;0.47;0.53;519;0.9;14;13;2;2;1;0;4;0.0;0.0;0.0;1.0;0.0;1.0;1.0;0.0;1.0;1.0;0.0;1;0.0407692307692307;0.2142857142857142;467;0.0299785867237687;993.6170212765958;0.2857142857142857;8.51063829787234;1;-0.06;3;1;1;0.0269749518304431;0.2142857142857142;0.1566666666666666;1.3333333333333333;2;1;3;1;0;0;1;0;0.2142857142857142;0.4285714285714285;0.0057803468208092;4.666666666666667;0.0;0.0;1.0;0.0;0.0;0.0;0.0;0.0;0.0;0.0;0.0;0.0;0.0;0.0;1.0;0.0;0.0;1.0;1.0;1.0;1.0;0.0;0.0;0.0;0.0;0.0;0.0;0.0
2023-09-27;Real Madrid;1;28;5;12;50;U. D. Las Palmas;0;1;21;16;9;2;0.47;0.53;572;0.88;7;9;0;1;0;0;7;0.0;0.0;0.0;1.0;1.0;1.0;1.0;1.0;0.0;0.0;0.0;2;0.033125;0.0;503;0.0139165009940357;1070.212765957447;0.3333333333333333;14.893617021276595;5;-0.06;5;-1;-2;0.0367132867132867;0.0952380952380952;0.235;3.5;1;1;2;1;0;0;0;1;0.0952380952380952;0.2222222222222222;0.0034965034965034;10.5;0.0;0.0;1.0;0.0;0.0;1.0;0.0;0.0;1.0;0.0;0.0;0.0;0.0;0.0;0.0;0.0;0.0;1.0;0.0;1.0;1.0;0.0;0.0;0.0;0.0;0.0;0.0;0.0
2023-09-24;Real Madrid;1;22;4;12;27;Atlético Madrid;3;1;20;10;5;4;0.64;0.36;603;0.93;10;13;3;1;0;0;11;0.0;1.0;0.0;1.0;1.0;1.0;0.0;1.0;1.0;0.0;0.0;6;0.036;0.3;561;0.017825311942959;876.5625;0.55;17.1875;10;0.28;5;2;-3;0.033167495854063;0.05;0.64;11.0;1;0;1;0;0;1;1;0;0.05;0.2;0.0016583747927031;20.0;1.0;0.0;1.0;1.0;0.0;0.0;0.0;0.0;0.0;0.0;0.0;0.0;0.0;0.0;0.0;0.0;0.0;0.0;1.0;0.0;1.0;0.0;0.0;0.0;0.0;0.0;0.0;0.0
2023-09-20;Real Madrid;0;28;2;12;169;FC Union Berlin;1;1;32;4;7;0;0.76;0.24;809;0.92;8;11;1;1;0;0;16;0.0;1.0;0.0;1.0;1.0;0.0;1.0;1.0;1.0;0.0;0.0;1;0.06;0.125;744;0.010752688172043;978.9473684210526;0.5;21.05263157894737;28;0.52;15;0;-3;0.0395550061804697;0.03125;0.76;16.0;0;1;1;1;0;0;0;1;0.03125;0.1428571428571428;0.0012360939431396;32.0;0.0;0.0;1.0;1.0;0.0;0.0;0.0;0.0;0.0;0.0;0.0;0.0;0.0;0.0;0.0;0.0;0.0;1.0;0.0;1.0;1.0;0.0;0.0;0.0;0.0;0.0;0.0;0.0
2023-09-17;Real Madrid;1;22;0;12;46;Real Sociedad;3;2;17;15;8;5;0.52;0.48;515;0.87;11;14;3;2;0;0;4;0.0;0.0;0.0;1.0;1.0;1.0;1.0;1.0;1.0;0.0;0.0;3;0.032;0.2727272727272727;448;0.0245535714285714;861.5384615384615;0.2352941176470588;7.692307692307692;2;0.04;1;1;-3;0.033009708737864;0.1176470588235294;0.26;2.0;0;2;2;1;0;0;0;1;0.1176470588235294;0.25;0.003883495145631;8.5;1.0;0.0;0.0;0.0;0.0;0.0;0.0;0.0;0.0;0.0;0.0;0.0;0.0;0.0;1.0;0.0;0.0;0.0;1.0;1.0;1.0;0.0;0.0;0.0;0.0;0.0;0.0;0.0
2023-09-02;Real Madrid;1;28;14;12;48;Getafe;2;6;26;6;12;2;0.77;0.23;728;0.88;12;16;2;6;0;0;11;0.0;0.0;0.0;1.0;1.0;0.0;1.0;1.0;1.0;0.0;0.0;1;0.0383333333333333;0.1666666666666666;641;0.0187207488299532;832.4675324675325;0.4230769230769231;14.285714285714285;20;0.54;10;-4;-4;0.0357142857142857;0.0769230769230769;0.385;5.5;0;2;2;1;0;0;0;1;0.0769230769230769;0.1666666666666666;0.0027472527472527;13.0;1.0;0.0;1.0;1.0;0.0;0.0;0.0;0.0;0.0;0.0;0.0;0.0;0.0;0.0;1.0;0.0;0.0;0.0;0.0;1.0;1.0;0.0;0.0;0.0;0.0;0.0;0.0;0.0
2023-08-25;Real Madrid;1;22;4;12;44;Celta de Vigo;3;2;10;13;3;4;0.64;0.36;635;0.89;14;19;3;2;0;0;5;0.0;0.0;0.0;1.0;1.0;1.0;1.0;1.0;1.0;1.0;0.0;3;0.0276923076923076;0.2142857142857142;565;0.0247787610619469;882.8125;0.5;7.8125;-3;0.28;2;1;-5;0.0157480314960629;0.1;0.64;5.0;0;1;1;1;0;0;1;0;0.1;0.3333333333333333;0.0015748031496062;10.0;1.0;0.0;1.0;0.0;0.0;0.0;0.0;0.0;0.0;0.0;0.0;0.0;0.0;0.0;1.0;0.0;0.0;0.0;0.0;0.0;1.0;0.0;0.0;0.0;0.0;0.0;0.0;0.0
2023-08-19;Real Madrid;1;28;3;12;126;Almería;0;1;25;20;9;8;0.57;0.43;567;0.91;13;10;0;1;0;0;5;0.0;0.0;0.0;1.0;1.0;1.0;1.0;1.0;1.0;1.0;0.0;4;0.0215;0.0;516;0.0251937984496124;905.2631578947368;0.2;8.771929824561404;5;0.1399999999999999;1;-1;3;0.0440917107583774;0.12;0.1899999999999999;1.6666666666666667;1;2;3;1;0;0;1;0;0.12;0.3333333333333333;0.0052910052910052;8.333333333333334;1.0;0.0;0.0;0.0;0.0;0.0;1.0;0.0;0.0;0.0;0.0;0.0;0.0;0.0;1.0;0.0;0.0;0.0;1.0;0.0;0.0;0.0;0.0;0.0;0.0;0.0;0.0;0.0
2023-08-12;Real Madrid;1;22;3;12;38;Athletic;1;3;14;7;8;1;0.55;0.45;603;0.87;6;18;1;3;0;0;5;0.0;0.0;0.0;0.0;1.0;1.0;1.0;1.0;1.0;1.0;0.0;7;0.0642857142857143;0.1666666666666666;525;0.0114285714285714;954.5454545454544;0.3571428571428571;9.09090909090909;7;0.1;-2;-2;-12;0.0232172470978441;0.1428571428571428;0.275;2.5;2;0;2;1;0;0;1;0;0.1428571428571428;0.25;0.0033167495854063;7.0;1.0;0.0;1.0;0.0;0.0;0.0;1.0;0.0;0.0;0.0;0.0;0.0;0.0;1.0;1.0;0.0;0.0;0.0;0.0;0.0;0.0;0.0;0.0;0.0;0.0;0.0;0.0;0.0
2023-08-02;Real Madrid;6;28;2;12;14;Juventus;0;5;34;11;8;6;0.66;0.34;553;0.9;10;18;0;5;0;0;15;1.0;1.0;0.0;1.0;0.0;0.0;0.0;0.0;1.0;1.0;0.0;3;0.0309090909090909;0.0;498;0.0200803212851405;754.5454545454545;0.4411764705882353;22.727272727272727;23;0.32;12;-5;-8;0.0614828209764918;0.0294117647058823;0.66;15.0;1;0;1;0;0;1;1;0;0.0294117647058823;0.125;0.0018083182640144;34.0;1.0;0.0;1.0;1.0;0.0;0.0;0.0;0.0;0.0;0.0;0.0;0.0;0.0;0.0;0.0;0.0;0.0;1.0;1.0;1.0;0.0;0.0;0.0;0.0;0.0;0.0;0.0;0.0
2023-07-29;Real Madrid;6;22;28;12;10;Barcelona;4;3;29;12;5;7;0.53;0.47;498;0.88;10;17;4;3;0;0;9;1.0;0.0;0.0;0.0;1.0;1.0;1.0;1.0;1.0;1.0;0.0;4;0.0391666666666666;0.4;438;0.0228310502283105;826.4150943396226;0.3103448275862069;16.9811320754717;17;0.06;5;1;-7;0.0582329317269076;0.0;0.0;0.0;0;0;0;0;0;1;1;0;0.0;0.0;0.0;0.0;0.0;0.0;1.0;0.0;0.0;0.0;0.0;0.0;1.0;0.0;0.0;0.0;0.0;1.0;1.0;0.0;0.0;0.0;0.0;0.0;0.0;0.0;0.0;0.0;0.0;0.0;0.0;0.0
2023-07-26;Real Madrid;6;28;3;12;62;Manchester United;1;2;15;15;5;5;0.47;0.53;510;0.87;11;11;1;2;0;0;5;0.0;0.0;0.0;1.0;1.0;0.0;1.0;1.0;1.0;1.0;0.0;4;0.0353333333333333;0.0909090909090909;444;0.0247747747747747;944.68085106383;0.3333333333333333;10.638297872340424;0;-0.06;1;-1;0;0.0294117647058823;0.1333333333333333;0.235;2.5;1;1;2;1;0;0;0;1;0.1333333333333333;0.4;0.0039215686274509;7.5;1.0;0.0;1.0;1.0;0.0;0.0;1.0;0.0;0.0;0.0;0.0;0.0;0.0;0.0;1.0;0.0;0.0;0.0;0.0;0.0;0.0;0.0;0.0;0.0;0.0;0.0;0.0;0.0
2023-07-23;Real Madrid;6;22;3;12;25;Milan;0;1;13;11;5;3;0.6;0.4;601;0.88;11;12;0;1;0;0;5;0.0;1.0;0.0;0.0;0.0;1.0;0.0;0.0;1.0;0.0;0.0;4;0.0363636363636363;0.0;529;0.0207939508506616;881.6666666666667;0.3846153846153846;8.333333333333334;2;0.1999999999999999;1;-1;-1;0.021630615640599;0.2307692307692307;0.1999999999999999;1.6666666666666667;0;3;3;1;0;0;0;1;0.2307692307692307;0.6;0.0049916805324459;4.333333333333333;0.0;0.0;1.0;0.0;0.0;1.0;1.0;0.0;1.0;0.0;0.0;0.0;0.0;1.0;0.0;0.0;0.0;1.0;1.0;1.0;0.0;0.0;0.0;0.0;0.0;0.0;0.0;0.0
2023-06-04;Real Madrid;1;0;3;12;38;Athletic;2;2;9;15;2;9;0.65;0.35;633;0.9;11;14;2;2;0;0;5;1.0;0.0;0.0;1.0;0.0;0.0;0.0;1.0;0.0;1.0;0.0;6;0.0233333333333333;0.1818181818181818;570;0.019298245614035;876.9230769230769;0.5555555555555556;7.692307692307692;-6;0.3;-1;0;-3;0.0142180094786729;0.1111111111111111;0.65;5.0;0;1;1;0;1;0;0;1;0.1111111111111111;0.5;0.0015797788309636;9.0;0.0;0.0;1.0;0.0;0.0;0.0;0.0;0.0;0.0;1.0;0.0;0.0;0.0;1.0;1.0;0.0;0.0;1.0;1.0;0.0;0.0;0.0;0.0;0.0;1.0;0.0;0.0;0.0
2023-05-27;Real Madrid;1;0;3;12;43;Sevilla;4;3;6;11;3;1;0.67;0.33;737;0.91;10;23;4;2;0;1;1;1.0;1.0;0.0;0.0;1.0;1.0;1.0;1.0;0.0;0.0;0.0;1;0.03;0.4;671;0.014903129657228;1001.4925373134328;0.1666666666666666;1.4925373134328357;-5;0.34;0;1;-13;0.0081411126187245;0.3333333333333333;0.335;0.5;1;1;2;1;0;0;1;0;0.3333333333333333;0.6666666666666666;0.0027137042062415;3.0;0.0;0.0;0.0;1.0;0.0;0.0;0.0;0.0;1.0;1.0;0.0;0.0;0.0;1.0;0.0;0.0;0.0;0.0;1.0;0.0;0.0;0.0;0.0;0.0;0.0;0.0;0.0;0.0
2023-05-24;Real Madrid;1;7;3;12;42;Rayo Vallecano;1;3;12;15;3;6;0.62;0.38;718;0.91;11;14;1;3;0;0;5;1.0;0.0;0.0;1.0;1.0;1.0;0.0;1.0;0.0;0.0;0.0;2;0.0253333333333333;0.0909090909090909;653;0.0168453292496171;1053.225806451613;0.4166666666666667;8.064516129032258;-3;0.24;3;-2;-3;0.0167130919220055;0.1666666666666666;0.31;2.5;1;1;2;1;0;0;0;1;0.1666666666666666;0.6666666666666666;0.0027855153203342;6.0;0.0;0.0;1.0;1.0;0.0;0.0;0.0;0.0;0.0;0.0;0.0;0.0;0.0;0.0;1.0;0.0;0.0;1.0;1.0;0.0;0.0;0.0;0.0;0.0;1.0;0.0;0.0;0.0
2023-05-21;Real Madrid;1;0;3;12;52;Valencia C. F.;2;5;13;11;5;6;0.74;0.26;678;0.87;4;13;2;5;0;0;9;1.0;1.0;0.0;1.0;0.0;0.0;1.0;0.0;0.0;1.0;0.0;2;0.0236363636363636;0.5;590;0.0067796610169491;797.2972972972973;0.6923076923076923;12.162162162162163;2;0.48;7;-3;-9;0.0191740412979351;0.0;0.0;0.0;0;0;0;0;0;1;1;0;0.0;0.0;0.0;0.0;0.0;0.0;1.0;0.0;0.0;0.0;0.0;0.0;1.0;1.0;0.0;0.0;0.0;1.0;0.0;0.0;0.0;0.0;0.0;0.0;0.0;0.0;0.0;0.0;1.0;1.0;0.0;0.0
2023-05-17;Real Madrid;0;0;31;12;3;Manchester City;2;3;7;16;3;8;0.4;0.6;421;0.82;14;16;2;3;0;0;3;1.0;0.0;0.0;0.0;1.0;1.0;0.0;1.0;0.0;1.0;0.0;7;0.0375;0.1428571428571428;345;0.0405797101449275;862.5;0.4285714285714285;7.5;-9;-0.1999999999999999;-4;-1;-2;0.0166270783847981;0.0;0.0;0.0;0;0;0;0;0;1;1;0;0.0;0.0;0.0;0.0;0.0;0.0;1.0;1.0;0.0;0.0;0.0;0.0;0.0;0.0;0.0;0.0;0.0;1.0;1.0;0.0;0.0;0.0;1.0;0.0;0.0;0.0;0.0;0.0;1.0;0.0;0.0;0.0
2023-05-13;Real Madrid;1;0;0;12;48;Getafe;1;4;16;9;3;2;0.77;0.23;847;0.9;5;23;1;4;0;0;1;1.0;1.0;0.0;0.0;0.0;1.0;1.0;0.0;0.0;0.0;0.0;3;0.0255555555555555;0.2;762;0.0065616797900262;989.6103896103896;0.0625;1.2987012987012987;7;0.54;-2;-3;-18;0.0188902007083825;0.0625;0.77;1.0;0;1;1;1;0;0;0;1;0.0625;0.3333333333333333;0.0011806375442739;16.0;0.0;0.0;1.0;0.0;0.0;0.0;0.0;0.0;1.0;1.0;0.0;0.0;0.0;1.0;0.0;0.0;0.0;1.0;0.0;0.0;0.0;0.0;0.0;0.0;0.0;1.0;1.0;0.0
2023-05-09;Real Madrid;0;0;31;12;3;Manchester City;2;2;13;10;4;6;0.44;0.56;452;0.86;11;11;2;2;0;0;8;1.0;0.0;0.0;1.0;1.0;1.0;0.0;1.0;0.0;1.0;0.0;7;0.056;0.1818181818181818;389;0.0282776349614395;884.0909090909091;0.6153846153846154;18.181818181818183;3;-0.12;1;0;0;0.0287610619469026;0.0769230769230769;0.44;8.0;1;0;1;0;1;0;0;1;0.0769230769230769;0.25;0.0022123893805309;13.0;0.0;0.0;1.0;1.0;0.0;0.0;0.0;0.0;0.0;0.0;0.0;0.0;0.0;0.0;1.0;0.0;0.0;0.0;1.0;0.0;0.0;0.0;0.0;0.0;1.0;0.0;0.0;0.0
2023-05-06;Real Madrid;19;0;3;12;41;Osasuna;5;4;17;14;3;5;0.59;0.41;567;0.85;14;11;5;4;0;0;6;1.0;0.0;0.0;0.0;1.0;1.0;1.0;1.0;0.0;1.0;0.0;3;0.0292857142857142;0.3571428571428571;482;0.0290456431535269;816.9491525423729;0.3529411764705882;10.16949152542373;3;0.18;3;1;3;0.0299823633156966;0.1176470588235294;0.295;3.0;1;1;2;1;0;0;0;1;0.1176470588235294;0.6666666666666666;0.0035273368606701;8.5;0.0;0.0;1.0;0.0;0.0;0.0;0.0;0.0;0.0;0.0;0.0;0.0;0.0;1.0;1.0;0.0;0.0;0.0;1.0;0.0;0.0;0.0;0.0;0.0;1.0;0.0;0.0;0.0
2023-05-02;Real Madrid;1;0;7;12;46;Real Sociedad;4;1;10;9;5;4;0.47;0.53;430;0.86;9;17;3;1;1;0;6;1.0;0.0;0.0;1.0;0.0;0.0;1.0;1.0;0.0;0.0;0.0;2;0.0588888888888888;0.4444444444444444;370;0.0243243243243243;787.2340425531916;0.6;12.765957446808512;1;-0.06;4;3;-8;0.0232558139534883;0.0;0.0;0.0;0;0;0;0;0;1;1;0;0.0;0.0;0.0;0.0;0.0;0.0;0.0;0.0;0.0;0.0;0.0;0.0;0.0;1.0;0.0;0.0;0.0;1.0;1.0;0.0;0.0;1.0;1.0;0.0;0.0;0.0;0.0;0.0;0.0;1.0;0.0;1.0
