Fecha;Equipo_name;Torneo;Alineacion;Alineacion_contrincante;equipo;equipo_contrincante;equipo_contrincante_name;tarjetas;tarjetas_contrincante;Remates;Remates_contrincante;Remates al arco;Remates al arco_contrincante;Posesión;Posesión_contrincante;Pases;Precisión de los pases;Faltas;Faltas_contrincante;Tarjetas amarillas;Tarjetas amarillas_contrincante;Tarjetas rojas;Tarjetas rojas_contrincante;Tiros de esquina;Ørjan Nyland-Sevilla;José Ángel Carmona-Sevilla;Loïc Badé-Sevilla;Ramón Martínez Gil-Sevilla;Adrià Pedrosa-Sevilla;Lucien Agoumé-Sevilla;Nemanja Gudelj-Sevilla;Dodi Lukébakio-Sevilla;Peque-Sevilla;Chidera Ejuke-Sevilla;Isaac Romero-Sevilla;Tiros de esquina_concedidos;Posesión_contra_por_remate;tarjetas_por_falta;pases_completados;faltas_por_pases;pases_por_posesion;tirosEsquina_por_remate;tirosEsquina_por_posesion;diff_remates;diff_posesion;diff_Tiros de esquina;diff_tarjetas;diff_faltas;remates_por_pase;posesion_por_remate;posesion_por_gol;tirosEsquina_por_gol;goles_primera_mitad;goles_segunda_mitad;goles_totales;gano;empato;perdio;visitante;local;conversion_goles;conversion_arco;goles_por_pase;remates_al_arco_por_gol;Kike Salas-Sevilla;Djibril Sow-Sevilla;Albert Sambi Lokonga-Sevilla;Akor Adams-Sevilla;Ruben Vargas-Sevilla;Juanlu Sánchez Velasco-Sevilla;Saúl Ñíguez-Sevilla;Gonzalo Montiel-Sevilla;Marcão do Nascimento-Sevilla;Stanis Idumbo Muzambo-Sevilla;Álvaro Fernández Llorente-Sevilla;Manu Bueno-Sevilla;Jesús Navas-Sevilla;Kelechi Iheanacho-Sevilla;Andrés López Gallo-Sevilla;Valentín Barco-Sevilla;Suso-Sevilla;Tanguy Nianzou-Sevilla;Lucas Ocampos-Sevilla;Darío Benavides-Sevilla;Alberto Collado-Sevilla;Sergio Ramos-Sevilla;Boubakary Soumaré-Sevilla;Youssef En-Nesyri-Sevilla;Marcos Acuña-Sevilla;Erik Lamela-Sevilla;Óliver Torres-Sevilla;Hannibal Mejbri-Sevilla;Marko Dmitrović-Sevilla;Joan Jordán-Sevilla;Alberto Flores-Sevilla;Ivan Rakitić-Sevilla;Rafa Mir-Sevilla;Federico Gattoni-Sevilla;Adnan Januzaj-Sevilla;Fernando Reges-Sevilla;Mariano Díaz Mejía-Sevilla;Yassine Bounou-Sevilla;Iván Romero-Sevilla;Alejandro Darío Gómez-Sevilla;Diego Hormigo-Sevilla;Pape Gueye-Sevilla;Alex Telles-Sevilla;Bryan Gil-Sevilla;Karim Rekik-Sevilla;Álvaro García Pascual-Sevilla
2025-05-04;Sevilla;1;3;1;43;47;Leganés;4;5;25;9;7;3;0.57;0.43;407;0.78;17;12;4;5;0;0;8;1.0;1.0;1.0;0.0;1.0;1.0;0.0;1.0;1.0;0.0;0.0;2;0.04777777777777778;0.23529411764705882;317;0.05362776025236593;556.140350877193;0.32;14.035087719298247;16;0.13999999999999996;6;-1;5;0.06142506142506143;0.08;0.285;4.0;1;1;2;0;1;0;0;1;0.08;0.2857142857142857;0.004914004914004914;12.5;1.0;0.0;0.0;0.0;0.0;0.0;1.0;0.0;0.0;0.0;0.0;0.0;0.0;0.0;0.0;0.0;1.0;0.0;0.0;0.0;0.0;0.0;0.0;0.0;0.0;0.0;0.0;0.0;0.0;0.0;0.0;0.0;0.0;0.0;0.0;0.0;0.0;0.0;0.0;0.0;0.0;0.0;0.0;0.0;0.0;1.0
2025-04-24;Sevilla;1;3;4;43;41;Osasuna;3;4;12;9;3;2;0.42;0.58;358;0.81;13;14;2;4;1;0;4;1.0;1.0;1.0;0.0;1.0;1.0;0.0;1.0;0.0;0.0;0.0;4;0.06444444444444444;0.23076923076923078;290;0.04482758620689655;690.4761904761905;0.3333333333333333;9.523809523809524;3;-0.15999999999999998;0;-1;-1;0.0335195530726257;0.0;0.0;0.0;0;0;0;0;0;1;1;0;0.0;0.0;0.0;0.0;1.0;1.0;0.0;0.0;0.0;1.0;1.0;0.0;0.0;0.0;0.0;0.0;0.0;0.0;0.0;0.0;0.0;0.0;0.0;0.0;0.0;0.0;0.0;0.0;0.0;0.0;0.0;0.0;0.0;0.0;0.0;0.0;0.0;0.0;0.0;0.0;0.0;0.0;0.0;0.0;1.0;0.0;0.0;0.0;0.0;0.0
2025-04-20;Sevilla;1;3;3;43;45;Alavés;2;2;10;11;2;3;0.43;0.57;347;0.77;10;11;2;2;0;0;3;1.0;1.0;1.0;1.0;1.0;1.0;1.0;1.0;1.0;1.0;1.0;6;0.0518181818181818;0.2;267;0.0374531835205992;620.9302325581396;0.3;6.976744186046512;-1;-0.1399999999999999;-3;0;-1;0.0288184438040345;0.1;0.43;3.0;1;0;1;0;1;0;0;1;0.1;0.5;0.0028818443804034;10.0;0.0;0.0;0.0;0.0;0.0;0.0;0.0;0.0;0.0;0.0;0.0;0.0;0.0;0.0;0.0;0.0;0.0;0.0;0.0;0.0;0.0;0.0;0.0;0.0;0.0;0.0;0.0;0.0;0.0;0.0;0.0;0.0;0.0;0.0;0.0;0.0;0.0;0.0;0.0;0.0;0.0;0.0;0.0;0.0;0.0;0.0
2025-04-11;Sevilla;1;3;3;43;52;Valencia C. F.;2;3;12;8;5;6;0.48;0.52;423;0.86;18;10;2;3;0;0;3;1.0;1.0;1.0;0.0;0.0;1.0;1.0;1.0;1.0;0.0;1.0;3;0.065;0.1111111111111111;364;0.0494505494505494;758.3333333333334;0.25;6.25;4;-0.04;0;-1;8;0.0283687943262411;0.0;0.0;0.0;0;0;0;0;0;1;1;0;0.0;0.0;0.0;0.0;1.0;1.0;1.0;0.0;0.0;0.0;0.0;0.0;0.0;0.0;0.0;0.0;0.0;0.0;0.0;0.0;0.0;0.0;0.0;0.0;0.0;0.0;0.0;0.0;0.0;0.0;0.0;0.0;0.0;0.0;0.0;0.0;0.0;0.0;0.0;0.0;0.0;0.0;0.0;0.0;0.0;0.0;0.0;0.0;0.0;0.0
2025-04-06;Sevilla;1;0;1;43;27;Atlético Madrid;1;4;11;13;6;5;0.44;0.56;429;0.84;14;12;1;4;0;0;7;1.0;1.0;1.0;0.0;1.0;1.0;0.0;1.0;0.0;0.0;0.0;7;0.043076923076923;0.0714285714285714;360;0.0388888888888888;818.1818181818181;0.6363636363636364;15.909090909090908;-2;-0.12;0;-3;2;0.0256410256410256;0.0909090909090909;0.44;7.0;1;0;1;0;0;1;0;1;0.0909090909090909;0.1666666666666666;0.0023310023310023;11.0;1.0;1.0;1.0;1.0;1.0;0.0;0.0;0.0;0.0;0.0;0.0;0.0;0.0;0.0;0.0;0.0;0.0;0.0;0.0;0.0;0.0;0.0;0.0;0.0;0.0;0.0;0.0;0.0;0.0;0.0;0.0;0.0;0.0;0.0;0.0;0.0;0.0;0.0;0.0;0.0;0.0;0.0;0.0;0.0;0.0;0.0
2025-03-30;Sevilla;1;7;3;43;39;Betis;3;3;6;11;2;3;0.44;0.56;394;0.79;22;10;3;3;0;0;2;1.0;1.0;1.0;0.0;1.0;0.0;1.0;1.0;0.0;0.0;1.0;2;0.0509090909090909;0.1363636363636363;311;0.0707395498392283;706.8181818181819;0.3333333333333333;4.545454545454546;-5;-0.12;0;0;12;0.015228426395939;0.1666666666666666;0.44;2.0;1;0;1;0;0;1;1;0;0.1666666666666666;0.5;0.0025380710659898;6.0;1.0;0.0;1.0;0.0;1.0;1.0;0.0;0.0;0.0;0.0;0.0;0.0;0.0;0.0;0.0;0.0;0.0;0.0;0.0;0.0;0.0;0.0;0.0;0.0;0.0;0.0;0.0;0.0;0.0;0.0;0.0;0.0;0.0;0.0;0.0;0.0;0.0;0.0;0.0;0.0;0.0;0.0;0.0;0.0;0.0;0.0
2025-03-16;Sevilla;1;3;3;43;38;Athletic;4;2;11;9;4;4;0.62;0.38;512;0.82;13;13;4;2;0;0;4;1.0;1.0;1.0;0.0;1.0;1.0;0.0;1.0;0.0;1.0;1.0;6;0.0422222222222222;0.3076923076923077;420;0.0309523809523809;677.4193548387096;0.3636363636363636;6.451612903225807;2;0.24;-2;2;0;0.021484375;0.0;0.0;0.0;0;0;0;0;0;1;0;1;0.0;0.0;0.0;0.0;1.0;1.0;0.0;0.0;0.0;0.0;1.0;0.0;0.0;0.0;0.0;0.0;0.0;0.0;0.0;0.0;0.0;0.0;0.0;0.0;0.0;0.0;0.0;0.0;0.0;0.0;0.0;0.0;0.0;0.0;0.0;0.0;0.0;0.0;0.0;0.0;0.0;0.0;0.0;0.0;0.0;0.0;0.0;0.0;0.0;0.0
2025-03-09;Sevilla;1;3;7;43;46;Real Sociedad;1;2;9;7;4;2;0.38;0.62;344;0.79;12;14;1;2;0;0;3;1.0;1.0;1.0;0.0;1.0;1.0;0.0;1.0;0.0;1.0;1.0;6;0.0885714285714285;0.0833333333333333;272;0.0441176470588235;715.7894736842105;0.3333333333333333;7.894736842105263;2;-0.24;-3;-1;-2;0.0261627906976744;0.1111111111111111;0.38;3.0;0;1;1;1;0;0;1;0;0.1111111111111111;0.25;0.002906976744186;9.0;1.0;1.0;0.0;0.0;0.0;0.0;1.0;0.0;0.0;0.0;0.0;0.0;0.0;0.0;0.0;0.0;0.0;0.0;0.0;0.0;0.0;0.0;0.0;0.0;0.0;0.0;0.0;0.0;0.0;0.0;0.0;0.0;0.0;0.0;0.0;0.0;0.0;0.0;0.0;0.0;0.0;0.0;0.0;0.0;0.0;0.0
2025-03-01;Sevilla;1;3;3;43;42;Rayo Vallecano;0;1;10;20;5;8;0.35;0.65;286;0.73;9;14;0;1;0;0;6;1.0;1.0;1.0;0.0;1.0;0.0;0.0;1.0;0.0;0.0;1.0;6;0.0325;0.0;209;0.0430622009569378;597.1428571428572;0.6;17.142857142857142;-10;-0.3;0;-1;-5;0.0349650349650349;0.1;0.35;6.0;0;1;1;0;1;0;1;0;0.1;0.2;0.0034965034965034;10.0;1.0;1.0;0.0;0.0;1.0;1.0;1.0;0.0;0.0;0.0;0.0;0.0;0.0;0.0;0.0;0.0;0.0;0.0;0.0;0.0;0.0;0.0;0.0;0.0;0.0;0.0;0.0;0.0;0.0;0.0;0.0;0.0;0.0;0.0;0.0;0.0;0.0;0.0;0.0;0.0;0.0;0.0;0.0;0.0;0.0;0.0
2025-02-24;Sevilla;1;3;9;43;40;R.C.D. Mallorca;1;3;19;13;4;2;0.54;0.46;451;0.8;11;12;1;3;0;0;4;1.0;1.0;1.0;0.0;1.0;0.0;0.0;1.0;0.0;0.0;1.0;4;0.0353846153846153;0.0909090909090909;361;0.0304709141274238;668.5185185185185;0.2105263157894736;7.4074074074074066;6;0.08;0;-2;-1;0.0421286031042128;0.0526315789473684;0.54;4.0;1;0;1;0;1;0;0;1;0.0526315789473684;0.25;0.0022172949002217;19.0;1.0;1.0;0.0;0.0;1.0;1.0;1.0;0.0;0.0;0.0;0.0;0.0;0.0;0.0;0.0;0.0;0.0;0.0;0.0;0.0;0.0;0.0;0.0;0.0;0.0;0.0;0.0;0.0;0.0;0.0;0.0;0.0;0.0;0.0;0.0;0.0;0.0;0.0;0.0;0.0;0.0;0.0;0.0;0.0;0.0;0.0
2025-02-16;Sevilla;1;0;7;43;51;Valladolid;2;4;11;7;6;2;0.48;0.52;499;0.85;10;11;2;4;0;0;2;1.0;1.0;0.0;0.0;1.0;1.0;1.0;1.0;0.0;0.0;1.0;3;0.0742857142857142;0.2;424;0.0235849056603773;883.3333333333334;0.1818181818181818;4.166666666666667;4;-0.04;-1;-2;-1;0.0220440881763527;0.3636363636363636;0.12;0.5;2;2;4;1;0;0;1;0;0.3636363636363636;0.6666666666666666;0.0080160320641282;2.75;1.0;1.0;0.0;0.0;1.0;1.0;0.0;0.0;0.0;0.0;0.0;0.0;0.0;0.0;0.0;0.0;0.0;0.0;0.0;0.0;0.0;0.0;0.0;0.0;0.0;0.0;0.0;0.0;0.0;0.0;0.0;0.0;0.0;0.0;0.0;0.0;0.0;0.0;0.0;0.0;0.0;0.0;0.0;0.0;0.0;0.0
2025-02-09;Sevilla;1;3;3;43;10;Barcelona;5;3;8;10;4;6;0.4;0.6;342;0.81;14;6;5;2;0;1;5;1.0;0.0;1.0;0.0;1.0;0.0;1.0;1.0;0.0;0.0;1.0;6;0.06;0.3571428571428571;277;0.0505415162454873;692.5;0.625;12.5;-2;-0.1999999999999999;-1;2;8;0.023391812865497;0.125;0.4;5.0;1;0;1;0;0;1;0;1;0.125;0.25;0.0029239766081871;8.0;1.0;1.0;0.0;0.0;1.0;1.0;1.0;0.0;0.0;0.0;0.0;0.0;0.0;0.0;0.0;0.0;0.0;0.0;0.0;0.0;0.0;0.0;0.0;0.0;0.0;0.0;0.0;0.0;0.0;0.0;0.0;0.0;0.0;0.0;0.0;0.0;0.0;0.0;0.0;0.0;0.0;0.0;0.0;0.0;0.0;0.0
2025-02-01;Sevilla;1;0;1;43;48;Getafe;6;4;13;7;1;1;0.55;0.45;383;0.79;12;15;6;4;0;0;5;1.0;1.0;1.0;0.0;1.0;0.0;1.0;1.0;0.0;0.0;1.0;6;0.0642857142857143;0.5;303;0.0396039603960396;550.9090909090909;0.3846153846153846;9.09090909090909;6;0.1;-1;2;-3;0.0339425587467362;0.0;0.0;0.0;0;0;0;0;1;0;1;0;0.0;0.0;0.0;0.0;0.0;1.0;1.0;0.0;1.0;0.0;1.0;0.0;0.0;0.0;0.0;0.0;0.0;0.0;0.0;0.0;0.0;0.0;0.0;0.0;0.0;0.0;0.0;0.0;0.0;0.0;0.0;0.0;0.0;0.0;0.0;0.0;0.0;0.0;0.0;0.0;0.0;0.0;0.0;0.0;0.0;0.0;0.0;0.0;0.0;0.0
2025-01-25;Sevilla;1;0;1;43;49;RCD Espanyol;1;4;25;6;4;1;0.75;0.25;654;0.87;13;14;1;4;0;0;5;1.0;1.0;1.0;0.0;0.0;0.0;1.0;1.0;1.0;0.0;0.0;1;0.0416666666666666;0.0769230769230769;569;0.0228471001757469;758.6666666666666;0.2;6.666666666666667;19;0.5;4;-3;-1;0.0382262996941896;0.04;0.75;5.0;0;1;1;0;1;0;0;1;0.04;0.25;0.0015290519877675;25.0;0.0;1.0;1.0;0.0;1.0;1.0;1.0;0.0;0.0;0.0;0.0;0.0;0.0;0.0;0.0;0.0;0.0;0.0;0.0;0.0;0.0;0.0;0.0;0.0;0.0;0.0;0.0;0.0;0.0;0.0;0.0;0.0;0.0;0.0;0.0;0.0;0.0;0.0;0.0;0.0;0.0;0.0;0.0;0.0;0.0;0.0
2025-01-18;Sevilla;1;3;3;43;24;Girona;4;0;14;7;6;4;0.39;0.61;348;0.85;15;6;4;0;0;0;4;1.0;1.0;1.0;0.0;1.0;0.0;1.0;1.0;0.0;0.0;1.0;7;0.0871428571428571;0.2666666666666666;296;0.0506756756756756;758.9743589743589;0.2857142857142857;10.256410256410255;7;-0.2199999999999999;-3;4;9;0.0402298850574712;0.1428571428571428;0.195;2.0;0;2;2;1;0;0;1;0;0.1428571428571428;0.3333333333333333;0.0057471264367816;7.0;0.0;1.0;1.0;0.0;1.0;0.0;1.0;0.0;0.0;0.0;0.0;0.0;0.0;0.0;0.0;0.0;0.0;0.0;0.0;0.0;0.0;0.0;0.0;0.0;0.0;0.0;0.0;0.0;0.0;0.0;0.0;0.0;0.0;0.0;0.0;0.0;0.0;0.0;0.0;0.0;0.0;0.0;0.0;0.0;0.0;0.0
2025-01-11;Sevilla;1;3;3;43;52;Valencia C. F.;1;2;15;5;5;1;0.54;0.46;447;0.82;16;8;1;2;0;0;10;1.0;1.0;1.0;0.0;0.0;1.0;1.0;1.0;0.0;0.0;1.0;1;0.092;0.0625;367;0.0435967302452316;679.6296296296296;0.6666666666666666;18.51851851851852;10;0.08;9;-1;8;0.0335570469798657;0.0666666666666666;0.54;10.0;0;1;1;0;1;0;0;1;0.0666666666666666;0.2;0.0022371364653243;15.0;1.0;1.0;1.0;0.0;0.0;0.0;1.0;0.0;0.0;0.0;0.0;0.0;0.0;0.0;0.0;0.0;0.0;0.0;0.0;0.0;0.0;0.0;0.0;0.0;0.0;0.0;0.0;0.0;0.0;0.0;0.0;0.0;0.0;0.0;0.0;0.0;0.0;0.0;0.0;0.0;0.0;0.0;0.0;0.0;0.0;0.0
2025-01-04;Sevilla;19;0;3;43;126;Almería;1;3;15;14;4;6;0.52;0.48;437;0.85;18;10;1;3;0;0;5;1.0;0.0;1.0;0.0;0.0;0.0;0.0;1.0;0.0;0.0;1.0;2;0.0342857142857142;0.0555555555555555;371;0.0485175202156334;713.4615384615385;0.3333333333333333;9.615384615384617;1;0.04;3;-2;8;0.034324942791762;0.0666666666666666;0.52;5.0;1;0;1;0;0;1;1;0;0.0666666666666666;0.25;0.0022883295194508;15.0;1.0;0.0;1.0;0.0;0.0;1.0;1.0;1.0;1.0;1.0;0.0;0.0;0.0;0.0;0.0;0.0;0.0;0.0;0.0;0.0;0.0;0.0;0.0;0.0;0.0;0.0;0.0;0.0;0.0;0.0;0.0;0.0;0.0;0.0;0.0;0.0;0.0;0.0;0.0;0.0;0.0;0.0;0.0;0.0;0.0;0.0
2024-12-22;Sevilla;1;1;3;43;12;Real Madrid;2;1;10;16;5;8;0.4;0.6;426;0.87;14;5;2;1;0;0;6;0.0;1.0;1.0;0.0;0.0;1.0;1.0;1.0;0.0;0.0;1.0;6;0.0375;0.1428571428571428;371;0.0377358490566037;927.5;0.6;15.0;-6;-0.1999999999999999;0;1;9;0.0234741784037558;0.2;0.2;3.0;1;1;2;0;0;1;1;0;0.2;0.4;0.0046948356807511;5.0;1.0;0.0;1.0;0.0;0.0;1.0;0.0;0.0;0.0;1.0;1.0;0.0;0.0;0.0;0.0;0.0;0.0;0.0;0.0;0.0;0.0;0.0;0.0;0.0;0.0;0.0;0.0;0.0;0.0;0.0;0.0;0.0;0.0;0.0;0.0;0.0;0.0;0.0;0.0;0.0;0.0;0.0;0.0;0.0;0.0;0.0
2024-12-14;Sevilla;1;0;6;43;44;Celta de Vigo;7;3;8;10;3;2;0.44;0.56;424;0.8;12;9;7;3;0;0;3;0.0;0.0;1.0;0.0;0.0;1.0;1.0;1.0;0.0;0.0;0.0;4;0.056;0.5833333333333334;339;0.0353982300884955;770.4545454545455;0.375;6.818181818181818;-2;-0.12;-1;4;3;0.0188679245283018;0.125;0.44;3.0;0;1;1;1;0;0;0;1;0.125;0.3333333333333333;0.0023584905660377;8.0;1.0;0.0;0.0;0.0;0.0;0.0;1.0;1.0;0.0;0.0;1.0;1.0;1.0;1.0;0.0;0.0;0.0;0.0;0.0;0.0;0.0;0.0;0.0;0.0;0.0;0.0;0.0;0.0;0.0;0.0;0.0;0.0;0.0;0.0;0.0;0.0;0.0;0.0;0.0;0.0;0.0;0.0;0.0;0.0;0.0;0.0
2024-12-08;Sevilla;1;0;1;43;27;Atlético Madrid;3;4;4;14;3;9;0.42;0.58;514;0.82;8;11;3;4;0;0;3;0.0;1.0;1.0;0.0;0.0;1.0;1.0;1.0;1.0;0.0;1.0;5;0.0414285714285714;0.375;421;0.0190023752969121;1002.3809523809524;0.75;7.142857142857143;-10;-0.1599999999999999;-2;-1;-3;0.0077821011673151;0.75;0.1399999999999999;1.0;2;1;3;0;0;1;1;0;0.75;1.0;0.0058365758754863;1.3333333333333333;1.0;1.0;0.0;0.0;0.0;1.0;0.0;0.0;0.0;0.0;1.0;0.0;0.0;0.0;0.0;0.0;0.0;0.0;0.0;0.0;0.0;0.0;0.0;0.0;0.0;0.0;0.0;0.0;0.0;0.0;0.0;0.0;0.0;0.0;0.0;0.0;0.0;0.0;0.0;0.0;0.0;0.0;0.0;0.0;0.0;0.0
2024-12-05;Sevilla;19;0;1;43;-1;Olot;4;1;12;17;5;5;0.59;0.41;483;0.88;16;12;4;1;0;0;1;0.0;0.0;0.0;0.0;0.0;1.0;0.0;0.0;0.0;0.0;0.0;7;0.0241176470588235;0.25;425;0.0376470588235294;720.3389830508474;0.0833333333333333;1.6949152542372885;-5;0.18;-6;3;4;0.0248447204968944;0.25;0.1966666666666666;0.3333333333333333;1;2;3;1;0;0;1;0;0.25;0.6;0.0062111801242236;4.0;0.0;0.0;0.0;0.0;0.0;1.0;1.0;1.0;1.0;0.0;1.0;0.0;1.0;1.0;1.0;1.0;1.0;0.0;0.0;0.0;0.0;0.0;0.0;0.0;0.0;0.0;0.0;0.0;0.0;0.0;0.0;0.0;0.0;0.0;0.0;0.0;0.0;0.0;0.0;0.0;0.0;0.0;0.0;0.0;0.0;0.0
2024-12-02;Sevilla;1;0;0;43;41;Osasuna;1;1;12;7;5;3;0.65;0.35;478;0.82;11;15;1;1;0;0;5;0.0;1.0;1.0;0.0;1.0;0.0;1.0;1.0;1.0;0.0;1.0;1;0.0499999999999999;0.0909090909090909;392;0.0280612244897959;603.0769230769231;0.4166666666666667;7.692307692307692;5;0.3;4;0;-4;0.0251046025104602;0.0833333333333333;0.65;5.0;0;1;1;0;1;0;0;1;0.0833333333333333;0.2;0.002092050209205;12.0;1.0;1.0;1.0;0.0;0.0;0.0;0.0;0.0;0.0;0.0;1.0;0.0;0.0;0.0;0.0;0.0;0.0;0.0;0.0;0.0;0.0;0.0;0.0;0.0;0.0;0.0;0.0;0.0;0.0;0.0;0.0;0.0;0.0;0.0;0.0;0.0;0.0;0.0;0.0;0.0;0.0;0.0;0.0;0.0;0.0;0.0
2024-11-24;Sevilla;1;3;0;43;42;Rayo Vallecano;2;6;11;9;3;1;0.53;0.47;417;0.81;14;14;2;5;0;1;8;0.0;1.0;1.0;0.0;1.0;0.0;1.0;1.0;1.0;0.0;1.0;3;0.0522222222222222;0.1428571428571428;338;0.0414201183431952;637.7358490566038;0.7272727272727273;15.094339622641508;2;0.06;5;-4;0;0.026378896882494;0.0909090909090909;0.53;8.0;1;0;1;1;0;0;0;1;0.0909090909090909;0.3333333333333333;0.0023980815347721;11.0;1.0;1.0;1.0;0.0;0.0;0.0;0.0;0.0;0.0;0.0;1.0;0.0;0.0;0.0;0.0;0.0;0.0;0.0;0.0;0.0;0.0;0.0;0.0;0.0;0.0;0.0;0.0;0.0;0.0;0.0;0.0;0.0;0.0;0.0;0.0;0.0;0.0;0.0;0.0;0.0;0.0;0.0;0.0;0.0;0.0;0.0
2024-11-09;Sevilla;1;0;3;43;47;Leganés;2;2;13;8;2;4;0.58;0.42;494;0.76;10;7;1;2;1;0;6;0.0;1.0;0.0;0.0;1.0;1.0;1.0;1.0;0.0;0.0;1.0;0;0.0525;0.2;375;0.0266666666666666;646.551724137931;0.4615384615384615;10.344827586206897;5;0.1599999999999999;6;0;3;0.0263157894736842;0.0;0.0;0.0;0;0;0;0;0;1;1;0;0.0;0.0;0.0;0.0;1.0;1.0;1.0;0.0;0.0;0.0;0.0;0.0;0.0;0.0;1.0;0.0;0.0;1.0;0.0;0.0;0.0;0.0;0.0;0.0;0.0;0.0;0.0;0.0;0.0;0.0;0.0;0.0;0.0;0.0;0.0;0.0;0.0;0.0;0.0;0.0;0.0;0.0;0.0;0.0;0.0;0.0;0.0;0.0;0.0;0.0
2024-11-03;Sevilla;1;3;7;43;46;Real Sociedad;2;1;8;9;0;3;0.55;0.45;497;0.79;6;17;2;1;0;0;5;0.0;1.0;0.0;0.0;1.0;0.0;1.0;1.0;0.0;0.0;1.0;9;0.05;0.3333333333333333;393;0.015267175572519;714.5454545454545;0.625;9.09090909090909;-1;0.1;-4;1;-11;0.0160965794768611;0.0;0.0;0.0;0;0;0;0;0;1;0;1;0.0;0.0;0.0;0.0;1.0;0.0;1.0;0.0;0.0;1.0;0.0;0.0;1.0;1.0;1.0;0.0;0.0;0.0;0.0;0.0;0.0;0.0;0.0;0.0;0.0;0.0;0.0;0.0;0.0;0.0;0.0;0.0;0.0;0.0;0.0;0.0;0.0;0.0;0.0;0.0;0.0;0.0;0.0;0.0;0.0;0.0;0.0;0.0;0.0;0.0
2024-10-30;Sevilla;19;3;1;43;383;Las Rozas;1;1;11;6;4;2;0.72;0.28;621;0.87;13;19;1;1;0;0;7;0.0;0.0;0.0;1.0;0.0;1.0;0.0;0.0;1.0;0.0;0.0;3;0.0466666666666666;0.0769230769230769;540;0.024074074074074;750.0;0.6363636363636364;9.722222222222223;5;0.4399999999999999;4;0;-6;0.0177133655394524;0.2727272727272727;0.24;2.333333333333333;1;2;3;1;0;0;1;0;0.2727272727272727;0.75;0.0048309178743961;3.6666666666666665;0.0;1.0;0.0;0.0;0.0;1.0;0.0;1.0;1.0;1.0;1.0;0.0;0.0;1.0;0.0;1.0;0.0;0.0;0.0;0.0;0.0;0.0;0.0;0.0;0.0;0.0;0.0;0.0;0.0;0.0;0.0;0.0;0.0;0.0;0.0;0.0;0.0;0.0;0.0;0.0;0.0;0.0;0.0;0.0;0.0;0.0
2024-10-25;Sevilla;1;3;1;43;49;RCD Espanyol;0;2;6;16;3;1;0.58;0.42;480;0.82;9;14;0;2;0;0;2;1.0;1.0;1.0;0.0;1.0;0.0;1.0;1.0;0.0;0.0;1.0;13;0.02625;0.0;394;0.0228426395939086;679.3103448275863;0.3333333333333333;3.4482758620689657;-10;0.1599999999999999;-11;-2;-5;0.0125;0.3333333333333333;0.29;1.0;2;0;2;1;0;0;1;0;0.3333333333333333;0.6666666666666666;0.0041666666666666;3.0;0.0;0.0;1.0;0.0;0.0;1.0;0.0;0.0;0.0;1.0;0.0;0.0;0.0;0.0;0.0;0.0;0.0;1.0;0.0;0.0;0.0;0.0;0.0;0.0;0.0;0.0;0.0;0.0;0.0;0.0;0.0;0.0;0.0;0.0;0.0;0.0;0.0;0.0;0.0;0.0;0.0;0.0;0.0;0.0;0.0;0.0
2024-10-20;Sevilla;1;3;3;43;10;Barcelona;2;1;7;21;1;9;0.32;0.68;297;0.79;14;6;2;1;0;0;5;1.0;1.0;1.0;0.0;1.0;1.0;1.0;1.0;1.0;1.0;1.0;5;0.0323809523809523;0.1428571428571428;235;0.0595744680851063;734.375;0.7142857142857143;15.625;-14;-0.36;0;1;8;0.0235690235690235;0.1428571428571428;0.32;5.0;0;1;1;0;0;1;1;0;0.1428571428571428;1.0;0.0033670033670033;7.0;0.0;0.0;0.0;0.0;0.0;0.0;0.0;0.0;1.0;0.0;0.0;0.0;0.0;0.0;0.0;0.0;0.0;0.0;0.0;0.0;0.0;0.0;0.0;0.0;0.0;0.0;0.0;0.0;0.0;0.0;0.0;0.0;0.0;0.0;0.0;0.0;0.0;0.0;0.0;0.0;0.0;0.0;0.0;0.0;0.0;0.0
2024-10-06;Sevilla;1;3;3;43;39;Betis;5;4;14;11;5;3;0.52;0.48;400;0.77;15;15;4;4;1;0;4;1.0;1.0;1.0;0.0;1.0;1.0;1.0;1.0;1.0;1.0;1.0;1;0.0436363636363636;0.3333333333333333;308;0.0487012987012987;592.3076923076923;0.2857142857142857;7.692307692307692;3;0.04;3;1;0;0.035;0.0714285714285714;0.52;4.0;0;1;1;1;0;0;0;1;0.0714285714285714;0.2;0.0025;14.0;0.0;0.0;0.0;0.0;0.0;0.0;0.0;0.0;0.0;0.0;0.0;0.0;0.0;0.0;0.0;0.0;0.0;1.0;0.0;0.0;0.0;0.0;0.0;0.0;0.0;0.0;0.0;0.0;0.0;0.0;0.0;0.0;0.0;0.0;0.0;0.0;0.0;0.0;0.0;0.0;0.0;0.0;0.0;0.0;0.0;0.0
2024-09-29;Sevilla;1;3;3;43;38;Athletic;3;1;13;13;3;5;0.62;0.38;529;0.82;7;6;3;0;0;1;7;1.0;1.0;1.0;0.0;0.0;1.0;1.0;1.0;1.0;1.0;0.0;4;0.0292307692307692;0.4285714285714285;434;0.0161290322580645;700.0;0.5384615384615384;11.290322580645162;0;0.24;3;2;1;0.0245746691871455;0.0769230769230769;0.62;7.0;0;1;1;0;1;0;1;0;0.0769230769230769;0.3333333333333333;0.0018903591682419;13.0;0.0;0.0;0.0;0.0;0.0;0.0;0.0;0.0;0.0;0.0;0.0;0.0;0.0;1.0;0.0;1.0;0.0;1.0;0.0;0.0;0.0;0.0;0.0;0.0;0.0;0.0;0.0;0.0;0.0;0.0;0.0;0.0;0.0;0.0;0.0;0.0;0.0;0.0;0.0;0.0;0.0;0.0;0.0;0.0;0.0;0.0
2024-09-24;Sevilla;1;3;0;43;51;Valladolid;4;4;22;8;5;2;0.55;0.45;366;0.81;14;12;3;4;1;0;6;1.0;1.0;1.0;0.0;0.0;0.0;1.0;1.0;1.0;0.0;0.0;4;0.05625;0.2857142857142857;296;0.0472972972972973;538.1818181818181;0.2727272727272727;10.909090909090908;14;0.1;2;0;2;0.0601092896174863;0.0909090909090909;0.275;3.0;1;1;2;1;0;0;0;1;0.0909090909090909;0.4;0.0054644808743169;11.0;0.0;0.0;0.0;0.0;0.0;0.0;1.0;0.0;1.0;0.0;0.0;0.0;1.0;1.0;0.0;1.0;0.0;0.0;0.0;0.0;0.0;0.0;0.0;0.0;0.0;0.0;0.0;0.0;0.0;0.0;0.0;0.0;0.0;0.0;0.0;0.0;0.0;0.0;0.0;0.0;0.0;0.0;0.0;0.0;0.0;0.0
2024-09-20;Sevilla;1;0;3;43;45;Alavés;4;1;8;10;2;4;0.66;0.34;501;0.84;16;11;4;1;0;0;5;1.0;1.0;0.0;0.0;1.0;1.0;0.0;1.0;1.0;0.0;1.0;3;0.034;0.25;421;0.0380047505938242;637.8787878787879;0.625;7.575757575757575;-2;0.32;2;3;5;0.0159680638722554;0.125;0.66;5.0;0;1;1;0;0;1;1;0;0.125;0.5;0.0019960079840319;8.0;1.0;1.0;0.0;0.0;0.0;0.0;1.0;0.0;0.0;0.0;0.0;0.0;0.0;0.0;0.0;0.0;0.0;1.0;0.0;0.0;0.0;0.0;0.0;0.0;0.0;0.0;0.0;0.0;0.0;0.0;0.0;0.0;0.0;0.0;0.0;0.0;0.0;0.0;0.0;0.0;0.0;0.0;0.0;0.0;0.0;0.0
2024-09-14;Sevilla;1;6;1;43;48;Getafe;2;4;10;15;4;4;0.61;0.39;442;0.79;19;15;1;4;1;0;3;1.0;1.0;0.0;0.0;1.0;0.0;1.0;0.0;1.0;1.0;1.0;4;0.026;0.1052631578947368;349;0.0544412607449856;572.1311475409836;0.3;4.918032786885246;-5;0.2199999999999999;-1;-2;4;0.0226244343891402;0.1;0.61;3.0;1;0;1;1;0;0;0;1;0.1;0.25;0.002262443438914;10.0;0.0;1.0;0.0;0.0;0.0;0.0;0.0;0.0;1.0;0.0;0.0;0.0;1.0;0.0;0.0;0.0;0.0;1.0;0.0;0.0;0.0;0.0;0.0;0.0;0.0;0.0;0.0;0.0;0.0;0.0;0.0;0.0;0.0;0.0;0.0;0.0;0.0;0.0;0.0;0.0;0.0;0.0;0.0;0.0;0.0;0.0
2024-09-01;Sevilla;1;3;0;43;24;Girona;3;2;16;11;5;4;0.49;0.51;433;0.84;6;14;3;2;0;0;7;1.0;1.0;1.0;0.0;0.0;1.0;0.0;1.0;0.0;1.0;1.0;5;0.0463636363636363;0.5;364;0.0164835164835164;742.8571428571429;0.4375;14.285714285714286;5;-0.02;2;1;-8;0.0369515011547344;0.0;0.0;0.0;0;0;0;0;0;1;0;1;0.0;0.0;0.0;0.0;0.0;0.0;1.0;0.0;0.0;1.0;0.0;0.0;1.0;0.0;0.0;0.0;0.0;0.0;0.0;1.0;0.0;0.0;0.0;0.0;0.0;0.0;0.0;0.0;0.0;0.0;0.0;0.0;0.0;0.0;0.0;0.0;0.0;0.0;0.0;0.0;0.0;0.0;0.0;0.0;0.0;0.0;0.0;0.0;0.0;0.0
2024-08-27;Sevilla;1;0;0;43;40;R.C.D. Mallorca;2;0;16;12;7;4;0.56;0.44;485;0.85;10;15;1;0;1;0;9;1.0;1.0;1.0;0.0;1.0;0.0;1.0;1.0;0.0;1.0;0.0;5;0.0366666666666666;0.2;412;0.0242718446601941;735.7142857142857;0.5625;16.07142857142857;4;0.12;4;2;-5;0.0329896907216494;0.0;0.0;0.0;0;0;0;0;1;0;1;0;0.0;0.0;0.0;0.0;0.0;1.0;1.0;0.0;0.0;0.0;1.0;0.0;0.0;0.0;0.0;0.0;0.0;1.0;0.0;0.0;0.0;0.0;0.0;0.0;0.0;0.0;0.0;0.0;0.0;0.0;0.0;0.0;0.0;0.0;0.0;0.0;0.0;0.0;0.0;0.0;0.0;0.0;0.0;0.0;0.0;0.0;0.0;0.0;0.0;0.0
2024-08-23;Sevilla;1;0;1;43;37;Villarreal;3;5;16;8;7;6;0.61;0.39;527;0.84;16;8;3;5;0;0;7;1.0;1.0;1.0;0.0;1.0;1.0;0.0;1.0;0.0;0.0;1.0;2;0.04875;0.1875;443;0.0361173814898419;726.2295081967213;0.4375;11.475409836065571;8;0.2199999999999999;5;-2;8;0.0303605313092979;0.0625;0.61;7.0;1;0;1;0;0;1;0;1;0.0625;0.1428571428571428;0.0018975332068311;16.0;1.0;0.0;0.0;0.0;0.0;1.0;1.0;0.0;0.0;0.0;0.0;0.0;0.0;0.0;0.0;0.0;0.0;0.0;1.0;0.0;0.0;0.0;0.0;0.0;0.0;0.0;0.0;0.0;0.0;0.0;0.0;0.0;0.0;0.0;0.0;0.0;0.0;0.0;0.0;0.0;0.0;0.0;0.0;0.0;0.0;0.0
2024-08-16;Sevilla;1;3;3;43;50;U. D. Las Palmas;2;2;18;15;5;5;0.52;0.48;481;0.81;15;14;2;2;0;0;3;1.0;1.0;0.0;0.0;1.0;1.0;1.0;1.0;0.0;0.0;1.0;6;0.032;0.1333333333333333;390;0.0384615384615384;750.0;0.1666666666666666;5.769230769230769;3;0.04;-3;0;1;0.0374220374220374;0.1111111111111111;0.26;1.5;1;1;2;0;1;0;1;0;0.1111111111111111;0.4;0.0041580041580041;9.0;0.0;1.0;0.0;0.0;0.0;1.0;0.0;0.0;0.0;0.0;0.0;0.0;0.0;0.0;0.0;0.0;0.0;1.0;1.0;0.0;0.0;0.0;0.0;0.0;0.0;0.0;0.0;0.0;0.0;0.0;0.0;0.0;0.0;0.0;0.0;0.0;0.0;0.0;0.0;0.0;0.0;0.0;0.0;0.0;0.0;0.0
2024-08-11;Sevilla;6;0;0;43;2;Liverpool;1;0;8;12;2;9;0.43;0.57;453;0.88;6;11;1;0;0;0;2;1.0;0.0;0.0;1.0;1.0;1.0;0.0;0.0;0.0;0.0;0.0;5;0.0474999999999999;0.1666666666666666;399;0.0150375939849624;927.906976744186;0.25;4.651162790697675;-4;-0.1399999999999999;-3;1;-5;0.0176600441501103;0.125;0.43;2.0;0;1;1;0;0;1;1;0;0.125;0.5;0.0022075055187637;8.0;0.0;0.0;0.0;0.0;0.0;0.0;1.0;0.0;0.0;1.0;0.0;0.0;0.0;1.0;0.0;0.0;1.0;1.0;0.0;1.0;1.0;0.0;0.0;0.0;0.0;0.0;0.0;0.0;0.0;0.0;0.0;0.0;0.0;0.0;0.0;0.0;0.0;0.0;0.0;0.0;0.0;0.0;0.0;0.0;0.0;0.0
2024-05-26;Sevilla;1;17;0;43;10;Barcelona;2;1;15;11;6;6;0.39;0.61;401;0.88;11;9;2;1;0;0;6;1.0;0.0;1.0;0.0;1.0;1.0;0.0;1.0;0.0;0.0;0.0;5;0.0554545454545454;0.1818181818181818;353;0.0311614730878186;905.1282051282052;0.4;15.384615384615383;4;-0.2199999999999999;1;1;2;0.0374064837905236;0.0666666666666666;0.39;6.0;1;0;1;0;0;1;0;1;0.0666666666666666;0.1666666666666666;0.0024937655860349;15.0;1.0;0.0;0.0;0.0;0.0;1.0;0.0;0.0;0.0;0.0;0.0;0.0;0.0;0.0;0.0;0.0;0.0;0.0;1.0;0.0;0.0;1.0;1.0;1.0;0.0;0.0;0.0;0.0;0.0;0.0;0.0;0.0;0.0;0.0;0.0;0.0;0.0;0.0;0.0;0.0;0.0;0.0;0.0;0.0;0.0;0.0
2024-05-19;Sevilla;1;17;3;43;38;Athletic;1;1;9;15;4;6;0.46;0.54;417;0.81;5;12;1;1;0;0;3;1.0;0.0;1.0;0.0;0.0;1.0;0.0;1.0;0.0;0.0;0.0;8;0.036;0.2;338;0.014792899408284;734.7826086956521;0.3333333333333333;6.521739130434782;-6;-0.08;-5;0;-7;0.0215827338129496;0.0;0.0;0.0;0;0;0;0;0;1;1;0;0.0;0.0;0.0;0.0;1.0;0.0;0.0;0.0;0.0;0.0;0.0;0.0;0.0;0.0;0.0;1.0;1.0;0.0;0.0;0.0;0.0;0.0;1.0;0.0;0.0;1.0;0.0;1.0;1.0;0.0;0.0;0.0;0.0;0.0;0.0;0.0;0.0;0.0;0.0;0.0;0.0;0.0;0.0;0.0;0.0;0.0;0.0;0.0;0.0;0.0
2024-05-15;Sevilla;1;4;1;43;130;Cádiz;6;2;14;19;3;7;0.57;0.43;467;0.84;13;11;6;2;0;0;1;1.0;0.0;1.0;0.0;0.0;1.0;0.0;1.0;0.0;0.0;0.0;9;0.0226315789473684;0.4615384615384615;392;0.0331632653061224;687.7192982456141;0.0714285714285714;1.7543859649122808;-5;0.1399999999999999;-8;4;2;0.0299785867237687;0.0;0.0;0.0;0;0;0;0;0;1;0;1;0.0;0.0;0.0;0.0;1.0;0.0;0.0;0.0;0.0;0.0;0.0;0.0;0.0;0.0;0.0;0.0;1.0;0.0;0.0;0.0;0.0;0.0;1.0;0.0;0.0;1.0;1.0;1.0;1.0;0.0;0.0;0.0;0.0;0.0;0.0;0.0;0.0;0.0;0.0;0.0;0.0;0.0;0.0;0.0;0.0;0.0;0.0;0.0;0.0;0.0
2024-05-11;Sevilla;1;4;1;43;37;Villarreal;5;3;8;25;4;7;0.4;0.6;361;0.78;14;12;5;3;0;0;1;1.0;0.0;0.0;0.0;0.0;1.0;0.0;0.0;0.0;0.0;0.0;10;0.024;0.3571428571428571;282;0.0496453900709219;705.0;0.125;2.5;-17;-0.1999999999999999;-9;2;2;0.0221606648199446;0.25;0.2;0.5;2;0;2;0;0;1;1;0;0.25;0.5;0.0055401662049861;4.0;1.0;0.0;0.0;0.0;0.0;0.0;0.0;0.0;0.0;0.0;0.0;0.0;1.0;0.0;0.0;0.0;1.0;1.0;1.0;0.0;0.0;1.0;1.0;1.0;1.0;0.0;0.0;0.0;0.0;0.0;0.0;0.0;0.0;0.0;0.0;0.0;0.0;0.0;0.0;0.0;0.0;0.0;0.0;0.0;0.0;0.0
2024-05-05;Sevilla;1;17;1;43;119;Granada;2;2;11;8;5;3;0.61;0.39;540;0.83;15;13;2;2;0;0;5;1.0;0.0;1.0;0.0;0.0;1.0;0.0;0.0;0.0;0.0;0.0;4;0.04875;0.1333333333333333;448;0.0334821428571428;734.4262295081967;0.4545454545454545;8.19672131147541;3;0.2199999999999999;1;0;2;0.0203703703703703;0.2727272727272727;0.2033333333333333;1.6666666666666667;1;2;3;1;0;0;0;1;0.2727272727272727;0.6;0.0055555555555555;3.6666666666666665;1.0;0.0;0.0;0.0;0.0;0.0;0.0;0.0;0.0;0.0;0.0;0.0;1.0;0.0;0.0;0.0;0.0;0.0;1.0;0.0;0.0;1.0;1.0;1.0;1.0;1.0;0.0;0.0;0.0;0.0;0.0;0.0;0.0;0.0;0.0;0.0;0.0;0.0;0.0;0.0;0.0;0.0;0.0;0.0;0.0;0.0
2024-04-28;Sevilla;1;1;3;43;39;Betis;5;3;10;15;1;5;0.49;0.51;386;0.82;20;9;5;3;0;0;6;1.0;0.0;1.0;0.0;0.0;1.0;0.0;0.0;0.0;0.0;1.0;4;0.034;0.25;317;0.0630914826498422;646.9387755102041;0.6;12.244897959183673;-5;-0.02;2;2;11;0.0259067357512953;0.1;0.49;6.0;0;1;1;0;1;0;1;0;0.1;1.0;0.0025906735751295;10.0;0.0;0.0;0.0;0.0;0.0;0.0;0.0;0.0;0.0;0.0;0.0;0.0;1.0;0.0;0.0;0.0;1.0;0.0;1.0;0.0;0.0;1.0;1.0;1.0;1.0;0.0;0.0;0.0;0.0;0.0;0.0;0.0;0.0;0.0;0.0;0.0;0.0;0.0;0.0;0.0;0.0;0.0;0.0;0.0;0.0;0.0
2024-04-22;Sevilla;1;4;9;43;40;R.C.D. Mallorca;0;2;11;8;4;6;0.55;0.45;515;0.84;10;8;0;2;0;0;4;1.0;0.0;1.0;0.0;0.0;1.0;1.0;0.0;0.0;0.0;1.0;4;0.05625;0.0;433;0.023094688221709;787.2727272727273;0.3636363636363636;7.272727272727272;3;0.1;0;-2;2;0.0213592233009708;0.1818181818181818;0.275;2.0;0;2;2;1;0;0;0;1;0.1818181818181818;0.5;0.003883495145631;5.5;0.0;0.0;0.0;0.0;0.0;0.0;0.0;0.0;0.0;0.0;0.0;0.0;1.0;0.0;0.0;0.0;0.0;0.0;1.0;0.0;0.0;1.0;1.0;1.0;0.0;0.0;1.0;0.0;0.0;0.0;0.0;0.0;0.0;0.0;0.0;0.0;0.0;0.0;0.0;0.0;0.0;0.0;0.0;0.0;0.0;0.0
2024-04-14;Sevilla;1;4;5;43;50;U. D. Las Palmas;3;4;10;5;3;2;0.37;0.63;355;0.85;13;8;3;3;0;1;2;1.0;0.0;1.0;0.0;1.0;0.0;1.0;0.0;0.0;0.0;1.0;6;0.126;0.2307692307692307;302;0.043046357615894;816.2162162162163;0.2;5.405405405405405;5;-0.26;-4;-1;5;0.028169014084507;0.2;0.185;1.0;1;1;2;1;0;0;1;0;0.2;0.6666666666666666;0.0056338028169014;5.0;1.0;0.0;0.0;0.0;0.0;0.0;0.0;0.0;0.0;0.0;0.0;0.0;0.0;0.0;0.0;0.0;0.0;0.0;1.0;0.0;0.0;1.0;1.0;1.0;0.0;0.0;1.0;0.0;0.0;0.0;0.0;0.0;0.0;0.0;0.0;0.0;0.0;0.0;0.0;0.0;0.0;0.0;0.0;0.0;0.0;0.0
2024-03-30;Sevilla;1;4;7;43;48;Getafe;5;4;10;18;3;5;0.33;0.67;283;0.65;15;11;5;4;0;0;3;1.0;0.0;1.0;0.0;0.0;0.0;1.0;0.0;0.0;0.0;1.0;6;0.0372222222222222;0.3333333333333333;184;0.0815217391304347;557.5757575757575;0.3;9.09090909090909;-8;-0.34;-3;1;4;0.0353356890459364;0.1;0.33;3.0;1;0;1;1;0;0;1;0;0.1;0.3333333333333333;0.0035335689045936;10.0;1.0;0.0;0.0;0.0;0.0;0.0;0.0;0.0;0.0;0.0;0.0;0.0;0.0;0.0;0.0;0.0;0.0;0.0;1.0;0.0;0.0;1.0;1.0;1.0;1.0;0.0;1.0;0.0;0.0;0.0;0.0;0.0;0.0;0.0;0.0;0.0;0.0;0.0;0.0;0.0;0.0;0.0;0.0;0.0;0.0;0.0
2024-03-17;Sevilla;1;4;17;43;44;Celta de Vigo;4;0;11;18;4;5;0.35;0.65;356;0.8;13;6;4;0;0;0;3;1.0;0.0;0.0;0.0;0.0;0.0;1.0;0.0;0.0;0.0;1.0;8;0.0361111111111111;0.3076923076923077;285;0.0456140350877193;814.2857142857143;0.2727272727272727;8.571428571428571;-7;-0.3;-5;4;7;0.0308988764044943;0.0909090909090909;0.35;3.0;1;0;1;0;0;1;0;1;0.0909090909090909;0.25;0.0028089887640449;11.0;1.0;0.0;0.0;0.0;0.0;0.0;0.0;0.0;0.0;0.0;0.0;0.0;1.0;0.0;0.0;0.0;0.0;0.0;1.0;0.0;0.0;1.0;1.0;1.0;1.0;0.0;1.0;0.0;0.0;0.0;0.0;0.0;0.0;0.0;0.0;0.0;0.0;0.0;0.0;0.0;0.0;0.0;0.0;0.0;0.0;0.0
2024-03-11;Sevilla;1;4;3;43;126;Almería;1;2;19;14;6;4;0.58;0.42;547;0.8;11;6;1;2;0;0;8;1.0;0.0;1.0;0.0;0.0;0.0;0.0;0.0;0.0;0.0;1.0;1;0.03;0.0909090909090909;438;0.0251141552511415;755.1724137931035;0.4210526315789473;13.793103448275865;5;0.1599999999999999;7;-1;5;0.0347349177330895;0.1052631578947368;0.29;4.0;0;2;2;0;1;0;1;0;0.1052631578947368;0.3333333333333333;0.0036563071297989;9.5;1.0;1.0;0.0;0.0;0.0;0.0;0.0;0.0;0.0;0.0;0.0;0.0;1.0;0.0;0.0;0.0;0.0;0.0;1.0;0.0;0.0;1.0;1.0;1.0;0.0;0.0;1.0;0.0;0.0;0.0;0.0;0.0;0.0;0.0;0.0;0.0;0.0;0.0;0.0;0.0;0.0;0.0;0.0;0.0;0.0;0.0
2024-03-02;Sevilla;1;4;14;43;46;Real Sociedad;1;2;12;13;5;4;0.39;0.61;326;0.73;12;15;1;2;0;0;2;1.0;0.0;1.0;0.0;1.0;0.0;0.0;0.0;0.0;0.0;1.0;5;0.0469230769230769;0.0833333333333333;238;0.0504201680672268;610.2564102564103;0.1666666666666666;5.128205128205128;-1;-0.2199999999999999;-3;-1;-3;0.0368098159509202;0.25;0.13;0.6666666666666666;2;1;3;1;0;0;0;1;0.25;0.6;0.00920245398773;4.0;1.0;0.0;0.0;0.0;0.0;0.0;0.0;0.0;0.0;0.0;0.0;0.0;1.0;0.0;0.0;0.0;0.0;0.0;0.0;0.0;0.0;1.0;1.0;1.0;0.0;0.0;1.0;1.0;0.0;0.0;0.0;0.0;0.0;0.0;0.0;0.0;0.0;0.0;0.0;0.0;0.0;0.0;0.0;0.0;0.0;0.0
2024-02-25;Sevilla;1;4;0;43;12;Real Madrid;3;1;4;16;1;6;0.36;0.64;358;0.82;13;10;3;1;0;0;2;1.0;0.0;1.0;0.0;0.0;0.0;0.0;0.0;0.0;0.0;1.0;7;0.04;0.2307692307692307;294;0.0442176870748299;816.6666666666667;0.5;5.555555555555555;-12;-0.28;-5;2;3;0.0111731843575419;0.0;0.0;0.0;0;0;0;0;0;1;1;0;0.0;0.0;0.0;0.0;1.0;1.0;0.0;0.0;0.0;0.0;0.0;0.0;0.0;0.0;0.0;0.0;1.0;0.0;0.0;0.0;0.0;0.0;1.0;0.0;0.0;1.0;1.0;1.0;0.0;0.0;1.0;0.0;0.0;0.0;0.0;0.0;0.0;0.0;0.0;0.0;0.0;0.0;0.0;0.0;0.0;0.0;0.0;0.0;0.0;0.0
2024-02-17;Sevilla;1;2;1;43;52;Valencia C. F.;1;0;1;14;1;4;0.46;0.54;504;0.82;8;5;1;0;0;0;2;1.0;0.0;1.0;0.0;0.0;0.0;0.0;0.0;0.0;0.0;1.0;7;0.0385714285714285;0.125;413;0.0193704600484261;897.8260869565217;2.0;4.3478260869565215;-13;-0.08;-5;1;3;0.0019841269841269;0.0;0.0;0.0;0;0;0;0;1;0;1;0;0.0;0.0;0.0;0.0;1.0;1.0;0.0;0.0;0.0;0.0;0.0;0.0;0.0;0.0;0.0;0.0;1.0;0.0;0.0;0.0;0.0;0.0;0.0;0.0;0.0;1.0;1.0;1.0;1.0;0.0;1.0;0.0;0.0;0.0;0.0;0.0;0.0;0.0;0.0;0.0;0.0;0.0;0.0;0.0;0.0;0.0;0.0;0.0;0.0;0.0
2024-02-11;Sevilla;1;1;2;43;27;Atlético Madrid;2;1;10;16;6;5;0.39;0.61;404;0.83;8;5;2;1;0;0;2;1.0;0.0;1.0;0.0;0.0;0.0;0.0;0.0;0.0;0.0;1.0;7;0.038125;0.25;335;0.0238805970149253;858.9743589743589;0.2;5.128205128205128;-6;-0.2199999999999999;-5;1;3;0.0247524752475247;0.1;0.39;2.0;1;0;1;1;0;0;0;1;0.1;0.1666666666666666;0.0024752475247524;10.0;0.0;1.0;0.0;0.0;0.0;0.0;0.0;0.0;0.0;0.0;0.0;0.0;1.0;0.0;0.0;0.0;0.0;0.0;1.0;0.0;0.0;1.0;1.0;1.0;1.0;0.0;1.0;0.0;0.0;0.0;0.0;0.0;0.0;0.0;0.0;0.0;0.0;0.0;0.0;0.0;0.0;0.0;0.0;0.0;0.0;0.0
2024-02-05;Sevilla;1;1;1;43;42;Rayo Vallecano;3;2;10;22;6;5;0.32;0.68;307;0.64;10;8;3;2;0;0;0;1.0;0.0;1.0;0.0;0.0;1.0;0.0;0.0;0.0;0.0;1.0;6;0.0309090909090909;0.3;196;0.0510204081632653;612.5;0.0;0.0;-12;-0.36;-6;1;2;0.0325732899022801;0.2;0.16;0.0;2;0;2;1;0;0;1;0;0.2;0.3333333333333333;0.006514657980456;5.0;0.0;1.0;0.0;0.0;0.0;0.0;0.0;0.0;1.0;0.0;0.0;0.0;1.0;0.0;0.0;0.0;0.0;0.0;1.0;0.0;0.0;0.0;1.0;1.0;1.0;0.0;0.0;0.0;0.0;0.0;0.0;0.0;0.0;0.0;0.0;0.0;0.0;0.0;0.0;0.0;0.0;0.0;0.0;0.0;0.0;0.0
2024-01-28;Sevilla;1;2;2;43;41;Osasuna;4;0;10;11;5;4;0.43;0.57;361;0.74;19;13;3;0;1;0;2;1.0;0.0;1.0;0.0;0.0;1.0;0.0;0.0;0.0;0.0;1.0;4;0.0518181818181818;0.2105263157894736;267;0.0711610486891385;620.9302325581396;0.2;4.651162790697675;-1;-0.1399999999999999;-2;4;6;0.0277008310249307;0.1;0.43;2.0;1;0;1;0;1;0;0;1;0.1;0.2;0.002770083102493;10.0;0.0;0.0;0.0;0.0;0.0;0.0;0.0;0.0;1.0;0.0;0.0;0.0;1.0;0.0;0.0;0.0;1.0;0.0;1.0;0.0;0.0;1.0;1.0;0.0;1.0;0.0;0.0;0.0;0.0;0.0;0.0;0.0;0.0;0.0;0.0;0.0;0.0;0.0;0.0;0.0;0.0;0.0;0.0;0.0;0.0;0.0
2024-01-25;Sevilla;19;2;2;43;27;Atlético Madrid;6;3;6;10;1;4;0.42;0.58;426;0.8;13;15;6;3;0;0;3;1.0;0.0;0.0;0.0;1.0;0.0;0.0;0.0;0.0;0.0;1.0;1;0.0579999999999999;0.4615384615384615;341;0.0381231671554252;811.9047619047619;0.5;7.142857142857143;-4;-0.1599999999999999;2;3;-2;0.0140845070422535;0.0;0.0;0.0;0;0;0;0;0;1;1;0;0.0;0.0;0.0;0.0;0.0;1.0;0.0;0.0;0.0;0.0;0.0;0.0;1.0;0.0;0.0;0.0;1.0;0.0;0.0;0.0;0.0;1.0;1.0;0.0;0.0;1.0;1.0;0.0;0.0;0.0;1.0;0.0;0.0;0.0;0.0;0.0;0.0;0.0;0.0;0.0;0.0;0.0;0.0;0.0;0.0;0.0;0.0;0.0;0.0;0.0
2024-01-21;Sevilla;1;4;1;43;24;Girona;2;0;9;12;3;8;0.44;0.56;450;0.86;11;9;2;0;0;0;5;0.0;0.0;1.0;0.0;1.0;0.0;0.0;0.0;0.0;0.0;1.0;4;0.0466666666666666;0.1818181818181818;387;0.0284237726098191;879.5454545454545;0.5555555555555556;11.363636363636363;-3;-0.12;1;2;2;0.02;0.1111111111111111;0.44;5.0;1;0;1;0;0;1;1;0;0.1111111111111111;0.3333333333333333;0.0022222222222222;9.0;0.0;1.0;0.0;0.0;0.0;0.0;0.0;0.0;0.0;0.0;0.0;0.0;1.0;0.0;0.0;0.0;1.0;1.0;1.0;0.0;0.0;1.0;0.0;0.0;0.0;0.0;0.0;0.0;1.0;1.0;0.0;0.0;0.0;0.0;0.0;0.0;0.0;0.0;0.0;0.0;0.0;0.0;0.0;0.0;0.0;0.0
2024-01-16;Sevilla;19;2;1;43;48;Getafe;2;1;7;16;5;3;0.34;0.66;292;0.65;11;11;2;1;0;0;2;0.0;0.0;1.0;0.0;1.0;0.0;0.0;0.0;0.0;0.0;1.0;7;0.04125;0.1818181818181818;190;0.0578947368421052;558.8235294117646;0.2857142857142857;5.88235294117647;-9;-0.32;-5;1;0;0.023972602739726;0.4285714285714285;0.1133333333333333;0.6666666666666666;1;2;3;1;0;0;1;0;0.4285714285714285;0.6;0.0102739726027397;2.333333333333333;0.0;1.0;0.0;0.0;0.0;1.0;0.0;0.0;0.0;0.0;0.0;0.0;0.0;0.0;0.0;0.0;1.0;1.0;1.0;0.0;0.0;1.0;1.0;0.0;0.0;0.0;0.0;0.0;0.0;0.0;1.0;0.0;0.0;0.0;0.0;0.0;0.0;0.0;0.0;0.0;0.0;0.0;0.0;0.0;0.0;0.0
2024-01-12;Sevilla;1;1;3;43;45;Alavés;4;3;19;16;4;8;0.68;0.32;564;0.85;12;13;4;3;0;0;5;0.0;0.0;0.0;0.0;0.0;0.0;0.0;0.0;0.0;0.0;1.0;4;0.02;0.3333333333333333;479;0.0250521920668058;704.4117647058823;0.2631578947368421;7.352941176470588;3;0.36;1;1;-1;0.0336879432624113;0.1052631578947368;0.34;2.5;0;2;2;0;0;1;0;1;0.1052631578947368;0.5;0.0035460992907801;9.5;1.0;0.0;0.0;0.0;0.0;0.0;0.0;0.0;1.0;0.0;0.0;0.0;1.0;0.0;0.0;0.0;1.0;0.0;1.0;0.0;0.0;1.0;1.0;0.0;0.0;0.0;1.0;0.0;1.0;0.0;0.0;1.0;0.0;0.0;0.0;0.0;0.0;0.0;0.0;0.0;0.0;0.0;0.0;0.0;0.0;0.0
2024-01-07;Sevilla;19;1;8;43;132;Racing Ferrol;1;3;16;3;5;2;0.58;0.42;499;0.82;8;10;1;2;0;1;10;0.0;0.0;0.0;0.0;1.0;0.0;0.0;0.0;0.0;0.0;0.0;5;0.1399999999999999;0.125;409;0.0195599022004889;705.1724137931035;0.625;17.24137931034483;13;0.1599999999999999;5;-2;-2;0.032064128256513;0.125;0.29;5.0;1;1;2;1;0;0;1;0;0.125;0.4;0.0040080160320641;8.0;1.0;1.0;0.0;0.0;0.0;1.0;0.0;0.0;1.0;0.0;0.0;0.0;0.0;0.0;0.0;0.0;1.0;0.0;1.0;0.0;0.0;1.0;0.0;0.0;0.0;0.0;1.0;0.0;1.0;0.0;0.0;0.0;1.0;0.0;0.0;0.0;0.0;0.0;0.0;0.0;0.0;0.0;0.0;0.0;0.0;0.0
2024-01-04;Sevilla;1;4;3;43;38;Athletic;3;1;11;15;2;6;0.61;0.39;596;0.83;9;19;3;1;0;0;5;0.0;0.0;1.0;0.0;1.0;0.0;1.0;0.0;0.0;0.0;0.0;4;0.026;0.3333333333333333;495;0.0181818181818181;811.4754098360656;0.4545454545454545;8.19672131147541;-4;0.2199999999999999;1;2;-10;0.0184563758389261;0.0;0.0;0.0;0;0;0;0;0;1;0;1;0.0;0.0;0.0;0.0;1.0;1.0;0.0;0.0;0.0;1.0;0.0;0.0;0.0;0.0;0.0;0.0;0.0;0.0;0.0;0.0;1.0;0.0;1.0;0.0;0.0;1.0;0.0;0.0;0.0;0.0;0.0;0.0;1.0;0.0;0.0;0.0;1.0;0.0;0.0;0.0;0.0;0.0;0.0;0.0;0.0;0.0;0.0;0.0;0.0;0.0
2023-12-23;Sevilla;1;2;9;43;27;Atlético Madrid;3;8;8;12;2;4;0.51;0.49;479;0.84;19;12;3;7;0;1;5;0.0;0.0;0.0;0.0;1.0;0.0;1.0;0.0;0.0;0.0;0.0;6;0.0408333333333333;0.1578947368421052;402;0.0472636815920398;788.2352941176471;0.625;9.803921568627452;-4;0.02;-1;-5;7;0.0167014613778705;0.0;0.0;0.0;0;0;0;0;0;1;1;0;0.0;0.0;0.0;0.0;1.0;0.0;0.0;0.0;0.0;1.0;0.0;0.0;0.0;0.0;0.0;0.0;0.0;0.0;0.0;0.0;1.0;0.0;1.0;0.0;0.0;1.0;1.0;0.0;0.0;0.0;1.0;0.0;1.0;0.0;0.0;1.0;0.0;0.0;0.0;0.0;0.0;0.0;0.0;0.0;0.0;0.0;0.0;0.0;0.0;0.0
2023-12-19;Sevilla;1;2;7;43;119;Granada;1;2;12;12;5;3;0.48;0.52;484;0.82;18;10;1;2;0;0;4;0.0;0.0;0.0;0.0;1.0;0.0;1.0;0.0;0.0;0.0;0.0;6;0.0433333333333333;0.0555555555555555;397;0.0453400503778337;827.0833333333334;0.3333333333333333;8.333333333333334;0;-0.04;-2;-1;8;0.024793388429752;0.25;0.16;1.3333333333333333;2;1;3;1;0;0;1;0;0.25;0.6;0.006198347107438;4.0;1.0;0.0;0.0;0.0;0.0;1.0;0.0;0.0;0.0;0.0;0.0;0.0;0.0;0.0;0.0;0.0;1.0;0.0;1.0;0.0;0.0;1.0;1.0;1.0;0.0;0.0;1.0;0.0;1.0;0.0;0.0;0.0;0.0;0.0;0.0;0.0;0.0;0.0;0.0;0.0;0.0;0.0;0.0;0.0;0.0;0.0
2023-12-16;Sevilla;1;4;1;43;48;Getafe;3;3;12;14;4;7;0.57;0.43;483;0.77;18;18;3;3;0;0;4;0.0;0.0;0.0;0.0;1.0;0.0;1.0;0.0;0.0;0.0;0.0;2;0.0307142857142857;0.1666666666666666;372;0.0483870967741935;652.6315789473684;0.3333333333333333;7.017543859649123;-2;0.1399999999999999;2;0;0;0.0248447204968944;0.0;0.0;0.0;0;0;0;0;0;1;0;1;0.0;0.0;0.0;0.0;1.0;1.0;0.0;0.0;0.0;1.0;0.0;0.0;0.0;0.0;0.0;0.0;0.0;0.0;0.0;0.0;0.0;0.0;1.0;0.0;0.0;1.0;1.0;1.0;0.0;0.0;0.0;0.0;1.0;0.0;0.0;1.0;0.0;0.0;0.0;0.0;0.0;0.0;0.0;0.0;0.0;0.0;0.0;0.0;0.0;0.0
2023-12-12;Sevilla;0;23;23;43;765;Lens;4;4;10;3;4;2;0.66;0.34;568;0.84;12;11;4;4;0;0;7;0.0;0.0;0.0;0.0;1.0;0.0;1.0;0.0;0.0;0.0;0.0;0;0.1133333333333333;0.3333333333333333;477;0.0251572327044025;722.7272727272727;0.7;10.606060606060606;7;0.32;7;0;1;0.0176056338028169;0.1;0.66;7.0;0;1;1;0;0;1;1;0;0.1;0.25;0.0017605633802816;10.0;1.0;1.0;0.0;0.0;0.0;1.0;0.0;0.0;0.0;0.0;0.0;0.0;0.0;0.0;0.0;0.0;0.0;0.0;0.0;0.0;0.0;1.0;1.0;1.0;0.0;0.0;1.0;0.0;1.0;0.0;0.0;1.0;0.0;0.0;0.0;0.0;0.0;0.0;0.0;0.0;0.0;0.0;0.0;0.0;0.0;0.0
2023-12-09;Sevilla;1;0;23;43;40;R.C.D. Mallorca;2;2;19;6;5;3;0.67;0.33;570;0.86;6;15;2;2;0;0;12;0.0;0.0;0.0;0.0;1.0;0.0;1.0;1.0;0.0;0.0;0.0;4;0.055;0.3333333333333333;490;0.0122448979591836;731.3432835820895;0.631578947368421;17.91044776119403;13;0.34;8;0;-9;0.0333333333333333;0.0;0.0;0.0;0;0;0;0;0;1;1;0;0.0;0.0;0.0;0.0;0.0;1.0;0.0;0.0;0.0;1.0;0.0;0.0;0.0;0.0;0.0;0.0;0.0;0.0;0.0;0.0;0.0;0.0;1.0;0.0;0.0;1.0;1.0;1.0;0.0;0.0;0.0;0.0;1.0;0.0;0.0;1.0;0.0;0.0;0.0;0.0;0.0;0.0;0.0;0.0;0.0;0.0;0.0;0.0;0.0;0.0
2023-12-06;Sevilla;19;6;6;43;393;Atlético Astorga;0;3;16;7;11;2;0.67;0.33;568;0.83;7;14;0;3;0;0;4;0.0;0.0;0.0;0.0;1.0;0.0;0.0;0.0;0.0;0.0;0.0;2;0.0471428571428571;0.0;471;0.0148619957537154;702.9850746268656;0.25;5.970149253731343;9;0.34;2;-3;-7;0.028169014084507;0.125;0.335;2.0;1;1;2;1;0;0;1;0;0.125;0.1818181818181818;0.0035211267605633;8.0;1.0;0.0;0.0;0.0;0.0;0.0;0.0;0.0;0.0;0.0;0.0;1.0;0.0;0.0;0.0;0.0;0.0;0.0;0.0;1.0;0.0;1.0;0.0;0.0;0.0;0.0;1.0;0.0;1.0;1.0;0.0;0.0;1.0;1.0;1.0;0.0;0.0;0.0;0.0;0.0;0.0;0.0;0.0;0.0;0.0;0.0
2023-12-03;Sevilla;1;0;1;43;37;Villarreal;3;3;18;5;4;4;0.57;0.43;484;0.9;6;16;3;3;0;0;8;0.0;0.0;0.0;0.0;0.0;0.0;1.0;1.0;0.0;0.0;0.0;4;0.086;0.5;436;0.0137614678899082;764.9122807017544;0.4444444444444444;14.035087719298248;13;0.1399999999999999;4;0;-10;0.0371900826446281;0.0555555555555555;0.57;8.0;0;1;1;0;1;0;0;1;0.0555555555555555;0.25;0.0020661157024793;18.0;0.0;1.0;0.0;0.0;0.0;1.0;0.0;0.0;0.0;0.0;0.0;0.0;0.0;0.0;0.0;0.0;0.0;1.0;1.0;0.0;0.0;0.0;0.0;1.0;1.0;0.0;0.0;0.0;1.0;0.0;0.0;1.0;0.0;0.0;0.0;1.0;0.0;0.0;0.0;0.0;0.0;0.0;0.0;0.0;0.0;0.0
2023-11-29;Sevilla;0;0;3;43;28;PSV;2;1;11;16;4;8;0.4;0.6;321;0.72;14;11;0;1;2;0;4;0.0;0.0;0.0;0.0;0.0;0.0;1.0;1.0;0.0;0.0;0.0;5;0.0375;0.1428571428571428;231;0.0606060606060606;577.5;0.3636363636363636;10.0;-5;-0.1999999999999999;-1;1;3;0.0342679127725856;0.1818181818181818;0.2;2.0;1;1;2;0;0;1;0;1;0.1818181818181818;0.5;0.0062305295950155;5.5;0.0;1.0;0.0;0.0;0.0;0.0;0.0;0.0;0.0;0.0;0.0;0.0;1.0;0.0;0.0;0.0;0.0;0.0;1.0;0.0;0.0;1.0;0.0;1.0;1.0;0.0;0.0;0.0;1.0;0.0;0.0;1.0;0.0;0.0;0.0;1.0;0.0;0.0;0.0;0.0;0.0;0.0;0.0;0.0;0.0;0.0
2023-11-26;Sevilla;1;3;1;43;46;Real Sociedad;3;2;8;11;2;8;0.52;0.48;409;0.75;8;22;1;2;2;0;4;0.0;0.0;1.0;0.0;1.0;0.0;0.0;1.0;0.0;0.0;0.0;4;0.0436363636363636;0.375;307;0.0260586319218241;590.3846153846154;0.5;7.692307692307692;-3;0.04;0;1;-14;0.0195599022004889;0.125;0.52;4.0;0;1;1;0;0;1;1;0;0.125;0.5;0.0024449877750611;8.0;0.0;0.0;0.0;0.0;0.0;0.0;0.0;0.0;0.0;0.0;0.0;0.0;1.0;0.0;0.0;0.0;0.0;0.0;1.0;0.0;0.0;1.0;1.0;1.0;0.0;0.0;0.0;0.0;1.0;0.0;0.0;1.0;0.0;0.0;0.0;1.0;0.0;0.0;0.0;0.0;0.0;0.0;0.0;0.0;0.0;0.0
2023-11-12;Sevilla;1;7;3;43;39;Betis;1;1;13;14;4;6;0.61;0.39;454;0.83;18;14;1;1;0;0;9;0.0;0.0;1.0;0.0;1.0;0.0;1.0;0.0;0.0;0.0;0.0;5;0.0278571428571428;0.0555555555555555;377;0.0477453580901856;618.032786885246;0.6923076923076923;14.754098360655735;-1;0.2199999999999999;4;0;4;0.0286343612334801;0.0769230769230769;0.61;9.0;0;1;1;0;1;0;0;1;0.0769230769230769;0.25;0.0022026431718061;13.0;0.0;1.0;0.0;0.0;0.0;0.0;0.0;0.0;0.0;0.0;0.0;0.0;1.0;0.0;0.0;0.0;0.0;0.0;1.0;0.0;0.0;0.0;1.0;1.0;0.0;0.0;1.0;0.0;1.0;0.0;0.0;1.0;0.0;0.0;0.0;0.0;0.0;0.0;0.0;0.0;0.0;0.0;0.0;0.0;0.0;0.0
2023-11-08;Sevilla;0;3;0;43;9;Arsenal;3;2;1;11;1;3;0.38;0.62;336;0.76;15;12;3;2;0;0;1;0.0;0.0;1.0;0.0;1.0;0.0;1.0;0.0;0.0;0.0;0.0;4;0.0563636363636363;0.2;255;0.0588235294117647;671.0526315789474;1.0;2.631578947368421;-10;-0.24;-3;1;3;0.0029761904761904;0.0;0.0;0.0;0;0;0;0;0;1;1;0;0.0;0.0;0.0;0.0;1.0;1.0;0.0;0.0;0.0;1.0;0.0;0.0;0.0;0.0;0.0;0.0;0.0;0.0;0.0;0.0;0.0;0.0;0.0;0.0;0.0;0.0;0.0;1.0;0.0;1.0;0.0;0.0;1.0;1.0;0.0;0.0;0.0;0.0;0.0;1.0;0.0;0.0;0.0;0.0;0.0;0.0;0.0;0.0;0.0;0.0
2023-11-04;Sevilla;1;0;1;43;44;Celta de Vigo;5;1;13;15;5;3;0.62;0.38;529;0.83;10;14;5;0;0;1;6;1.0;0.0;1.0;0.0;0.0;0.0;1.0;0.0;0.0;0.0;0.0;4;0.0253333333333333;0.5;439;0.0227790432801822;708.0645161290323;0.4615384615384615;9.67741935483871;-2;0.24;2;4;-4;0.0245746691871455;0.0769230769230769;0.62;6.0;0;1;1;0;1;0;1;0;0.0769230769230769;0.2;0.0018903591682419;13.0;0.0;1.0;0.0;0.0;0.0;0.0;0.0;0.0;0.0;0.0;0.0;0.0;1.0;0.0;0.0;0.0;0.0;0.0;1.0;0.0;0.0;0.0;1.0;0.0;1.0;0.0;1.0;0.0;0.0;0.0;0.0;1.0;0.0;0.0;0.0;0.0;1.0;0.0;0.0;0.0;0.0;0.0;0.0;0.0;0.0;0.0
2023-11-01;Sevilla;19;13;3;43;-1;Quintanar;1;2;20;10;5;3;0.8;0.2;604;0.82;5;8;1;2;0;0;14;1.0;0.0;1.0;0.0;1.0;0.0;0.0;0.0;0.0;0.0;0.0;6;0.02;0.2;495;0.0101010101010101;618.75;0.7;17.5;10;0.6000000000000001;8;-1;-3;0.0331125827814569;0.15;0.2666666666666666;4.666666666666667;2;1;3;1;0;0;1;0;0.15;0.6;0.0049668874172185;6.666666666666667;0.0;0.0;0.0;0.0;0.0;1.0;0.0;0.0;0.0;0.0;0.0;0.0;0.0;0.0;0.0;0.0;0.0;1.0;0.0;0.0;0.0;0.0;0.0;1.0;0.0;1.0;1.0;0.0;0.0;1.0;0.0;0.0;1.0;0.0;0.0;1.0;0.0;0.0;0.0;0.0;0.0;0.0;0.0;0.0;0.0;0.0
2023-10-28;Sevilla;1;0;1;43;130;Cádiz;4;6;20;10;10;5;0.66;0.34;531;0.84;14;17;4;6;0;0;4;1.0;0.0;0.0;0.0;0.0;0.0;1.0;1.0;0.0;0.0;0.0;2;0.034;0.2857142857142857;446;0.0313901345291479;675.7575757575758;0.2;6.0606060606060606;10;0.32;2;-2;-3;0.0376647834274952;0.1;0.33;2.0;1;1;2;0;1;0;1;0;0.1;0.2;0.0037664783427495;10.0;0.0;0.0;0.0;0.0;0.0;1.0;0.0;0.0;0.0;0.0;0.0;0.0;0.0;0.0;0.0;0.0;1.0;0.0;1.0;0.0;0.0;1.0;1.0;0.0;1.0;0.0;0.0;0.0;0.0;0.0;0.0;1.0;0.0;0.0;0.0;0.0;1.0;0.0;0.0;0.0;0.0;0.0;0.0;0.0;0.0;0.0
2023-10-24;Sevilla;0;3;0;43;9;Arsenal;2;1;11;14;2;4;0.57;0.43;536;0.83;7;13;2;1;0;0;4;1.0;0.0;0.0;0.0;0.0;0.0;1.0;1.0;0.0;0.0;0.0;5;0.0307142857142857;0.2857142857142857;445;0.0157303370786516;780.7017543859649;0.3636363636363636;7.017543859649123;-3;0.1399999999999999;-1;1;-6;0.0205223880597014;0.0909090909090909;0.57;4.0;0;1;1;0;0;1;0;1;0.0909090909090909;0.5;0.001865671641791;11.0;0.0;1.0;0.0;0.0;0.0;0.0;0.0;0.0;0.0;0.0;0.0;0.0;1.0;0.0;0.0;0.0;0.0;0.0;1.0;0.0;0.0;1.0;1.0;1.0;1.0;0.0;0.0;0.0;0.0;0.0;0.0;1.0;0.0;0.0;0.0;0.0;0.0;0.0;0.0;0.0;0.0;0.0;0.0;0.0;0.0;0.0
2023-10-21;Sevilla;1;0;22;43;12;Real Madrid;5;2;17;14;7;5;0.49;0.51;465;0.9;13;6;5;2;0;0;4;1.0;0.0;0.0;0.0;0.0;0.0;1.0;1.0;0.0;0.0;0.0;6;0.0364285714285714;0.3846153846153846;418;0.0311004784688995;853.0612244897959;0.2352941176470588;8.16326530612245;3;-0.02;-2;3;7;0.0365591397849462;0.0588235294117647;0.49;4.0;0;1;1;0;1;0;0;1;0.0588235294117647;0.1428571428571428;0.0021505376344086;17.0;0.0;1.0;0.0;0.0;0.0;0.0;0.0;0.0;0.0;0.0;0.0;0.0;1.0;0.0;0.0;0.0;0.0;0.0;1.0;0.0;0.0;1.0;1.0;1.0;1.0;0.0;0.0;0.0;0.0;0.0;0.0;1.0;0.0;0.0;0.0;0.0;0.0;0.0;0.0;0.0;0.0;0.0;0.0;0.0;0.0;0.0
2023-10-07;Sevilla;1;3;1;43;42;Rayo Vallecano;5;2;22;7;6;4;0.64;0.36;424;0.82;16;19;5;2;0;0;12;1.0;0.0;1.0;0.0;0.0;0.0;1.0;1.0;0.0;0.0;0.0;2;0.0514285714285714;0.3125;348;0.0459770114942528;543.75;0.5454545454545454;18.75;15;0.28;10;3;-3;0.0518867924528301;0.0909090909090909;0.32;6.0;0;2;2;0;1;0;0;1;0.0909090909090909;0.3333333333333333;0.0047169811320754;11.0;0.0;1.0;0.0;0.0;0.0;1.0;0.0;0.0;0.0;0.0;0.0;0.0;0.0;0.0;0.0;0.0;1.0;0.0;0.0;0.0;0.0;0.0;0.0;1.0;1.0;0.0;1.0;0.0;0.0;0.0;0.0;0.0;0.0;0.0;0.0;1.0;0.0;0.0;0.0;0.0;0.0;0.0;0.0;0.0;0.0;0.0
2023-10-03;Sevilla;0;3;0;43;28;PSV;2;3;10;26;2;8;0.37;0.63;267;0.7;9;11;2;3;0;0;4;1.0;0.0;0.0;0.0;1.0;0.0;1.0;1.0;0.0;0.0;0.0;8;0.0242307692307692;0.2222222222222222;187;0.0481283422459893;505.4054054054054;0.4;10.81081081081081;-16;-0.26;-4;-1;-2;0.0374531835205992;0.2;0.185;2.0;0;2;2;0;1;0;1;0;0.2;1.0;0.0074906367041198;5.0;0.0;0.0;0.0;0.0;0.0;0.0;0.0;0.0;0.0;0.0;0.0;0.0;1.0;0.0;0.0;0.0;1.0;0.0;1.0;0.0;0.0;1.0;0.0;1.0;0.0;0.0;0.0;0.0;0.0;0.0;0.0;1.0;0.0;0.0;0.0;1.0;0.0;0.0;0.0;0.0;0.0;0.0;0.0;0.0;0.0;0.0
2023-09-29;Sevilla;1;3;0;43;10;Barcelona;3;2;12;18;3;4;0.41;0.59;313;0.76;15;11;3;2;0;0;3;1.0;0.0;1.0;0.0;1.0;0.0;0.0;1.0;0.0;0.0;0.0;13;0.0327777777777777;0.2;238;0.0630252100840336;580.4878048780488;0.25;7.317073170731708;-6;-0.18;-10;1;4;0.0383386581469648;0.0;0.0;0.0;0;0;0;0;0;1;1;0;0.0;0.0;0.0;0.0;0.0;1.0;0.0;0.0;0.0;1.0;0.0;0.0;0.0;0.0;0.0;0.0;0.0;0.0;0.0;0.0;0.0;0.0;1.0;0.0;0.0;1.0;0.0;0.0;0.0;1.0;0.0;0.0;0.0;1.0;0.0;1.0;0.0;0.0;0.0;0.0;0.0;0.0;0.0;0.0;0.0;0.0;0.0;0.0;0.0;0.0
2023-09-26;Sevilla;1;3;1;43;126;Almería;3;2;18;10;9;1;0.46;0.54;365;0.8;15;16;3;2;0;0;9;1.0;0.0;1.0;0.0;1.0;0.0;1.0;1.0;0.0;0.0;0.0;4;0.054;0.2;292;0.0513698630136986;634.7826086956521;0.5;19.565217391304348;8;-0.08;5;1;-1;0.0493150684931506;0.2777777777777778;0.092;1.8;3;2;5;1;0;0;0;1;0.2777777777777778;0.5555555555555556;0.0136986301369863;3.6;0.0;1.0;0.0;0.0;0.0;0.0;0.0;0.0;0.0;0.0;0.0;0.0;1.0;0.0;0.0;0.0;1.0;0.0;0.0;0.0;0.0;0.0;0.0;1.0;0.0;1.0;0.0;0.0;0.0;0.0;0.0;0.0;0.0;0.0;0.0;1.0;0.0;0.0;0.0;0.0;0.0;0.0;0.0;0.0;0.0;0.0
2023-09-23;Sevilla;1;3;0;43;41;Osasuna;3;2;15;16;3;2;0.57;0.43;424;0.7;7;11;3;2;0;0;4;1.0;0.0;1.0;0.0;0.0;0.0;1.0;1.0;0.0;0.0;0.0;7;0.026875;0.4285714285714285;297;0.0235690235690235;521.0526315789474;0.2666666666666666;7.017543859649123;-1;0.1399999999999999;-3;1;-4;0.035377358490566;0.0;0.0;0.0;0;0;0;0;1;0;1;0;0.0;0.0;0.0;0.0;1.0;0.0;0.0;0.0;0.0;1.0;0.0;0.0;0.0;0.0;0.0;0.0;0.0;0.0;0.0;0.0;0.0;0.0;1.0;0.0;0.0;0.0;0.0;0.0;0.0;0.0;1.0;0.0;0.0;1.0;0.0;1.0;1.0;0.0;0.0;0.0;0.0;0.0;0.0;0.0;0.0;0.0;0.0;0.0;0.0;0.0
2023-09-20;Sevilla;0;3;17;43;765;Lens;3;5;10;12;5;3;0.57;0.43;441;0.82;18;16;3;5;0;0;9;0.0;0.0;0.0;0.0;1.0;0.0;1.0;0.0;0.0;0.0;0.0;6;0.0358333333333333;0.1666666666666666;362;0.0497237569060773;635.0877192982457;0.9;15.789473684210527;-2;0.1399999999999999;3;-2;2;0.0226757369614512;0.1;0.57;9.0;1;0;1;0;1;0;0;1;0.1;0.2;0.0022675736961451;10.0;0.0;1.0;0.0;0.0;0.0;1.0;0.0;0.0;0.0;0.0;0.0;0.0;0.0;0.0;0.0;0.0;0.0;0.0;1.0;0.0;0.0;1.0;0.0;1.0;0.0;1.0;0.0;0.0;1.0;0.0;0.0;1.0;0.0;0.0;0.0;1.0;0.0;0.0;0.0;0.0;0.0;0.0;0.0;0.0;0.0;0.0
2023-09-17;Sevilla;1;3;3;43;50;U. D. Las Palmas;3;5;26;14;9;2;0.43;0.57;343;0.74;13;12;3;5;0;0;7;0.0;0.0;1.0;0.0;1.0;0.0;0.0;0.0;0.0;0.0;0.0;3;0.0407142857142857;0.2307692307692307;254;0.0511811023622047;590.6976744186046;0.2692307692307692;16.27906976744186;12;-0.1399999999999999;4;-2;1;0.075801749271137;0.0384615384615384;0.43;7.0;0;1;1;1;0;0;0;1;0.0384615384615384;0.1111111111111111;0.0029154518950437;26.0;0.0;1.0;0.0;0.0;0.0;0.0;0.0;0.0;0.0;0.0;0.0;0.0;1.0;0.0;0.0;0.0;1.0;0.0;1.0;0.0;0.0;1.0;0.0;0.0;0.0;0.0;1.0;0.0;1.0;0.0;0.0;1.0;1.0;0.0;0.0;0.0;0.0;0.0;0.0;0.0;0.0;0.0;0.0;0.0;0.0;0.0
2023-08-26;Sevilla;1;3;7;43;24;Girona;2;1;21;8;4;3;0.51;0.49;395;0.8;11;18;2;1;0;0;6;0.0;0.0;1.0;0.0;1.0;0.0;1.0;0.0;0.0;0.0;0.0;6;0.06125;0.1818181818181818;316;0.0348101265822784;619.6078431372549;0.2857142857142857;11.76470588235294;13;0.02;0;1;-7;0.0531645569620253;0.0476190476190476;0.51;6.0;1;0;1;0;0;1;0;1;0.0476190476190476;0.25;0.0025316455696202;21.0;0.0;1.0;0.0;0.0;0.0;0.0;0.0;0.0;0.0;0.0;0.0;0.0;1.0;0.0;0.0;0.0;1.0;0.0;1.0;0.0;0.0;0.0;0.0;1.0;0.0;0.0;1.0;0.0;1.0;0.0;0.0;1.0;0.0;0.0;0.0;0.0;0.0;0.0;0.0;0.0;0.0;0.0;0.0;0.0;0.0;0.0
2023-08-21;Sevilla;1;3;1;43;45;Alavés;2;1;12;14;2;7;0.67;0.33;552;0.84;13;14;2;1;0;0;4;0.0;0.0;0.0;0.0;0.0;0.0;1.0;0.0;0.0;0.0;0.0;4;0.0235714285714285;0.1538461538461538;464;0.0280172413793103;692.5373134328357;0.3333333333333333;5.970149253731343;-2;0.34;0;1;-1;0.0217391304347826;0.25;0.2233333333333333;1.3333333333333333;2;1;3;0;0;1;1;0;0.25;1.5;0.0054347826086956;4.0;1.0;0.0;0.0;0.0;0.0;0.0;0.0;0.0;0.0;0.0;0.0;0.0;1.0;0.0;0.0;0.0;1.0;0.0;1.0;0.0;0.0;0.0;0.0;1.0;1.0;1.0;0.0;0.0;1.0;1.0;0.0;1.0;0.0;0.0;0.0;0.0;0.0;0.0;0.0;0.0;0.0;0.0;0.0;0.0;0.0;0.0
2023-08-16;Sevilla;17;3;0;43;3;Manchester City;3;0;8;23;4;7;0.26;0.74;233;0.76;14;5;3;0;0;0;0;0.0;0.0;1.0;0.0;0.0;0.0;1.0;0.0;0.0;0.0;0.0;8;0.0321739130434782;0.2142857142857142;177;0.0790960451977401;680.7692307692307;0.0;0.0;-15;-0.48;-8;3;9;0.0343347639484978;0.125;0.26;0.0;1;0;1;0;1;0;1;0;0.125;0.25;0.0042918454935622;8.0;0.0;0.0;0.0;0.0;0.0;0.0;0.0;0.0;0.0;0.0;0.0;0.0;1.0;0.0;0.0;0.0;0.0;0.0;1.0;0.0;0.0;0.0;0.0;1.0;1.0;1.0;1.0;0.0;0.0;1.0;0.0;1.0;0.0;0.0;0.0;0.0;0.0;1.0;0.0;0.0;0.0;0.0;0.0;0.0;0.0;0.0
2023-08-11;Sevilla;1;3;1;43;52;Valencia C. F.;4;2;9;10;3;3;0.55;0.45;397;0.74;15;17;3;2;1;0;8;0.0;0.0;1.0;0.0;0.0;0.0;1.0;0.0;0.0;0.0;0.0;1;0.045;0.2666666666666666;294;0.0510204081632653;534.5454545454545;0.8888888888888888;14.545454545454543;-1;0.1;7;2;-2;0.0226700251889168;0.1111111111111111;0.55;8.0;0;1;1;0;0;1;0;1;0.1111111111111111;0.3333333333333333;0.0025188916876574;9.0;0.0;0.0;0.0;0.0;0.0;0.0;0.0;0.0;0.0;0.0;0.0;0.0;1.0;0.0;0.0;0.0;1.0;0.0;1.0;0.0;0.0;0.0;0.0;1.0;1.0;1.0;0.0;0.0;0.0;0.0;0.0;1.0;0.0;0.0;0.0;1.0;0.0;1.0;0.0;0.0;0.0;0.0;0.0;0.0;0.0;0.0
2023-08-05;Sevilla;6;3;2;43;27;Atlético Madrid;1;1;13;20;7;6;0.47;0.53;447;0.79;11;7;1;1;0;0;6;0.0;0.0;1.0;0.0;1.0;0.0;1.0;0.0;0.0;0.0;0.0;6;0.0265;0.0909090909090909;353;0.0311614730878186;751.0638297872341;0.4615384615384615;12.765957446808512;-7;-0.06;0;0;4;0.029082774049217;0.0769230769230769;0.47;6.0;0;1;1;0;1;0;0;1;0.0769230769230769;0.1428571428571428;0.0022371364653243;13.0;0.0;0.0;0.0;0.0;0.0;0.0;0.0;0.0;0.0;0.0;0.0;0.0;1.0;0.0;0.0;0.0;1.0;0.0;1.0;0.0;0.0;0.0;0.0;0.0;0.0;0.0;1.0;0.0;1.0;1.0;0.0;1.0;0.0;0.0;0.0;0.0;0.0;0.0;1.0;0.0;0.0;0.0;0.0;0.0;0.0;0.0
2023-07-19;Sevilla;-1;3;17;43;219;Independiente del Valle;0;2;12;5;5;1;0.63;0.37;581;0.86;15;9;0;2;0;0;2;0.0;0.0;0.0;0.0;1.0;0.0;0.0;0.0;0.0;0.0;1.0;1;0.074;0.0;500;0.03;793.6507936507936;0.1666666666666666;3.1746031746031744;7;0.26;1;-2;6;0.0206540447504302;0.0833333333333333;0.63;2.0;0;1;1;0;1;0;0;1;0.0833333333333333;0.2;0.0017211703958691;12.0;1.0;0.0;0.0;0.0;0.0;1.0;0.0;0.0;0.0;0.0;0.0;1.0;0.0;0.0;0.0;0.0;1.0;1.0;0.0;0.0;0.0;0.0;0.0;0.0;0.0;0.0;1.0;0.0;1.0;1.0;0.0;0.0;0.0;0.0;0.0;0.0;0.0;0.0;0.0;1.0;0.0;0.0;0.0;0.0;0.0;0.0
2023-06-04;Sevilla;1;3;7;43;46;Real Sociedad;1;0;9;17;4;6;0.44;0.56;399;0.77;13;10;1;0;0;0;2;0.0;0.0;1.0;0.0;0.0;0.0;1.0;0.0;0.0;0.0;0.0;5;0.0329411764705882;0.0769230769230769;307;0.0423452768729641;697.7272727272727;0.2222222222222222;4.545454545454546;-8;-0.12;-3;1;3;0.0225563909774436;0.1111111111111111;0.44;2.0;0;1;1;0;0;1;1;0;0.1111111111111111;0.25;0.0025062656641604;9.0;0.0;0.0;0.0;0.0;0.0;0.0;0.0;1.0;0.0;0.0;0.0;1.0;0.0;0.0;0.0;0.0;0.0;0.0;0.0;0.0;0.0;0.0;0.0;0.0;0.0;1.0;1.0;0.0;1.0;0.0;0.0;0.0;1.0;0.0;0.0;0.0;0.0;0.0;0.0;1.0;1.0;1.0;0.0;0.0;0.0;0.0
2023-05-31;Sevilla;5;3;17;43;74;Roma;6;7;19;11;3;4;0.67;0.33;694;0.82;21;19;6;7;0;0;6;0.0;0.0;1.0;0.0;0.0;0.0;1.0;0.0;0.0;0.0;0.0;4;0.03;0.2857142857142857;569;0.0369068541300527;849.2537313432836;0.3157894736842105;8.955223880597014;8;0.34;2;-1;2;0.0273775216138328;0.0526315789473684;0.67;6.0;0;1;1;0;1;0;0;1;0.0526315789473684;0.3333333333333333;0.0014409221902017;19.0;0.0;0.0;0.0;0.0;0.0;0.0;0.0;0.0;0.0;0.0;0.0;0.0;1.0;0.0;0.0;0.0;0.0;0.0;1.0;0.0;0.0;0.0;0.0;1.0;0.0;0.0;1.0;0.0;0.0;0.0;0.0;1.0;0.0;0.0;0.0;1.0;0.0;1.0;0.0;0.0;0.0;0.0;1.0;1.0;0.0;0.0
2023-05-27;Sevilla;1;3;0;43;12;Real Madrid;3;4;11;6;1;3;0.33;0.67;351;0.82;23;10;2;4;1;0;1;0.0;0.0;0.0;0.0;0.0;0.0;1.0;0.0;0.0;0.0;0.0;1;0.1116666666666666;0.1304347826086956;288;0.0798611111111111;872.7272727272726;0.0909090909090909;3.0303030303030303;5;-0.34;0;-1;13;0.0313390313390313;0.0909090909090909;0.33;1.0;1;0;1;0;0;1;0;1;0.0909090909090909;1.0;0.0028490028490028;11.0;0.0;0.0;0.0;0.0;0.0;0.0;0.0;1.0;0.0;0.0;0.0;1.0;0.0;0.0;0.0;0.0;0.0;0.0;0.0;0.0;0.0;0.0;0.0;0.0;1.0;1.0;0.0;0.0;0.0;0.0;0.0;1.0;1.0;0.0;0.0;0.0;0.0;1.0;0.0;1.0;0.0;0.0;0.0;1.0;1.0;0.0
2023-05-24;Sevilla;1;3;1;43;123;Elche C. F.;5;1;9;20;3;7;0.28;0.72;211;0.72;10;12;4;1;1;0;5;0.0;0.0;1.0;0.0;0.0;0.0;0.0;0.0;0.0;0.0;0.0;9;0.036;0.5;152;0.0657894736842105;542.8571428571428;0.5555555555555556;17.857142857142854;-11;-0.4399999999999999;-4;4;-2;0.0426540284360189;0.1111111111111111;0.28;5.0;1;0;1;0;1;0;1;0;0.1111111111111111;0.3333333333333333;0.0047393364928909;9.0;0.0;0.0;0.0;0.0;0.0;0.0;0.0;0.0;0.0;0.0;0.0;0.0;1.0;0.0;0.0;0.0;0.0;0.0;1.0;0.0;0.0;0.0;0.0;1.0;1.0;1.0;0.0;0.0;1.0;0.0;0.0;0.0;0.0;0.0;0.0;1.0;0.0;0.0;0.0;0.0;0.0;1.0;1.0;0.0;1.0;0.0
2023-05-21;Sevilla;1;3;3;43;39;Betis;2;3;10;5;4;0;0.54;0.46;402;0.78;14;11;2;2;0;1;4;0.0;0.0;0.0;0.0;0.0;0.0;1.0;0.0;0.0;0.0;0.0;3;0.092;0.1428571428571428;314;0.0445859872611464;581.4814814814814;0.4;7.4074074074074066;5;0.08;1;-1;3;0.0248756218905472;0.0;0.0;0.0;0;0;0;0;1;0;0;1;0.0;0.0;0.0;0.0;0.0;0.0;0.0;0.0;0.0;0.0;0.0;1.0;0.0;0.0;0.0;0.0;0.0;0.0;0.0;0.0;0.0;0.0;0.0;0.0;0.0;0.0;0.0;0.0;0.0;1.0;1.0;0.0;1.0;0.0;0.0;1.0;1.0;0.0;0.0;0.0;0.0;0.0;0.0;1.0;0.0;1.0;1.0;0.0;1.0;0.0
2023-05-18;Sevilla;5;3;23;43;14;Juventus;3;3;28;17;10;7;0.6;0.4;580;0.83;21;21;2;3;1;0;18;0.0;0.0;1.0;0.0;0.0;0.0;1.0;0.0;0.0;0.0;0.0;9;0.0235294117647058;0.1428571428571428;481;0.0436590436590436;801.6666666666667;0.6428571428571429;30.0;11;0.1999999999999999;9;0;0;0.0482758620689655;0.0714285714285714;0.3;9.0;0;2;2;1;0;0;0;1;0.0714285714285714;0.2;0.0034482758620689;14.0;0.0;0.0;0.0;0.0;0.0;0.0;0.0;0.0;0.0;0.0;0.0;0.0;1.0;0.0;0.0;0.0;0.0;0.0;1.0;0.0;0.0;0.0;0.0;1.0;1.0;0.0;1.0;0.0;0.0;0.0;0.0;1.0;0.0;0.0;0.0;1.0;0.0;1.0;0.0;0.0;0.0;0.0;0.0;1.0;0.0;0.0
2023-05-14;Sevilla;1;3;0;43;51;Valladolid;1;2;17;28;5;6;0.45;0.55;323;0.73;16;9;1;2;0;0;3;0.0;0.0;1.0;0.0;0.0;0.0;0.0;0.0;0.0;0.0;0.0;8;0.0196428571428571;0.0625;236;0.0677966101694915;524.4444444444445;0.1764705882352941;6.666666666666666;-11;-0.1;-5;-1;7;0.0526315789473684;0.1764705882352941;0.15;1.0;0;3;3;1;0;0;1;0;0.1764705882352941;0.6;0.0092879256965944;5.666666666666667;0.0;0.0;0.0;0.0;0.0;0.0;0.0;1.0;0.0;0.0;0.0;0.0;0.0;0.0;0.0;0.0;0.0;0.0;0.0;0.0;0.0;0.0;0.0;0.0;0.0;1.0;1.0;0.0;1.0;0.0;0.0;1.0;1.0;0.0;0.0;0.0;0.0;0.0;0.0;1.0;0.0;1.0;1.0;0.0;1.0;0.0
2023-05-11;Sevilla;5;3;23;43;14;Juventus;4;3;13;11;5;2;0.4;0.6;340;0.77;17;9;4;3;0;0;4;0.0;0.0;1.0;0.0;0.0;0.0;1.0;0.0;0.0;0.0;0.0;5;0.0545454545454545;0.2352941176470588;262;0.0648854961832061;655.0;0.3076923076923077;10.0;2;-0.1999999999999999;-1;1;8;0.038235294117647;0.0769230769230769;0.4;4.0;1;0;1;0;1;0;1;0;0.0769230769230769;0.2;0.0029411764705882;13.0;0.0;0.0;0.0;0.0;0.0;0.0;0.0;0.0;0.0;0.0;0.0;0.0;1.0;0.0;0.0;0.0;0.0;0.0;1.0;0.0;0.0;0.0;0.0;1.0;1.0;0.0;1.0;0.0;0.0;0.0;0.0;1.0;0.0;0.0;0.0;1.0;0.0;1.0;0.0;0.0;0.0;0.0;0.0;1.0;0.0;0.0
2023-05-04;Sevilla;1;3;9;43;49;RCD Espanyol;1;2;18;7;6;3;0.64;0.36;504;0.85;15;11;1;2;0;0;9;0.0;0.0;0.0;0.0;0.0;0.0;1.0;0.0;0.0;0.0;0.0;0;0.0514285714285714;0.0666666666666666;428;0.0350467289719626;668.75;0.5;14.0625;11;0.28;9;-1;4;0.0357142857142857;0.1666666666666666;0.2133333333333333;3.0;1;2;3;1;0;0;0;1;0.1666666666666666;0.5;0.0059523809523809;6.0;0.0;0.0;0.0;0.0;0.0;0.0;0.0;0.0;0.0;0.0;0.0;0.0;1.0;0.0;0.0;0.0;1.0;0.0;0.0;0.0;0.0;0.0;0.0;0.0;0.0;0.0;1.0;0.0;1.0;0.0;0.0;1.0;1.0;0.0;0.0;0.0;0.0;0.0;0.0;0.0;0.0;1.0;1.0;1.0;1.0;0.0
2023-05-01;Sevilla;1;3;9;43;24;Girona;2;1;23;9;5;3;0.64;0.36;536;0.88;14;11;2;1;0;0;6;0.0;0.0;1.0;0.0;0.0;0.0;1.0;0.0;0.0;0.0;0.0;1;0.04;0.1428571428571428;472;0.0296610169491525;737.5;0.2608695652173913;9.375;14;0.28;5;1;3;0.042910447761194;0.0;0.0;0.0;0;0;0;0;0;1;0;1;0.0;0.0;0.0;0.0;0.0;0.0;0.0;0.0;0.0;0.0;0.0;1.0;0.0;0.0;0.0;0.0;0.0;0.0;0.0;0.0;0.0;0.0;1.0;0.0;0.0;0.0;0.0;1.0;1.0;0.0;0.0;0.0;1.0;0.0;0.0;0.0;0.0;0.0;0.0;1.0;0.0;0.0;0.0;1.0;0.0;1.0;0.0;1.0;0.0;0.0
2023-04-27;Sevilla;1;3;3;43;38;Athletic;3;3;4;6;1;0;0.45;0.55;368;0.71;11;8;3;3;0;0;2;0.0;0.0;1.0;0.0;0.0;0.0;1.0;0.0;0.0;0.0;0.0;8;0.0916666666666666;0.2727272727272727;261;0.0421455938697318;580.0;0.5;4.444444444444445;-2;-0.1;-6;0;3;0.0108695652173913;0.25;0.45;2.0;0;1;1;1;0;0;1;0;0.25;1.0;0.0027173913043478;4.0;0.0;0.0;0.0;0.0;0.0;0.0;0.0;0.0;0.0;0.0;0.0;0.0;1.0;0.0;0.0;0.0;1.0;0.0;1.0;0.0;0.0;0.0;0.0;1.0;1.0;1.0;0.0;0.0;1.0;0.0;0.0;1.0;0.0;0.0;0.0;1.0;0.0;0.0;0.0;0.0;0.0;0.0;0.0;0.0;0.0;0.0
2023-04-23;Sevilla;1;3;1;43;37;Villarreal;1;2;17;17;4;5;0.38;0.62;294;0.7;12;10;1;2;0;0;5;0.0;0.0;1.0;0.0;0.0;0.0;0.0;0.0;0.0;0.0;0.0;3;0.0364705882352941;0.0833333333333333;206;0.058252427184466;542.1052631578947;0.2941176470588235;13.157894736842104;0;-0.24;2;-1;2;0.0578231292517006;0.1176470588235294;0.19;2.5;1;1;2;1;0;0;0;1;0.1176470588235294;0.5;0.0068027210884353;8.5;0.0;0.0;0.0;0.0;0.0;0.0;0.0;1.0;0.0;0.0;0.0;0.0;0.0;0.0;0.0;0.0;1.0;1.0;0.0;0.0;0.0;0.0;0.0;0.0;0.0;0.0;1.0;0.0;1.0;0.0;0.0;1.0;1.0;0.0;0.0;0.0;0.0;0.0;0.0;0.0;0.0;1.0;1.0;1.0;0.0;0.0
2023-04-20;Sevilla;5;3;3;43;62;Manchester United;1;3;20;16;6;3;0.38;0.62;285;0.68;15;12;1;3;0;0;8;0.0;0.0;1.0;0.0;0.0;0.0;1.0;0.0;0.0;0.0;0.0;5;0.03875;0.0666666666666666;194;0.0773195876288659;510.5263157894737;0.4;21.05263157894737;4;-0.24;3;-2;3;0.0701754385964912;0.15;0.1266666666666666;2.6666666666666665;1;2;3;1;0;0;0;1;0.15;0.5;0.0105263157894736;6.666666666666667;0.0;0.0;0.0;0.0;0.0;0.0;0.0;0.0;1.0;0.0;0.0;0.0;1.0;0.0;0.0;0.0;0.0;0.0;1.0;0.0;0.0;0.0;0.0;1.0;1.0;1.0;0.0;0.0;0.0;0.0;0.0;1.0;0.0;0.0;0.0;1.0;0.0;1.0;0.0;0.0;0.0;0.0;0.0;0.0;0.0;0.0
2023-04-16;Sevilla;1;3;1;43;52;Valencia C. F.;4;2;6;14;3;3;0.4;0.6;350;0.74;17;10;4;1;0;1;2;0.0;0.0;1.0;0.0;0.0;0.0;1.0;0.0;0.0;0.0;0.0;6;0.0428571428571428;0.2352941176470588;259;0.0656370656370656;647.5;0.3333333333333333;5.0;-8;-0.1999999999999999;-4;2;7;0.0171428571428571;0.3333333333333333;0.2;1.0;0;2;2;1;0;0;1;0;0.3333333333333333;0.6666666666666666;0.0057142857142857;3.0;0.0;0.0;0.0;0.0;0.0;0.0;0.0;0.0;0.0;0.0;0.0;0.0;1.0;0.0;0.0;0.0;1.0;0.0;1.0;0.0;0.0;0.0;0.0;1.0;0.0;0.0;0.0;0.0;1.0;1.0;0.0;0.0;0.0;0.0;0.0;1.0;0.0;0.0;0.0;0.0;0.0;0.0;0.0;1.0;1.0;0.0
2023-04-13;Sevilla;5;3;3;43;62;Manchester United;5;3;13;12;3;5;0.45;0.55;341;0.76;12;13;5;3;0;0;6;0.0;0.0;0.0;0.0;0.0;0.0;1.0;0.0;0.0;0.0;0.0;6;0.0458333333333333;0.4166666666666667;259;0.0463320463320463;575.5555555555555;0.4615384615384615;13.333333333333332;1;-0.1;0;2;-1;0.0381231671554252;0.1538461538461538;0.225;3.0;0;2;2;0;1;0;1;0;0.1538461538461538;0.6666666666666666;0.0058651026392961;6.5;0.0;0.0;0.0;0.0;0.0;0.0;0.0;1.0;1.0;0.0;0.0;0.0;0.0;0.0;0.0;0.0;0.0;1.0;1.0;0.0;0.0;0.0;0.0;0.0;1.0;1.0;1.0;0.0;0.0;0.0;0.0;1.0;0.0;0.0;0.0;1.0;0.0;1.0;0.0;0.0;0.0;0.0;0.0;0.0;0.0;0.0
2023-04-07;Sevilla;1;3;1;43;44;Celta de Vigo;6;2;7;9;2;4;0.29;0.71;248;0.69;11;9;4;2;2;0;8;0.0;0.0;1.0;0.0;0.0;0.0;1.0;0.0;0.0;0.0;0.0;3;0.0788888888888888;0.5454545454545454;171;0.0643274853801169;589.6551724137931;1.1428571428571428;27.58620689655173;-2;-0.42;5;4;2;0.0282258064516129;0.2857142857142857;0.145;4.0;1;1;2;0;1;0;0;1;0.2857142857142857;1.0;0.0080645161290322;3.5;0.0;0.0;0.0;0.0;0.0;0.0;0.0;0.0;0.0;0.0;0.0;0.0;1.0;0.0;0.0;0.0;1.0;0.0;0.0;0.0;0.0;0.0;0.0;1.0;1.0;1.0;0.0;0.0;1.0;0.0;0.0;0.0;0.0;0.0;0.0;1.0;0.0;0.0;0.0;0.0;0.0;1.0;0.0;1.0;0.0;0.0
2023-04-01;Sevilla;1;3;1;43;130;Cádiz;4;3;11;14;5;3;0.51;0.49;351;0.7;14;9;4;3;0;0;4;0.0;0.0;1.0;0.0;0.0;0.0;1.0;0.0;0.0;0.0;0.0;8;0.0349999999999999;0.2857142857142857;246;0.056910569105691;482.35294117647055;0.3636363636363636;7.84313725490196;-3;0.02;-4;1;5;0.0313390313390313;0.1818181818181818;0.255;2.0;0;2;2;1;0;0;1;0;0.1818181818181818;0.4;0.0056980056980056;5.5;0.0;0.0;0.0;0.0;0.0;0.0;0.0;0.0;0.0;0.0;0.0;0.0;1.0;0.0;0.0;0.0;0.0;0.0;1.0;0.0;0.0;0.0;0.0;1.0;1.0;0.0;0.0;0.0;1.0;1.0;0.0;1.0;0.0;0.0;0.0;0.0;0.0;0.0;0.0;0.0;0.0;1.0;0.0;1.0;0.0;0.0
2023-03-19;Sevilla;1;9;6;43;48;Getafe;2;4;11;15;4;4;0.63;0.37;526;0.81;10;22;2;4;0;0;1;0.0;0.0;1.0;0.0;0.0;0.0;1.0;0.0;0.0;0.0;0.0;4;0.0246666666666666;0.2;426;0.0234741784037558;676.1904761904761;0.0909090909090909;1.5873015873015872;-4;0.26;-3;-2;-12;0.0209125475285171;0.0;0.0;0.0;0;0;0;0;0;1;1;0;0.0;0.0;0.0;0.0;0.0;0.0;0.0;0.0;0.0;0.0;0.0;0.0;0.0;0.0;0.0;0.0;1.0;0.0;0.0;0.0;0.0;0.0;1.0;0.0;0.0;0.0;0.0;0.0;1.0;0.0;1.0;0.0;0.0;1.0;0.0;0.0;0.0;0.0;0.0;0.0;0.0;1.0;0.0;0.0;0.0;1.0;1.0;1.0;0.0;0.0
2023-03-16;Sevilla;5;9;17;43;94;Fenerbahçe;2;2;3;15;3;3;0.33;0.67;275;0.73;15;12;2;2;0;0;5;0.0;0.0;1.0;0.0;0.0;0.0;1.0;0.0;0.0;0.0;0.0;5;0.0446666666666666;0.1333333333333333;201;0.0746268656716417;609.090909090909;1.6666666666666667;15.15151515151515;-12;-0.34;0;0;3;0.0109090909090909;0.0;0.0;0.0;0;0;0;0;0;1;1;0;0.0;0.0;0.0;0.0;0.0;0.0;0.0;0.0;0.0;0.0;0.0;1.0;0.0;0.0;0.0;0.0;0.0;0.0;0.0;0.0;0.0;0.0;0.0;0.0;0.0;0.0;0.0;1.0;1.0;0.0;1.0;0.0;1.0;0.0;0.0;1.0;1.0;0.0;0.0;1.0;0.0;0.0;0.0;0.0;0.0;0.0;1.0;0.0;0.0;0.0
2023-03-12;Sevilla;1;17;3;43;126;Almería;5;4;27;13;5;5;0.57;0.43;454;0.85;8;11;5;4;0;0;6;0.0;0.0;1.0;0.0;0.0;0.0;1.0;0.0;0.0;0.0;0.0;4;0.033076923076923;0.625;386;0.0207253886010362;677.1929824561404;0.2222222222222222;10.526315789473683;14;0.1399999999999999;2;1;-3;0.0594713656387665;0.074074074074074;0.285;3.0;1;1;2;1;0;0;0;1;0.074074074074074;0.4;0.0044052863436123;13.5;0.0;0.0;0.0;0.0;0.0;0.0;0.0;0.0;0.0;0.0;0.0;0.0;1.0;0.0;0.0;0.0;1.0;1.0;1.0;0.0;0.0;0.0;0.0;1.0;0.0;0.0;0.0;0.0;0.0;1.0;0.0;1.0;0.0;0.0;0.0;0.0;0.0;1.0;0.0;0.0;0.0;0.0;1.0;0.0;0.0;0.0
2023-03-09;Sevilla;5;17;4;43;94;Fenerbahçe;2;1;9;12;5;5;0.54;0.46;481;0.82;12;14;2;1;0;0;4;0.0;0.0;0.0;0.0;0.0;0.0;1.0;0.0;0.0;0.0;0.0;1;0.0383333333333333;0.1666666666666666;394;0.0304568527918781;729.6296296296296;0.4444444444444444;7.4074074074074066;-3;0.08;3;1;-2;0.0187110187110187;0.2222222222222222;0.27;2.0;0;2;2;1;0;0;0;1;0.2222222222222222;0.4;0.0041580041580041;4.5;0.0;0.0;0.0;0.0;0.0;0.0;0.0;0.0;0.0;0.0;0.0;0.0;1.0;0.0;0.0;0.0;0.0;1.0;0.0;0.0;0.0;0.0;0.0;1.0;1.0;0.0;1.0;0.0;1.0;0.0;0.0;1.0;0.0;0.0;0.0;1.0;0.0;0.0;0.0;0.0;0.0;0.0;1.0;1.0;0.0;0.0
2023-03-04;Sevilla;1;0;4;43;27;Atlético Madrid;3;1;8;18;1;8;0.53;0.47;578;0.89;11;12;2;1;1;0;3;0.0;0.0;0.0;0.0;0.0;0.0;1.0;0.0;0.0;0.0;0.0;7;0.0261111111111111;0.2727272727272727;514;0.0214007782101167;969.8113207547168;0.375;5.660377358490566;-10;0.06;-4;2;-1;0.0138408304498269;0.125;0.53;3.0;1;0;1;0;0;1;1;0;0.125;1.0;0.0017301038062283;8.0;0.0;0.0;0.0;0.0;0.0;0.0;0.0;1.0;0.0;0.0;0.0;0.0;0.0;0.0;0.0;0.0;1.0;1.0;1.0;0.0;0.0;0.0;0.0;1.0;1.0;0.0;0.0;0.0;0.0;1.0;0.0;1.0;0.0;0.0;0.0;0.0;0.0;1.0;0.0;0.0;0.0;1.0;0.0;0.0;0.0;0.0
2023-02-26;Sevilla;1;17;0;43;41;Osasuna;5;2;22;11;8;4;0.67;0.33;560;0.83;10;15;4;2;1;0;10;0.0;0.0;0.0;0.0;0.0;0.0;1.0;0.0;0.0;0.0;0.0;2;0.03;0.5;465;0.021505376344086;694.0298507462686;0.4545454545454545;14.925373134328357;11;0.34;8;3;-5;0.0392857142857142;0.0909090909090909;0.335;5.0;0;2;2;0;0;1;0;1;0.0909090909090909;0.25;0.0035714285714285;11.0;0.0;0.0;0.0;0.0;0.0;0.0;0.0;0.0;0.0;0.0;0.0;0.0;1.0;0.0;0.0;0.0;0.0;1.0;0.0;0.0;0.0;0.0;0.0;1.0;0.0;1.0;1.0;0.0;0.0;0.0;0.0;1.0;0.0;0.0;0.0;1.0;0.0;1.0;0.0;0.0;0.0;1.0;0.0;1.0;0.0;0.0
2023-02-23;Sevilla;5;17;0;43;28;PSV;4;3;11;16;3;5;0.49;0.51;492;0.82;7;19;4;2;0;1;7;0.0;0.0;0.0;0.0;0.0;0.0;0.0;0.0;0.0;0.0;0.0;4;0.031875;0.5714285714285714;403;0.0173697270471464;822.4489795918367;0.6363636363636364;14.285714285714286;-5;-0.02;3;1;-12;0.0223577235772357;0.0;0.0;0.0;0;0;0;0;0;1;1;0;0.0;0.0;0.0;0.0;0.0;0.0;0.0;0.0;0.0;0.0;0.0;0.0;0.0;0.0;0.0;0.0;1.0;0.0;0.0;0.0;0.0;1.0;0.0;0.0;0.0;0.0;0.0;1.0;1.0;0.0;1.0;0.0;1.0;1.0;0.0;1.0;0.0;0.0;0.0;1.0;0.0;0.0;0.0;0.0;0.0;0.0;1.0;1.0;0.0;0.0
2023-02-19;Sevilla;1;9;7;43;42;Rayo Vallecano;1;4;7;18;2;5;0.41;0.59;337;0.76;6;15;1;4;0;0;3;0.0;0.0;0.0;0.0;0.0;0.0;0.0;0.0;0.0;0.0;0.0;7;0.0327777777777777;0.1666666666666666;256;0.0234375;624.390243902439;0.4285714285714285;7.317073170731708;-11;-0.18;-4;-3;-9;0.0207715133531157;0.1428571428571428;0.41;3.0;1;0;1;0;1;0;1;0;0.1428571428571428;0.5;0.0029673590504451;7.0;0.0;0.0;0.0;0.0;0.0;0.0;0.0;1.0;0.0;0.0;0.0;0.0;0.0;0.0;0.0;0.0;1.0;1.0;1.0;0.0;0.0;0.0;0.0;0.0;1.0;0.0;1.0;0.0;0.0;0.0;0.0;0.0;1.0;0.0;0.0;1.0;0.0;1.0;0.0;0.0;0.0;1.0;1.0;0.0;0.0;0.0
