Fecha;Equipo_name;Torneo;Alineacion;Alineacion_contrincante;equipo;equipo_contrincante;equipo_contrincante_name;tarjetas;tarjetas_contrincante;Remates;Remates_contrincante;Remates al arco;Remates al arco_contrincante;Posesión;Posesión_contrincante;Pases;Precisión de los pases;Faltas;Faltas_contrincante;Tarjetas amarillas;Tarjetas amarillas_contrincante;Tarjetas rojas;Tarjetas rojas_contrincante;Tiros de esquina;Aaron Ramsdale-Southampton;Taylor Harwood-Bellis-Southampton;Jan Bednarek-Southampton;Jack Stephens-Southampton;Kyle Walker-Peters-Southampton;Flynn Downes-Southampton;Lesley Ugochukwu-Southampton;Ryan Manning-Southampton;Mateus Fernandes-Southampton;Kamaldeen Sulemana-Southampton;Ross C. Stewart-Southampton;Tiros de esquina_concedidos;Posesión_contra_por_remate;tarjetas_por_falta;pases_completados;faltas_por_pases;pases_por_posesion;tirosEsquina_por_remate;tirosEsquina_por_posesion;diff_remates;diff_posesion;diff_Tiros de esquina;diff_tarjetas;diff_faltas;remates_por_pase;posesion_por_remate;posesion_por_gol;tirosEsquina_por_gol;goles_primera_mitad;goles_segunda_mitad;goles_totales;gano;empato;perdio;visitante;local;conversion_goles;conversion_arco;goles_por_pase;remates_al_arco_por_gol;Paul Onuachu-Southampton;Cameron Archer-Southampton;Joe Aribo-Southampton;Tyler Dibling-Southampton;Armel Bella-Kotchap-Southampton;Yukinari Sugawara-Southampton;Will Smallbone-Southampton;Albert Grønbæk-Southampton;James Bree-Southampton;Welington-Southampton;Nathan Wood-Southampton;Alex McCarthy-Southampton;Adam Armstrong-Southampton;Joe Lumley-Southampton;Ryan Fraser-Southampton;Adam Lallana-Southampton;Charlie Taylor-Southampton;Maxwel Cornet-Southampton;Ben Brereton Díaz-Southampton;Ronnie Edwards-Southampton;Samuel Amo-Ameyaw-Southampton;Samuel Edozie-Southampton;David Brooks-Southampton;Che Adams-Southampton;Shea Charles-Southampton;Sékou Mara-Southampton;Joe Rothwell-Southampton;Stuart Armstrong-Southampton;Gavin Bazunu-Southampton;Mason Holgate-Southampton;Jayden Meghoma-Southampton;Carlos Jonás Alcaraz-Southampton;Nathan Tella-Southampton;Lyanco-Southampton;Romain Perraud-Southampton;Moussa Djenepo-Southampton;James Ward-Prowse-Southampton;Roméo Lavia-Southampton;Theo Walcott-Southampton;Mohamed Elyounoussi-Southampton;Ainsley Maitland-Niles-Southampton;Duje Ćaleta-Car-Southampton;Ibrahima Diallo-Southampton;Mislav Oršić-Southampton;Mohamed Salisu Abdul Karim-Southampton
2025-05-10;Southampton;3;17;3;68;3;Manchester City;2;0;2;26;0;5;0.28;0.72;258;0.75;9;8;2;0;0;0;1;1.0;1.0;1.0;1.0;0.0;1.0;1.0;0.0;1.0;1.0;0.0;15;0.0276923076923076;0.2222222222222222;194;0.0463917525773195;692.8571428571428;0.5;3.571428571428571;-24;-0.4399999999999999;-14;2;1;0.0077519379844961;0.0;0.0;0.0;0;0;0;0;1;0;0;1;0.0;0.0;0.0;0.0;0.0;0.0;0.0;1.0;0.0;0.0;0.0;0.0;1.0;1.0;0.0;0.0;0.0;0.0;0.0;0.0;0.0;0.0;0.0;0.0;0.0;0.0;0.0;0.0;0.0;0.0;0.0;0.0;0.0;0.0;0.0;0.0;0.0;0.0;0.0;0.0;0.0;0.0;0.0;0.0;0.0;0.0;0.0;0.0;0.0
2025-05-03;Southampton;3;17;3;68;63;Leicester City;3;1;8;14;2;4;0.51;0.49;455;0.87;13;12;3;1;0;0;7;1.0;1.0;1.0;1.0;1.0;1.0;1.0;1.0;1.0;1.0;1.0;6;0.0349999999999999;0.2307692307692307;396;0.0328282828282828;776.4705882352941;0.875;13.72549019607843;-6;0.02;1;2;1;0.0175824175824175;0.0;0.0;0.0;0;0;0;0;0;1;1;0;0.0;0.0;0.0;0.0;0.0;0.0;0.0;0.0;0.0;0.0;0.0;0.0;0.0;0.0;0.0;0.0;0.0;0.0;0.0;0.0;0.0;0.0;0.0;0.0;0.0;0.0;0.0;0.0;0.0;0.0;0.0;0.0;0.0;0.0;0.0;0.0;0.0;0.0;0.0;0.0;0.0;0.0;0.0;0.0;0.0;0.0;0.0;0.0;0.0
2025-04-26;Southampton;3;17;0;68;58;Fulham;1;1;7;26;3;5;0.35;0.65;319;0.77;10;12;1;1;0;0;0;1.0;1.0;1.0;1.0;1.0;1.0;1.0;1.0;1.0;1.0;1.0;13;0.025;0.1;246;0.040650406504065;702.8571428571429;0.0;0.0;-19;-0.3;-13;0;-2;0.0219435736677116;0.1428571428571428;0.35;0.0;1;0;1;0;0;1;0;1;0.1428571428571428;0.3333333333333333;0.0031347962382445;7.0;0.0;0.0;0.0;0.0;0.0;0.0;0.0;0.0;0.0;0.0;0.0;0.0;0.0;0.0;0.0;0.0;0.0;0.0;0.0;0.0;0.0;0.0;0.0;0.0;0.0;0.0;0.0;0.0;0.0;0.0;0.0;0.0;0.0;0.0;0.0;0.0;0.0;0.0;0.0;0.0;0.0;0.0;0.0;0.0;0.0
2025-04-19;Southampton;3;17;3;68;61;West Ham;1;2;15;12;4;4;0.48;0.52;455;0.87;13;14;1;2;0;0;5;1.0;1.0;1.0;1.0;1.0;1.0;1.0;1.0;1.0;1.0;0.0;2;0.0433333333333333;0.0769230769230769;396;0.0328282828282828;825.0;0.3333333333333333;10.416666666666668;3;-0.04;3;-1;-1;0.0329670329670329;0.0666666666666666;0.48;5.0;0;1;1;0;1;0;1;0;0.0666666666666666;0.25;0.0021978021978021;15.0;1.0;0.0;0.0;0.0;0.0;0.0;0.0;0.0;0.0;0.0;0.0;0.0;0.0;0.0;0.0;0.0;0.0;0.0;0.0;0.0;0.0;0.0;0.0;0.0;0.0;0.0;0.0;0.0;0.0;0.0;0.0;0.0;0.0;0.0;0.0;0.0;0.0;0.0;0.0;0.0;0.0;0.0;0.0;0.0;0.0
2025-04-12;Southampton;3;6;3;68;1;Aston Villa;3;1;7;25;2;10;0.39;0.61;354;0.86;11;4;3;1;0;0;2;1.0;1.0;1.0;1.0;1.0;0.0;1.0;1.0;1.0;1.0;0.0;13;0.0243999999999999;0.2727272727272727;304;0.0361842105263157;779.4871794871794;0.2857142857142857;5.128205128205128;-18;-0.2199999999999999;-11;2;7;0.019774011299435;0.0;0.0;0.0;0;0;0;0;0;1;0;1;0.0;0.0;0.0;0.0;1.0;1.0;0.0;0.0;0.0;0.0;0.0;0.0;0.0;0.0;0.0;0.0;0.0;0.0;0.0;0.0;0.0;0.0;0.0;0.0;0.0;0.0;0.0;0.0;0.0;0.0;0.0;0.0;0.0;0.0;0.0;0.0;0.0;0.0;0.0;0.0;0.0;0.0;0.0;0.0;0.0;0.0;0.0;0.0;0.0
2025-04-06;Southampton;3;3;0;68;56;Tottenham;1;1;12;13;4;8;0.49;0.51;470;0.88;20;16;1;1;0;0;1;1.0;1.0;1.0;0.0;1.0;0.0;1.0;1.0;1.0;1.0;0.0;4;0.0392307692307692;0.05;414;0.0483091787439613;844.8979591836735;0.0833333333333333;2.0408163265306123;-1;-0.02;-3;0;4;0.025531914893617;0.0833333333333333;0.49;1.0;0;1;1;0;0;1;1;0;0.0833333333333333;0.25;0.002127659574468;12.0;0.0;1.0;1.0;1.0;0.0;0.0;0.0;0.0;0.0;0.0;0.0;0.0;0.0;0.0;0.0;0.0;0.0;0.0;0.0;0.0;0.0;0.0;0.0;0.0;0.0;0.0;0.0;0.0;0.0;0.0;0.0;0.0;0.0;0.0;0.0;0.0;0.0;0.0;0.0;0.0;0.0;0.0;0.0;0.0;0.0
2025-04-02;Southampton;3;17;17;68;65;Crystal Palace;2;1;8;9;2;3;0.42;0.58;382;0.78;14;9;2;1;0;0;2;1.0;1.0;1.0;1.0;1.0;1.0;1.0;1.0;1.0;1.0;0.0;2;0.0644444444444444;0.1428571428571428;298;0.046979865771812;709.5238095238095;0.25;4.761904761904762;-1;-0.1599999999999999;0;1;5;0.0209424083769633;0.125;0.42;2.0;1;0;1;0;1;0;0;1;0.125;0.5;0.0026178010471204;8.0;1.0;0.0;0.0;0.0;0.0;0.0;0.0;0.0;0.0;0.0;0.0;0.0;0.0;0.0;0.0;0.0;0.0;0.0;0.0;0.0;0.0;0.0;0.0;0.0;0.0;0.0;0.0;0.0;0.0;0.0;0.0;0.0;0.0;0.0;0.0;0.0;0.0;0.0;0.0;0.0;0.0;0.0;0.0;0.0;0.0
2025-03-15;Southampton;3;6;17;68;67;Wolves;0;0;10;5;3;3;0.6;0.4;596;0.89;12;13;0;0;0;0;5;1.0;1.0;0.0;0.0;1.0;0.0;1.0;1.0;1.0;1.0;0.0;1;0.08;0.0;530;0.0226415094339622;883.3333333333334;0.5;8.333333333333334;5;0.1999999999999999;4;0;-1;0.0167785234899328;0.1;0.6;5.0;0;1;1;0;0;1;0;1;0.1;0.3333333333333333;0.0016778523489932;10.0;0.0;0.0;1.0;1.0;1.0;1.0;0.0;0.0;0.0;0.0;0.0;0.0;0.0;0.0;0.0;0.0;0.0;0.0;0.0;0.0;0.0;0.0;0.0;0.0;0.0;0.0;0.0;0.0;0.0;0.0;0.0;0.0;0.0;0.0;0.0;0.0;0.0;0.0;0.0;0.0;0.0;0.0;0.0;0.0;0.0
2025-03-08;Southampton;3;3;0;68;2;Liverpool;1;2;6;28;4;7;0.28;0.72;267;0.76;9;10;1;2;0;0;4;1.0;1.0;1.0;0.0;1.0;0.0;1.0;1.0;1.0;1.0;0.0;6;0.0257142857142857;0.1111111111111111;203;0.0443349753694581;724.9999999999999;0.6666666666666666;14.285714285714285;-22;-0.4399999999999999;-2;-1;-1;0.0224719101123595;0.1666666666666666;0.28;4.0;1;0;1;0;0;1;1;0;0.1666666666666666;0.25;0.0037453183520599;6.0;0.0;0.0;0.0;1.0;0.0;0.0;1.0;1.0;0.0;0.0;0.0;0.0;0.0;0.0;0.0;0.0;0.0;0.0;0.0;0.0;0.0;0.0;0.0;0.0;0.0;0.0;0.0;0.0;0.0;0.0;0.0;0.0;0.0;0.0;0.0;0.0;0.0;0.0;0.0;0.0;0.0;0.0;0.0;0.0;0.0
2025-02-25;Southampton;3;9;3;68;53;Chelsea;2;1;7;19;2;10;0.4;0.6;415;0.84;9;6;2;1;0;0;2;1.0;0.0;0.0;0.0;1.0;1.0;0.0;0.0;1.0;1.0;0.0;4;0.031578947368421;0.2222222222222222;349;0.0257879656160458;872.5;0.2857142857142857;5.0;-12;-0.1999999999999999;-2;1;3;0.016867469879518;0.0;0.0;0.0;0;0;0;0;0;1;1;0;0.0;0.0;0.0;0.0;1.0;0.0;1.0;0.0;1.0;1.0;1.0;0.0;1.0;0.0;0.0;0.0;0.0;0.0;0.0;0.0;0.0;0.0;0.0;0.0;0.0;0.0;0.0;0.0;0.0;0.0;0.0;0.0;0.0;0.0;0.0;0.0;0.0;0.0;0.0;0.0;0.0;0.0;0.0;0.0;0.0;0.0;0.0;0.0;0.0
2025-02-22;Southampton;3;6;3;68;54;Brighton;2;0;6;18;1;12;0.49;0.51;431;0.8;11;12;2;0;0;0;5;1.0;0.0;1.0;0.0;1.0;0.0;1.0;0.0;1.0;1.0;0.0;6;0.0283333333333333;0.1818181818181818;345;0.0318840579710144;704.0816326530612;0.8333333333333334;10.20408163265306;-12;-0.02;-1;2;-1;0.0139211136890951;0.0;0.0;0.0;0;0;0;0;0;1;0;1;0.0;0.0;0.0;0.0;0.0;1.0;1.0;1.0;0.0;0.0;0.0;0.0;1.0;1.0;0.0;0.0;0.0;0.0;0.0;0.0;0.0;0.0;0.0;0.0;0.0;0.0;0.0;0.0;0.0;0.0;0.0;0.0;0.0;0.0;0.0;0.0;0.0;0.0;0.0;0.0;0.0;0.0;0.0;0.0;0.0;0.0;0.0;0.0;0.0
2025-02-15;Southampton;3;29;3;68;59;Bournemouth;1;3;11;14;4;7;0.44;0.56;386;0.79;13;15;1;3;0;0;4;1.0;0.0;1.0;0.0;1.0;0.0;0.0;0.0;1.0;1.0;0.0;6;0.04;0.0769230769230769;305;0.0426229508196721;693.1818181818181;0.3636363636363636;9.090909090909092;-3;-0.12;-2;-2;-2;0.0284974093264248;0.0909090909090909;0.44;4.0;0;1;1;0;0;1;0;1;0.0909090909090909;0.25;0.0025906735751295;11.0;1.0;0.0;1.0;0.0;0.0;0.0;1.0;0.0;1.0;1.0;1.0;0.0;0.0;0.0;0.0;0.0;0.0;0.0;0.0;0.0;0.0;0.0;0.0;0.0;0.0;0.0;0.0;0.0;0.0;0.0;0.0;0.0;0.0;0.0;0.0;0.0;0.0;0.0;0.0;0.0;0.0;0.0;0.0;0.0;0.0
2025-02-08;Southampton;15;29;9;68;819;Burnley;2;1;10;6;3;5;0.59;0.41;557;0.87;17;15;2;1;0;0;2;0.0;0.0;1.0;0.0;1.0;0.0;1.0;1.0;1.0;1.0;0.0;0;0.0683333333333333;0.1176470588235294;485;0.0350515463917525;822.0338983050848;0.2;3.389830508474577;4;0.18;2;1;2;0.0179533213644524;0.0;0.0;0.0;0;0;0;0;0;1;0;1;0.0;0.0;0.0;0.0;0.0;0.0;1.0;1.0;0.0;0.0;0.0;0.0;1.0;1.0;0.0;1.0;0.0;0.0;0.0;0.0;0.0;0.0;0.0;0.0;0.0;0.0;0.0;0.0;0.0;0.0;0.0;0.0;0.0;0.0;0.0;0.0;0.0;0.0;0.0;0.0;0.0;0.0;0.0;0.0;0.0;0.0;0.0;0.0;0.0
2025-02-01;Southampton;3;17;3;68;66;Ipswich;3;0;9;15;4;6;0.43;0.57;402;0.77;14;11;3;0;0;0;2;1.0;1.0;1.0;0.0;1.0;0.0;1.0;0.0;1.0;0.0;0.0;1;0.038;0.2142857142857142;310;0.0451612903225806;720.9302325581396;0.2222222222222222;4.651162790697675;-6;-0.1399999999999999;1;3;3;0.0223880597014925;0.2222222222222222;0.215;1.0;1;1;2;1;0;0;1;0;0.2222222222222222;0.5;0.0049751243781094;4.5;1.0;0.0;1.0;0.0;0.0;0.0;0.0;1.0;1.0;1.0;0.0;0.0;0.0;0.0;0.0;0.0;0.0;0.0;0.0;0.0;0.0;0.0;0.0;0.0;0.0;0.0;0.0;0.0;0.0;0.0;0.0;0.0;0.0;0.0;0.0;0.0;0.0;0.0;0.0;0.0;0.0;0.0;0.0;0.0;0.0
2025-01-25;Southampton;3;29;0;68;60;Newcastle;1;0;12;17;5;9;0.53;0.47;470;0.84;10;5;1;0;0;0;3;0.0;1.0;1.0;0.0;1.0;0.0;1.0;1.0;1.0;0.0;0.0;8;0.0276470588235294;0.1;395;0.0253164556962025;745.2830188679245;0.25;5.660377358490566;-5;0.06;-5;1;5;0.025531914893617;0.0833333333333333;0.53;3.0;1;0;1;0;0;1;0;1;0.0833333333333333;0.2;0.002127659574468;12.0;1.0;0.0;1.0;0.0;0.0;0.0;0.0;0.0;1.0;0.0;0.0;1.0;1.0;0.0;0.0;0.0;0.0;0.0;0.0;0.0;0.0;0.0;0.0;0.0;0.0;0.0;0.0;0.0;0.0;0.0;0.0;0.0;0.0;0.0;0.0;0.0;0.0;0.0;0.0;0.0;0.0;0.0;0.0;0.0;0.0
2025-01-19;Southampton;3;29;3;68;55;Nottingham Forest;4;0;10;14;4;5;0.56;0.44;475;0.87;18;4;4;0;0;0;8;1.0;1.0;1.0;0.0;1.0;1.0;0.0;0.0;1.0;0.0;0.0;2;0.0314285714285714;0.2222222222222222;413;0.0435835351089588;737.4999999999999;0.8;14.285714285714285;-4;0.12;6;4;14;0.0210526315789473;0.2;0.28;4.0;0;2;2;0;0;1;1;0;0.2;0.5;0.0042105263157894;5.0;0.0;1.0;1.0;0.0;0.0;1.0;0.0;0.0;1.0;0.0;0.0;0.0;1.0;0.0;0.0;0.0;0.0;0.0;0.0;0.0;0.0;0.0;0.0;0.0;0.0;0.0;0.0;0.0;0.0;0.0;0.0;0.0;0.0;0.0;0.0;0.0;0.0;0.0;0.0;0.0;0.0;0.0;0.0;0.0;0.0
2025-01-16;Southampton;3;29;17;68;62;Manchester United;3;1;13;23;5;9;0.4;0.6;406;0.79;10;7;3;1;0;0;4;1.0;1.0;1.0;0.0;1.0;0.0;1.0;0.0;1.0;1.0;0.0;4;0.0260869565217391;0.3;321;0.0311526479750778;802.5;0.3076923076923077;10.0;-10;-0.1999999999999999;0;2;3;0.0320197044334975;0.0769230769230769;0.4;4.0;1;0;1;0;0;1;1;0;0.0769230769230769;0.2;0.0024630541871921;13.0;0.0;0.0;1.0;1.0;0.0;1.0;0.0;0.0;1.0;0.0;0.0;0.0;0.0;0.0;0.0;0.0;0.0;0.0;0.0;0.0;0.0;0.0;0.0;0.0;0.0;0.0;0.0;0.0;0.0;0.0;0.0;0.0;0.0;0.0;0.0;0.0;0.0;0.0;0.0;0.0;0.0;0.0;0.0;0.0;0.0
2025-01-04;Southampton;3;6;0;68;57;Brentford;2;0;8;20;1;11;0.51;0.49;465;0.85;10;4;2;0;0;0;2;1.0;1.0;1.0;0.0;1.0;0.0;1.0;0.0;0.0;1.0;0.0;2;0.0245;0.2;395;0.0253164556962025;774.5098039215686;0.25;3.92156862745098;-12;0.02;0;2;6;0.0172043010752688;0.0;0.0;0.0;0;0;0;0;0;1;0;1;0.0;0.0;0.0;0.0;1.0;0.0;1.0;1.0;0.0;0.0;0.0;0.0;1.0;0.0;1.0;0.0;0.0;0.0;0.0;0.0;0.0;0.0;0.0;0.0;0.0;0.0;0.0;0.0;0.0;0.0;0.0;0.0;0.0;0.0;0.0;0.0;0.0;0.0;0.0;0.0;0.0;0.0;0.0;0.0;0.0;0.0;0.0;0.0;0.0
2024-12-29;Southampton;3;17;17;68;65;Crystal Palace;3;2;7;19;3;10;0.54;0.46;445;0.8;19;18;3;2;0;0;7;1.0;1.0;1.0;0.0;1.0;0.0;0.0;0.0;1.0;0.0;0.0;8;0.0242105263157894;0.1578947368421052;356;0.0533707865168539;659.2592592592592;1.0;12.962962962962962;-12;0.08;-1;1;1;0.0157303370786516;0.1428571428571428;0.54;7.0;1;0;1;0;0;1;1;0;0.1428571428571428;0.3333333333333333;0.0022471910112359;7.0;1.0;0.0;1.0;1.0;0.0;0.0;0.0;0.0;1.0;0.0;1.0;0.0;1.0;0.0;0.0;0.0;0.0;0.0;0.0;0.0;0.0;0.0;0.0;0.0;0.0;0.0;0.0;0.0;0.0;0.0;0.0;0.0;0.0;0.0;0.0;0.0;0.0;0.0;0.0;0.0;0.0;0.0;0.0;0.0;0.0
2024-12-26;Southampton;3;29;7;68;61;West Ham;1;2;18;16;5;2;0.55;0.45;475;0.84;15;8;1;2;0;0;2;1.0;1.0;1.0;0.0;1.0;1.0;1.0;0.0;1.0;0.0;0.0;2;0.028125;0.0666666666666666;399;0.037593984962406;725.4545454545454;0.1111111111111111;3.636363636363636;2;0.1;0;-1;7;0.0378947368421052;0.0;0.0;0.0;0;0;0;0;0;1;0;1;0.0;0.0;0.0;0.0;1.0;0.0;0.0;0.0;0.0;1.0;0.0;0.0;0.0;0.0;1.0;0.0;1.0;0.0;0.0;0.0;0.0;0.0;0.0;0.0;0.0;0.0;0.0;0.0;0.0;0.0;0.0;0.0;0.0;0.0;0.0;0.0;0.0;0.0;0.0;0.0;0.0;0.0;0.0;0.0;0.0;0.0;0.0;0.0;0.0
2024-12-22;Southampton;3;29;3;68;58;Fulham;3;1;5;15;1;5;0.43;0.57;419;0.8;15;8;3;1;0;0;5;1.0;1.0;1.0;0.0;1.0;1.0;0.0;0.0;1.0;0.0;0.0;6;0.038;0.2;335;0.044776119402985;779.0697674418604;1.0;11.627906976744184;-10;-0.1399999999999999;-1;2;7;0.0119331742243436;0.0;0.0;0.0;0;0;0;0;1;0;1;0;0.0;0.0;0.0;0.0;0.0;0.0;1.0;1.0;0.0;1.0;0.0;0.0;0.0;0.0;1.0;0.0;1.0;0.0;0.0;0.0;0.0;0.0;0.0;0.0;0.0;0.0;0.0;0.0;0.0;0.0;0.0;0.0;0.0;0.0;0.0;0.0;0.0;0.0;0.0;0.0;0.0;0.0;0.0;0.0;0.0;0.0;0.0;0.0;0.0
2024-12-18;Southampton;14;9;0;68;2;Liverpool;2;2;6;14;4;4;0.31;0.69;289;0.78;10;10;2;2;0;0;3;0.0;1.0;1.0;0.0;0.0;1.0;0.0;1.0;1.0;0.0;0.0;7;0.0492857142857142;0.2;225;0.0444444444444444;725.8064516129032;0.5;9.67741935483871;-8;-0.3799999999999999;-4;0;0;0.0207612456747404;0.1666666666666666;0.31;3.0;0;1;1;0;0;1;0;1;0.1666666666666666;0.25;0.0034602076124567;6.0;0.0;1.0;1.0;1.0;0.0;0.0;0.0;0.0;1.0;0.0;1.0;1.0;0.0;0.0;0.0;0.0;0.0;0.0;0.0;0.0;0.0;0.0;0.0;0.0;0.0;0.0;0.0;0.0;0.0;0.0;0.0;0.0;0.0;0.0;0.0;0.0;0.0;0.0;0.0;0.0;0.0;0.0;0.0;0.0;0.0
2024-12-07;Southampton;3;4;3;68;1;Aston Villa;3;1;4;18;0;5;0.53;0.47;490;0.89;15;18;3;1;0;0;1;0.0;1.0;0.0;0.0;1.0;1.0;0.0;1.0;1.0;0.0;0.0;14;0.0261111111111111;0.2;436;0.0344036697247706;822.6415094339623;0.25;1.8867924528301885;-14;0.06;-13;2;-3;0.0081632653061224;0.0;0.0;0.0;0;0;0;0;0;1;1;0;0.0;0.0;0.0;0.0;0.0;1.0;0.0;1.0;0.0;0.0;0.0;0.0;1.0;0.0;1.0;0.0;1.0;1.0;0.0;0.0;0.0;0.0;0.0;0.0;0.0;0.0;0.0;0.0;0.0;0.0;0.0;0.0;0.0;0.0;0.0;0.0;0.0;0.0;0.0;0.0;0.0;0.0;0.0;0.0;0.0;0.0;0.0;0.0;0.0
2024-12-04;Southampton;3;4;3;68;53;Chelsea;2;0;6;26;4;13;0.45;0.55;432;0.88;7;14;1;0;1;0;5;0.0;0.0;0.0;1.0;1.0;0.0;0.0;1.0;1.0;0.0;0.0;7;0.0211538461538461;0.2857142857142857;380;0.0184210526315789;844.4444444444445;0.8333333333333334;11.11111111111111;-20;-0.1;-2;2;-7;0.0138888888888888;0.1666666666666666;0.45;5.0;1;0;1;0;0;1;0;1;0.1666666666666666;0.25;0.0023148148148148;6.0;0.0;1.0;1.0;0.0;0.0;0.0;0.0;0.0;1.0;0.0;1.0;0.0;1.0;1.0;1.0;0.0;0.0;0.0;0.0;0.0;0.0;0.0;0.0;0.0;0.0;0.0;0.0;0.0;0.0;0.0;0.0;0.0;0.0;0.0;0.0;0.0;0.0;0.0;0.0;0.0;0.0;0.0;0.0;0.0;0.0
2024-10-29;Southampton;14;0;9;68;830;Stoke City;2;1;12;6;5;2;0.78;0.22;807;0.93;5;11;2;1;0;0;5;1.0;1.0;1.0;0.0;0.0;0.0;1.0;0.0;1.0;0.0;0.0;1;0.0366666666666666;0.4;751;0.0066577896138482;962.8205128205128;0.4166666666666667;6.41025641025641;6;0.56;4;1;-6;0.0148698884758364;0.25;0.26;1.6666666666666667;2;1;3;1;0;0;0;1;0.25;0.6;0.0037174721189591;4.0;0.0;1.0;1.0;0.0;0.0;1.0;0.0;0.0;1.0;0.0;0.0;0.0;1.0;0.0;1.0;0.0;0.0;0.0;0.0;0.0;0.0;0.0;0.0;0.0;0.0;0.0;0.0;0.0;0.0;0.0;0.0;0.0;0.0;0.0;0.0;0.0;0.0;0.0;0.0;0.0;0.0;0.0;0.0;0.0;0.0
2024-10-26;Southampton;3;9;7;68;3;Manchester City;3;1;5;22;2;8;0.43;0.57;479;0.9;9;9;3;1;0;0;1;1.0;1.0;1.0;1.0;1.0;1.0;0.0;1.0;1.0;0.0;0.0;12;0.0259090909090909;0.3333333333333333;431;0.0208816705336426;1002.3255813953488;0.2;2.3255813953488373;-17;-0.1399999999999999;-11;2;0;0.0104384133611691;0.0;0.0;0.0;0;0;0;0;0;1;1;0;0.0;0.0;0.0;0.0;0.0;1.0;0.0;1.0;0.0;0.0;0.0;0.0;0.0;0.0;0.0;0.0;0.0;0.0;0.0;1.0;0.0;0.0;0.0;0.0;0.0;0.0;0.0;0.0;0.0;0.0;0.0;0.0;0.0;0.0;0.0;0.0;0.0;0.0;0.0;0.0;0.0;0.0;0.0;0.0;0.0;0.0;0.0;0.0;0.0
2024-10-19;Southampton;3;5;3;68;63;Leicester City;6;3;14;18;7;4;0.42;0.58;359;0.82;10;10;5;3;1;0;10;1.0;1.0;1.0;0.0;1.0;1.0;0.0;1.0;1.0;0.0;0.0;6;0.0322222222222222;0.6;294;0.0340136054421768;700.0;0.7142857142857143;23.80952380952381;-4;-0.1599999999999999;4;3;0;0.0389972144846796;0.1428571428571428;0.21;5.0;2;0;2;0;0;1;0;1;0.1428571428571428;0.2857142857142857;0.0055710306406685;7.0;0.0;1.0;1.0;1.0;0.0;1.0;0.0;0.0;0.0;0.0;0.0;0.0;0.0;0.0;0.0;0.0;0.0;0.0;0.0;0.0;0.0;0.0;0.0;0.0;0.0;0.0;0.0;0.0;0.0;0.0;0.0;0.0;0.0;0.0;0.0;0.0;0.0;0.0;0.0;0.0;0.0;0.0;0.0;0.0;0.0
2024-09-21;Southampton;3;3;3;68;66;Ipswich;4;4;11;13;3;6;0.54;0.46;492;0.86;16;16;4;4;0;0;2;1.0;1.0;1.0;0.0;0.0;1.0;0.0;0.0;1.0;0.0;0.0;10;0.0353846153846153;0.25;423;0.0378250591016548;783.3333333333333;0.1818181818181818;3.7037037037037033;-2;0.08;-8;0;0;0.0223577235772357;0.0909090909090909;0.54;2.0;1;0;1;0;1;0;0;1;0.0909090909090909;0.3333333333333333;0.0020325203252032;11.0;0.0;1.0;0.0;1.0;0.0;1.0;0.0;0.0;0.0;0.0;0.0;0.0;0.0;0.0;1.0;1.0;1.0;0.0;0.0;0.0;0.0;0.0;0.0;0.0;0.0;0.0;0.0;0.0;0.0;0.0;0.0;0.0;0.0;0.0;0.0;0.0;0.0;0.0;0.0;0.0;0.0;0.0;0.0;0.0;0.0
2024-09-17;Southampton;14;3;3;68;64;Everton;1;3;11;14;4;4;0.74;0.26;791;0.91;7;12;1;3;0;0;4;0.0;1.0;0.0;0.0;0.0;0.0;1.0;0.0;0.0;0.0;0.0;9;0.0185714285714285;0.1428571428571428;720;0.0097222222222222;972.972972972973;0.3636363636363636;5.405405405405405;-3;0.48;-5;-2;-5;0.0139064475347661;0.0909090909090909;0.74;4.0;1;0;1;0;1;0;1;0;0.0909090909090909;0.25;0.0012642225031605;11.0;0.0;0.0;1.0;0.0;0.0;0.0;0.0;0.0;1.0;0.0;1.0;1.0;1.0;0.0;1.0;1.0;1.0;1.0;0.0;0.0;0.0;0.0;0.0;0.0;0.0;0.0;0.0;0.0;0.0;0.0;0.0;0.0;0.0;0.0;0.0;0.0;0.0;0.0;0.0;0.0;0.0;0.0;0.0;0.0;0.0
2024-09-14;Southampton;3;3;3;68;62;Manchester United;2;4;6;20;4;10;0.44;0.56;480;0.87;11;14;1;4;1;0;0;1.0;0.0;1.0;1.0;1.0;1.0;1.0;0.0;1.0;0.0;0.0;7;0.028;0.1818181818181818;418;0.0263157894736842;950.0;0.0;0.0;-14;-0.12;-7;-2;-3;0.0125;0.0;0.0;0.0;0;0;0;0;0;1;0;1;0.0;0.0;0.0;0.0;0.0;1.0;0.0;1.0;0.0;1.0;0.0;0.0;0.0;0.0;0.0;0.0;0.0;0.0;0.0;0.0;0.0;0.0;1.0;0.0;0.0;0.0;0.0;0.0;0.0;0.0;0.0;0.0;0.0;0.0;0.0;0.0;0.0;0.0;0.0;0.0;0.0;0.0;0.0;0.0;0.0;0.0;0.0;0.0;0.0
2024-08-31;Southampton;3;2;0;68;57;Brentford;1;2;18;20;6;7;0.64;0.36;621;0.88;7;10;1;2;0;0;8;1.0;1.0;1.0;1.0;1.0;1.0;0.0;0.0;0.0;0.0;0.0;2;0.018;0.1428571428571428;546;0.0128205128205128;853.125;0.4444444444444444;12.5;-2;0.28;6;-1;-3;0.0289855072463768;0.0555555555555555;0.64;8.0;0;1;1;0;0;1;1;0;0.0555555555555555;0.1666666666666666;0.001610305958132;18.0;0.0;0.0;1.0;0.0;0.0;1.0;1.0;0.0;0.0;0.0;0.0;0.0;1.0;0.0;0.0;0.0;0.0;0.0;1.0;0.0;0.0;0.0;0.0;0.0;0.0;0.0;0.0;0.0;0.0;0.0;0.0;0.0;0.0;0.0;0.0;0.0;0.0;0.0;0.0;0.0;0.0;0.0;0.0;0.0;0.0
2024-08-28;Southampton;14;0;3;68;837;Cardiff;3;2;13;10;8;4;0.74;0.26;772;0.93;4;12;3;2;0;0;6;0.0;0.0;0.0;0.0;0.0;0.0;1.0;0.0;1.0;0.0;0.0;3;0.026;0.75;718;0.0055710306406685;970.2702702702704;0.4615384615384615;8.108108108108109;3;0.48;3;1;-8;0.0168393782383419;0.3846153846153846;0.148;1.2;2;3;5;1;0;0;1;0;0.3846153846153846;0.625;0.0064766839378238;2.6;0.0;1.0;0.0;1.0;0.0;0.0;0.0;0.0;1.0;0.0;1.0;0.0;0.0;1.0;0.0;0.0;1.0;0.0;0.0;1.0;1.0;1.0;0.0;0.0;0.0;0.0;0.0;0.0;0.0;0.0;0.0;0.0;0.0;0.0;0.0;0.0;0.0;0.0;0.0;0.0;0.0;0.0;0.0;0.0;0.0
2024-08-24;Southampton;3;2;3;68;55;Nottingham Forest;3;3;5;23;1;8;0.65;0.35;656;0.9;14;14;3;3;0;0;4;0.0;1.0;1.0;1.0;1.0;1.0;0.0;0.0;0.0;0.0;0.0;10;0.0152173913043478;0.2142857142857142;590;0.023728813559322;907.6923076923076;0.8;6.153846153846153;-18;0.3;-6;0;0;0.0076219512195121;0.0;0.0;0.0;0;0;0;0;0;1;0;1;0.0;0.0;0.0;0.0;0.0;0.0;1.0;0.0;0.0;1.0;1.0;0.0;0.0;0.0;0.0;1.0;1.0;0.0;0.0;0.0;0.0;0.0;1.0;0.0;0.0;0.0;0.0;0.0;0.0;0.0;0.0;0.0;0.0;0.0;0.0;0.0;0.0;0.0;0.0;0.0;0.0;0.0;0.0;0.0;0.0;0.0;0.0;0.0;0.0
2024-08-17;Southampton;3;2;0;68;60;Newcastle;4;3;19;3;4;1;0.78;0.22;649;0.89;16;15;4;2;0;1;12;0.0;1.0;1.0;1.0;1.0;1.0;0.0;0.0;0.0;0.0;0.0;3;0.0733333333333333;0.25;578;0.0276816608996539;741.025641025641;0.631578947368421;15.384615384615383;16;0.56;9;1;1;0.0292758089368258;0.0;0.0;0.0;0;0;0;0;0;1;1;0;0.0;0.0;0.0;0.0;0.0;0.0;1.0;0.0;0.0;1.0;1.0;0.0;0.0;0.0;0.0;1.0;1.0;0.0;0.0;0.0;0.0;0.0;1.0;0.0;0.0;0.0;0.0;0.0;0.0;0.0;0.0;0.0;0.0;0.0;0.0;0.0;0.0;0.0;0.0;0.0;0.0;0.0;0.0;0.0;0.0;0.0;0.0;0.0;0.0
2024-05-26;Southampton;16;2;3;68;817;Leeds;6;2;7;12;3;2;0.42;0.58;378;0.8;13;18;6;2;0;0;4;0.0;1.0;1.0;1.0;1.0;1.0;0.0;0.0;0.0;0.0;0.0;4;0.0483333333333333;0.4615384615384615;302;0.043046357615894;719.047619047619;0.5714285714285714;9.523809523809524;-5;-0.1599999999999999;0;4;-5;0.0185185185185185;0.1428571428571428;0.42;4.0;1;0;1;1;0;0;1;0;0.1428571428571428;0.3333333333333333;0.0026455026455026;7.0;0.0;0.0;1.0;0.0;0.0;0.0;1.0;0.0;0.0;0.0;0.0;1.0;1.0;0.0;1.0;0.0;0.0;0.0;0.0;0.0;0.0;0.0;1.0;0.0;0.0;0.0;0.0;0.0;0.0;0.0;0.0;0.0;0.0;0.0;0.0;0.0;0.0;0.0;0.0;0.0;0.0;0.0;0.0;0.0;0.0
2024-05-17;Southampton;16;0;3;68;823;Albion;0;4;11;8;4;3;0.65;0.35;567;0.92;13;12;0;4;0;0;3;0.0;1.0;1.0;1.0;1.0;1.0;0.0;0.0;0.0;0.0;0.0;8;0.04375;0.0;522;0.0249042145593869;803.0769230769231;0.2727272727272727;4.615384615384615;3;0.3;-5;-4;1;0.019400352733686;0.2727272727272727;0.2166666666666666;1.0;0;3;3;1;0;0;0;1;0.2727272727272727;0.75;0.0052910052910052;3.6666666666666665;0.0;0.0;1.0;0.0;0.0;0.0;1.0;0.0;0.0;0.0;0.0;1.0;1.0;0.0;1.0;0.0;0.0;0.0;0.0;0.0;0.0;0.0;1.0;0.0;0.0;0.0;0.0;0.0;0.0;0.0;0.0;0.0;0.0;0.0;0.0;0.0;0.0;0.0;0.0;0.0;0.0;0.0;0.0;0.0;0.0
2024-05-04;Southampton;16;4;3;68;817;Leeds;3;4;11;11;4;4;0.43;0.57;419;0.86;17;18;3;4;0;0;2;0.0;1.0;1.0;1.0;1.0;1.0;0.0;1.0;0.0;0.0;0.0;5;0.0518181818181818;0.1764705882352941;360;0.0472222222222222;837.2093023255815;0.1818181818181818;4.651162790697675;0;-0.1399999999999999;-3;-1;-1;0.026252983293556;0.1818181818181818;0.215;1.0;2;0;2;1;0;0;1;0;0.1818181818181818;0.5;0.0047732696897374;5.5;0.0;0.0;1.0;0.0;0.0;0.0;1.0;0.0;0.0;0.0;0.0;1.0;1.0;0.0;0.0;0.0;0.0;0.0;0.0;0.0;0.0;0.0;0.0;1.0;0.0;0.0;0.0;0.0;0.0;0.0;0.0;0.0;0.0;0.0;0.0;0.0;0.0;0.0;0.0;0.0;0.0;0.0;0.0;0.0;0.0
2024-04-27;Southampton;16;0;3;68;830;Stoke City;2;1;14;15;3;8;0.66;0.34;664;0.88;4;14;2;1;0;0;8;0.0;1.0;0.0;1.0;1.0;0.0;0.0;0.0;0.0;0.0;0.0;7;0.0226666666666666;0.5;584;0.0068493150684931;884.8484848484848;0.5714285714285714;12.12121212121212;-1;0.32;1;1;-10;0.0210843373493975;0.0;0.0;0.0;0;0;0;0;0;1;0;1;0.0;0.0;0.0;0.0;0.0;0.0;0.0;0.0;0.0;0.0;1.0;0.0;1.0;0.0;0.0;1.0;0.0;0.0;1.0;0.0;0.0;0.0;0.0;0.0;0.0;1.0;1.0;0.0;1.0;1.0;0.0;0.0;0.0;0.0;0.0;0.0;0.0;0.0;0.0;0.0;0.0;0.0;0.0;0.0;0.0;0.0;0.0;0.0;0.0
2024-04-23;Southampton;16;0;0;68;63;Leicester City;0;1;7;17;0;6;0.67;0.33;721;0.88;7;20;0;1;0;0;4;0.0;1.0;1.0;0.0;1.0;0.0;0.0;0.0;0.0;0.0;0.0;1;0.0194117647058823;0.0;634;0.0110410094637223;946.2686567164178;0.5714285714285714;5.970149253731343;-10;0.34;3;-1;-13;0.0097087378640776;0.0;0.0;0.0;0;0;0;0;0;1;1;0;0.0;0.0;0.0;0.0;0.0;0.0;1.0;0.0;0.0;0.0;0.0;0.0;1.0;0.0;0.0;1.0;1.0;0.0;0.0;0.0;0.0;0.0;0.0;0.0;0.0;0.0;1.0;1.0;1.0;0.0;1.0;0.0;0.0;0.0;0.0;0.0;0.0;0.0;0.0;0.0;0.0;0.0;0.0;0.0;0.0;0.0;0.0;0.0;0.0
2024-04-20;Southampton;16;0;3;68;837;Cardiff;3;1;21;12;8;7;0.63;0.37;616;0.88;8;12;3;1;0;0;5;0.0;1.0;1.0;0.0;1.0;0.0;0.0;1.0;0.0;0.0;0.0;4;0.0308333333333333;0.375;542;0.014760147601476;860.3174603174604;0.238095238095238;7.936507936507937;9;0.26;1;2;-4;0.034090909090909;0.0476190476190476;0.63;5.0;1;0;1;0;0;1;1;0;0.0476190476190476;0.125;0.0016233766233766;21.0;0.0;0.0;1.0;0.0;0.0;0.0;1.0;0.0;0.0;0.0;0.0;1.0;1.0;0.0;0.0;0.0;0.0;0.0;0.0;0.0;0.0;0.0;1.0;1.0;0.0;0.0;0.0;1.0;0.0;0.0;0.0;0.0;0.0;0.0;0.0;0.0;0.0;0.0;0.0;0.0;0.0;0.0;0.0;0.0;0.0
2024-04-16;Southampton;16;0;29;68;835;Preston;0;2;23;1;6;1;0.78;0.22;793;0.9;7;12;0;2;0;0;5;0.0;1.0;1.0;0.0;1.0;1.0;0.0;1.0;0.0;0.0;0.0;0;0.22;0.0;714;0.0098039215686274;915.3846153846154;0.217391304347826;6.41025641025641;22;0.56;5;-2;-5;0.0290037831021437;0.1304347826086956;0.26;1.6666666666666667;3;0;3;1;0;0;0;1;0.1304347826086956;0.5;0.0037831021437578;7.666666666666667;0.0;0.0;1.0;0.0;0.0;0.0;0.0;0.0;0.0;0.0;0.0;1.0;1.0;0.0;0.0;0.0;0.0;0.0;0.0;0.0;0.0;0.0;1.0;1.0;0.0;0.0;0.0;1.0;0.0;0.0;0.0;0.0;0.0;0.0;0.0;0.0;0.0;0.0;0.0;0.0;0.0;0.0;0.0;0.0;0.0
2024-04-09;Southampton;16;0;3;68;833;Coventry City;1;2;14;9;6;2;0.61;0.39;626;0.89;15;15;1;2;0;0;6;0.0;1.0;0.0;1.0;1.0;1.0;0.0;0.0;0.0;0.0;0.0;8;0.0433333333333333;0.0666666666666666;557;0.0269299820466786;913.1147540983608;0.4285714285714285;9.836065573770492;5;0.2199999999999999;-2;-1;0;0.0223642172523961;0.1428571428571428;0.305;3.0;2;0;2;1;0;0;0;1;0.1428571428571428;0.3333333333333333;0.0031948881789137;7.0;0.0;0.0;1.0;0.0;0.0;0.0;1.0;0.0;1.0;0.0;0.0;0.0;1.0;0.0;0.0;0.0;0.0;0.0;0.0;0.0;0.0;0.0;1.0;1.0;0.0;0.0;0.0;0.0;1.0;0.0;0.0;0.0;0.0;0.0;0.0;0.0;0.0;0.0;0.0;0.0;0.0;0.0;0.0;0.0;0.0
2024-04-06;Southampton;16;0;3;68;824;Blackburn Rovers;2;3;7;11;2;3;0.69;0.31;697;0.89;8;17;2;3;0;0;5;0.0;1.0;1.0;1.0;1.0;1.0;0.0;0.0;0.0;0.0;0.0;1;0.0281818181818181;0.25;620;0.0129032258064516;898.5507246376812;0.7142857142857143;7.246376811594203;-4;0.3799999999999999;4;-1;-9;0.0100430416068866;0.0;0.0;0.0;0;0;0;0;1;0;1;0;0.0;0.0;0.0;0.0;0.0;0.0;1.0;0.0;0.0;0.0;0.0;0.0;0.0;0.0;0.0;0.0;1.0;0.0;1.0;0.0;0.0;0.0;0.0;0.0;0.0;0.0;1.0;0.0;0.0;0.0;1.0;0.0;1.0;0.0;0.0;0.0;0.0;0.0;0.0;0.0;0.0;0.0;0.0;0.0;0.0;0.0;0.0;0.0;0.0
2024-04-01;Southampton;16;0;3;68;66;Ipswich;2;3;17;13;8;6;0.65;0.35;587;0.86;12;14;1;3;1;0;7;0.0;1.0;1.0;1.0;0.0;1.0;0.0;0.0;0.0;0.0;0.0;0;0.0269230769230769;0.1666666666666666;505;0.0237623762376237;776.9230769230769;0.4117647058823529;10.769230769230768;4;0.3;7;-1;-2;0.0289608177172061;0.1176470588235294;0.325;3.5;2;0;2;0;0;1;1;0;0.1176470588235294;0.25;0.0034071550255536;8.5;0.0;0.0;1.0;0.0;0.0;0.0;0.0;0.0;1.0;0.0;0.0;0.0;1.0;0.0;1.0;0.0;0.0;0.0;0.0;0.0;0.0;0.0;0.0;1.0;0.0;0.0;0.0;1.0;1.0;0.0;0.0;0.0;0.0;0.0;0.0;0.0;0.0;0.0;0.0;0.0;0.0;0.0;0.0;0.0;0.0
2024-03-09;Southampton;16;0;7;68;820;Sunderland AFC;3;3;21;13;10;5;0.61;0.39;570;0.84;13;15;3;3;0;0;6;0.0;1.0;1.0;1.0;0.0;1.0;0.0;1.0;0.0;0.0;0.0;2;0.03;0.2307692307692307;479;0.0271398747390396;785.2459016393443;0.2857142857142857;9.836065573770492;8;0.2199999999999999;4;0;-2;0.0368421052631578;0.1904761904761904;0.1525;1.5;2;2;4;1;0;0;0;1;0.1904761904761904;0.4;0.0070175438596491;5.25;0.0;0.0;0.0;0.0;0.0;0.0;1.0;0.0;0.0;0.0;0.0;0.0;1.0;0.0;0.0;0.0;0.0;0.0;0.0;0.0;0.0;0.0;1.0;1.0;0.0;0.0;0.0;1.0;1.0;0.0;0.0;0.0;0.0;0.0;0.0;0.0;0.0;0.0;0.0;0.0;0.0;0.0;0.0;0.0;0.0
2024-03-02;Southampton;16;0;3;68;243;Birmingham City;1;4;26;12;11;4;0.78;0.22;739;0.89;7;11;1;3;0;1;16;0.0;1.0;1.0;1.0;0.0;1.0;0.0;1.0;0.0;0.0;0.0;6;0.0183333333333333;0.1428571428571428;658;0.0106382978723404;843.5897435897435;0.6153846153846154;20.51282051282051;14;0.56;10;-3;-4;0.0351826792963464;0.1538461538461538;0.195;4.0;1;3;4;1;0;0;1;0;0.1538461538461538;0.3636363636363636;0.0054127198917456;6.5;0.0;0.0;0.0;0.0;0.0;0.0;1.0;0.0;0.0;0.0;0.0;0.0;1.0;0.0;0.0;0.0;0.0;0.0;0.0;0.0;0.0;0.0;1.0;1.0;0.0;0.0;0.0;1.0;1.0;0.0;0.0;0.0;0.0;0.0;0.0;0.0;0.0;0.0;0.0;0.0;0.0;0.0;0.0;0.0;0.0
2024-02-28;Southampton;15;0;0;68;2;Liverpool;1;0;12;18;3;6;0.47;0.53;543;0.88;2;10;1;0;0;0;8;0.0;0.0;1.0;1.0;0.0;0.0;0.0;1.0;0.0;1.0;0.0;7;0.0294444444444444;0.5;478;0.00418410041841;1017.0212765957448;0.6666666666666666;17.02127659574468;-6;-0.06;1;1;-8;0.0220994475138121;0.0;0.0;0.0;0;0;0;0;0;1;1;0;0.0;0.0;0.0;0.0;0.0;0.0;1.0;0.0;0.0;0.0;0.0;0.0;1.0;0.0;0.0;0.0;0.0;1.0;0.0;0.0;0.0;0.0;0.0;0.0;0.0;1.0;0.0;0.0;1.0;1.0;1.0;0.0;0.0;0.0;0.0;0.0;0.0;0.0;0.0;0.0;0.0;0.0;0.0;0.0;0.0;0.0;0.0;0.0;0.0
2024-02-24;Southampton;16;0;1;68;825;Millwall;4;3;14;8;7;3;0.81;0.19;770;0.92;9;8;4;3;0;0;13;0.0;1.0;1.0;1.0;1.0;0.0;0.0;0.0;0.0;0.0;0.0;1;0.02375;0.4444444444444444;708;0.0127118644067796;874.074074074074;0.9285714285714286;16.049382716049383;6;0.6200000000000001;12;1;1;0.0181818181818181;0.0714285714285714;0.81;13.0;1;0;1;0;0;1;0;1;0.0714285714285714;0.1428571428571428;0.0012987012987012;14.0;0.0;0.0;1.0;0.0;0.0;0.0;1.0;0.0;0.0;0.0;0.0;0.0;0.0;0.0;1.0;0.0;0.0;0.0;0.0;0.0;0.0;0.0;1.0;1.0;0.0;0.0;0.0;1.0;1.0;0.0;0.0;0.0;0.0;0.0;0.0;0.0;0.0;0.0;0.0;0.0;0.0;0.0;0.0;0.0;0.0
2024-02-20;Southampton;16;1;1;68;838;Hull City;1;2;15;17;3;5;0.59;0.41;657;0.88;9;13;1;2;0;0;4;0.0;1.0;1.0;0.0;1.0;0.0;0.0;1.0;0.0;0.0;0.0;2;0.0241176470588235;0.1111111111111111;578;0.0155709342560553;979.6610169491526;0.2666666666666666;6.779661016949153;-2;0.18;2;-1;-4;0.0228310502283105;0.0666666666666666;0.59;4.0;0;1;1;0;0;1;0;1;0.0666666666666666;0.3333333333333333;0.0015220700152207;15.0;0.0;0.0;0.0;0.0;0.0;0.0;1.0;0.0;0.0;0.0;0.0;0.0;1.0;0.0;0.0;0.0;0.0;0.0;0.0;0.0;0.0;1.0;0.0;0.0;0.0;1.0;1.0;1.0;1.0;0.0;0.0;0.0;0.0;0.0;0.0;0.0;0.0;0.0;0.0;0.0;0.0;0.0;0.0;0.0;0.0
2024-02-16;Southampton;16;0;3;68;823;Albion;1;2;13;9;4;2;0.63;0.37;672;0.91;5;8;1;2;0;0;9;0.0;1.0;1.0;1.0;1.0;0.0;0.0;0.0;0.0;0.0;0.0;6;0.0411111111111111;0.2;612;0.0081699346405228;971.4285714285714;0.6923076923076923;14.285714285714286;4;0.26;3;-1;-3;0.019345238095238;0.1538461538461538;0.315;4.5;1;1;2;1;0;0;1;0;0.1538461538461538;0.5;0.0029761904761904;6.5;0.0;0.0;0.0;0.0;0.0;0.0;1.0;0.0;0.0;0.0;0.0;0.0;1.0;0.0;1.0;0.0;0.0;0.0;0.0;0.0;0.0;0.0;0.0;0.0;1.0;1.0;0.0;1.0;1.0;0.0;0.0;0.0;0.0;0.0;0.0;0.0;0.0;0.0;0.0;0.0;0.0;0.0;0.0;0.0;0.0
2024-02-13;Southampton;16;0;3;68;828;Bristol City;2;2;16;14;4;4;0.68;0.32;705;0.88;13;8;2;2;0;0;5;0.0;1.0;1.0;0.0;1.0;0.0;0.0;1.0;0.0;0.0;0.0;6;0.0228571428571428;0.1538461538461538;620;0.0209677419354838;911.7647058823528;0.3125;7.352941176470588;2;0.36;-1;0;5;0.0226950354609929;0.0625;0.68;5.0;0;1;1;0;0;1;1;0;0.0625;0.25;0.001418439716312;16.0;0.0;0.0;0.0;0.0;0.0;0.0;1.0;0.0;0.0;0.0;0.0;0.0;1.0;0.0;0.0;0.0;0.0;0.0;0.0;0.0;0.0;1.0;1.0;0.0;1.0;0.0;1.0;0.0;1.0;0.0;0.0;0.0;0.0;0.0;0.0;0.0;0.0;0.0;0.0;0.0;0.0;0.0;0.0;0.0;0.0
2024-02-10;Southampton;16;0;6;68;249;Huddersfield Town;2;3;15;17;7;6;0.71;0.29;701;0.88;11;11;2;3;0;0;6;0.0;1.0;1.0;0.0;1.0;1.0;0.0;1.0;0.0;0.0;0.0;6;0.0170588235294117;0.1818181818181818;617;0.0178282009724473;869.0140845070423;0.4;8.450704225352114;-2;0.42;0;-1;0;0.021398002853067;0.3333333333333333;0.142;1.2;0;5;5;1;0;0;0;1;0.3333333333333333;0.7142857142857143;0.007132667617689;3.0;0.0;0.0;0.0;0.0;0.0;0.0;1.0;0.0;0.0;0.0;0.0;0.0;1.0;0.0;1.0;0.0;0.0;0.0;0.0;0.0;0.0;0.0;0.0;1.0;0.0;0.0;0.0;1.0;1.0;0.0;0.0;0.0;0.0;0.0;0.0;0.0;0.0;0.0;0.0;0.0;0.0;0.0;0.0;0.0;0.0
2024-02-03;Southampton;16;0;9;68;256;Rotherham;2;0;10;8;7;2;0.74;0.26;697;0.89;10;8;2;0;0;0;10;0.0;1.0;1.0;0.0;1.0;1.0;0.0;1.0;0.0;0.0;0.0;3;0.0325;0.2;620;0.0161290322580645;837.8378378378378;1.0;13.513513513513514;2;0.48;7;2;2;0.0143472022955523;0.2;0.37;5.0;2;0;2;1;0;0;1;0;0.2;0.2857142857142857;0.0028694404591104;5.0;0.0;0.0;0.0;0.0;0.0;0.0;1.0;0.0;0.0;0.0;0.0;0.0;1.0;0.0;1.0;0.0;0.0;0.0;0.0;0.0;0.0;0.0;0.0;1.0;0.0;0.0;0.0;1.0;1.0;0.0;0.0;0.0;0.0;0.0;0.0;0.0;0.0;0.0;0.0;0.0;0.0;0.0;0.0;0.0;0.0
2024-01-28;Southampton;15;0;7;68;821;Watford;2;1;19;13;8;4;0.7;0.3;660;0.9;7;8;2;1;0;0;6;0.0;1.0;0.0;1.0;0.0;0.0;0.0;0.0;0.0;0.0;0.0;6;0.023076923076923;0.2857142857142857;594;0.0117845117845117;848.5714285714287;0.3157894736842105;8.571428571428571;6;0.3999999999999999;0;1;-1;0.0287878787878787;0.0526315789473684;0.7;6.0;0;1;1;0;1;0;1;0;0.0526315789473684;0.125;0.0015151515151515;19.0;0.0;0.0;0.0;1.0;0.0;0.0;0.0;0.0;0.0;0.0;0.0;0.0;0.0;1.0;0.0;0.0;0.0;0.0;0.0;0.0;0.0;0.0;0.0;1.0;1.0;1.0;1.0;0.0;0.0;1.0;1.0;1.0;0.0;0.0;0.0;0.0;0.0;0.0;0.0;0.0;0.0;0.0;0.0;0.0;0.0
2024-01-20;Southampton;16;0;20;68;827;Swansea;2;2;21;15;10;5;0.67;0.33;649;0.9;12;10;2;2;0;0;8;0.0;1.0;1.0;0.0;1.0;1.0;0.0;1.0;0.0;0.0;0.0;3;0.022;0.1666666666666666;584;0.0205479452054794;871.641791044776;0.3809523809523809;11.940298507462686;6;0.34;5;0;2;0.0323574730354391;0.1428571428571428;0.2233333333333333;2.6666666666666665;3;0;3;1;0;0;1;0;0.1428571428571428;0.3;0.0046224961479198;7.0;0.0;0.0;0.0;0.0;0.0;0.0;1.0;0.0;0.0;0.0;0.0;0.0;1.0;0.0;1.0;0.0;0.0;0.0;0.0;0.0;0.0;0.0;0.0;1.0;0.0;0.0;0.0;1.0;1.0;0.0;0.0;0.0;0.0;0.0;0.0;0.0;0.0;0.0;0.0;0.0;0.0;0.0;0.0;0.0;0.0
2024-01-13;Southampton;16;0;3;68;829;Sheffield Wednesday;3;3;15;6;7;4;0.71;0.29;672;0.91;9;12;3;3;0;0;14;0.0;1.0;1.0;0.0;1.0;1.0;0.0;1.0;0.0;0.0;0.0;3;0.0483333333333333;0.3333333333333333;612;0.0147058823529411;861.9718309859155;0.9333333333333332;19.71830985915493;9;0.42;11;0;-3;0.0223214285714285;0.2666666666666666;0.1775;3.5;1;3;4;1;0;0;0;1;0.2666666666666666;0.5714285714285714;0.0059523809523809;3.75;0.0;0.0;0.0;0.0;0.0;0.0;1.0;0.0;0.0;0.0;0.0;0.0;1.0;0.0;1.0;0.0;0.0;0.0;0.0;0.0;0.0;0.0;0.0;1.0;0.0;0.0;0.0;1.0;1.0;0.0;0.0;0.0;0.0;0.0;0.0;0.0;0.0;0.0;0.0;0.0;0.0;0.0;0.0;0.0;0.0
2024-01-01;Southampton;16;17;9;68;826;Norwich;0;5;21;7;4;2;0.75;0.25;782;0.91;8;8;0;5;0;0;12;0.0;1.0;1.0;1.0;1.0;1.0;0.0;1.0;0.0;0.0;0.0;1;0.0357142857142857;0.0;712;0.0112359550561797;949.3333333333334;0.5714285714285714;16.0;14;0.5;11;-5;0;0.0268542199488491;0.0476190476190476;0.75;12.0;0;1;1;0;1;0;1;0;0.0476190476190476;0.25;0.0012787723785166;21.0;0.0;0.0;1.0;0.0;0.0;0.0;0.0;0.0;0.0;0.0;0.0;0.0;1.0;0.0;0.0;0.0;0.0;0.0;0.0;0.0;0.0;1.0;0.0;0.0;0.0;0.0;0.0;1.0;1.0;0.0;0.0;0.0;0.0;0.0;0.0;0.0;0.0;0.0;0.0;0.0;0.0;0.0;0.0;0.0;0.0
2023-12-29;Southampton;16;20;9;68;836;Plymouth Argyle;3;2;26;8;7;1;0.78;0.22;752;0.92;8;8;3;2;0;0;9;0.0;1.0;1.0;0.0;1.0;0.0;0.0;1.0;0.0;0.0;0.0;3;0.0275;0.375;692;0.0115606936416184;887.1794871794872;0.3461538461538461;11.538461538461538;18;0.56;6;1;0;0.0345744680851063;0.0769230769230769;0.39;4.5;0;2;2;1;0;0;0;1;0.0769230769230769;0.2857142857142857;0.0026595744680851;13.0;0.0;0.0;0.0;0.0;0.0;0.0;1.0;0.0;0.0;0.0;0.0;0.0;1.0;0.0;0.0;0.0;0.0;0.0;0.0;0.0;0.0;1.0;0.0;1.0;1.0;0.0;0.0;0.0;1.0;0.0;0.0;1.0;0.0;0.0;0.0;0.0;0.0;0.0;0.0;0.0;0.0;0.0;0.0;0.0;0.0
2023-12-26;Southampton;16;20;3;68;827;Swansea;2;4;11;4;9;1;0.6;0.4;674;0.91;15;13;2;4;0;0;3;0.0;1.0;1.0;1.0;1.0;1.0;0.0;1.0;0.0;0.0;0.0;1;0.1;0.1333333333333333;613;0.0244698205546492;1021.6666666666669;0.2727272727272727;5.0;7;0.1999999999999999;2;-2;2;0.016320474777448;0.4545454545454545;0.12;0.6;1;4;5;1;0;0;0;1;0.4545454545454545;0.5555555555555556;0.0074183976261127;2.2;0.0;0.0;1.0;0.0;0.0;0.0;0.0;0.0;0.0;0.0;0.0;0.0;1.0;0.0;0.0;0.0;0.0;0.0;0.0;0.0;0.0;1.0;0.0;0.0;0.0;0.0;0.0;1.0;1.0;0.0;0.0;0.0;0.0;0.0;0.0;0.0;0.0;0.0;0.0;0.0;0.0;0.0;0.0;0.0;0.0
2023-12-16;Southampton;16;20;0;68;824;Blackburn Rovers;3;3;22;4;11;4;0.74;0.26;840;0.92;9;11;3;2;0;1;15;0.0;1.0;1.0;0.0;1.0;1.0;0.0;0.0;0.0;0.0;0.0;1;0.065;0.3333333333333333;773;0.0116429495472186;1044.5945945945946;0.6818181818181818;20.27027027027027;18;0.48;14;0;-2;0.0261904761904761;0.1818181818181818;0.185;3.75;1;3;4;1;0;0;0;1;0.1818181818181818;0.3636363636363636;0.0047619047619047;5.5;0.0;0.0;1.0;0.0;0.0;0.0;1.0;0.0;1.0;0.0;0.0;0.0;1.0;0.0;0.0;0.0;0.0;0.0;0.0;0.0;0.0;1.0;0.0;0.0;0.0;0.0;0.0;1.0;1.0;0.0;0.0;0.0;0.0;0.0;0.0;0.0;0.0;0.0;0.0;0.0;0.0;0.0;0.0;0.0;0.0
2023-12-13;Southampton;16;20;1;68;833;Coventry City;3;1;12;11;3;4;0.72;0.28;765;0.89;12;9;3;1;0;0;9;0.0;1.0;1.0;0.0;1.0;0.0;0.0;1.0;0.0;0.0;0.0;3;0.0254545454545454;0.25;681;0.0176211453744493;945.8333333333334;0.75;12.5;1;0.4399999999999999;6;2;3;0.0156862745098039;0.0833333333333333;0.72;9.0;0;1;1;0;1;0;1;0;0.0833333333333333;0.3333333333333333;0.0013071895424836;12.0;0.0;0.0;1.0;0.0;0.0;0.0;1.0;0.0;0.0;0.0;0.0;0.0;1.0;0.0;0.0;0.0;0.0;0.0;0.0;0.0;0.0;0.0;0.0;1.0;1.0;0.0;0.0;1.0;1.0;0.0;0.0;0.0;0.0;0.0;0.0;0.0;0.0;0.0;0.0;0.0;0.0;0.0;0.0;0.0;0.0
2023-12-09;Southampton;16;20;3;68;821;Watford;4;3;6;11;3;4;0.61;0.39;588;0.89;16;10;4;3;0;0;3;0.0;1.0;1.0;0.0;1.0;0.0;0.0;1.0;0.0;0.0;0.0;7;0.0354545454545454;0.25;523;0.0305927342256214;857.3770491803278;0.5;4.918032786885246;-5;0.2199999999999999;-4;1;6;0.010204081632653;0.1666666666666666;0.61;3.0;0;1;1;0;1;0;1;0;0.1666666666666666;0.3333333333333333;0.0017006802721088;6.0;0.0;0.0;1.0;0.0;0.0;0.0;0.0;0.0;0.0;0.0;0.0;0.0;1.0;0.0;0.0;0.0;0.0;0.0;0.0;0.0;0.0;0.0;0.0;1.0;1.0;0.0;0.0;1.0;1.0;0.0;0.0;1.0;0.0;0.0;0.0;0.0;0.0;0.0;0.0;0.0;0.0;0.0;0.0;0.0;0.0
2023-12-02;Southampton;16;20;3;68;837;Cardiff;1;2;18;10;6;3;0.64;0.36;719;0.91;6;9;1;2;0;0;7;0.0;1.0;1.0;0.0;1.0;1.0;0.0;1.0;0.0;0.0;0.0;3;0.036;0.1666666666666666;654;0.0091743119266055;1021.875;0.3888888888888889;10.9375;8;0.28;4;-1;-3;0.0250347705146036;0.1111111111111111;0.32;3.5;2;0;2;1;0;0;0;1;0.1111111111111111;0.3333333333333333;0.0027816411682892;9.0;0.0;0.0;0.0;0.0;0.0;0.0;0.0;0.0;0.0;0.0;0.0;0.0;1.0;0.0;0.0;0.0;0.0;0.0;0.0;0.0;0.0;0.0;0.0;1.0;1.0;0.0;0.0;1.0;1.0;0.0;0.0;1.0;0.0;0.0;0.0;0.0;0.0;0.0;0.0;0.0;0.0;0.0;0.0;0.0;0.0
2023-11-29;Southampton;16;20;17;68;828;Bristol City;3;1;14;8;5;1;0.67;0.33;707;0.91;11;14;3;1;0;0;6;0.0;1.0;1.0;0.0;1.0;1.0;0.0;1.0;0.0;1.0;0.0;3;0.04125;0.2727272727272727;643;0.0171073094867807;959.7014925373134;0.4285714285714285;8.955223880597014;6;0.34;3;2;-3;0.0198019801980198;0.0714285714285714;0.67;6.0;0;1;1;1;0;0;0;1;0.0714285714285714;0.2;0.0014144271570014;14.0;0.0;0.0;0.0;0.0;0.0;0.0;0.0;0.0;0.0;0.0;0.0;0.0;1.0;0.0;0.0;0.0;0.0;0.0;0.0;0.0;0.0;0.0;0.0;0.0;1.0;0.0;0.0;1.0;1.0;0.0;0.0;1.0;0.0;0.0;0.0;0.0;0.0;0.0;0.0;0.0;0.0;0.0;0.0;0.0;0.0
2023-11-25;Southampton;16;0;6;68;249;Huddersfield Town;1;4;16;10;4;2;0.78;0.22;875;0.92;11;5;1;4;0;0;7;0.0;1.0;1.0;0.0;1.0;1.0;0.0;0.0;0.0;1.0;0.0;2;0.022;0.0909090909090909;805;0.0136645962732919;1032.051282051282;0.4375;8.974358974358974;6;0.56;5;-3;6;0.0182857142857142;0.0625;0.78;7.0;1;0;1;0;1;0;1;0;0.0625;0.25;0.0011428571428571;16.0;0.0;0.0;0.0;0.0;0.0;0.0;1.0;0.0;1.0;0.0;0.0;0.0;1.0;0.0;1.0;0.0;0.0;0.0;0.0;0.0;0.0;0.0;0.0;0.0;0.0;0.0;0.0;1.0;1.0;0.0;0.0;0.0;0.0;0.0;0.0;0.0;0.0;0.0;0.0;0.0;0.0;0.0;0.0;0.0;0.0
2023-11-11;Southampton;16;1;1;68;823;Albion;3;0;10;14;3;2;0.53;0.47;457;0.85;7;10;3;0;0;0;3;0.0;1.0;0.0;0.0;1.0;1.0;0.0;0.0;0.0;1.0;0.0;10;0.0335714285714285;0.4285714285714285;388;0.018041237113402;732.0754716981131;0.3;5.660377358490566;-4;0.06;-7;3;-3;0.0218818380743982;0.2;0.265;1.5;1;1;2;1;0;0;0;1;0.2;0.6666666666666666;0.0043763676148796;5.0;0.0;0.0;0.0;0.0;0.0;0.0;1.0;0.0;1.0;0.0;0.0;0.0;1.0;0.0;0.0;0.0;0.0;0.0;0.0;0.0;0.0;0.0;0.0;0.0;0.0;0.0;0.0;1.0;1.0;1.0;0.0;1.0;0.0;0.0;0.0;0.0;0.0;0.0;0.0;0.0;0.0;0.0;0.0;0.0;0.0
2023-11-04;Southampton;16;0;1;68;825;Millwall;2;2;16;7;8;1;0.73;0.27;674;0.87;10;10;2;2;0;0;12;0.0;1.0;1.0;0.0;1.0;1.0;0.0;0.0;0.0;1.0;0.0;5;0.0385714285714285;0.2;586;0.0170648464163822;802.7397260273973;0.75;16.438356164383563;9;0.4599999999999999;7;0;0;0.0237388724035608;0.0625;0.73;12.0;0;1;1;1;0;0;1;0;0.0625;0.125;0.0014836795252225;16.0;0.0;0.0;0.0;0.0;0.0;0.0;1.0;0.0;1.0;0.0;0.0;0.0;1.0;0.0;0.0;0.0;0.0;0.0;0.0;0.0;0.0;0.0;0.0;0.0;0.0;0.0;0.0;1.0;1.0;0.0;0.0;1.0;0.0;0.0;0.0;0.0;0.0;0.0;0.0;0.0;0.0;0.0;0.0;0.0;0.0
2023-10-28;Southampton;16;0;3;68;243;Birmingham City;0;4;11;10;5;2;0.72;0.28;796;0.92;8;12;0;4;0;0;4;0.0;1.0;1.0;0.0;1.0;1.0;0.0;0.0;0.0;1.0;0.0;4;0.028;0.0;732;0.0109289617486338;1016.6666666666669;0.3636363636363636;5.555555555555555;1;0.4399999999999999;0;-4;-4;0.0138190954773869;0.2727272727272727;0.24;1.3333333333333333;2;1;3;1;0;0;0;1;0.2727272727272727;0.6;0.0037688442211055;3.6666666666666665;0.0;0.0;0.0;0.0;0.0;0.0;1.0;0.0;1.0;0.0;0.0;0.0;1.0;0.0;0.0;0.0;0.0;0.0;0.0;0.0;0.0;0.0;0.0;0.0;0.0;0.0;0.0;1.0;1.0;0.0;0.0;1.0;0.0;0.0;0.0;0.0;0.0;0.0;0.0;0.0;0.0;0.0;0.0;0.0;0.0
2023-10-25;Southampton;16;0;17;68;835;Preston;3;3;13;11;5;5;0.72;0.28;655;0.89;13;16;3;3;0;0;2;0.0;0.0;1.0;0.0;1.0;1.0;0.0;0.0;0.0;0.0;0.0;7;0.0254545454545454;0.2307692307692307;583;0.0222984562607204;809.7222222222223;0.1538461538461538;2.7777777777777777;2;0.4399999999999999;-5;0;-3;0.0198473282442748;0.1538461538461538;0.36;1.0;1;1;2;0;1;0;1;0;0.1538461538461538;0.4;0.0030534351145038;6.5;0.0;0.0;0.0;0.0;0.0;0.0;1.0;0.0;1.0;0.0;0.0;0.0;1.0;0.0;0.0;0.0;0.0;0.0;0.0;0.0;0.0;1.0;0.0;1.0;1.0;0.0;0.0;0.0;1.0;1.0;0.0;0.0;0.0;0.0;0.0;0.0;0.0;0.0;0.0;0.0;0.0;0.0;0.0;0.0;0.0
2023-10-21;Southampton;16;0;3;68;838;Hull City;3;5;18;13;5;3;0.57;0.43;559;0.88;14;13;3;5;0;0;9;0.0;1.0;1.0;0.0;1.0;1.0;0.0;1.0;0.0;1.0;0.0;7;0.033076923076923;0.2142857142857142;492;0.0284552845528455;863.1578947368422;0.5;15.789473684210527;5;0.1399999999999999;2;-2;1;0.0322003577817531;0.1111111111111111;0.285;4.5;1;1;2;1;0;0;1;0;0.1111111111111111;0.4;0.0035778175313059;9.0;0.0;0.0;0.0;0.0;0.0;0.0;1.0;0.0;0.0;0.0;0.0;0.0;1.0;0.0;0.0;0.0;0.0;0.0;0.0;0.0;0.0;0.0;0.0;0.0;0.0;0.0;0.0;1.0;1.0;0.0;0.0;1.0;0.0;0.0;0.0;0.0;0.0;0.0;0.0;0.0;0.0;0.0;0.0;0.0;0.0
2023-10-07;Southampton;16;0;5;68;256;Rotherham;2;6;22;4;10;2;0.8;0.2;800;0.92;8;13;2;6;0;0;12;0.0;1.0;1.0;0.0;1.0;1.0;0.0;1.0;0.0;1.0;0.0;4;0.05;0.25;736;0.0108695652173913;920.0;0.5454545454545454;15.0;18;0.6000000000000001;8;-4;-5;0.0275;0.0454545454545454;0.8;12.0;1;0;1;0;1;0;0;1;0.0454545454545454;0.1;0.00125;22.0;0.0;0.0;0.0;0.0;0.0;0.0;1.0;0.0;0.0;0.0;0.0;0.0;1.0;0.0;0.0;0.0;0.0;0.0;0.0;0.0;0.0;0.0;0.0;1.0;0.0;0.0;0.0;1.0;1.0;0.0;0.0;0.0;0.0;0.0;0.0;0.0;0.0;0.0;0.0;0.0;0.0;0.0;0.0;0.0;0.0
2023-10-03;Southampton;16;0;22;68;830;Stoke City;1;5;9;15;4;2;0.58;0.42;536;0.85;2;17;1;5;0;0;6;0.0;1.0;1.0;0.0;1.0;1.0;0.0;1.0;0.0;1.0;0.0;8;0.028;0.5;456;0.0043859649122807;786.2068965517242;0.6666666666666666;10.344827586206897;-6;0.1599999999999999;-2;-4;-15;0.0167910447761194;0.1111111111111111;0.58;6.0;1;0;1;1;0;0;1;0;0.1111111111111111;0.25;0.001865671641791;9.0;0.0;0.0;0.0;0.0;0.0;0.0;1.0;0.0;0.0;0.0;0.0;0.0;1.0;0.0;0.0;0.0;0.0;0.0;0.0;0.0;0.0;0.0;0.0;0.0;0.0;0.0;0.0;1.0;1.0;0.0;0.0;1.0;0.0;0.0;0.0;0.0;0.0;0.0;0.0;0.0;0.0;0.0;0.0;0.0;0.0
2023-09-30;Southampton;16;0;3;68;817;Leeds;4;1;10;15;5;5;0.47;0.53;442;0.84;14;13;4;1;0;0;5;0.0;1.0;1.0;0.0;1.0;1.0;0.0;1.0;0.0;1.0;0.0;6;0.0353333333333333;0.2857142857142857;371;0.0377358490566037;789.3617021276597;0.5;10.638297872340424;-5;-0.06;-1;3;1;0.0226244343891402;0.3;0.1566666666666666;1.6666666666666667;3;0;3;1;0;0;0;1;0.3;0.6;0.006787330316742;3.333333333333333;0.0;0.0;0.0;0.0;0.0;0.0;1.0;0.0;0.0;0.0;0.0;0.0;1.0;0.0;0.0;0.0;0.0;0.0;0.0;0.0;0.0;0.0;0.0;0.0;0.0;0.0;0.0;1.0;1.0;0.0;0.0;1.0;0.0;0.0;0.0;0.0;0.0;0.0;0.0;0.0;0.0;0.0;0.0;0.0;0.0
2023-09-23;Southampton;16;0;3;68;822;Middlesbrough;1;3;15;14;5;5;0.49;0.51;543;0.88;7;16;1;3;0;0;7;0.0;1.0;1.0;0.0;1.0;1.0;0.0;0.0;0.0;0.0;0.0;5;0.0364285714285714;0.1428571428571428;478;0.0146443514644351;975.5102040816328;0.4666666666666667;14.285714285714286;1;-0.02;2;-2;-9;0.0276243093922651;0.0666666666666666;0.49;7.0;1;0;1;0;0;1;1;0;0.0666666666666666;0.2;0.001841620626151;15.0;0.0;0.0;0.0;0.0;0.0;0.0;1.0;0.0;0.0;0.0;0.0;0.0;1.0;0.0;1.0;0.0;0.0;0.0;0.0;0.0;0.0;0.0;0.0;1.0;1.0;0.0;0.0;0.0;1.0;1.0;0.0;0.0;0.0;0.0;0.0;0.0;0.0;0.0;0.0;0.0;0.0;0.0;0.0;0.0;0.0
2023-09-19;Southampton;16;0;3;68;66;Ipswich;2;2;13;11;3;3;0.59;0.41;547;0.83;9;13;2;2;0;0;9;0.0;1.0;0.0;0.0;1.0;0.0;0.0;1.0;0.0;0.0;0.0;3;0.0372727272727272;0.2222222222222222;454;0.0198237885462555;769.4915254237288;0.6923076923076923;15.254237288135592;2;0.18;6;0;-4;0.0237659963436928;0.0;0.0;0.0;0;0;0;0;0;1;0;1;0.0;0.0;0.0;0.0;0.0;0.0;1.0;0.0;0.0;0.0;1.0;0.0;0.0;0.0;0.0;0.0;1.0;0.0;1.0;0.0;0.0;0.0;0.0;0.0;0.0;1.0;0.0;1.0;1.0;0.0;0.0;0.0;1.0;0.0;0.0;0.0;0.0;0.0;0.0;0.0;0.0;0.0;0.0;0.0;0.0;0.0;0.0;0.0;0.0
2023-09-15;Southampton;16;1;0;68;63;Leicester City;3;4;19;15;8;8;0.55;0.45;515;0.83;11;12;2;4;1;0;9;0.0;1.0;0.0;0.0;1.0;1.0;0.0;1.0;0.0;0.0;0.0;3;0.03;0.2727272727272727;427;0.0257611241217798;776.3636363636363;0.4736842105263157;16.363636363636363;4;0.1;6;-1;-1;0.0368932038834951;0.0526315789473684;0.55;9.0;1;0;1;0;0;1;0;1;0.0526315789473684;0.125;0.0019417475728155;19.0;0.0;0.0;0.0;0.0;0.0;0.0;1.0;0.0;0.0;0.0;0.0;0.0;1.0;0.0;1.0;0.0;0.0;0.0;0.0;0.0;0.0;1.0;0.0;1.0;1.0;0.0;0.0;0.0;1.0;0.0;0.0;0.0;0.0;0.0;0.0;0.0;0.0;0.0;0.0;0.0;0.0;0.0;0.0;0.0;0.0
2023-09-02;Southampton;16;0;3;68;820;Sunderland AFC;2;2;13;18;2;10;0.69;0.31;567;0.87;10;20;2;2;0;0;8;0.0;0.0;1.0;0.0;1.0;1.0;0.0;1.0;0.0;0.0;0.0;5;0.0172222222222222;0.2;493;0.0202839756592292;714.4927536231885;0.6153846153846154;11.594202898550726;-5;0.3799999999999999;3;0;-10;0.0229276895943562;0.0;0.0;0.0;0;0;0;0;0;1;1;0;0.0;0.0;0.0;0.0;0.0;0.0;0.0;0.0;0.0;0.0;1.0;0.0;0.0;0.0;0.0;0.0;1.0;0.0;0.0;0.0;0.0;0.0;0.0;0.0;0.0;1.0;0.0;0.0;0.0;1.0;0.0;1.0;1.0;1.0;0.0;0.0;0.0;0.0;0.0;0.0;0.0;0.0;0.0;0.0;0.0;0.0;0.0;0.0;0.0
2023-08-26;Southampton;16;0;9;68;839;QPR;4;3;7;11;3;5;0.75;0.25;786;0.92;8;14;4;3;0;0;4;0.0;0.0;1.0;1.0;1.0;0.0;0.0;1.0;0.0;0.0;0.0;3;0.0227272727272727;0.5;723;0.0110650069156293;964.0;0.5714285714285714;5.333333333333333;-4;0.5;1;1;-6;0.0089058524173027;0.2857142857142857;0.375;2.0;1;1;2;1;0;0;0;1;0.2857142857142857;0.6666666666666666;0.0025445292620865;3.5;0.0;0.0;0.0;0.0;0.0;0.0;0.0;0.0;0.0;0.0;0.0;0.0;1.0;0.0;0.0;0.0;0.0;0.0;0.0;0.0;1.0;1.0;0.0;0.0;1.0;0.0;0.0;1.0;1.0;0.0;0.0;1.0;0.0;0.0;0.0;0.0;0.0;0.0;0.0;0.0;0.0;0.0;0.0;0.0;0.0
2023-08-19;Southampton;16;0;0;68;836;Plymouth Argyle;4;2;19;15;9;2;0.62;0.38;546;0.88;15;11;4;2;0;0;10;0.0;0.0;1.0;1.0;1.0;0.0;0.0;1.0;0.0;0.0;0.0;5;0.0253333333333333;0.2666666666666666;480;0.03125;774.1935483870968;0.5263157894736842;16.129032258064516;4;0.24;5;2;4;0.0347985347985348;0.1052631578947368;0.31;5.0;0;2;2;1;0;0;1;0;0.1052631578947368;0.2222222222222222;0.0036630036630036;9.5;0.0;0.0;0.0;0.0;0.0;0.0;0.0;0.0;0.0;0.0;0.0;0.0;1.0;0.0;0.0;0.0;0.0;0.0;0.0;0.0;0.0;1.0;0.0;1.0;1.0;0.0;0.0;1.0;1.0;0.0;0.0;0.0;1.0;0.0;0.0;0.0;0.0;0.0;0.0;0.0;0.0;0.0;0.0;0.0;0.0
2023-08-12;Southampton;16;0;28;68;826;Norwich;7;4;31;15;11;6;0.7;0.3;709;0.89;12;13;7;4;0;0;12;0.0;0.0;1.0;1.0;1.0;0.0;0.0;1.0;0.0;0.0;0.0;4;0.02;0.5833333333333334;631;0.0190174326465927;901.4285714285714;0.3870967741935484;17.142857142857142;16;0.3999999999999999;8;3;-1;0.0437235543018335;0.1290322580645161;0.175;3.0;2;2;4;0;1;0;0;1;0.1290322580645161;0.3636363636363636;0.005641748942172;7.75;0.0;0.0;0.0;0.0;0.0;0.0;1.0;0.0;0.0;0.0;0.0;0.0;1.0;0.0;0.0;0.0;0.0;0.0;0.0;0.0;0.0;1.0;0.0;0.0;0.0;0.0;0.0;1.0;1.0;0.0;0.0;1.0;1.0;0.0;0.0;0.0;0.0;0.0;0.0;0.0;0.0;0.0;0.0;0.0;0.0
2023-08-08;Southampton;14;1;3;68;-1;Gillingham;3;5;20;9;4;4;0.73;0.27;669;0.9;10;15;3;5;0;0;2;0.0;0.0;0.0;0.0;0.0;0.0;0.0;0.0;0.0;0.0;0.0;6;0.03;0.3;602;0.0166112956810631;824.6575342465753;0.1;2.73972602739726;11;0.4599999999999999;-4;-2;-5;0.0298953662182361;0.05;0.73;2.0;0;1;1;0;0;1;1;0;0.05;0.25;0.0014947683109118;20.0;0.0;0.0;0.0;0.0;0.0;0.0;0.0;0.0;1.0;0.0;0.0;1.0;0.0;0.0;0.0;0.0;0.0;0.0;0.0;0.0;1.0;0.0;0.0;1.0;1.0;1.0;0.0;1.0;0.0;0.0;1.0;0.0;0.0;1.0;1.0;1.0;0.0;0.0;0.0;0.0;0.0;0.0;0.0;0.0;0.0
2023-08-04;Southampton;16;0;3;68;829;Sheffield Wednesday;4;4;23;8;7;1;0.8;0.2;987;0.94;10;12;4;4;0;0;6;0.0;0.0;1.0;1.0;1.0;0.0;0.0;1.0;0.0;0.0;0.0;3;0.025;0.4;928;0.0107758620689655;1160.0;0.2608695652173913;7.5;15;0.6000000000000001;3;0;-2;0.0233029381965552;0.0869565217391304;0.4;3.0;1;1;2;1;0;0;1;0;0.0869565217391304;0.2857142857142857;0.0020263424518743;11.5;0.0;0.0;0.0;0.0;0.0;0.0;1.0;0.0;0.0;0.0;0.0;0.0;1.0;0.0;0.0;0.0;0.0;0.0;0.0;0.0;0.0;1.0;0.0;0.0;0.0;0.0;0.0;0.0;1.0;0.0;0.0;1.0;1.0;0.0;0.0;0.0;1.0;0.0;0.0;0.0;0.0;0.0;0.0;0.0;0.0
2023-05-28;Southampton;3;3;0;68;2;Liverpool;0;2;15;30;10;8;0.31;0.69;272;0.73;4;10;0;2;0;0;2;0.0;0.0;1.0;0.0;1.0;0.0;0.0;0.0;0.0;1.0;0.0;9;0.023;0.0;199;0.0201005025125628;641.9354838709678;0.1333333333333333;6.451612903225807;-15;-0.3799999999999999;-7;-2;-6;0.0551470588235294;0.2666666666666666;0.0775;0.5;2;2;4;0;1;0;0;1;0.2666666666666666;0.4;0.0147058823529411;3.75;0.0;0.0;0.0;0.0;0.0;0.0;0.0;0.0;1.0;0.0;0.0;1.0;0.0;0.0;0.0;0.0;0.0;0.0;0.0;0.0;0.0;0.0;0.0;0.0;0.0;0.0;0.0;0.0;0.0;0.0;0.0;1.0;0.0;1.0;0.0;0.0;1.0;1.0;1.0;1.0;0.0;0.0;0.0;0.0;0.0
2023-05-21;Southampton;3;7;3;68;54;Brighton;5;2;5;26;1;8;0.37;0.63;368;0.79;9;8;5;2;0;0;3;0.0;0.0;1.0;0.0;1.0;0.0;0.0;0.0;0.0;0.0;0.0;4;0.0242307692307692;0.5555555555555556;291;0.0309278350515463;786.4864864864865;0.6;8.108108108108109;-21;-0.26;-1;3;1;0.0135869565217391;0.2;0.37;3.0;0;1;1;0;0;1;1;0;0.2;1.0;0.0027173913043478;5.0;0.0;0.0;1.0;0.0;0.0;0.0;0.0;0.0;1.0;0.0;0.0;1.0;0.0;0.0;0.0;0.0;0.0;0.0;0.0;0.0;0.0;0.0;0.0;0.0;0.0;0.0;0.0;0.0;0.0;0.0;0.0;1.0;0.0;1.0;0.0;0.0;1.0;1.0;1.0;1.0;0.0;0.0;0.0;0.0;0.0
2023-05-13;Southampton;3;3;3;68;58;Fulham;2;0;5;9;1;4;0.35;0.65;349;0.77;17;12;2;0;0;0;1;0.0;0.0;1.0;0.0;1.0;0.0;0.0;0.0;0.0;0.0;0.0;8;0.0722222222222222;0.1176470588235294;269;0.0631970260223048;768.5714285714287;0.2;2.857142857142857;-4;-0.3;-7;2;5;0.0143266475644699;0.0;0.0;0.0;0;0;0;0;0;1;0;1;0.0;0.0;0.0;0.0;1.0;0.0;0.0;0.0;0.0;0.0;0.0;0.0;0.0;0.0;0.0;1.0;0.0;0.0;0.0;0.0;0.0;0.0;0.0;0.0;0.0;0.0;0.0;0.0;0.0;0.0;0.0;1.0;0.0;0.0;0.0;1.0;0.0;1.0;0.0;0.0;1.0;1.0;1.0;0.0;1.0;0.0;0.0;0.0;0.0
2023-05-08;Southampton;3;3;0;68;55;Nottingham Forest;0;1;19;9;5;4;0.65;0.35;537;0.83;10;16;0;1;0;0;11;0.0;0.0;1.0;0.0;1.0;0.0;0.0;0.0;0.0;0.0;0.0;2;0.0388888888888888;0.0;446;0.0224215246636771;686.1538461538461;0.5789473684210527;16.923076923076923;10;0.3;9;-1;-6;0.0353817504655493;0.1578947368421052;0.2166666666666666;3.6666666666666665;1;2;3;0;0;1;1;0;0.1578947368421052;0.6;0.0055865921787709;6.333333333333333;0.0;0.0;0.0;0.0;1.0;0.0;0.0;0.0;0.0;0.0;0.0;1.0;0.0;0.0;0.0;0.0;0.0;0.0;0.0;0.0;0.0;0.0;0.0;1.0;0.0;0.0;0.0;1.0;0.0;0.0;0.0;1.0;0.0;0.0;0.0;0.0;1.0;1.0;1.0;0.0;1.0;0.0;0.0;0.0;0.0
2023-04-30;Southampton;3;1;0;68;60;Newcastle;4;1;4;22;3;5;0.36;0.64;298;0.69;10;7;4;1;0;0;2;0.0;0.0;1.0;0.0;1.0;0.0;0.0;0.0;0.0;1.0;0.0;11;0.029090909090909;0.4;206;0.0485436893203883;572.2222222222223;0.5;5.555555555555555;-18;-0.28;-9;3;3;0.0134228187919463;0.25;0.36;2.0;1;0;1;0;0;1;1;0;0.25;0.3333333333333333;0.0033557046979865;4.0;0.0;0.0;0.0;0.0;1.0;0.0;0.0;0.0;0.0;0.0;0.0;1.0;0.0;0.0;0.0;0.0;0.0;0.0;0.0;0.0;0.0;0.0;0.0;0.0;0.0;0.0;0.0;1.0;0.0;0.0;0.0;1.0;0.0;1.0;0.0;1.0;1.0;1.0;0.0;0.0;0.0;0.0;0.0;0.0;0.0
2023-04-27;Southampton;3;1;17;68;59;Bournemouth;0;3;11;16;2;2;0.57;0.43;501;0.82;9;11;0;3;0;0;6;0.0;0.0;1.0;0.0;1.0;0.0;0.0;0.0;0.0;0.0;0.0;4;0.026875;0.0;411;0.0218978102189781;721.0526315789474;0.5454545454545454;10.526315789473683;-5;0.1399999999999999;2;-3;-2;0.0219560878243512;0.0;0.0;0.0;0;0;0;0;0;1;0;1;0.0;0.0;0.0;0.0;0.0;0.0;0.0;0.0;0.0;0.0;0.0;0.0;0.0;0.0;0.0;1.0;1.0;0.0;0.0;0.0;0.0;0.0;0.0;0.0;0.0;0.0;0.0;0.0;0.0;0.0;0.0;0.0;0.0;0.0;0.0;1.0;0.0;0.0;1.0;0.0;1.0;1.0;1.0;1.0;0.0;1.0;0.0;0.0;0.0
2023-04-21;Southampton;3;1;0;68;9;Arsenal;5;1;8;25;6;6;0.25;0.75;237;0.64;14;10;5;1;0;0;2;0.0;0.0;1.0;0.0;1.0;0.0;0.0;0.0;0.0;0.0;0.0;7;0.03;0.3571428571428571;152;0.0921052631578947;608.0;0.25;8.0;-17;-0.5;-5;4;4;0.0337552742616033;0.375;0.0833333333333333;0.6666666666666666;2;1;3;0;1;0;1;0;0.375;0.5;0.0126582278481012;2.6666666666666665;0.0;0.0;0.0;0.0;1.0;0.0;0.0;0.0;0.0;0.0;0.0;0.0;1.0;0.0;0.0;0.0;0.0;0.0;0.0;0.0;0.0;0.0;0.0;0.0;0.0;0.0;0.0;0.0;1.0;0.0;0.0;1.0;0.0;0.0;1.0;0.0;1.0;1.0;1.0;1.0;0.0;0.0;0.0;0.0;0.0
2023-04-15;Southampton;3;1;0;68;65;Crystal Palace;3;1;11;10;4;2;0.59;0.41;499;0.84;6;13;3;1;0;0;6;0.0;0.0;1.0;0.0;1.0;0.0;0.0;0.0;0.0;1.0;0.0;2;0.0409999999999999;0.5;419;0.0143198090692124;710.1694915254237;0.5454545454545454;10.16949152542373;1;0.18;4;2;-7;0.0220440881763527;0.0;0.0;0.0;0;0;0;0;0;1;0;1;0.0;0.0;0.0;0.0;0.0;0.0;1.0;0.0;1.0;0.0;0.0;0.0;0.0;0.0;0.0;0.0;0.0;0.0;0.0;0.0;0.0;0.0;0.0;0.0;0.0;0.0;0.0;0.0;0.0;0.0;0.0;0.0;1.0;0.0;0.0;1.0;0.0;0.0;0.0;0.0;1.0;1.0;1.0;0.0;1.0;0.0;0.0;0.0;0.0
2023-04-08;Southampton;3;1;31;68;3;Manchester City;0;2;4;13;1;8;0.27;0.73;271;0.75;6;10;0;2;0;0;0;0.0;0.0;1.0;0.0;1.0;0.0;0.0;0.0;0.0;1.0;0.0;10;0.0561538461538461;0.0;203;0.0295566502463054;751.8518518518518;0.0;0.0;-9;-0.4599999999999999;-10;-2;-4;0.014760147601476;0.25;0.27;0.0;0;1;1;0;0;1;0;1;0.25;1.0;0.003690036900369;4.0;0.0;0.0;0.0;0.0;1.0;0.0;0.0;0.0;0.0;0.0;0.0;0.0;0.0;0.0;0.0;0.0;0.0;0.0;0.0;0.0;0.0;0.0;0.0;0.0;0.0;0.0;0.0;0.0;1.0;0.0;0.0;1.0;0.0;0.0;0.0;0.0;1.0;1.0;1.0;1.0;1.0;0.0;0.0;0.0;0.0
2023-04-02;Southampton;3;1;0;68;61;West Ham;2;0;9;12;3;2;0.57;0.43;544;0.83;11;10;2;0;0;0;3;0.0;0.0;1.0;0.0;1.0;0.0;0.0;0.0;0.0;0.0;0.0;5;0.0358333333333333;0.1818181818181818;452;0.0243362831858407;792.9824561403509;0.3333333333333333;5.2631578947368425;-3;0.1399999999999999;-2;2;1;0.0165441176470588;0.0;0.0;0.0;0;0;0;0;0;1;1;0;0.0;0.0;0.0;0.0;0.0;0.0;0.0;0.0;0.0;0.0;0.0;0.0;0.0;0.0;0.0;0.0;0.0;0.0;0.0;0.0;0.0;0.0;0.0;0.0;0.0;0.0;0.0;0.0;0.0;1.0;0.0;1.0;1.0;0.0;0.0;0.0;0.0;0.0;1.0;0.0;1.0;1.0;1.0;1.0;0.0;1.0;0.0;0.0;0.0
2023-03-18;Southampton;3;1;17;68;56;Tottenham;1;1;19;17;7;3;0.51;0.49;457;0.84;13;8;1;1;0;0;10;0.0;0.0;1.0;0.0;1.0;0.0;0.0;0.0;0.0;0.0;0.0;3;0.0288235294117647;0.0769230769230769;384;0.0338541666666666;752.9411764705882;0.5263157894736842;19.607843137254903;2;0.02;7;0;5;0.0415754923413566;0.1578947368421052;0.17;3.333333333333333;0;3;3;0;1;0;0;1;0.1578947368421052;0.4285714285714285;0.0065645514223194;6.333333333333333;0.0;0.0;0.0;0.0;1.0;0.0;0.0;0.0;0.0;0.0;0.0;0.0;0.0;0.0;0.0;0.0;0.0;0.0;0.0;0.0;0.0;0.0;0.0;1.0;0.0;0.0;0.0;1.0;1.0;0.0;0.0;0.0;0.0;0.0;1.0;0.0;1.0;1.0;1.0;1.0;0.0;0.0;0.0;0.0;0.0
2023-03-15;Southampton;3;3;0;68;57;Brentford;1;2;7;11;1;5;0.67;0.33;563;0.82;14;10;1;2;0;0;3;0.0;0.0;1.0;0.0;1.0;0.0;0.0;0.0;0.0;1.0;0.0;3;0.03;0.0714285714285714;462;0.0303030303030303;689.5522388059701;0.4285714285714285;4.477611940298507;-4;0.34;0;-1;4;0.0124333925399644;0.0;0.0;0.0;0;0;0;0;0;1;0;1;0.0;0.0;0.0;0.0;0.0;0.0;0.0;0.0;1.0;0.0;0.0;0.0;0.0;0.0;0.0;0.0;0.0;0.0;0.0;0.0;0.0;0.0;0.0;0.0;0.0;0.0;0.0;1.0;0.0;0.0;0.0;0.0;1.0;0.0;0.0;1.0;0.0;0.0;1.0;0.0;1.0;0.0;0.0;1.0;0.0;0.0;1.0;0.0;0.0
2023-03-12;Southampton;3;3;7;68;62;Manchester United;0;3;17;10;4;4;0.54;0.46;444;0.84;9;12;0;2;0;1;8;0.0;0.0;1.0;0.0;1.0;0.0;0.0;0.0;0.0;1.0;0.0;7;0.046;0.0;373;0.0241286863270777;690.7407407407406;0.4705882352941176;14.814814814814811;7;0.08;1;-3;-3;0.0382882882882882;0.0;0.0;0.0;0;0;0;0;1;0;1;0;0.0;0.0;0.0;0.0;0.0;0.0;0.0;0.0;1.0;0.0;0.0;0.0;0.0;0.0;0.0;0.0;0.0;0.0;0.0;0.0;0.0;0.0;0.0;0.0;0.0;0.0;0.0;1.0;0.0;0.0;0.0;0.0;1.0;0.0;0.0;1.0;0.0;0.0;1.0;0.0;1.0;1.0;1.0;0.0;0.0;0.0;0.0;0.0;0.0
2023-03-04;Southampton;3;3;3;68;63;Leicester City;4;2;11;11;5;0;0.34;0.66;330;0.68;12;11;4;2;0;0;3;0.0;0.0;1.0;0.0;1.0;0.0;0.0;0.0;0.0;1.0;0.0;4;0.06;0.3333333333333333;224;0.0535714285714285;658.8235294117646;0.2727272727272727;8.823529411764705;0;-0.32;-1;2;1;0.0333333333333333;0.0909090909090909;0.34;3.0;1;0;1;1;0;0;0;1;0.0909090909090909;0.2;0.003030303030303;11.0;0.0;0.0;0.0;0.0;1.0;0.0;0.0;0.0;0.0;0.0;0.0;0.0;0.0;0.0;0.0;0.0;0.0;0.0;0.0;0.0;0.0;0.0;0.0;1.0;0.0;0.0;0.0;0.0;1.0;0.0;0.0;1.0;0.0;0.0;0.0;0.0;1.0;1.0;1.0;0.0;1.0;0.0;0.0;0.0;0.0
2023-03-01;Southampton;15;1;6;68;-1;Grimsby Town;1;1;22;4;3;3;0.76;0.24;597;0.85;9;13;1;1;0;0;10;0.0;0.0;0.0;0.0;1.0;0.0;0.0;0.0;0.0;0.0;0.0;0;0.06;0.1111111111111111;507;0.0177514792899408;667.1052631578947;0.4545454545454545;13.157894736842104;18;0.52;10;0;-4;0.0368509212730318;0.0454545454545454;0.76;10.0;0;1;1;0;0;1;0;1;0.0454545454545454;0.3333333333333333;0.0016750418760469;22.0;0.0;0.0;0.0;0.0;0.0;0.0;0.0;0.0;0.0;0.0;0.0;1.0;1.0;0.0;0.0;0.0;0.0;0.0;0.0;0.0;0.0;0.0;0.0;0.0;0.0;1.0;0.0;0.0;0.0;0.0;0.0;1.0;0.0;1.0;1.0;1.0;0.0;1.0;0.0;0.0;0.0;1.0;0.0;1.0;0.0
2023-02-25;Southampton;3;1;3;68;817;Leeds;4;2;8;14;2;4;0.39;0.61;345;0.77;13;15;4;2;0;0;2;0.0;0.0;1.0;0.0;0.0;0.0;0.0;0.0;0.0;1.0;0.0;9;0.0435714285714285;0.3076923076923077;266;0.0488721804511278;682.051282051282;0.25;5.128205128205128;-6;-0.2199999999999999;-7;2;-2;0.0231884057971014;0.0;0.0;0.0;0;0;0;0;0;1;1;0;0.0;0.0;0.0;0.0;1.0;0.0;0.0;0.0;1.0;0.0;0.0;0.0;0.0;0.0;0.0;0.0;0.0;0.0;0.0;0.0;0.0;0.0;0.0;0.0;0.0;0.0;0.0;0.0;0.0;0.0;0.0;1.0;1.0;0.0;0.0;0.0;0.0;0.0;1.0;0.0;1.0;1.0;0.0;1.0;1.0;0.0;0.0;0.0;0.0
2023-02-18;Southampton;3;1;3;68;53;Chelsea;6;3;8;17;5;5;0.38;0.62;320;0.75;25;16;6;3;0;0;2;0.0;0.0;1.0;0.0;0.0;0.0;0.0;0.0;0.0;1.0;0.0;8;0.0364705882352941;0.24;240;0.1041666666666666;631.578947368421;0.25;5.2631578947368425;-9;-0.24;-6;3;9;0.025;0.125;0.38;2.0;1;0;1;1;0;0;1;0;0.125;0.2;0.003125;8.0;1.0;0.0;0.0;0.0;1.0;0.0;0.0;0.0;0.0;0.0;0.0;0.0;0.0;0.0;0.0;0.0;0.0;0.0;0.0;0.0;0.0;0.0;0.0;0.0;0.0;0.0;0.0;1.0;1.0;0.0;0.0;0.0;0.0;0.0;1.0;0.0;1.0;1.0;0.0;1.0;1.0;0.0;0.0;0.0;0.0
2023-02-11;Southampton;3;4;3;68;67;Wolves;2;4;17;11;2;2;0.4;0.6;329;0.7;12;14;2;3;0;1;5;0.0;0.0;1.0;0.0;0.0;0.0;0.0;0.0;0.0;1.0;0.0;2;0.0545454545454545;0.1666666666666666;230;0.0521739130434782;575.0;0.2941176470588235;12.5;6;-0.1999999999999999;3;-2;-2;0.0516717325227963;0.0588235294117647;0.4;5.0;1;0;1;0;0;1;0;1;0.0588235294117647;0.5;0.0030395136778115;17.0;1.0;0.0;0.0;0.0;0.0;0.0;0.0;0.0;1.0;0.0;0.0;0.0;0.0;0.0;0.0;0.0;0.0;0.0;0.0;0.0;0.0;0.0;0.0;0.0;0.0;0.0;0.0;0.0;1.0;0.0;0.0;1.0;0.0;0.0;1.0;0.0;1.0;1.0;0.0;0.0;1.0;0.0;0.0;0.0;1.0
