Fecha;Equipo_name;Torneo;Alineacion;Alineacion_contrincante;equipo;equipo_contrincante;equipo_contrincante_name;tarjetas;tarjetas_contrincante;Remates;Remates_contrincante;Remates al arco;Remates al arco_contrincante;Posesión;Posesión_contrincante;Pases;Precisión de los pases;Faltas;Faltas_contrincante;Tarjetas amarillas;Tarjetas amarillas_contrincante;Tarjetas rojas;Tarjetas rojas_contrincante;Tiros de esquina;Alexander Nübel-Stuttgart;Pascal Stenzel-Stuttgart;Finn Jeltsch-Stuttgart;Jeff Chabot-Stuttgart;Maximilian Mittelstädt-Stuttgart;Atakan Karazor-Stuttgart;Angelo Stiller-Stuttgart;Jamie Leweling-Stuttgart;Deniz Undav-Stuttgart;Chris Führich-Stuttgart;Nick Woltemade-Stuttgart;Tiros de esquina_concedidos;Posesión_contra_por_remate;tarjetas_por_falta;pases_completados;faltas_por_pases;pases_por_posesion;tirosEsquina_por_remate;tirosEsquina_por_posesion;diff_remates;diff_posesion;diff_Tiros de esquina;diff_tarjetas;diff_faltas;remates_por_pase;posesion_por_remate;posesion_por_gol;tirosEsquina_por_gol;goles_primera_mitad;goles_segunda_mitad;goles_totales;gano;empato;perdio;visitante;local;conversion_goles;conversion_arco;goles_por_pase;remates_al_arco_por_gol;Leonidas Stergiou-Stuttgart;Fabian Rieder-Stuttgart;Ermedin Demirovic-Stuttgart;Enzo Millot-Stuttgart;Luca Jaquez-Stuttgart;Ramon Hendriks-Stuttgart;Yannik Keitel-Stuttgart;Ameen Al-Dakhil-Stuttgart;Josha Vagnoman-Stuttgart;Jacob Bruun Larsen-Stuttgart;Anthony Rouault-Stuttgart;Fabian Bredlow-Stuttgart;Anrie Chase-Stuttgart;El Bilal Touré-Stuttgart;Frans Krätzig-Stuttgart;Waldemar Anton-Stuttgart;Hiroki Itō-Stuttgart;Serhou Guirassy-Stuttgart;Mahmoud Dahoud-Stuttgart;Jeong Woo-yeong-Stuttgart;Dan-Axel Zagadou-Stuttgart;Silas-Stuttgart;Lilian Egloff-Stuttgart;Wataru Endō-Stuttgart;Florian Müller-Stuttgart;Konstantinos Mavropanos-Stuttgart;Borna Sosa-Stuttgart;Nikolas Nartey-Stuttgart;Tiago Tomás-Stuttgart;Genki Haraguchi-Stuttgart;Luca Pfeiffer-Stuttgart;Juan José Perea-Stuttgart;Gil Dias-Stuttgart;Thomas Kastanaras-Stuttgart;Naouirou Ahamada-Stuttgart
2025-05-11;Stuttgart;9;3;17;18;173;Augsburgo;1;2;29;7;11;0;0.72;0.28;661;0.91;9;7;1;1;0;1;11;1.0;1.0;1.0;1.0;1.0;1.0;1.0;1.0;1.0;1.0;1.0;2;0.04;0.1111111111111111;602;0.0149501661129568;836.1111111111111;0.3793103448275862;15.27777777777778;22;0.4399999999999999;9;-1;2;0.0438729198184568;0.1379310344827586;0.18;2.75;1;3;4;1;0;0;0;1;0.1379310344827586;0.3636363636363636;0.0060514372163388;7.25;0.0;0.0;0.0;0.0;0.0;0.0;0.0;0.0;0.0;0.0;0.0;0.0;0.0;0.0;0.0;0.0;0.0;0.0;0.0;0.0;0.0;0.0;0.0;0.0;0.0;0.0;0.0;0.0;0.0;0.0;0.0;0.0;0.0;0.0;0.0
2025-05-03;Stuttgart;9;3;6;18;176;St. Pauli;3;4;21;6;8;1;0.7;0.3;628;0.88;12;17;3;2;0;2;4;1.0;1.0;1.0;1.0;1.0;1.0;1.0;1.0;1.0;1.0;1.0;4;0.0499999999999999;0.25;553;0.0216998191681736;790.0;0.1904761904761904;5.714285714285714;15;0.3999999999999999;0;-1;-5;0.0334394904458598;0.0476190476190476;0.7;4.0;0;1;1;1;0;0;1;0;0.0476190476190476;0.125;0.001592356687898;21.0;0.0;0.0;0.0;0.0;0.0;0.0;0.0;0.0;0.0;0.0;0.0;0.0;0.0;0.0;0.0;0.0;0.0;0.0;0.0;0.0;0.0;0.0;0.0;0.0;0.0;0.0;0.0;0.0;0.0;0.0;0.0;0.0;0.0;0.0;0.0
2025-04-25;Stuttgart;9;3;4;18;142;Heidenheim;0;4;19;6;3;2;0.7;0.3;711;0.9;14;16;0;4;0;0;6;1.0;0.0;1.0;1.0;1.0;1.0;1.0;0.0;1.0;1.0;0.0;5;0.0499999999999999;0.0;640;0.021875;914.2857142857144;0.3157894736842105;8.571428571428571;13;0.3999999999999999;1;-4;-2;0.0267229254571026;0.0;0.0;0.0;0;0;0;0;0;1;0;1;0.0;0.0;0.0;0.0;1.0;1.0;1.0;0.0;0.0;0.0;0.0;0.0;0.0;0.0;0.0;0.0;0.0;0.0;0.0;0.0;0.0;0.0;0.0;0.0;0.0;0.0;0.0;0.0;0.0;0.0;0.0;0.0;0.0;0.0;0.0;0.0;0.0;0.0;0.0
2025-04-19;Stuttgart;9;3;2;18;169;FC Union Berlin;2;0;12;12;6;5;0.78;0.22;821;0.92;9;8;2;0;0;0;5;1.0;0.0;1.0;1.0;1.0;1.0;1.0;0.0;1.0;1.0;0.0;3;0.0183333333333333;0.2222222222222222;755;0.0119205298013245;967.948717948718;0.4166666666666667;6.41025641025641;0;0.56;2;2;1;0.0146163215590742;0.3333333333333333;0.195;1.25;4;0;4;0;1;0;1;0;0.3333333333333333;0.6666666666666666;0.0048721071863581;3.0;1.0;0.0;1.0;1.0;0.0;0.0;0.0;0.0;0.0;0.0;0.0;0.0;0.0;0.0;0.0;0.0;0.0;0.0;0.0;0.0;0.0;0.0;0.0;0.0;0.0;0.0;0.0;0.0;0.0;0.0;0.0;0.0;0.0;0.0;0.0
2025-04-13;Stuttgart;9;3;2;18;171;Werder Bremen;2;2;12;14;4;5;0.47;0.53;482;0.79;12;13;1;2;1;0;3;1.0;0.0;1.0;1.0;1.0;1.0;1.0;1.0;0.0;1.0;1.0;4;0.0378571428571428;0.1666666666666666;381;0.0314960629921259;810.6382978723404;0.25;6.382978723404256;-2;-0.06;-1;0;-1;0.0248962655601659;0.0833333333333333;0.47;3.0;1;0;1;0;0;1;0;1;0.0833333333333333;0.25;0.0020746887966804;12.0;1.0;0.0;1.0;0.0;0.0;0.0;0.0;0.0;0.0;0.0;0.0;0.0;0.0;0.0;0.0;0.0;0.0;0.0;0.0;0.0;0.0;0.0;0.0;0.0;0.0;0.0;0.0;0.0;0.0;0.0;0.0;0.0;0.0;0.0;0.0
2025-04-05;Stuttgart;9;1;2;18;178;Bochum;1;1;14;11;6;2;0.45;0.55;409;0.8;13;17;1;1;0;0;4;1.0;0.0;0.0;1.0;0.0;1.0;0.0;0.0;0.0;1.0;1.0;2;0.05;0.0769230769230769;327;0.0397553516819571;726.6666666666666;0.2857142857142857;8.88888888888889;3;-0.1;2;0;-4;0.0342298288508557;0.2857142857142857;0.1125;1.0;2;2;4;1;0;0;1;0;0.2857142857142857;0.6666666666666666;0.0097799511002444;3.5;1.0;1.0;1.0;0.0;1.0;1.0;1.0;0.0;0.0;0.0;0.0;0.0;0.0;0.0;0.0;0.0;0.0;0.0;0.0;0.0;0.0;0.0;0.0;0.0;0.0;0.0;0.0;0.0;0.0;0.0;0.0;0.0;0.0;0.0;0.0
2025-04-02;Stuttgart;23;4;1;18;31;RB Leipzig;0;3;9;25;6;5;0.32;0.68;269;0.66;8;14;0;3;0;0;5;1.0;0.0;1.0;1.0;1.0;1.0;1.0;1.0;0.0;0.0;1.0;5;0.0272;0.0;178;0.0449438202247191;556.25;0.5555555555555556;15.625;-16;-0.36;0;-3;-6;0.0334572490706319;0.3333333333333333;0.1066666666666666;1.6666666666666667;1;2;3;1;0;0;0;1;0.3333333333333333;0.5;0.0111524163568773;3.0;0.0;0.0;1.0;1.0;0.0;0.0;0.0;1.0;0.0;0.0;0.0;0.0;0.0;0.0;0.0;0.0;0.0;0.0;0.0;0.0;0.0;0.0;0.0;0.0;0.0;0.0;0.0;0.0;0.0;0.0;0.0;0.0;0.0;0.0;0.0
2025-03-29;Stuttgart;9;3;3;18;87;Frankfurt;4;1;8;19;2;6;0.54;0.46;429;0.82;6;9;3;1;1;0;10;1.0;0.0;1.0;1.0;1.0;1.0;1.0;1.0;0.0;1.0;0.0;6;0.0242105263157894;0.6666666666666666;352;0.0170454545454545;651.8518518518518;1.25;18.51851851851852;-11;0.08;4;3;-3;0.0186480186480186;0.0;0.0;0.0;0;0;0;0;0;1;1;0;0.0;0.0;0.0;0.0;0.0;0.0;1.0;1.0;0.0;0.0;0.0;1.0;0.0;0.0;0.0;0.0;0.0;0.0;0.0;0.0;0.0;0.0;0.0;0.0;0.0;0.0;0.0;0.0;0.0;0.0;0.0;0.0;0.0;0.0;0.0;0.0;0.0;0.0;0.0
2025-03-16;Stuttgart;9;1;8;18;6;Leverkusen;3;2;11;16;6;4;0.43;0.57;352;0.76;13;14;3;2;0;0;1;1.0;0.0;1.0;0.0;1.0;1.0;1.0;1.0;0.0;0.0;1.0;10;0.035625;0.2307692307692307;268;0.0485074626865671;623.2558139534884;0.0909090909090909;2.3255813953488373;-5;-0.1399999999999999;-9;1;-1;0.03125;0.2727272727272727;0.1433333333333333;0.3333333333333333;1;2;3;0;0;1;0;1;0.2727272727272727;0.5;0.0085227272727272;3.6666666666666665;0.0;0.0;1.0;1.0;0.0;1.0;0.0;1.0;0.0;0.0;0.0;0.0;0.0;0.0;0.0;0.0;0.0;0.0;0.0;0.0;0.0;0.0;0.0;0.0;0.0;0.0;0.0;0.0;0.0;0.0;0.0;0.0;0.0;0.0;0.0
2025-03-08;Stuttgart;9;1;17;18;177;KSV Holstein;3;1;6;17;2;5;0.47;0.53;451;0.82;9;8;2;1;1;0;1;1.0;0.0;0.0;0.0;1.0;1.0;1.0;1.0;1.0;1.0;1.0;3;0.0311764705882352;0.3333333333333333;370;0.0243243243243243;787.2340425531916;0.1666666666666666;2.127659574468085;-11;-0.06;-2;2;1;0.0133037694013303;0.3333333333333333;0.235;0.5;1;1;2;0;1;0;1;0;0.3333333333333333;1.0;0.0044345898004434;3.0;1.0;0.0;0.0;1.0;0.0;1.0;0.0;0.0;0.0;0.0;0.0;0.0;0.0;0.0;0.0;0.0;0.0;0.0;0.0;0.0;0.0;0.0;0.0;0.0;0.0;0.0;0.0;0.0;0.0;0.0;0.0;0.0;0.0;0.0;0.0
2025-02-28;Stuttgart;9;13;3;18;23;Bayern;5;3;12;17;3;8;0.53;0.47;472;0.83;12;13;5;3;0;0;4;1.0;0.0;1.0;1.0;1.0;1.0;1.0;1.0;1.0;1.0;1.0;6;0.0276470588235294;0.4166666666666667;392;0.0306122448979591;739.622641509434;0.3333333333333333;7.547169811320754;-5;0.06;-2;2;-1;0.0254237288135593;0.0833333333333333;0.53;4.0;1;0;1;0;0;1;0;1;0.0833333333333333;0.3333333333333333;0.0021186440677966;12.0;0.0;0.0;0.0;0.0;0.0;0.0;0.0;0.0;1.0;0.0;0.0;0.0;0.0;0.0;0.0;0.0;0.0;0.0;0.0;0.0;0.0;0.0;0.0;0.0;0.0;0.0;0.0;0.0;0.0;0.0;0.0;0.0;0.0;0.0;0.0
2025-02-23;Stuttgart;9;13;4;18;97;Hoffenheim;0;0;14;9;7;2;0.56;0.44;581;0.86;10;8;0;0;0;0;8;1.0;0.0;1.0;1.0;1.0;1.0;1.0;1.0;1.0;1.0;1.0;4;0.0488888888888888;0.0;500;0.02;892.8571428571428;0.5714285714285714;14.285714285714285;5;0.12;4;0;2;0.0240963855421686;0.0714285714285714;0.56;8.0;1;0;1;0;1;0;1;0;0.0714285714285714;0.1428571428571428;0.0017211703958691;14.0;1.0;0.0;0.0;0.0;0.0;0.0;0.0;0.0;0.0;0.0;0.0;0.0;0.0;0.0;0.0;0.0;0.0;0.0;0.0;0.0;0.0;0.0;0.0;0.0;0.0;0.0;0.0;0.0;0.0;0.0;0.0;0.0;0.0;0.0;0.0
2025-02-15;Stuttgart;9;3;1;18;175;Wolfsburg;3;3;10;7;4;3;0.58;0.42;515;0.84;10;15;3;3;0;0;7;1.0;0.0;0.0;1.0;1.0;1.0;1.0;1.0;1.0;1.0;0.0;5;0.06;0.3;433;0.023094688221709;746.551724137931;0.7;12.06896551724138;3;0.1599999999999999;2;0;-5;0.0194174757281553;0.1;0.58;7.0;0;1;1;0;0;1;0;1;0.1;0.25;0.0019417475728155;10.0;0.0;0.0;0.0;1.0;0.0;1.0;0.0;0.0;1.0;0.0;0.0;0.0;0.0;0.0;0.0;0.0;0.0;0.0;0.0;0.0;0.0;0.0;0.0;0.0;0.0;0.0;0.0;0.0;0.0;0.0;0.0;0.0;0.0;0.0;0.0
2025-02-08;Stuttgart;9;17;3;18;11;Dortmund;2;4;4;16;2;5;0.31;0.69;269;0.73;14;13;2;3;0;1;4;1.0;0.0;0.0;1.0;1.0;1.0;1.0;1.0;1.0;1.0;0.0;9;0.043125;0.1428571428571428;196;0.0714285714285714;632.258064516129;1.0;12.903225806451614;-12;-0.3799999999999999;-5;-2;1;0.0148698884758364;0.5;0.155;2.0;0;2;2;1;0;0;1;0;0.5;1.0;0.0074349442379182;2.0;1.0;0.0;0.0;1.0;0.0;1.0;0.0;0.0;0.0;0.0;0.0;0.0;0.0;0.0;0.0;0.0;0.0;0.0;0.0;0.0;0.0;0.0;0.0;0.0;0.0;0.0;0.0;0.0;0.0;0.0;0.0;0.0;0.0;0.0;0.0
2025-02-04;Stuttgart;23;1;17;18;173;Augsburgo;2;1;12;6;2;3;0.61;0.39;594;0.85;14;17;2;1;0;0;4;1.0;0.0;0.0;1.0;1.0;1.0;1.0;0.0;1.0;1.0;0.0;0;0.065;0.1428571428571428;505;0.0277227722772277;827.8688524590165;0.3333333333333333;6.557377049180328;6;0.2199999999999999;4;1;-3;0.0202020202020202;0.0833333333333333;0.61;4.0;1;0;1;1;0;0;0;1;0.0833333333333333;0.5;0.0016835016835016;12.0;1.0;0.0;1.0;0.0;0.0;1.0;0.0;0.0;0.0;1.0;0.0;0.0;0.0;0.0;0.0;0.0;0.0;0.0;0.0;0.0;0.0;0.0;0.0;0.0;0.0;0.0;0.0;0.0;0.0;0.0;0.0;0.0;0.0;0.0;0.0
2025-02-01;Stuttgart;9;1;3;18;172;Mönchengladbach;2;2;10;13;3;6;0.55;0.45;535;0.87;11;11;2;2;0;0;2;1.0;0.0;0.0;0.0;0.0;0.0;1.0;1.0;0.0;0.0;1.0;0;0.0346153846153846;0.1818181818181818;465;0.0236559139784946;845.4545454545454;0.2;3.636363636363636;-3;0.1;2;0;0;0.0186915887850467;0.1;0.55;2.0;0;1;1;0;0;1;0;1;0.1;0.3333333333333333;0.0018691588785046;10.0;1.0;0.0;1.0;1.0;0.0;1.0;0.0;1.0;0.0;1.0;1.0;0.0;0.0;0.0;0.0;0.0;0.0;0.0;0.0;0.0;0.0;0.0;0.0;0.0;0.0;0.0;0.0;0.0;0.0;0.0;0.0;0.0;0.0;0.0;0.0
2025-01-29;Stuttgart;0;3;0;18;19;PSG;2;1;10;13;2;6;0.41;0.59;424;0.81;10;8;2;1;0;0;2;0.0;0.0;0.0;1.0;1.0;1.0;1.0;1.0;1.0;1.0;0.0;8;0.0453846153846153;0.2;343;0.0291545189504373;836.5853658536586;0.2;4.878048780487805;-3;-0.18;-6;1;2;0.0235849056603773;0.1;0.41;2.0;0;1;1;0;0;1;0;1;0.1;0.5;0.0023584905660377;10.0;0.0;0.0;0.0;1.0;0.0;0.0;0.0;1.0;1.0;0.0;0.0;1.0;0.0;0.0;0.0;0.0;0.0;0.0;0.0;0.0;0.0;0.0;0.0;0.0;0.0;0.0;0.0;0.0;0.0;0.0;0.0;0.0;0.0;0.0;0.0
2025-01-25;Stuttgart;9;13;17;18;174;Mainz 05;3;4;10;11;5;4;0.57;0.43;475;0.81;8;12;3;4;0;0;2;1.0;0.0;0.0;0.0;1.0;1.0;1.0;0.0;1.0;1.0;1.0;9;0.039090909090909;0.375;385;0.0207792207792207;675.4385964912282;0.2;3.5087719298245617;-1;0.1399999999999999;-7;-1;-4;0.0210526315789473;0.0;0.0;0.0;0;0;0;0;0;1;1;0;0.0;0.0;0.0;0.0;0.0;0.0;0.0;0.0;0.0;0.0;0.0;1.0;1.0;1.0;1.0;0.0;0.0;0.0;0.0;0.0;0.0;0.0;0.0;0.0;0.0;0.0;0.0;0.0;0.0;0.0;0.0;0.0;0.0;0.0;0.0;0.0;0.0;0.0;0.0
2025-01-21;Stuttgart;0;1;3;18;36;Slovan Bratislava;3;3;21;6;7;2;0.6;0.4;498;0.8;14;10;3;3;0;0;19;1.0;0.0;0.0;1.0;1.0;0.0;1.0;1.0;1.0;1.0;0.0;4;0.0666666666666666;0.2142857142857142;398;0.0351758793969849;663.3333333333334;0.9047619047619048;31.666666666666668;15;0.1999999999999999;15;0;4;0.0421686746987951;0.1428571428571428;0.1999999999999999;6.333333333333333;2;1;3;1;0;0;1;0;0.1428571428571428;0.4285714285714285;0.0060240963855421;7.0;0.0;0.0;0.0;1.0;0.0;0.0;1.0;0.0;1.0;0.0;1.0;0.0;0.0;0.0;0.0;0.0;0.0;0.0;0.0;0.0;0.0;0.0;0.0;0.0;0.0;0.0;0.0;0.0;0.0;0.0;0.0;0.0;0.0;0.0;0.0
2025-01-18;Stuttgart;9;1;3;18;170;Friburgo;5;3;12;4;7;0;0.57;0.43;525;0.86;8;12;5;3;0;0;4;1.0;0.0;0.0;0.0;0.0;1.0;1.0;1.0;0.0;0.0;1.0;1;0.1075;0.625;452;0.0176991150442477;792.9824561403509;0.3333333333333333;7.017543859649123;8;0.1399999999999999;3;2;-4;0.0228571428571428;0.3333333333333333;0.1425;1.0;3;1;4;1;0;0;0;1;0.3333333333333333;0.5714285714285714;0.0076190476190476;3.0;0.0;0.0;1.0;1.0;0.0;1.0;0.0;1.0;1.0;0.0;1.0;0.0;0.0;0.0;0.0;0.0;0.0;0.0;0.0;0.0;0.0;0.0;0.0;0.0;0.0;0.0;0.0;0.0;0.0;0.0;0.0;0.0;0.0;0.0;0.0
2025-01-15;Stuttgart;9;1;17;18;31;RB Leipzig;2;5;14;6;6;3;0.58;0.42;635;0.83;10;19;2;3;0;2;5;1.0;0.0;0.0;1.0;0.0;1.0;1.0;0.0;1.0;1.0;1.0;0;0.0699999999999999;0.2;527;0.0189753320683111;908.6206896551724;0.3571428571428571;8.620689655172415;8;0.1599999999999999;5;-3;-9;0.0220472440944881;0.1428571428571428;0.29;2.5;0;2;2;1;0;0;0;1;0.1428571428571428;0.3333333333333333;0.0031496062992125;7.0;0.0;0.0;0.0;0.0;0.0;1.0;0.0;1.0;1.0;1.0;0.0;0.0;0.0;0.0;0.0;0.0;0.0;0.0;0.0;0.0;0.0;0.0;0.0;0.0;0.0;0.0;0.0;0.0;0.0;0.0;0.0;0.0;0.0;0.0;0.0
2025-01-12;Stuttgart;9;1;17;18;173;Augsburgo;1;5;13;8;5;2;0.58;0.42;559;0.81;14;11;1;5;0;0;9;1.0;0.0;0.0;1.0;1.0;1.0;1.0;0.0;0.0;1.0;1.0;3;0.0525;0.0714285714285714;453;0.0309050772626931;781.0344827586207;0.6923076923076923;15.517241379310343;5;0.1599999999999999;6;-4;3;0.0232558139534883;0.0769230769230769;0.58;9.0;0;1;1;1;0;0;1;0;0.0769230769230769;0.2;0.0017889087656529;13.0;0.0;0.0;1.0;1.0;0.0;0.0;0.0;0.0;1.0;0.0;1.0;0.0;0.0;0.0;0.0;0.0;0.0;0.0;0.0;0.0;0.0;0.0;0.0;0.0;0.0;0.0;0.0;0.0;0.0;0.0;0.0;0.0;0.0;0.0;0.0
2025-01-05;Stuttgart;6;1;0;18;85;Ajax;1;0;9;8;4;4;0.56;0.44;548;0.9;20;16;1;0;0;0;2;1.0;0.0;0.0;1.0;1.0;1.0;1.0;0.0;0.0;1.0;1.0;2;0.055;0.05;493;0.0405679513184584;880.3571428571428;0.2222222222222222;3.571428571428571;1;0.12;0;1;4;0.0164233576642335;0.2222222222222222;0.28;1.0;2;0;2;0;1;0;0;1;0.2222222222222222;0.5;0.0036496350364963;4.5;0.0;0.0;1.0;1.0;0.0;0.0;0.0;0.0;1.0;0.0;1.0;0.0;0.0;0.0;0.0;0.0;0.0;0.0;0.0;0.0;0.0;0.0;0.0;0.0;0.0;0.0;0.0;0.0;0.0;0.0;0.0;0.0;0.0;0.0;0.0
2024-12-21;Stuttgart;9;17;6;18;176;St. Pauli;2;2;25;11;5;5;0.73;0.27;678;0.88;10;11;2;2;0;0;9;1.0;0.0;0.0;1.0;1.0;0.0;1.0;0.0;0.0;1.0;1.0;1;0.0245454545454545;0.2;597;0.016750418760469;817.8082191780823;0.36;12.32876712328767;14;0.4599999999999999;8;0;-1;0.0368731563421828;0.0;0.0;0.0;0;0;0;0;0;1;0;1;0.0;0.0;0.0;0.0;0.0;0.0;1.0;1.0;0.0;0.0;1.0;0.0;1.0;0.0;1.0;0.0;0.0;0.0;0.0;0.0;0.0;0.0;0.0;0.0;0.0;0.0;0.0;0.0;0.0;0.0;0.0;0.0;0.0;0.0;0.0;0.0;0.0;0.0;0.0
2024-12-15;Stuttgart;9;6;3;18;142;Heidenheim;3;4;18;9;7;2;0.67;0.33;578;0.85;13;25;3;4;0;0;6;1.0;0.0;0.0;1.0;1.0;1.0;1.0;0.0;0.0;1.0;1.0;9;0.0366666666666666;0.2307692307692307;491;0.0264765784114052;732.8358208955224;0.3333333333333333;8.955223880597014;9;0.34;-3;-1;-12;0.0311418685121107;0.1666666666666666;0.2233333333333333;2.0;2;1;3;1;0;0;1;0;0.1666666666666666;0.4285714285714285;0.0051903114186851;6.0;0.0;0.0;1.0;1.0;0.0;0.0;0.0;0.0;1.0;0.0;1.0;0.0;0.0;0.0;0.0;0.0;0.0;0.0;0.0;0.0;0.0;0.0;0.0;0.0;0.0;0.0;0.0;0.0;0.0;0.0;0.0;0.0;0.0;0.0;0.0
2024-12-11;Stuttgart;0;3;3;18;35;Young Boys;1;4;20;5;6;1;0.64;0.36;617;0.85;10;16;1;4;0;0;5;1.0;0.0;0.0;1.0;1.0;1.0;1.0;0.0;0.0;1.0;0.0;0;0.072;0.1;524;0.0190839694656488;818.75;0.25;7.8125;15;0.28;5;-3;-6;0.0324149108589951;0.25;0.128;1.0;1;4;5;1;0;0;0;1;0.25;0.8333333333333334;0.0081037277147487;4.0;0.0;1.0;1.0;1.0;0.0;0.0;0.0;0.0;1.0;0.0;1.0;0.0;0.0;0.0;0.0;0.0;0.0;0.0;0.0;0.0;0.0;0.0;0.0;0.0;0.0;0.0;0.0;0.0;0.0;0.0;0.0;0.0;0.0;0.0;0.0
2024-12-06;Stuttgart;9;3;17;18;169;FC Union Berlin;1;6;7;14;5;3;0.65;0.35;608;0.84;14;19;1;6;0;0;1;1.0;0.0;0.0;0.0;1.0;1.0;1.0;0.0;0.0;1.0;0.0;6;0.0249999999999999;0.0714285714285714;511;0.0273972602739726;786.1538461538461;0.1428571428571428;1.5384615384615383;-7;0.3;-5;-5;-5;0.0115131578947368;0.4285714285714285;0.2166666666666666;0.3333333333333333;0;3;3;1;0;0;0;1;0.4285714285714285;0.6;0.0049342105263157;2.333333333333333;1.0;0.0;1.0;1.0;0.0;0.0;0.0;0.0;1.0;0.0;1.0;0.0;1.0;0.0;0.0;0.0;0.0;0.0;0.0;0.0;0.0;0.0;0.0;0.0;0.0;0.0;0.0;0.0;0.0;0.0;0.0;0.0;0.0;0.0;0.0
2024-12-03;Stuttgart;23;3;17;18;196;Jahn Regensburg;0;2;14;7;8;2;0.71;0.29;624;0.87;6;12;0;2;0;0;7;0.0;1.0;0.0;0.0;0.0;0.0;1.0;0.0;0.0;1.0;1.0;5;0.0414285714285714;0.0;543;0.011049723756906;764.7887323943662;0.5;9.859154929577466;7;0.42;2;-2;-6;0.0224358974358974;0.2142857142857142;0.2366666666666666;2.333333333333333;2;1;3;1;0;0;1;0;0.2142857142857142;0.375;0.0048076923076923;4.666666666666667;0.0;1.0;0.0;1.0;0.0;1.0;1.0;0.0;0.0;0.0;1.0;1.0;1.0;0.0;0.0;0.0;0.0;0.0;0.0;0.0;0.0;0.0;0.0;0.0;0.0;0.0;0.0;0.0;0.0;0.0;0.0;0.0;0.0;0.0;0.0
2024-11-30;Stuttgart;9;3;1;18;171;Werder Bremen;1;1;10;20;4;6;0.58;0.42;557;0.85;13;8;1;1;0;0;2;1.0;0.0;0.0;1.0;1.0;1.0;1.0;0.0;0.0;1.0;0.0;11;0.0209999999999999;0.0769230769230769;473;0.0274841437632135;815.5172413793103;0.2;3.4482758620689657;-10;0.1599999999999999;-9;0;5;0.0179533213644524;0.2;0.29;1.0;1;1;2;0;1;0;1;0;0.2;0.5;0.0035906642728904;5.0;1.0;1.0;1.0;0.0;0.0;0.0;0.0;0.0;1.0;0.0;0.0;0.0;1.0;0.0;0.0;0.0;0.0;0.0;0.0;0.0;0.0;0.0;0.0;0.0;0.0;0.0;0.0;0.0;0.0;0.0;0.0;0.0;0.0;0.0;0.0
2024-11-27;Stuttgart;0;3;3;18;33;Estrella Roja;1;4;13;11;2;7;0.71;0.29;674;0.86;17;14;1;4;0;0;4;1.0;1.0;0.0;1.0;1.0;1.0;1.0;0.0;0.0;1.0;0.0;4;0.0263636363636363;0.0588235294117647;580;0.0293103448275862;816.9014084507043;0.3076923076923077;5.633802816901409;2;0.42;0;-3;3;0.0192878338278931;0.0769230769230769;0.71;4.0;1;0;1;0;0;1;1;0;0.0769230769230769;0.5;0.0014836795252225;13.0;0.0;0.0;1.0;1.0;0.0;0.0;0.0;0.0;1.0;0.0;1.0;0.0;0.0;0.0;0.0;0.0;0.0;0.0;0.0;0.0;0.0;0.0;0.0;0.0;0.0;0.0;0.0;0.0;0.0;0.0;0.0;0.0;0.0;0.0;0.0
2024-11-23;Stuttgart;9;1;4;18;178;Bochum;2;3;15;9;5;2;0.58;0.42;591;0.86;7;16;2;3;0;0;7;1.0;0.0;0.0;1.0;1.0;1.0;0.0;0.0;0.0;1.0;1.0;4;0.0466666666666666;0.2857142857142857;508;0.0137795275590551;875.8620689655173;0.4666666666666667;12.06896551724138;6;0.1599999999999999;3;-1;-9;0.0253807106598984;0.1333333333333333;0.29;3.5;0;2;2;1;0;0;0;1;0.1333333333333333;0.4;0.0033840947546531;7.5;1.0;0.0;1.0;1.0;0.0;0.0;0.0;0.0;1.0;0.0;1.0;0.0;0.0;0.0;0.0;0.0;0.0;0.0;0.0;0.0;0.0;0.0;0.0;0.0;0.0;0.0;0.0;0.0;0.0;0.0;0.0;0.0;0.0;0.0;0.0
2024-11-10;Stuttgart;9;3;1;18;87;Frankfurt;2;2;22;8;11;5;0.61;0.39;561;0.85;10;15;2;2;0;0;8;1.0;0.0;0.0;1.0;1.0;1.0;1.0;0.0;0.0;1.0;0.0;3;0.04875;0.2;477;0.020964360587002;781.9672131147541;0.3636363636363636;13.114754098360656;14;0.2199999999999999;5;0;-5;0.0392156862745098;0.0909090909090909;0.305;4.0;0;2;2;0;0;1;0;1;0.0909090909090909;0.1818181818181818;0.0035650623885918;11.0;0.0;1.0;1.0;1.0;0.0;0.0;0.0;0.0;1.0;0.0;1.0;0.0;0.0;0.0;0.0;0.0;0.0;0.0;0.0;0.0;0.0;0.0;0.0;0.0;0.0;0.0;0.0;0.0;0.0;0.0;0.0;0.0;0.0;0.0;0.0
2024-11-06;Stuttgart;0;3;17;18;17;Atalanta;2;3;10;9;1;4;0.56;0.44;558;0.82;8;17;2;3;0;0;4;1.0;0.0;0.0;0.0;1.0;1.0;1.0;0.0;1.0;1.0;0.0;3;0.0488888888888888;0.25;458;0.0174672489082969;817.8571428571428;0.4;7.142857142857142;1;0.12;1;-1;-9;0.017921146953405;0.0;0.0;0.0;0;0;0;0;0;1;0;1;0.0;0.0;0.0;0.0;0.0;0.0;0.0;1.0;0.0;0.0;0.0;0.0;1.0;0.0;1.0;0.0;1.0;1.0;0.0;0.0;0.0;0.0;0.0;0.0;0.0;0.0;0.0;0.0;0.0;0.0;0.0;0.0;0.0;0.0;0.0;0.0;0.0;0.0;0.0
2024-11-01;Stuttgart;9;1;17;18;6;Leverkusen;4;3;4;19;1;5;0.48;0.52;433;0.8;14;13;4;3;0;0;2;1.0;0.0;0.0;0.0;1.0;1.0;1.0;1.0;1.0;0.0;0.0;10;0.0273684210526315;0.2857142857142857;346;0.0404624277456647;720.8333333333334;0.5;4.166666666666667;-15;-0.04;-8;1;1;0.0092378752886836;0.0;0.0;0.0;0;0;0;0;1;0;1;0;0.0;0.0;0.0;0.0;0.0;0.0;0.0;1.0;0.0;0.0;0.0;0.0;1.0;0.0;1.0;0.0;1.0;1.0;0.0;0.0;0.0;0.0;0.0;0.0;0.0;0.0;0.0;0.0;0.0;0.0;0.0;0.0;0.0;0.0;0.0;0.0;0.0;0.0;0.0
2024-10-29;Stuttgart;23;1;3;18;188;1. FCK;2;4;17;7;7;1;0.69;0.31;674;0.89;11;13;2;4;0;0;4;0.0;1.0;0.0;0.0;0.0;1.0;0.0;0.0;0.0;1.0;1.0;4;0.0442857142857142;0.1818181818181818;600;0.0183333333333333;869.5652173913044;0.2352941176470588;5.797101449275363;10;0.3799999999999999;0;-2;-2;0.0252225519287833;0.1176470588235294;0.345;2.0;1;1;2;1;0;0;0;1;0.1176470588235294;0.2857142857142857;0.0029673590504451;8.5;0.0;1.0;1.0;0.0;0.0;1.0;0.0;0.0;0.0;0.0;1.0;1.0;1.0;0.0;1.0;0.0;0.0;0.0;0.0;0.0;0.0;0.0;0.0;0.0;0.0;0.0;0.0;0.0;0.0;0.0;0.0;0.0;0.0;0.0;0.0
2024-10-26;Stuttgart;9;1;2;18;177;KSV Holstein;2;5;16;9;6;3;0.59;0.41;528;0.88;6;17;1;4;1;1;9;1.0;0.0;0.0;1.0;1.0;0.0;1.0;1.0;1.0;0.0;0.0;5;0.0455555555555555;0.3333333333333333;465;0.0129032258064516;788.135593220339;0.5625;15.254237288135592;7;0.18;4;-3;-11;0.0303030303030303;0.125;0.295;4.5;1;1;2;1;0;0;0;1;0.125;0.3333333333333333;0.0037878787878787;8.0;0.0;1.0;0.0;1.0;0.0;0.0;0.0;0.0;1.0;0.0;0.0;0.0;1.0;1.0;0.0;0.0;0.0;0.0;0.0;0.0;0.0;0.0;0.0;0.0;0.0;0.0;0.0;0.0;0.0;0.0;0.0;0.0;0.0;0.0;0.0
2024-10-22;Stuttgart;0;3;0;18;14;Juventus;2;1;22;7;10;1;0.51;0.49;429;0.88;13;11;2;0;0;1;10;1.0;0.0;0.0;1.0;1.0;1.0;1.0;1.0;1.0;0.0;0.0;4;0.0699999999999999;0.1538461538461538;378;0.0343915343915343;741.1764705882352;0.4545454545454545;19.607843137254903;15;0.02;6;1;2;0.0512820512820512;0.0454545454545454;0.51;10.0;0;1;1;1;0;0;1;0;0.0454545454545454;0.1;0.0023310023310023;22.0;0.0;0.0;1.0;1.0;0.0;0.0;0.0;0.0;1.0;0.0;1.0;0.0;0.0;0.0;0.0;0.0;0.0;0.0;0.0;0.0;0.0;0.0;0.0;0.0;0.0;0.0;0.0;0.0;0.0;0.0;0.0;0.0;0.0;0.0;0.0
2024-10-19;Stuttgart;9;3;3;18;23;Bayern;2;0;4;22;1;10;0.34;0.66;360;0.78;10;6;2;0;0;0;3;1.0;0.0;0.0;1.0;0.0;1.0;1.0;1.0;1.0;0.0;0.0;7;0.03;0.2;281;0.0355871886120996;826.470588235294;0.75;8.823529411764705;-18;-0.32;-4;2;4;0.0111111111111111;0.0;0.0;0.0;0;0;0;0;0;1;1;0;0.0;0.0;0.0;0.0;0.0;1.0;1.0;0.0;0.0;1.0;0.0;0.0;1.0;0.0;1.0;0.0;0.0;0.0;0.0;0.0;0.0;0.0;0.0;0.0;0.0;0.0;0.0;0.0;0.0;0.0;0.0;0.0;0.0;0.0;0.0;0.0;0.0;0.0;0.0
2024-10-06;Stuttgart;9;2;29;18;97;Hoffenheim;1;4;20;7;6;5;0.68;0.32;664;0.89;10;7;1;4;0;0;10;1.0;0.0;0.0;1.0;1.0;1.0;1.0;1.0;1.0;0.0;0.0;5;0.0457142857142857;0.1;591;0.0169204737732656;869.1176470588234;0.5;14.705882352941176;13;0.36;5;-3;3;0.0301204819277108;0.05;0.68;10.0;0;1;1;0;1;0;0;1;0.05;0.1666666666666666;0.0015060240963855;20.0;0.0;0.0;0.0;1.0;0.0;0.0;0.0;0.0;0.0;0.0;1.0;0.0;1.0;1.0;0.0;0.0;0.0;0.0;0.0;0.0;0.0;0.0;0.0;0.0;0.0;0.0;0.0;0.0;0.0;0.0;0.0;0.0;0.0;0.0;0.0
2024-10-01;Stuttgart;0;3;6;18;21;Sparta Praha;1;1;26;14;10;3;0.77;0.23;681;0.88;10;12;1;1;0;0;10;1.0;1.0;0.0;1.0;1.0;1.0;1.0;1.0;1.0;0.0;0.0;0;0.0164285714285714;0.1;599;0.01669449081803;777.922077922078;0.3846153846153846;12.987012987012989;12;0.54;10;0;-2;0.0381791483113069;0.0384615384615384;0.77;10.0;1;0;1;0;1;0;0;1;0.0384615384615384;0.1;0.0014684287812041;26.0;0.0;0.0;1.0;1.0;0.0;0.0;0.0;0.0;0.0;0.0;1.0;0.0;0.0;0.0;0.0;0.0;0.0;0.0;0.0;0.0;0.0;0.0;0.0;0.0;0.0;0.0;0.0;0.0;0.0;0.0;0.0;0.0;0.0;0.0;0.0
2024-09-28;Stuttgart;9;3;1;18;175;Wolfsburg;1;5;18;5;4;2;0.7;0.3;578;0.83;10;20;0;5;1;0;3;1.0;0.0;0.0;1.0;1.0;1.0;1.0;1.0;0.0;0.0;0.0;1;0.06;0.1;480;0.0208333333333333;685.7142857142858;0.1666666666666666;4.285714285714286;13;0.3999999999999999;2;-4;-10;0.0311418685121107;0.1111111111111111;0.35;1.5;1;1;2;0;1;0;1;0;0.1111111111111111;0.5;0.0034602076124567;9.0;0.0;1.0;1.0;1.0;0.0;0.0;0.0;0.0;1.0;0.0;1.0;0.0;0.0;0.0;0.0;0.0;0.0;0.0;0.0;0.0;0.0;0.0;0.0;0.0;0.0;0.0;0.0;0.0;0.0;0.0;0.0;0.0;0.0;0.0;0.0
2024-09-22;Stuttgart;9;1;3;18;11;Dortmund;1;3;17;7;9;3;0.52;0.48;480;0.87;10;6;1;3;0;0;6;1.0;0.0;0.0;1.0;1.0;1.0;1.0;1.0;1.0;0.0;0.0;4;0.0685714285714285;0.1;418;0.0239234449760765;803.8461538461538;0.3529411764705882;11.538461538461538;10;0.04;2;-2;4;0.0354166666666666;0.2941176470588235;0.104;1.2;2;3;5;1;0;0;0;1;0.2941176470588235;0.5555555555555556;0.0104166666666666;3.4;0.0;0.0;1.0;1.0;0.0;0.0;0.0;0.0;1.0;0.0;1.0;0.0;0.0;0.0;0.0;0.0;0.0;0.0;0.0;0.0;0.0;0.0;0.0;0.0;0.0;0.0;0.0;0.0;0.0;0.0;0.0;0.0;0.0;0.0;0.0
2024-09-17;Stuttgart;0;3;0;18;12;Real Madrid;1;4;17;20;7;8;0.55;0.45;520;0.87;9;13;1;4;0;0;6;1.0;0.0;0.0;1.0;1.0;1.0;1.0;1.0;1.0;1.0;0.0;10;0.0225;0.1111111111111111;452;0.0199115044247787;821.8181818181818;0.3529411764705882;10.909090909090908;-3;0.1;-4;-3;-4;0.0326923076923076;0.0588235294117647;0.55;6.0;0;1;1;0;0;1;1;0;0.0588235294117647;0.1428571428571428;0.0019230769230769;17.0;0.0;0.0;0.0;1.0;0.0;0.0;0.0;0.0;1.0;0.0;1.0;0.0;0.0;0.0;0.0;0.0;0.0;0.0;0.0;0.0;0.0;0.0;0.0;0.0;0.0;0.0;0.0;0.0;0.0;0.0;0.0;0.0;0.0;0.0;0.0
2024-09-14;Stuttgart;9;13;3;18;172;Mönchengladbach;2;2;12;15;7;7;0.57;0.43;548;0.82;12;14;2;2;0;0;2;1.0;0.0;0.0;1.0;1.0;1.0;1.0;1.0;1.0;0.0;0.0;6;0.0286666666666666;0.1666666666666666;449;0.0267260579064587;787.7192982456141;0.1666666666666666;3.5087719298245617;-3;0.1399999999999999;-4;0;-2;0.0218978102189781;0.25;0.1899999999999999;0.6666666666666666;1;2;3;1;0;0;1;0;0.25;0.4285714285714285;0.0054744525547445;4.0;0.0;1.0;1.0;0.0;0.0;0.0;0.0;0.0;1.0;0.0;0.0;0.0;1.0;0.0;0.0;0.0;0.0;0.0;0.0;0.0;0.0;0.0;0.0;0.0;0.0;0.0;0.0;0.0;0.0;0.0;0.0;0.0;0.0;0.0;0.0
2024-08-31;Stuttgart;9;3;17;18;174;Mainz 05;4;2;28;11;12;7;0.64;0.36;500;0.86;6;12;4;2;0;0;11;1.0;1.0;0.0;1.0;1.0;1.0;1.0;1.0;1.0;1.0;0.0;2;0.0327272727272727;0.6666666666666666;430;0.013953488372093;671.875;0.3928571428571428;17.1875;17;0.28;9;2;-6;0.056;0.1071428571428571;0.2133333333333333;3.6666666666666665;2;1;3;0;1;0;0;1;0.1071428571428571;0.25;0.006;9.333333333333334;0.0;0.0;0.0;1.0;0.0;0.0;0.0;0.0;0.0;0.0;0.0;0.0;1.0;0.0;0.0;0.0;0.0;0.0;0.0;0.0;0.0;0.0;0.0;0.0;0.0;0.0;0.0;0.0;0.0;0.0;0.0;0.0;0.0;0.0;0.0
2024-08-27;Stuttgart;23;3;22;18;192;Preußen Münster;1;2;17;6;8;0;0.77;0.23;682;0.9;11;11;1;2;0;0;8;1.0;1.0;0.0;1.0;1.0;1.0;1.0;0.0;0.0;1.0;1.0;4;0.0383333333333333;0.0909090909090909;614;0.017915309446254;797.4025974025974;0.4705882352941176;10.38961038961039;11;0.54;4;-1;0;0.0249266862170087;0.2941176470588235;0.154;1.6;3;2;5;1;0;0;1;0;0.2941176470588235;0.625;0.0073313782991202;3.4;0.0;1.0;1.0;0.0;0.0;0.0;0.0;0.0;0.0;0.0;0.0;0.0;1.0;0.0;0.0;0.0;0.0;0.0;0.0;0.0;0.0;0.0;0.0;0.0;0.0;0.0;0.0;0.0;0.0;0.0;0.0;0.0;0.0;0.0;0.0
2024-08-24;Stuttgart;9;3;3;18;170;Friburgo;1;2;9;16;2;6;0.68;0.32;646;0.88;10;7;1;2;0;0;3;1.0;1.0;0.0;1.0;0.0;1.0;1.0;1.0;1.0;1.0;0.0;6;0.02;0.1;568;0.0176056338028169;835.2941176470588;0.3333333333333333;4.411764705882352;-7;0.36;-3;-1;3;0.0139318885448916;0.1111111111111111;0.68;3.0;1;0;1;0;0;1;1;0;0.1111111111111111;0.5;0.001547987616099;9.0;0.0;0.0;1.0;1.0;0.0;0.0;0.0;0.0;0.0;0.0;0.0;0.0;0.0;0.0;1.0;0.0;0.0;0.0;0.0;0.0;0.0;0.0;0.0;0.0;0.0;0.0;0.0;0.0;0.0;0.0;0.0;0.0;0.0;0.0;0.0
2024-08-17;Stuttgart;47;3;17;18;6;Leverkusen;5;6;12;12;4;4;0.66;0.34;526;0.9;19;10;5;5;0;1;3;1.0;1.0;0.0;1.0;1.0;1.0;1.0;1.0;0.0;1.0;0.0;10;0.0283333333333333;0.2631578947368421;473;0.040169133192389;716.6666666666666;0.25;4.545454545454545;0;0.32;-7;-1;9;0.0228136882129277;0.1666666666666666;0.33;1.5;1;1;2;0;1;0;1;0;0.1666666666666666;0.5;0.0038022813688212;6.0;0.0;0.0;1.0;1.0;0.0;0.0;0.0;0.0;0.0;0.0;1.0;0.0;0.0;0.0;0.0;0.0;0.0;0.0;0.0;0.0;0.0;0.0;0.0;0.0;0.0;0.0;0.0;0.0;0.0;0.0;0.0;0.0;0.0;0.0;0.0
2024-05-18;Stuttgart;9;3;7;18;172;Mönchengladbach;1;2;21;14;11;5;0.61;0.39;706;0.93;5;9;1;2;0;0;8;1.0;0.0;0.0;0.0;1.0;1.0;1.0;1.0;1.0;1.0;0.0;4;0.0278571428571428;0.2;657;0.0076103500761035;1077.049180327869;0.3809523809523809;13.114754098360656;7;0.2199999999999999;4;-1;-4;0.0297450424929178;0.1904761904761904;0.1525;2.0;2;2;4;1;0;0;0;1;0.1904761904761904;0.3636363636363636;0.0056657223796034;5.25;0.0;0.0;0.0;1.0;0.0;0.0;0.0;0.0;0.0;0.0;0.0;0.0;0.0;0.0;0.0;1.0;1.0;1.0;0.0;0.0;0.0;0.0;0.0;0.0;0.0;0.0;0.0;0.0;0.0;0.0;0.0;0.0;0.0;0.0;0.0
2024-05-10;Stuttgart;9;13;28;18;173;Augsburgo;2;4;19;9;7;1;0.77;0.23;763;0.91;9;15;2;4;0;0;5;1.0;0.0;0.0;0.0;1.0;0.0;1.0;1.0;1.0;1.0;0.0;5;0.0255555555555555;0.2222222222222222;694;0.0129682997118155;901.2987012987012;0.2631578947368421;6.493506493506493;10;0.54;0;-2;-6;0.0249017038007863;0.0526315789473684;0.77;5.0;0;1;1;1;0;0;1;0;0.0526315789473684;0.1428571428571428;0.001310615989515;19.0;1.0;0.0;0.0;1.0;0.0;0.0;0.0;0.0;0.0;0.0;0.0;0.0;0.0;0.0;0.0;1.0;1.0;1.0;0.0;0.0;0.0;0.0;0.0;0.0;0.0;0.0;0.0;0.0;0.0;0.0;0.0;0.0;0.0;0.0;0.0
2024-05-04;Stuttgart;9;13;3;18;23;Bayern;1;2;24;10;10;3;0.61;0.39;640;0.91;10;8;1;2;0;0;3;1.0;0.0;0.0;0.0;0.0;1.0;1.0;1.0;1.0;1.0;0.0;1;0.039;0.1;582;0.0171821305841924;954.0983606557376;0.125;4.918032786885246;14;0.2199999999999999;2;-1;2;0.0375;0.125;0.2033333333333333;1.0;1;2;3;1;0;0;0;1;0.125;0.3;0.0046875;8.0;1.0;0.0;0.0;0.0;0.0;0.0;0.0;0.0;0.0;0.0;1.0;0.0;0.0;0.0;0.0;1.0;1.0;1.0;0.0;0.0;0.0;0.0;0.0;0.0;0.0;0.0;0.0;0.0;0.0;0.0;0.0;0.0;0.0;0.0;0.0
2024-04-27;Stuttgart;9;13;17;18;6;Leverkusen;3;4;11;14;4;6;0.51;0.49;513;0.83;19;10;3;4;0;0;2;1.0;0.0;0.0;0.0;1.0;1.0;0.0;1.0;1.0;1.0;0.0;5;0.0349999999999999;0.1578947368421052;426;0.0446009389671361;835.2941176470588;0.1818181818181818;3.92156862745098;-3;0.02;-3;-1;9;0.0214424951267056;0.1818181818181818;0.255;1.0;0;2;2;0;1;0;1;0;0.1818181818181818;0.5;0.0038986354775828;5.5;1.0;0.0;0.0;1.0;0.0;0.0;0.0;0.0;0.0;0.0;0.0;0.0;0.0;0.0;0.0;1.0;1.0;1.0;0.0;0.0;0.0;0.0;0.0;0.0;0.0;0.0;0.0;0.0;0.0;0.0;0.0;0.0;0.0;0.0;0.0
2024-04-21;Stuttgart;9;2;6;18;171;Werder Bremen;3;3;15;9;5;2;0.7;0.3;742;0.87;10;11;3;3;0;0;7;1.0;0.0;0.0;0.0;1.0;1.0;1.0;1.0;1.0;0.0;0.0;1;0.0333333333333333;0.3;646;0.0154798761609907;922.8571428571428;0.4666666666666667;10.0;6;0.3999999999999999;6;0;-1;0.0202156334231805;0.0666666666666666;0.7;7.0;0;1;1;0;0;1;1;0;0.0666666666666666;0.2;0.0013477088948787;15.0;1.0;0.0;0.0;1.0;0.0;0.0;0.0;0.0;0.0;0.0;0.0;0.0;0.0;0.0;0.0;1.0;1.0;1.0;0.0;0.0;0.0;0.0;0.0;0.0;0.0;0.0;0.0;0.0;0.0;0.0;0.0;0.0;0.0;0.0;0.0
2024-04-13;Stuttgart;9;3;13;18;87;Frankfurt;1;3;9;10;6;3;0.56;0.44;615;0.86;4;15;1;3;0;0;4;0.0;0.0;0.0;0.0;1.0;1.0;1.0;1.0;1.0;1.0;0.0;5;0.044;0.25;529;0.0075614366729678;944.642857142857;0.4444444444444444;7.142857142857142;-1;0.12;-1;-2;-11;0.0146341463414634;0.3333333333333333;0.1866666666666666;1.3333333333333333;3;0;3;1;0;0;0;1;0.3333333333333333;0.5;0.0048780487804878;3.0;1.0;0.0;0.0;0.0;0.0;0.0;0.0;0.0;0.0;0.0;0.0;1.0;0.0;0.0;0.0;1.0;1.0;1.0;0.0;0.0;0.0;0.0;0.0;0.0;0.0;0.0;0.0;0.0;0.0;0.0;0.0;0.0;0.0;0.0;0.0
2024-04-06;Stuttgart;9;17;0;18;11;Dortmund;4;2;10;16;2;7;0.48;0.52;489;0.84;8;8;4;2;0;0;3;1.0;0.0;0.0;0.0;1.0;1.0;1.0;1.0;1.0;1.0;0.0;8;0.0325;0.5;411;0.0194647201946472;856.25;0.3;6.25;-6;-0.04;-5;2;0;0.0204498977505112;0.1;0.48;3.0;0;1;1;1;0;0;1;0;0.1;0.5;0.0020449897750511;10.0;0.0;0.0;0.0;1.0;0.0;0.0;0.0;0.0;1.0;0.0;0.0;0.0;0.0;0.0;0.0;0.0;1.0;1.0;0.0;0.0;0.0;0.0;0.0;0.0;0.0;0.0;0.0;0.0;0.0;0.0;0.0;0.0;0.0;0.0;0.0
2024-03-31;Stuttgart;9;13;3;18;142;Heidenheim;1;1;20;6;6;3;0.74;0.26;799;0.88;5;9;1;0;0;1;6;1.0;0.0;0.0;0.0;1.0;0.0;1.0;0.0;1.0;1.0;0.0;7;0.0433333333333333;0.2;703;0.0071123755334281;950.0;0.3;8.108108108108109;14;0.48;-1;0;-4;0.0250312891113892;0.15;0.2466666666666666;2.0;1;2;3;0;1;0;0;1;0.15;0.5;0.0037546933667083;6.666666666666667;0.0;0.0;0.0;1.0;0.0;0.0;0.0;0.0;1.0;0.0;0.0;0.0;0.0;0.0;0.0;1.0;1.0;1.0;1.0;0.0;0.0;0.0;0.0;0.0;0.0;0.0;0.0;0.0;0.0;0.0;0.0;0.0;0.0;0.0;0.0
2024-03-16;Stuttgart;9;17;17;18;97;Hoffenheim;0;1;25;7;11;1;0.57;0.43;534;0.84;12;8;0;1;0;0;6;1.0;0.0;0.0;0.0;1.0;1.0;1.0;0.0;1.0;1.0;0.0;5;0.0614285714285714;0.0;449;0.0267260579064587;787.7192982456141;0.24;10.526315789473683;18;0.1399999999999999;1;-1;4;0.046816479400749;0.12;0.1899999999999999;2.0;2;1;3;1;0;0;1;0;0.12;0.2727272727272727;0.0056179775280898;8.333333333333334;0.0;0.0;0.0;1.0;0.0;0.0;0.0;0.0;1.0;0.0;0.0;0.0;0.0;0.0;0.0;1.0;1.0;1.0;0.0;0.0;0.0;0.0;0.0;0.0;0.0;0.0;0.0;0.0;0.0;0.0;0.0;0.0;0.0;0.0;0.0
2024-03-08;Stuttgart;9;17;9;18;169;FC Union Berlin;1;3;14;9;5;4;0.71;0.29;839;0.9;7;15;1;2;0;1;4;1.0;1.0;0.0;0.0;1.0;1.0;1.0;0.0;0.0;1.0;0.0;3;0.0322222222222222;0.1428571428571428;755;0.0092715231788079;1063.380281690141;0.2857142857142857;5.633802816901409;5;0.42;1;-2;-8;0.0166865315852205;0.1428571428571428;0.355;2.0;1;1;2;1;0;0;0;1;0.1428571428571428;0.4;0.00238379022646;7.0;0.0;0.0;0.0;1.0;0.0;0.0;0.0;0.0;1.0;0.0;1.0;0.0;0.0;0.0;0.0;0.0;1.0;1.0;0.0;0.0;0.0;0.0;0.0;0.0;0.0;0.0;0.0;0.0;0.0;0.0;0.0;0.0;0.0;0.0;0.0
2024-03-02;Stuttgart;9;17;3;18;175;Wolfsburg;2;3;7;12;3;2;0.59;0.41;595;0.83;14;19;2;3;0;0;4;1.0;0.0;0.0;0.0;1.0;1.0;1.0;0.0;0.0;1.0;0.0;5;0.0341666666666666;0.1428571428571428;494;0.0283400809716599;837.2881355932204;0.5714285714285714;6.779661016949153;-5;0.18;-1;-1;-5;0.0117647058823529;0.4285714285714285;0.1966666666666666;1.3333333333333333;1;2;3;1;0;0;1;0;0.4285714285714285;1.0;0.0050420168067226;2.333333333333333;0.0;0.0;0.0;1.0;0.0;0.0;0.0;0.0;1.0;0.0;1.0;0.0;0.0;0.0;0.0;1.0;1.0;1.0;0.0;0.0;0.0;0.0;0.0;0.0;0.0;0.0;0.0;0.0;0.0;0.0;0.0;0.0;0.0;0.0;0.0
2024-02-24;Stuttgart;9;3;3;18;190;Colonia;1;0;13;12;5;6;0.75;0.25;842;0.9;12;13;1;0;0;0;9;0.0;0.0;0.0;0.0;0.0;1.0;1.0;0.0;0.0;1.0;0.0;4;0.0208333333333333;0.0833333333333333;758;0.0158311345646438;1010.6666666666666;0.6923076923076923;12.0;1;0.5;5;1;-1;0.015439429928741;0.0769230769230769;0.75;9.0;0;1;1;0;1;0;0;1;0.0769230769230769;0.2;0.001187648456057;13.0;0.0;0.0;0.0;1.0;0.0;0.0;0.0;0.0;1.0;0.0;1.0;1.0;0.0;0.0;0.0;1.0;1.0;1.0;0.0;1.0;0.0;0.0;0.0;0.0;0.0;0.0;0.0;0.0;0.0;0.0;0.0;0.0;0.0;0.0;0.0
2024-02-17;Stuttgart;9;3;29;18;191;SV Darmstadt 98;4;4;14;20;4;8;0.43;0.57;379;0.76;14;15;3;4;1;0;3;0.0;1.0;0.0;0.0;1.0;1.0;1.0;1.0;1.0;1.0;0.0;5;0.0284999999999999;0.2857142857142857;288;0.0486111111111111;669.7674418604652;0.2142857142857142;6.976744186046512;-6;-0.1399999999999999;-2;0;-1;0.0369393139841688;0.1428571428571428;0.215;1.5;1;1;2;1;0;0;1;0;0.1428571428571428;0.5;0.0052770448548812;7.0;0.0;0.0;0.0;0.0;0.0;0.0;0.0;0.0;0.0;0.0;0.0;1.0;0.0;0.0;0.0;1.0;1.0;1.0;0.0;0.0;0.0;0.0;0.0;0.0;0.0;0.0;0.0;0.0;0.0;0.0;0.0;0.0;0.0;0.0;0.0
2024-02-11;Stuttgart;9;3;17;18;174;Mainz 05;1;1;11;17;7;6;0.62;0.38;686;0.87;7;9;1;1;0;0;4;0.0;1.0;0.0;0.0;1.0;1.0;1.0;1.0;1.0;1.0;0.0;5;0.0223529411764705;0.1428571428571428;597;0.0117252931323283;962.9032258064516;0.3636363636363636;6.451612903225807;-6;0.24;-1;0;-2;0.0160349854227405;0.2727272727272727;0.2066666666666666;1.3333333333333333;2;1;3;1;0;0;0;1;0.2727272727272727;0.4285714285714285;0.0043731778425655;3.6666666666666665;0.0;0.0;0.0;1.0;0.0;0.0;0.0;0.0;0.0;0.0;0.0;1.0;0.0;0.0;0.0;1.0;1.0;0.0;0.0;0.0;0.0;0.0;0.0;0.0;0.0;0.0;0.0;0.0;0.0;0.0;0.0;0.0;0.0;0.0;0.0
2024-02-06;Stuttgart;23;17;17;18;6;Leverkusen;1;2;12;16;5;6;0.43;0.57;522;0.84;6;8;1;2;0;0;4;1.0;0.0;0.0;0.0;1.0;1.0;1.0;0.0;1.0;1.0;0.0;8;0.035625;0.1666666666666666;438;0.0136986301369863;1018.6046511627908;0.3333333333333333;9.30232558139535;-4;-0.1399999999999999;-4;-1;-2;0.0229885057471264;0.1666666666666666;0.215;2.0;1;1;2;0;0;1;1;0;0.1666666666666666;0.4;0.003831417624521;6.0;0.0;0.0;0.0;1.0;0.0;0.0;0.0;0.0;1.0;0.0;1.0;0.0;0.0;0.0;0.0;1.0;1.0;0.0;0.0;0.0;0.0;0.0;0.0;0.0;0.0;0.0;0.0;0.0;0.0;0.0;0.0;0.0;0.0;0.0;0.0
2024-02-03;Stuttgart;9;17;3;18;170;Friburgo;2;5;17;6;9;4;0.66;0.34;714;0.87;7;10;2;4;0;1;6;1.0;0.0;0.0;0.0;1.0;1.0;1.0;0.0;1.0;1.0;0.0;1;0.0566666666666666;0.2857142857142857;621;0.0112721417069243;940.9090909090908;0.3529411764705882;9.09090909090909;11;0.32;5;-3;-3;0.0238095238095238;0.1764705882352941;0.22;2.0;2;1;3;1;0;0;1;0;0.1764705882352941;0.3333333333333333;0.0042016806722689;5.666666666666667;1.0;0.0;0.0;1.0;0.0;0.0;0.0;0.0;1.0;0.0;1.0;0.0;0.0;0.0;0.0;1.0;0.0;0.0;0.0;0.0;0.0;0.0;0.0;0.0;0.0;0.0;0.0;0.0;0.0;0.0;0.0;0.0;0.0;0.0;0.0
2024-01-27;Stuttgart;9;2;13;18;31;RB Leipzig;1;4;18;4;9;2;0.55;0.45;553;0.84;9;11;1;4;0;0;9;1.0;0.0;0.0;0.0;1.0;0.0;1.0;1.0;1.0;1.0;0.0;3;0.1125;0.1111111111111111;465;0.0193548387096774;845.4545454545454;0.5;16.363636363636363;14;0.1;6;-3;-2;0.0325497287522604;0.2777777777777778;0.11;1.8;2;3;5;1;0;0;0;1;0.2777777777777778;0.5555555555555556;0.0090415913200723;3.6;0.0;0.0;0.0;1.0;0.0;0.0;0.0;0.0;1.0;0.0;1.0;0.0;0.0;0.0;0.0;1.0;0.0;0.0;0.0;0.0;1.0;0.0;0.0;0.0;0.0;0.0;0.0;0.0;0.0;0.0;0.0;0.0;0.0;0.0;0.0
2024-01-20;Stuttgart;9;3;1;18;178;Bochum;3;5;19;6;5;1;0.63;0.37;496;0.76;16;16;3;5;0;0;7;1.0;0.0;0.0;0.0;1.0;1.0;1.0;1.0;1.0;1.0;0.0;1;0.0616666666666666;0.1875;377;0.0424403183023872;598.4126984126984;0.3684210526315789;11.11111111111111;13;0.26;6;-2;0;0.0383064516129032;0.0;0.0;0.0;0;0;0;0;0;1;1;0;0.0;0.0;0.0;0.0;0.0;0.0;0.0;1.0;0.0;0.0;0.0;0.0;1.0;0.0;0.0;0.0;0.0;0.0;0.0;1.0;0.0;0.0;0.0;0.0;1.0;0.0;0.0;0.0;0.0;0.0;0.0;0.0;0.0;0.0;0.0;0.0;0.0;0.0;0.0
2024-01-14;Stuttgart;9;3;0;18;172;Mönchengladbach;3;3;15;8;2;4;0.72;0.28;854;0.88;11;7;3;3;0;0;3;1.0;1.0;0.0;0.0;1.0;1.0;1.0;0.0;1.0;1.0;0.0;0;0.035;0.2727272727272727;752;0.014627659574468;1044.4444444444446;0.2;4.166666666666667;7;0.4399999999999999;3;0;4;0.0175644028103044;0.0666666666666666;0.72;3.0;0;1;1;0;0;1;1;0;0.0666666666666666;0.5;0.0011709601873536;15.0;0.0;0.0;0.0;1.0;0.0;0.0;0.0;0.0;1.0;0.0;0.0;0.0;0.0;0.0;0.0;1.0;0.0;0.0;0.0;0.0;1.0;0.0;0.0;0.0;0.0;0.0;0.0;0.0;0.0;0.0;0.0;0.0;0.0;0.0;0.0
2023-12-20;Stuttgart;9;1;1;18;173;Augsburgo;0;4;17;6;8;4;0.66;0.34;626;0.87;8;14;0;4;0;0;4;1.0;1.0;0.0;0.0;1.0;1.0;1.0;1.0;1.0;1.0;0.0;4;0.0566666666666666;0.0;545;0.0146788990825688;825.7575757575758;0.2352941176470588;6.0606060606060606;11;0.32;0;-4;-6;0.0271565495207667;0.1764705882352941;0.22;1.3333333333333333;2;1;3;1;0;0;0;1;0.1764705882352941;0.375;0.0047923322683706;5.666666666666667;0.0;0.0;0.0;0.0;0.0;0.0;0.0;0.0;0.0;0.0;0.0;0.0;0.0;0.0;0.0;1.0;0.0;1.0;0.0;0.0;1.0;0.0;0.0;0.0;0.0;0.0;0.0;0.0;0.0;0.0;0.0;0.0;0.0;0.0;0.0
2023-12-17;Stuttgart;9;1;3;18;23;Bayern;3;0;6;17;2;8;0.63;0.37;708;0.9;8;7;3;0;0;0;2;1.0;0.0;0.0;0.0;1.0;1.0;1.0;0.0;1.0;1.0;0.0;6;0.0217647058823529;0.375;637;0.0125588697017268;1011.1111111111112;0.3333333333333333;3.1746031746031744;-11;0.26;-4;3;1;0.0084745762711864;0.0;0.0;0.0;0;0;0;0;0;1;1;0;0.0;0.0;0.0;0.0;0.0;0.0;0.0;1.0;0.0;0.0;0.0;0.0;1.0;0.0;0.0;0.0;0.0;0.0;0.0;1.0;0.0;1.0;0.0;0.0;1.0;0.0;0.0;0.0;0.0;0.0;0.0;0.0;0.0;0.0;0.0;0.0;0.0;0.0;0.0
2023-12-10;Stuttgart;9;3;17;18;6;Leverkusen;1;1;22;18;12;5;0.52;0.48;568;0.87;8;7;1;1;0;0;8;1.0;0.0;0.0;0.0;1.0;1.0;1.0;0.0;1.0;1.0;0.0;8;0.0266666666666666;0.125;494;0.0161943319838056;950.0;0.3636363636363636;15.384615384615383;4;0.04;0;0;1;0.0387323943661971;0.0454545454545454;0.52;8.0;1;0;1;0;1;0;0;1;0.0454545454545454;0.0833333333333333;0.0017605633802816;22.0;0.0;0.0;0.0;1.0;0.0;0.0;0.0;0.0;1.0;0.0;0.0;0.0;0.0;0.0;0.0;1.0;0.0;1.0;0.0;0.0;1.0;0.0;0.0;0.0;0.0;0.0;0.0;0.0;0.0;0.0;0.0;0.0;0.0;0.0;0.0
2023-12-06;Stuttgart;23;13;6;18;11;Dortmund;2;1;17;11;7;4;0.55;0.45;495;0.85;18;10;2;1;0;0;4;1.0;0.0;0.0;0.0;1.0;1.0;1.0;0.0;1.0;1.0;0.0;2;0.0409090909090909;0.1111111111111111;421;0.0427553444180522;765.4545454545454;0.2352941176470588;7.272727272727272;6;0.1;2;1;8;0.0343434343434343;0.1176470588235294;0.275;2.0;0;2;2;1;0;0;0;1;0.1176470588235294;0.2857142857142857;0.004040404040404;8.5;0.0;0.0;0.0;1.0;0.0;0.0;0.0;0.0;1.0;0.0;0.0;0.0;0.0;0.0;0.0;1.0;0.0;1.0;0.0;0.0;1.0;0.0;0.0;0.0;0.0;0.0;0.0;0.0;0.0;0.0;0.0;0.0;0.0;0.0;0.0
2023-12-02;Stuttgart;9;13;2;18;171;Werder Bremen;1;0;19;12;6;3;0.58;0.42;596;0.88;6;9;1;0;0;0;6;1.0;1.0;0.0;0.0;1.0;1.0;0.0;0.0;1.0;1.0;0.0;7;0.0349999999999999;0.1666666666666666;524;0.0114503816793893;903.4482758620692;0.3157894736842105;10.344827586206897;7;0.1599999999999999;-1;1;-3;0.0318791946308724;0.1052631578947368;0.29;3.0;1;1;2;1;0;0;0;1;0.1052631578947368;0.3333333333333333;0.0033557046979865;9.5;0.0;0.0;0.0;1.0;0.0;0.0;0.0;0.0;0.0;0.0;0.0;0.0;0.0;0.0;0.0;1.0;0.0;1.0;0.0;0.0;1.0;1.0;0.0;0.0;0.0;0.0;0.0;0.0;0.0;0.0;0.0;0.0;0.0;0.0;0.0
2023-11-25;Stuttgart;9;1;8;18;87;Frankfurt;1;0;11;14;5;1;0.42;0.58;443;0.82;8;14;1;0;0;0;2;1.0;0.0;0.0;0.0;1.0;1.0;1.0;1.0;1.0;1.0;0.0;4;0.0414285714285714;0.125;363;0.0220385674931129;864.2857142857143;0.1818181818181818;4.761904761904762;-3;-0.1599999999999999;-2;1;-6;0.0248306997742663;0.1818181818181818;0.21;1.0;2;0;2;1;0;0;1;0;0.1818181818181818;0.4;0.0045146726862302;5.5;0.0;0.0;0.0;1.0;0.0;0.0;0.0;0.0;0.0;0.0;0.0;0.0;0.0;0.0;0.0;1.0;1.0;0.0;0.0;0.0;1.0;0.0;0.0;0.0;0.0;0.0;0.0;0.0;0.0;0.0;0.0;0.0;0.0;0.0;0.0
2023-11-11;Stuttgart;9;13;0;18;11;Dortmund;2;3;22;5;10;1;0.59;0.41;634;0.86;13;16;2;3;0;0;6;1.0;0.0;0.0;0.0;1.0;1.0;1.0;1.0;1.0;1.0;0.0;1;0.0819999999999999;0.1538461538461538;545;0.0238532110091743;923.728813559322;0.2727272727272727;10.16949152542373;17;0.18;5;-1;-3;0.0347003154574132;0.0909090909090909;0.295;3.0;1;1;2;1;0;0;0;1;0.0909090909090909;0.2;0.0031545741324921;11.0;0.0;0.0;0.0;1.0;0.0;0.0;0.0;0.0;0.0;0.0;0.0;0.0;0.0;0.0;0.0;1.0;1.0;0.0;0.0;0.0;1.0;0.0;0.0;0.0;0.0;0.0;0.0;0.0;0.0;0.0;0.0;0.0;0.0;0.0;0.0
2023-11-05;Stuttgart;9;3;3;18;142;Heidenheim;2;2;17;19;2;3;0.7;0.3;621;0.85;13;7;2;2;0;0;6;1.0;0.0;0.0;0.0;0.0;1.0;1.0;0.0;1.0;1.0;0.0;9;0.0157894736842105;0.1538461538461538;528;0.0246212121212121;754.2857142857143;0.3529411764705882;8.571428571428571;-2;0.3999999999999999;-3;0;6;0.0273752012882447;0.0;0.0;0.0;0;0;0;0;0;1;1;0;0.0;0.0;0.0;0.0;0.0;0.0;0.0;0.0;0.0;0.0;0.0;0.0;0.0;0.0;1.0;0.0;0.0;0.0;0.0;1.0;1.0;0.0;0.0;1.0;1.0;1.0;0.0;0.0;0.0;0.0;0.0;0.0;0.0;0.0;0.0;0.0;0.0;0.0;0.0
2023-10-31;Stuttgart;23;3;3;18;169;FC Union Berlin;2;2;16;7;3;0;0.63;0.37;679;0.88;8;10;2;2;0;0;4;1.0;1.0;0.0;0.0;0.0;1.0;1.0;1.0;1.0;1.0;0.0;5;0.0528571428571428;0.25;598;0.0133779264214046;949.2063492063492;0.25;6.349206349206349;9;0.26;-1;0;-2;0.0235640648011782;0.0625;0.63;4.0;1;0;1;1;0;0;0;1;0.0625;0.3333333333333333;0.0014727540500736;16.0;0.0;0.0;0.0;0.0;0.0;0.0;0.0;0.0;0.0;0.0;0.0;0.0;0.0;0.0;0.0;1.0;1.0;0.0;0.0;1.0;1.0;0.0;0.0;0.0;0.0;0.0;0.0;0.0;0.0;0.0;0.0;0.0;0.0;0.0;0.0
2023-10-28;Stuttgart;9;3;30;18;97;Hoffenheim;2;1;23;7;10;5;0.74;0.26;705;0.88;13;11;2;1;0;0;6;1.0;1.0;0.0;0.0;0.0;1.0;1.0;0.0;1.0;1.0;0.0;0;0.0371428571428571;0.1538461538461538;620;0.0209677419354838;837.8378378378378;0.2608695652173913;8.108108108108109;16;0.48;6;1;2;0.0326241134751773;0.0869565217391304;0.37;3.0;0;2;2;0;0;1;0;1;0.0869565217391304;0.2;0.0028368794326241;11.5;0.0;0.0;0.0;1.0;0.0;0.0;0.0;0.0;0.0;0.0;1.0;0.0;0.0;0.0;0.0;1.0;1.0;0.0;0.0;0.0;0.0;1.0;0.0;0.0;0.0;0.0;0.0;0.0;0.0;0.0;0.0;0.0;0.0;0.0;0.0
2023-10-21;Stuttgart;9;3;2;18;169;FC Union Berlin;1;2;10;9;5;1;0.58;0.42;590;0.84;12;12;1;2;0;0;2;1.0;0.0;0.0;0.0;1.0;1.0;1.0;1.0;0.0;1.0;0.0;4;0.0466666666666666;0.0833333333333333;496;0.0241935483870967;855.1724137931035;0.2;3.4482758620689657;1;0.1599999999999999;-2;-1;0;0.0169491525423728;0.3;0.1933333333333333;0.6666666666666666;1;2;3;1;0;0;1;0;0.3;0.6;0.0050847457627118;3.333333333333333;0.0;0.0;0.0;1.0;0.0;0.0;0.0;0.0;0.0;0.0;1.0;0.0;0.0;0.0;0.0;1.0;0.0;1.0;0.0;0.0;1.0;0.0;0.0;0.0;0.0;0.0;0.0;0.0;0.0;0.0;0.0;0.0;0.0;0.0;0.0
2023-10-07;Stuttgart;9;3;3;18;175;Wolfsburg;1;3;14;12;8;5;0.6;0.4;573;0.85;13;14;1;3;0;0;5;1.0;1.0;0.0;0.0;0.0;1.0;1.0;1.0;0.0;1.0;0.0;6;0.0333333333333333;0.0769230769230769;487;0.0266940451745379;811.6666666666667;0.3571428571428571;8.333333333333334;2;0.1999999999999999;-1;-2;-1;0.0244328097731239;0.2142857142857142;0.1999999999999999;1.6666666666666667;0;3;3;1;0;0;0;1;0.2142857142857142;0.375;0.0052356020942408;4.666666666666667;0.0;0.0;0.0;1.0;0.0;0.0;0.0;0.0;0.0;0.0;1.0;0.0;0.0;0.0;0.0;1.0;1.0;1.0;0.0;0.0;0.0;0.0;0.0;0.0;0.0;0.0;0.0;0.0;0.0;0.0;0.0;0.0;0.0;0.0;0.0
2023-09-30;Stuttgart;9;3;14;18;190;Colonia;1;2;18;14;4;5;0.61;0.39;580;0.87;8;16;1;2;0;0;4;1.0;1.0;0.0;0.0;0.0;1.0;1.0;1.0;0.0;1.0;0.0;8;0.0278571428571428;0.125;505;0.0158415841584158;827.8688524590165;0.2222222222222222;6.557377049180328;4;0.2199999999999999;-4;-1;-8;0.0310344827586206;0.1111111111111111;0.305;2.0;0;2;2;1;0;0;1;0;0.1111111111111111;0.5;0.0034482758620689;9.0;0.0;0.0;0.0;1.0;0.0;0.0;0.0;0.0;0.0;0.0;1.0;0.0;0.0;0.0;0.0;1.0;1.0;1.0;0.0;0.0;0.0;0.0;0.0;0.0;0.0;0.0;0.0;0.0;0.0;0.0;0.0;0.0;0.0;0.0;0.0
2023-09-22;Stuttgart;9;3;9;18;191;SV Darmstadt 98;1;6;18;4;11;0;0.58;0.42;641;0.87;7;12;1;6;0;0;5;1.0;1.0;0.0;0.0;0.0;1.0;1.0;0.0;0.0;1.0;0.0;4;0.105;0.1428571428571428;558;0.0125448028673835;962.0689655172414;0.2777777777777778;8.620689655172415;14;0.1599999999999999;1;-5;-5;0.0280811232449297;0.1666666666666666;0.1933333333333333;1.6666666666666667;2;1;3;1;0;0;0;1;0.1666666666666666;0.2727272727272727;0.0046801872074883;6.0;0.0;0.0;0.0;1.0;0.0;0.0;0.0;0.0;0.0;0.0;0.0;0.0;0.0;0.0;0.0;1.0;1.0;1.0;0.0;0.0;1.0;1.0;0.0;0.0;0.0;0.0;0.0;0.0;0.0;0.0;0.0;0.0;0.0;0.0;0.0
2023-09-16;Stuttgart;9;3;17;18;174;Mainz 05;2;1;15;15;6;3;0.61;0.39;587;0.83;9;12;2;1;0;0;4;1.0;1.0;0.0;0.0;0.0;1.0;1.0;0.0;0.0;1.0;0.0;6;0.026;0.2222222222222222;487;0.0184804928131416;798.360655737705;0.2666666666666666;6.557377049180328;0;0.2199999999999999;-2;1;-3;0.0255536626916524;0.2;0.2033333333333333;1.3333333333333333;0;3;3;1;0;0;1;0;0.2;0.5;0.0051107325383304;5.0;0.0;0.0;0.0;1.0;0.0;0.0;0.0;0.0;0.0;0.0;0.0;0.0;0.0;0.0;0.0;1.0;1.0;1.0;0.0;0.0;1.0;1.0;0.0;0.0;0.0;0.0;0.0;0.0;0.0;0.0;0.0;0.0;0.0;0.0;0.0
2023-09-02;Stuttgart;9;3;3;18;170;Friburgo;1;1;13;13;6;7;0.48;0.52;497;0.86;9;10;1;1;0;0;2;1.0;1.0;0.0;0.0;0.0;1.0;1.0;0.0;0.0;1.0;0.0;4;0.04;0.1111111111111111;427;0.0210772833723653;889.5833333333334;0.1538461538461538;4.166666666666667;0;-0.04;-2;0;-1;0.0261569416498993;0.3846153846153846;0.096;0.4;3;2;5;1;0;0;0;1;0.3846153846153846;0.8333333333333334;0.0100603621730382;2.6;0.0;0.0;0.0;0.0;0.0;0.0;0.0;0.0;0.0;0.0;0.0;0.0;0.0;0.0;0.0;1.0;1.0;1.0;0.0;1.0;1.0;1.0;0.0;0.0;0.0;0.0;0.0;0.0;0.0;0.0;0.0;0.0;0.0;0.0;0.0
2023-08-25;Stuttgart;9;3;13;18;31;RB Leipzig;1;1;9;20;4;11;0.46;0.54;439;0.81;10;11;1;1;0;0;4;1.0;1.0;0.0;0.0;0.0;1.0;0.0;0.0;0.0;1.0;0.0;4;0.027;0.1;356;0.0280898876404494;773.9130434782609;0.4444444444444444;8.695652173913043;-11;-0.08;0;0;-1;0.020501138952164;0.1111111111111111;0.46;4.0;1;0;1;0;0;1;1;0;0.1111111111111111;0.25;0.0022779043280182;9.0;0.0;0.0;0.0;0.0;0.0;0.0;0.0;0.0;0.0;0.0;0.0;0.0;0.0;0.0;0.0;1.0;1.0;1.0;0.0;1.0;1.0;1.0;1.0;0.0;0.0;0.0;0.0;0.0;0.0;0.0;0.0;0.0;0.0;0.0;0.0
2023-08-19;Stuttgart;9;3;17;18;178;Bochum;1;1;21;4;9;1;0.61;0.39;547;0.86;5;12;1;1;0;0;7;1.0;1.0;0.0;0.0;0.0;1.0;0.0;0.0;0.0;1.0;0.0;0;0.0975;0.2;470;0.0106382978723404;770.4918032786885;0.3333333333333333;11.475409836065571;17;0.2199999999999999;7;0;-7;0.0383912248628884;0.238095238095238;0.122;1.4;2;3;5;1;0;0;0;1;0.238095238095238;0.5555555555555556;0.0091407678244972;4.2;0.0;0.0;0.0;1.0;0.0;0.0;0.0;0.0;0.0;0.0;0.0;0.0;0.0;0.0;0.0;1.0;1.0;1.0;0.0;1.0;1.0;1.0;0.0;0.0;0.0;0.0;0.0;0.0;0.0;0.0;0.0;0.0;0.0;0.0;0.0
2023-08-12;Stuttgart;23;0;2;18;-1;TSG Balingen;0;0;24;3;10;1;0.69;0.31;628;0.89;7;8;0;0;0;0;5;1.0;1.0;0.0;0.0;0.0;1.0;0.0;0.0;0.0;1.0;0.0;3;0.1033333333333333;0.0;559;0.0125223613595706;810.144927536232;0.2083333333333333;7.246376811594203;21;0.3799999999999999;2;0;-1;0.0382165605095541;0.1666666666666666;0.1725;1.25;3;1;4;1;0;0;1;0;0.1666666666666666;0.4;0.0063694267515923;6.0;0.0;0.0;0.0;1.0;0.0;0.0;0.0;0.0;0.0;0.0;0.0;0.0;0.0;0.0;0.0;1.0;1.0;1.0;0.0;0.0;1.0;1.0;0.0;1.0;0.0;0.0;0.0;0.0;0.0;0.0;0.0;0.0;0.0;0.0;0.0
2023-06-05;Stuttgart;-1;8;0;18;183;Hamburg;6;5;9;11;4;4;0.37;0.63;328;0.7;18;15;6;5;0;0;3;0.0;0.0;0.0;0.0;0.0;1.0;0.0;0.0;0.0;1.0;0.0;5;0.0572727272727272;0.3333333333333333;230;0.0782608695652174;621.6216216216217;0.3333333333333333;8.108108108108109;-2;-0.26;-2;1;3;0.0274390243902439;0.3333333333333333;0.1233333333333333;1.0;0;3;3;1;0;0;1;0;0.3333333333333333;0.75;0.0091463414634146;3.0;0.0;0.0;0.0;1.0;0.0;0.0;0.0;0.0;1.0;0.0;0.0;0.0;0.0;0.0;0.0;1.0;1.0;1.0;0.0;0.0;0.0;0.0;0.0;1.0;1.0;1.0;1.0;0.0;0.0;0.0;0.0;0.0;0.0;0.0;0.0
2023-06-01;Stuttgart;-1;1;0;18;183;Hamburg;1;3;18;7;9;2;0.53;0.47;449;0.85;11;9;1;2;0;1;7;0.0;0.0;0.0;0.0;0.0;1.0;0.0;0.0;0.0;1.0;0.0;3;0.0671428571428571;0.0909090909090909;382;0.0287958115183246;720.754716981132;0.3888888888888889;13.20754716981132;11;0.06;4;-2;2;0.0400890868596882;0.1666666666666666;0.1766666666666666;2.333333333333333;1;2;3;1;0;0;0;1;0.1666666666666666;0.3333333333333333;0.0066815144766146;6.0;0.0;0.0;0.0;1.0;0.0;0.0;0.0;0.0;1.0;0.0;0.0;0.0;0.0;0.0;0.0;1.0;1.0;1.0;0.0;0.0;0.0;0.0;0.0;1.0;1.0;1.0;1.0;0.0;0.0;0.0;0.0;0.0;0.0;0.0;0.0
2023-05-27;Stuttgart;9;17;2;18;97;Hoffenheim;0;0;23;8;4;2;0.58;0.42;547;0.86;12;10;0;0;0;0;9;0.0;0.0;0.0;0.0;0.0;1.0;0.0;0.0;0.0;1.0;0.0;2;0.0525;0.0;470;0.025531914893617;810.344827586207;0.391304347826087;15.517241379310343;15;0.1599999999999999;7;0;2;0.0420475319926873;0.0434782608695652;0.58;9.0;0;1;1;0;1;0;0;1;0.0434782608695652;0.25;0.0018281535648994;23.0;0.0;0.0;0.0;0.0;0.0;0.0;0.0;0.0;1.0;0.0;0.0;1.0;0.0;0.0;0.0;1.0;1.0;1.0;0.0;0.0;0.0;1.0;0.0;1.0;0.0;1.0;1.0;0.0;0.0;0.0;0.0;0.0;0.0;0.0;0.0
2023-05-21;Stuttgart;9;17;17;18;174;Mainz 05;1;3;7;10;6;6;0.54;0.46;486;0.82;11;18;1;3;0;0;3;0.0;0.0;0.0;0.0;0.0;1.0;0.0;0.0;0.0;0.0;0.0;6;0.046;0.0909090909090909;399;0.0275689223057644;738.8888888888888;0.4285714285714285;5.555555555555555;-3;0.08;-3;-2;-7;0.0144032921810699;0.5714285714285714;0.135;0.75;1;3;4;1;0;0;1;0;0.5714285714285714;0.6666666666666666;0.0082304526748971;1.75;0.0;0.0;0.0;0.0;0.0;0.0;0.0;0.0;1.0;0.0;0.0;1.0;0.0;0.0;0.0;1.0;1.0;1.0;0.0;0.0;1.0;1.0;0.0;1.0;0.0;0.0;0.0;1.0;1.0;0.0;0.0;0.0;0.0;0.0;0.0
2023-05-14;Stuttgart;9;17;6;18;6;Leverkusen;3;4;9;12;1;2;0.53;0.47;520;0.86;7;14;3;4;0;0;7;0.0;0.0;0.0;0.0;0.0;1.0;0.0;0.0;0.0;0.0;0.0;3;0.0391666666666666;0.4285714285714285;447;0.0156599552572706;843.3962264150942;0.7777777777777778;13.20754716981132;-3;0.06;4;-1;-7;0.0173076923076923;0.1111111111111111;0.53;7.0;0;1;1;0;1;0;0;1;0.1111111111111111;1.0;0.0019230769230769;9.0;0.0;0.0;0.0;0.0;0.0;0.0;0.0;0.0;1.0;0.0;0.0;1.0;0.0;0.0;0.0;1.0;1.0;1.0;0.0;0.0;1.0;1.0;0.0;1.0;0.0;0.0;1.0;0.0;1.0;0.0;0.0;0.0;0.0;0.0;0.0
2023-05-06;Stuttgart;9;17;1;18;184;Hertha Berlin;1;4;14;7;4;3;0.71;0.29;610;0.84;19;9;1;4;0;0;5;0.0;0.0;0.0;0.0;0.0;0.0;0.0;0.0;0.0;0.0;0.0;3;0.0414285714285714;0.0526315789473684;512;0.037109375;721.1267605633803;0.3571428571428571;7.042253521126761;7;0.42;2;-3;10;0.0229508196721311;0.0714285714285714;0.71;5.0;1;0;1;0;0;1;1;0;0.0714285714285714;0.25;0.001639344262295;14.0;0.0;0.0;0.0;1.0;0.0;0.0;0.0;0.0;1.0;0.0;0.0;1.0;0.0;0.0;0.0;1.0;1.0;1.0;0.0;0.0;1.0;0.0;0.0;1.0;0.0;0.0;1.0;0.0;1.0;1.0;0.0;0.0;0.0;0.0;0.0
2023-05-03;Stuttgart;23;6;17;18;87;Frankfurt;5;4;13;11;7;4;0.54;0.46;512;0.83;18;14;4;4;1;0;3;0.0;0.0;0.0;0.0;0.0;1.0;0.0;0.0;0.0;0.0;0.0;6;0.0418181818181818;0.2777777777777778;425;0.0423529411764705;787.037037037037;0.2307692307692307;5.555555555555555;2;0.08;-3;1;4;0.025390625;0.1538461538461538;0.27;1.5;1;1;2;0;0;1;0;1;0.1538461538461538;0.2857142857142857;0.00390625;6.5;0.0;0.0;0.0;0.0;0.0;0.0;0.0;0.0;1.0;0.0;0.0;1.0;0.0;0.0;0.0;1.0;1.0;1.0;0.0;0.0;0.0;1.0;0.0;1.0;0.0;1.0;1.0;0.0;1.0;0.0;0.0;0.0;0.0;0.0;0.0
2023-04-29;Stuttgart;9;4;3;18;172;Mönchengladbach;2;3;17;9;6;4;0.41;0.59;443;0.82;11;14;2;2;0;1;5;0.0;0.0;0.0;0.0;0.0;1.0;0.0;0.0;0.0;0.0;0.0;8;0.0655555555555555;0.1818181818181818;363;0.0303030303030303;885.3658536585366;0.2941176470588235;12.195121951219512;8;-0.18;-3;-1;-3;0.0383747178329571;0.1176470588235294;0.205;2.5;1;1;2;1;0;0;0;1;0.1176470588235294;0.3333333333333333;0.0045146726862302;8.5;0.0;0.0;0.0;1.0;0.0;0.0;0.0;0.0;1.0;0.0;0.0;1.0;0.0;0.0;0.0;1.0;0.0;1.0;0.0;0.0;1.0;1.0;0.0;1.0;0.0;1.0;1.0;0.0;0.0;0.0;0.0;0.0;0.0;0.0;0.0
2023-04-21;Stuttgart;9;17;1;18;173;Augsburgo;3;5;7;4;3;1;0.62;0.38;539;0.8;12;17;3;5;0;0;3;0.0;0.0;0.0;0.0;0.0;1.0;0.0;0.0;0.0;1.0;0.0;1;0.095;0.25;431;0.0278422273781902;695.1612903225806;0.4285714285714285;4.838709677419355;3;0.24;2;-2;-5;0.0129870129870129;0.1428571428571428;0.62;3.0;0;1;1;0;1;0;1;0;0.1428571428571428;0.3333333333333333;0.0018552875695732;7.0;0.0;0.0;0.0;1.0;0.0;0.0;0.0;0.0;1.0;0.0;0.0;1.0;0.0;0.0;0.0;1.0;1.0;1.0;0.0;0.0;1.0;0.0;0.0;1.0;0.0;0.0;1.0;0.0;0.0;0.0;0.0;0.0;0.0;0.0;0.0
2023-04-15;Stuttgart;9;17;7;18;11;Dortmund;4;3;12;15;5;6;0.43;0.57;452;0.86;7;14;3;3;1;0;5;0.0;0.0;0.0;0.0;0.0;1.0;0.0;0.0;0.0;1.0;0.0;7;0.038;0.5714285714285714;389;0.0179948586118251;904.6511627906976;0.4166666666666667;11.627906976744184;-3;-0.1399999999999999;-2;1;-7;0.0265486725663716;0.25;0.1433333333333333;1.6666666666666667;0;3;3;0;1;0;0;1;0.25;0.6;0.0066371681415929;4.0;0.0;0.0;0.0;1.0;0.0;0.0;0.0;0.0;1.0;0.0;0.0;1.0;0.0;0.0;0.0;1.0;0.0;1.0;0.0;0.0;1.0;0.0;0.0;1.0;0.0;1.0;1.0;0.0;0.0;0.0;0.0;0.0;0.0;0.0;0.0
2023-04-09;Stuttgart;9;2;3;18;178;Bochum;3;3;15;12;7;5;0.44;0.56;384;0.73;8;12;3;3;0;0;4;0.0;0.0;0.0;0.0;0.0;1.0;0.0;0.0;0.0;1.0;0.0;7;0.0466666666666666;0.375;280;0.0285714285714285;636.3636363636364;0.2666666666666666;9.090909090909092;3;-0.12;-3;0;-4;0.0390625;0.2;0.1466666666666666;1.3333333333333333;1;2;3;1;0;0;1;0;0.2;0.4285714285714285;0.0078125;5.0;0.0;0.0;0.0;1.0;0.0;0.0;0.0;0.0;1.0;0.0;0.0;1.0;0.0;0.0;0.0;1.0;1.0;1.0;0.0;0.0;0.0;0.0;0.0;1.0;0.0;1.0;1.0;0.0;0.0;0.0;0.0;0.0;0.0;0.0;0.0
2023-04-05;Stuttgart;23;4;2;18;186;Nürnberg;3;3;17;6;9;1;0.61;0.39;575;0.84;8;9;3;3;0;0;5;0.0;0.0;0.0;0.0;0.0;1.0;0.0;0.0;0.0;1.0;0.0;2;0.065;0.375;483;0.0165631469979296;791.8032786885246;0.2941176470588235;8.19672131147541;11;0.2199999999999999;3;0;-1;0.0295652173913043;0.0588235294117647;0.61;5.0;0;1;1;1;0;0;1;0;0.0588235294117647;0.1111111111111111;0.0017391304347826;17.0;0.0;0.0;0.0;0.0;0.0;0.0;0.0;0.0;1.0;0.0;0.0;1.0;0.0;0.0;0.0;1.0;1.0;0.0;0.0;0.0;0.0;0.0;0.0;1.0;0.0;1.0;1.0;0.0;0.0;1.0;1.0;0.0;0.0;0.0;0.0
2023-04-01;Stuttgart;9;0;2;18;169;FC Union Berlin;1;1;17;12;8;5;0.63;0.37;511;0.81;12;11;1;1;0;0;5;0.0;0.0;0.0;0.0;0.0;0.0;0.0;0.0;0.0;0.0;0.0;3;0.0308333333333333;0.0833333333333333;414;0.0289855072463768;657.1428571428571;0.2941176470588235;7.936507936507937;5;0.26;2;0;1;0.0332681017612524;0.0;0.0;0.0;0;0;0;0;0;1;1;0;0.0;0.0;0.0;0.0;0.0;0.0;0.0;1.0;0.0;0.0;0.0;0.0;1.0;0.0;0.0;1.0;0.0;0.0;0.0;1.0;1.0;0.0;0.0;0.0;1.0;0.0;0.0;1.0;0.0;1.0;0.0;0.0;1.0;1.0;0.0;1.0;0.0;0.0;0.0
2023-03-18;Stuttgart;9;0;3;18;175;Wolfsburg;1;0;12;9;2;3;0.57;0.43;504;0.84;10;8;1;0;0;0;3;0.0;0.0;0.0;0.0;0.0;1.0;0.0;0.0;0.0;1.0;0.0;8;0.0477777777777777;0.1;423;0.0236406619385342;742.1052631578948;0.25;5.2631578947368425;3;0.1399999999999999;-5;1;2;0.0238095238095238;0.0;0.0;0.0;0;0;0;0;0;1;0;1;0.0;0.0;0.0;0.0;0.0;0.0;0.0;0.0;0.0;0.0;0.0;0.0;0.0;0.0;0.0;1.0;0.0;0.0;0.0;1.0;1.0;0.0;0.0;0.0;0.0;1.0;0.0;1.0;0.0;1.0;1.0;0.0;0.0;1.0;0.0;0.0;1.0;0.0;0.0
2023-03-11;Stuttgart;9;0;17;18;87;Frankfurt;1;4;10;10;4;1;0.48;0.52;468;0.77;11;16;1;4;0;0;2;0.0;0.0;0.0;0.0;0.0;1.0;0.0;0.0;0.0;0.0;0.0;3;0.052;0.0909090909090909;360;0.0305555555555555;750.0;0.2;4.166666666666667;0;-0.04;-1;-3;-5;0.0213675213675213;0.1;0.48;2.0;0;1;1;0;1;0;1;0;0.1;0.25;0.0021367521367521;10.0;0.0;0.0;0.0;0.0;0.0;0.0;0.0;0.0;0.0;0.0;0.0;1.0;0.0;0.0;0.0;1.0;1.0;0.0;0.0;0.0;0.0;0.0;0.0;1.0;0.0;1.0;1.0;0.0;1.0;1.0;0.0;1.0;1.0;0.0;0.0
2023-03-04;Stuttgart;9;0;3;18;23;Bayern;0;0;10;14;4;6;0.39;0.61;426;0.81;6;12;0;0;0;0;3;0.0;0.0;0.0;0.0;0.0;1.0;0.0;0.0;0.0;1.0;0.0;6;0.0435714285714285;0.0;345;0.017391304347826;884.6153846153846;0.3;7.692307692307692;-4;-0.2199999999999999;-3;0;-6;0.0234741784037558;0.1;0.39;3.0;0;1;1;0;0;1;0;1;0.1;0.25;0.0023474178403755;10.0;0.0;0.0;0.0;0.0;0.0;0.0;0.0;0.0;0.0;0.0;0.0;1.0;0.0;0.0;0.0;1.0;1.0;0.0;0.0;0.0;1.0;1.0;0.0;1.0;0.0;1.0;0.0;0.0;0.0;1.0;0.0;0.0;1.0;0.0;0.0
2023-02-25;Stuttgart;9;0;3;18;194;Schalke 04;2;2;17;12;5;6;0.67;0.33;520;0.81;13;12;2;2;0;0;9;0.0;0.0;0.0;0.0;0.0;1.0;0.0;0.0;0.0;1.0;0.0;6;0.0275;0.1538461538461538;421;0.0308788598574821;628.3582089552239;0.5294117647058824;13.43283582089552;5;0.34;3;0;1;0.0326923076923076;0.0588235294117647;0.67;9.0;0;1;1;0;0;1;1;0;0.0588235294117647;0.2;0.0019230769230769;17.0;0.0;0.0;0.0;0.0;0.0;0.0;0.0;0.0;0.0;0.0;0.0;1.0;0.0;0.0;0.0;1.0;1.0;0.0;0.0;0.0;0.0;1.0;0.0;1.0;0.0;1.0;1.0;0.0;0.0;1.0;0.0;0.0;1.0;0.0;0.0
2023-02-18;Stuttgart;9;0;3;18;190;Colonia;3;4;17;12;7;4;0.45;0.55;396;0.75;10;12;3;4;0;0;3;0.0;0.0;0.0;0.0;0.0;1.0;0.0;0.0;0.0;1.0;0.0;6;0.0458333333333333;0.3;297;0.0336700336700336;660.0;0.1764705882352941;6.666666666666666;5;-0.1;-3;-1;-2;0.0429292929292929;0.1764705882352941;0.15;1.0;1;2;3;1;0;0;0;1;0.1764705882352941;0.4285714285714285;0.0075757575757575;5.666666666666667;0.0;0.0;0.0;0.0;0.0;0.0;0.0;0.0;0.0;0.0;0.0;1.0;0.0;0.0;0.0;1.0;1.0;0.0;0.0;0.0;0.0;1.0;0.0;1.0;0.0;1.0;1.0;0.0;0.0;1.0;0.0;0.0;1.0;0.0;0.0
2023-02-11;Stuttgart;9;0;3;18;170;Friburgo;3;3;15;9;3;5;0.47;0.53;438;0.81;10;13;3;3;0;0;3;0.0;0.0;0.0;0.0;0.0;1.0;0.0;0.0;0.0;1.0;0.0;4;0.0588888888888888;0.3;355;0.028169014084507;755.3191489361702;0.2;6.382978723404256;6;-0.06;-1;0;-3;0.0342465753424657;0.0666666666666666;0.47;3.0;1;0;1;0;0;1;1;0;0.0666666666666666;0.3333333333333333;0.002283105022831;15.0;0.0;0.0;0.0;0.0;0.0;0.0;0.0;0.0;0.0;0.0;0.0;1.0;0.0;0.0;0.0;1.0;1.0;0.0;0.0;0.0;1.0;0.0;0.0;1.0;0.0;0.0;1.0;0.0;0.0;1.0;1.0;0.0;1.0;0.0;0.0
2023-02-05;Stuttgart;9;0;29;18;171;Werder Bremen;2;5;17;9;5;3;0.58;0.42;518;0.84;8;18;2;5;0;0;8;0.0;0.0;0.0;0.0;0.0;1.0;0.0;0.0;0.0;1.0;0.0;4;0.0466666666666666;0.25;435;0.0183908045977011;750.0;0.4705882352941176;13.793103448275865;8;0.1599999999999999;4;-3;-10;0.0328185328185328;0.0;0.0;0.0;0;0;0;0;0;1;0;1;0.0;0.0;0.0;0.0;0.0;0.0;0.0;0.0;0.0;0.0;0.0;0.0;0.0;0.0;0.0;0.0;0.0;0.0;0.0;1.0;1.0;1.0;0.0;0.0;0.0;0.0;0.0;1.0;1.0;1.0;0.0;1.0;0.0;1.0;0.0;1.0;0.0;0.0;0.0
2023-01-31;Stuttgart;23;0;9;18;181;Paderborn;4;2;22;1;5;0;0.72;0.28;686;0.86;5;10;4;2;0;0;17;0.0;0.0;0.0;0.0;0.0;1.0;0.0;0.0;0.0;1.0;0.0;0;0.28;0.8;590;0.0084745762711864;819.4444444444445;0.7727272727272727;23.61111111111111;21;0.4399999999999999;17;2;-5;0.032069970845481;0.0909090909090909;0.36;8.5;0;2;2;1;0;0;1;0;0.0909090909090909;0.4;0.0029154518950437;11.0;0.0;0.0;0.0;0.0;0.0;0.0;0.0;0.0;1.0;0.0;0.0;0.0;0.0;0.0;0.0;1.0;1.0;1.0;0.0;0.0;0.0;0.0;0.0;1.0;1.0;1.0;0.0;1.0;0.0;0.0;0.0;1.0;0.0;0.0;0.0
2023-01-27;Stuttgart;9;3;13;18;31;RB Leipzig;0;0;12;10;4;4;0.45;0.55;505;0.83;6;8;0;0;0;0;6;0.0;1.0;0.0;0.0;0.0;1.0;0.0;0.0;0.0;1.0;0.0;3;0.055;0.0;419;0.0143198090692124;931.1111111111112;0.5;13.333333333333332;2;-0.1;3;0;-2;0.0237623762376237;0.0833333333333333;0.45;6.0;0;1;1;0;0;1;1;0;0.0833333333333333;0.25;0.0019801980198019;12.0;0.0;0.0;0.0;0.0;0.0;0.0;0.0;0.0;1.0;0.0;0.0;0.0;0.0;0.0;0.0;1.0;1.0;0.0;0.0;0.0;0.0;0.0;0.0;1.0;1.0;0.0;0.0;1.0;0.0;0.0;1.0;0.0;0.0;1.0;0.0
2023-01-24;Stuttgart;9;0;17;18;97;Hoffenheim;2;1;8;15;4;6;0.52;0.48;445;0.76;4;12;1;1;1;0;4;0.0;0.0;0.0;0.0;0.0;1.0;0.0;0.0;0.0;0.0;0.0;6;0.032;0.5;338;0.0118343195266272;650.0;0.5;7.692307692307692;-7;0.04;-2;1;-8;0.0179775280898876;0.25;0.26;2.0;1;1;2;0;1;0;1;0;0.25;0.5;0.0044943820224719;4.0;0.0;0.0;0.0;0.0;0.0;0.0;0.0;0.0;0.0;0.0;0.0;0.0;0.0;0.0;0.0;1.0;1.0;1.0;0.0;0.0;0.0;1.0;0.0;1.0;1.0;1.0;0.0;1.0;1.0;0.0;0.0;0.0;0.0;0.0;1.0
2023-01-21;Stuttgart;9;0;17;18;174;Mainz 05;1;3;16;13;4;2;0.56;0.44;551;0.85;15;17;1;3;0;0;3;0.0;0.0;0.0;0.0;0.0;1.0;0.0;0.0;0.0;0.0;0.0;5;0.0338461538461538;0.0666666666666666;468;0.032051282051282;835.7142857142857;0.1875;5.357142857142857;3;0.12;-2;-2;-2;0.029038112522686;0.0625;0.56;3.0;1;0;1;0;1;0;0;1;0.0625;0.25;0.0018148820326678;16.0;0.0;0.0;0.0;0.0;0.0;0.0;0.0;0.0;0.0;0.0;0.0;0.0;0.0;0.0;0.0;1.0;1.0;1.0;0.0;0.0;0.0;1.0;0.0;1.0;1.0;1.0;0.0;1.0;1.0;0.0;0.0;0.0;0.0;0.0;1.0
