Fecha;Equipo_name;Torneo;Alineacion;Alineacion_contrincante;equipo;equipo_contrincante;equipo_contrincante_name;tarjetas;tarjetas_contrincante;Remates;Remates_contrincante;Remates al arco;Remates al arco_contrincante;Posesión;Posesión_contrincante;Pases;Precisión de los pases;Faltas;Faltas_contrincante;Tarjetas amarillas;Tarjetas amarillas_contrincante;Tarjetas rojas;Tarjetas rojas_contrincante;Tiros de esquina;Rafael Pires-São Paulo;Cédric Soares-São Paulo;Ruan Tressoldi-São Paulo;Alan Franco-São Paulo;Wendell-São Paulo;Alisson Euler de Freitas Castro-São Paulo;Marcos Antônio Silva Santos-São Paulo;Lucas Ferreira-São Paulo;Luciano da Rocha Neves-São Paulo;Matheus Alves Nascimento-São Paulo;André Silva-São Paulo;Tiros de esquina_concedidos;Posesión_contra_por_remate;tarjetas_por_falta;pases_completados;faltas_por_pases;pases_por_posesion;tirosEsquina_por_remate;tirosEsquina_por_posesion;diff_remates;diff_posesion;diff_Tiros de esquina;diff_tarjetas;diff_faltas;remates_por_pase;posesion_por_remate;posesion_por_gol;tirosEsquina_por_gol;goles_primera_mitad;goles_segunda_mitad;goles_totales;gano;empato;perdio;visitante;local;conversion_goles;conversion_arco;goles_por_pase;remates_al_arco_por_gol;Igor Vinícius-São Paulo;Nahuel Ferraresi-São Paulo;José Sabino Chagas Monteiro-São Paulo;Enzo Díaz-São Paulo;Damián Bobadilla-São Paulo;Ferreira-São Paulo;Ryan Francisco-São Paulo;Robert Arboleda-São Paulo;Jonathan Calleri-São Paulo;Luiz Gustavo-São Paulo;Oscar-São Paulo;Lucas Moura-São Paulo;Pablo Maia-São Paulo;Jandrei-São Paulo;Patryck-São Paulo;Erick de Arruda Serafim-São Paulo;Santiago Longo-São Paulo;João Moreira-São Paulo;Hugo Leonardo-São Paulo;Henrique Carmo-São Paulo;Rodriguinho-São Paulo;William Gomes-São Paulo;Rafinha-São Paulo;Jamal Lewis-São Paulo;Welington-São Paulo;Wellington Rato-São Paulo;Michel Araújo-São Paulo;Igor Liziero-São Paulo;Rodrigo Nestor-São Paulo;Juan Santos da Silva-São Paulo;Diego Henrique Costa Barbosa-São Paulo;Giuliano Galoppo-São Paulo;James Rodríguez-São Paulo;Nikão-São Paulo;Nathan-São Paulo;Lucas Beraldo-São Paulo;Caio Paulista-São Paulo;Erison Danilo de Souza-São Paulo;Gabriel Neves-São Paulo;David Corrêa da Fonseca-São Paulo;Luan Vinicius da Silva Santos-São Paulo;Matheus Belém-São Paulo;Alexandre Pato-São Paulo;Talles Macedo Toledo Costa-São Paulo;Matheus Alves-São Paulo
2025-05-14;São Paulo;-1;3;7;201;226;Libertad;2;2;14;7;3;1;0.55;0.45;510;0.9;9;9;1;2;1;0;6;1.0;1.0;1.0;1.0;0.0;1.0;1.0;1.0;0.0;0.0;1.0;4;0.0642857142857143;0.2222222222222222;459;0.0196078431372549;834.5454545454545;0.4285714285714285;10.909090909090908;7;0.1;2;0;0;0.0274509803921568;0.0714285714285714;0.55;6.0;0;1;1;0;1;0;0;1;0.0714285714285714;0.3333333333333333;0.0019607843137254;14.0;0.0;0.0;0.0;1.0;0.0;1.0;0.0;0.0;0.0;0.0;1.0;0.0;0.0;0.0;0.0;0.0;0.0;0.0;0.0;0.0;0.0;0.0;0.0;0.0;0.0;0.0;0.0;0.0;0.0;0.0;0.0;0.0;0.0;0.0;0.0;0.0;0.0;0.0;0.0;0.0;0.0;0.0;0.0;0.0;0.0
2025-05-11;São Paulo;10;3;17;201;217;Palmeiras;2;1;6;17;2;4;0.42;0.58;362;0.75;16;12;2;1;0;0;1;1.0;1.0;1.0;1.0;1.0;1.0;1.0;0.0;0.0;0.0;1.0;10;0.0341176470588235;0.125;272;0.0588235294117647;647.6190476190476;0.1666666666666666;2.380952380952381;-11;-0.1599999999999999;-9;1;4;0.0165745856353591;0.0;0.0;0.0;0;0;0;0;0;1;1;0;0.0;0.0;0.0;0.0;0.0;1.0;0.0;0.0;0.0;1.0;0.0;0.0;0.0;0.0;0.0;0.0;0.0;0.0;0.0;0.0;0.0;0.0;0.0;0.0;0.0;0.0;0.0;0.0;0.0;0.0;0.0;0.0;0.0;0.0;0.0;0.0;0.0;0.0;0.0;0.0;0.0;0.0;0.0;0.0;0.0;0.0;0.0;0.0;1.0
2025-05-06;São Paulo;-1;3;0;201;200;Alianza Lima;2;3;13;10;3;1;0.53;0.47;468;0.84;13;10;2;2;0;1;3;1.0;1.0;1.0;1.0;0.0;1.0;1.0;0.0;0.0;0.0;1.0;4;0.047;0.1538461538461538;393;0.0330788804071246;741.5094339622641;0.2307692307692307;5.660377358490566;3;0.06;-1;-1;3;0.0277777777777777;0.1538461538461538;0.265;1.5;1;1;2;1;0;0;1;0;0.1538461538461538;0.6666666666666666;0.0042735042735042;6.5;0.0;1.0;0.0;1.0;0.0;1.0;0.0;0.0;0.0;0.0;0.0;0.0;0.0;0.0;0.0;0.0;0.0;0.0;0.0;0.0;0.0;0.0;0.0;0.0;0.0;0.0;0.0;0.0;0.0;0.0;0.0;0.0;0.0;0.0;0.0;0.0;0.0;0.0;0.0;0.0;0.0;0.0;0.0;0.0;1.0
2025-05-02;São Paulo;10;3;0;201;644;Fortaleza;2;2;14;17;4;1;0.55;0.45;402;0.88;15;19;2;2;0;0;5;1.0;0.0;1.0;1.0;1.0;1.0;0.0;1.0;0.0;0.0;1.0;13;0.0264705882352941;0.1333333333333333;354;0.0423728813559322;643.6363636363636;0.3571428571428571;9.09090909090909;-3;0.1;-8;0;-4;0.0348258706467661;0.0;0.0;0.0;0;0;0;0;1;0;0;1;0.0;0.0;0.0;0.0;0.0;1.0;0.0;0.0;1.0;1.0;0.0;0.0;0.0;0.0;0.0;0.0;0.0;0.0;0.0;0.0;0.0;0.0;0.0;0.0;0.0;0.0;0.0;0.0;0.0;0.0;0.0;0.0;0.0;0.0;0.0;0.0;0.0;0.0;0.0;0.0;0.0;0.0;0.0;0.0;0.0;0.0;0.0;0.0;1.0
2025-04-29;São Paulo;12;3;0;201;699;Náutico;1;2;17;9;6;1;0.59;0.41;538;0.85;13;12;1;2;0;0;11;1.0;1.0;1.0;1.0;1.0;1.0;1.0;1.0;1.0;1.0;1.0;4;0.0455555555555555;0.0769230769230769;457;0.0284463894967177;774.5762711864407;0.6470588235294118;18.64406779661017;8;0.18;7;-1;1;0.0315985130111524;0.1176470588235294;0.295;5.5;1;1;2;1;0;0;0;1;0.1176470588235294;0.3333333333333333;0.0037174721189591;8.5;0.0;0.0;0.0;0.0;0.0;0.0;0.0;0.0;0.0;0.0;0.0;0.0;0.0;0.0;0.0;0.0;0.0;0.0;0.0;0.0;0.0;0.0;0.0;0.0;0.0;0.0;0.0;0.0;0.0;0.0;0.0;0.0;0.0;0.0;0.0;0.0;0.0;0.0;0.0;0.0;0.0;0.0;0.0;0.0;0.0
2025-04-26;São Paulo;10;3;3;201;680;Ceará;5;2;14;7;4;2;0.6;0.4;440;0.87;19;13;5;2;0;0;2;1.0;0.0;0.0;0.0;0.0;1.0;0.0;1.0;1.0;0.0;0.0;3;0.0571428571428571;0.2631578947368421;383;0.0496083550913838;638.3333333333334;0.1428571428571428;3.333333333333333;7;0.1999999999999999;-1;3;6;0.0318181818181818;0.0714285714285714;0.6;2.0;1;0;1;0;1;0;1;0;0.0714285714285714;0.25;0.0022727272727272;14.0;1.0;1.0;1.0;1.0;1.0;1.0;1.0;0.0;0.0;0.0;0.0;0.0;0.0;0.0;0.0;0.0;0.0;0.0;0.0;0.0;0.0;0.0;0.0;0.0;0.0;0.0;0.0;0.0;0.0;0.0;0.0;0.0;0.0;0.0;0.0;0.0;0.0;0.0;0.0;0.0;0.0;0.0;0.0;0.0;0.0
2025-04-23;São Paulo;-1;3;1;201;226;Libertad;2;2;7;11;2;3;0.6;0.4;535;0.87;12;10;2;2;0;0;2;1.0;1.0;1.0;1.0;1.0;1.0;1.0;0.0;0.0;1.0;1.0;6;0.0363636363636363;0.1666666666666666;465;0.0258064516129032;775.0;0.2857142857142857;3.333333333333333;-4;0.1999999999999999;-4;0;2;0.0130841121495327;0.2857142857142857;0.3;1.0;0;2;2;1;0;0;1;0;0.2857142857142857;1.0;0.0037383177570093;3.5;0.0;1.0;0.0;0.0;0.0;1.0;0.0;0.0;0.0;0.0;0.0;0.0;0.0;0.0;0.0;0.0;0.0;0.0;0.0;0.0;0.0;0.0;0.0;0.0;0.0;0.0;0.0;0.0;0.0;0.0;0.0;0.0;0.0;0.0;0.0;0.0;0.0;0.0;0.0;0.0;0.0;0.0;0.0;0.0;0.0
2025-04-20;São Paulo;10;3;3;201;662;Santos;7;3;6;15;3;3;0.41;0.59;323;0.79;17;13;7;3;0;0;5;1.0;1.0;1.0;0.0;0.0;1.0;1.0;1.0;0.0;1.0;1.0;5;0.0393333333333333;0.4117647058823529;255;0.0666666666666666;621.9512195121952;0.8333333333333334;12.195121951219512;-9;-0.18;0;4;4;0.0185758513931888;0.3333333333333333;0.205;2.5;2;0;2;1;0;0;0;1;0.3333333333333333;0.6666666666666666;0.0061919504643962;3.0;0.0;0.0;1.0;1.0;0.0;1.0;0.0;0.0;0.0;0.0;0.0;0.0;0.0;0.0;0.0;0.0;0.0;0.0;0.0;0.0;0.0;0.0;0.0;0.0;0.0;0.0;0.0;0.0;0.0;0.0;0.0;0.0;0.0;0.0;0.0;0.0;0.0;0.0;0.0;0.0;0.0;0.0;0.0;0.0;0.0
2025-04-16;São Paulo;10;17;3;201;210;Botafogo;4;0;14;23;4;8;0.43;0.57;399;0.84;4;11;4;0;0;0;4;1.0;1.0;0.0;1.0;1.0;1.0;1.0;0.0;0.0;1.0;0.0;9;0.0247826086956521;1.0;335;0.0119402985074626;779.0697674418604;0.2857142857142857;9.30232558139535;-9;-0.1399999999999999;-5;4;-7;0.0350877192982456;0.1428571428571428;0.215;2.0;2;0;2;0;1;0;1;0;0.1428571428571428;0.5;0.0050125313283208;7.0;0.0;1.0;0.0;0.0;0.0;1.0;0.0;1.0;1.0;0.0;0.0;0.0;0.0;0.0;0.0;0.0;0.0;0.0;0.0;0.0;0.0;0.0;0.0;0.0;0.0;0.0;0.0;0.0;0.0;0.0;0.0;0.0;0.0;0.0;0.0;0.0;0.0;0.0;0.0;0.0;0.0;0.0;0.0;0.0;0.0
2025-04-13;São Paulo;10;3;3;201;636;Cruzeiro;5;6;11;15;2;2;0.58;0.42;401;0.81;14;21;5;6;0;0;4;1.0;1.0;1.0;1.0;0.0;1.0;1.0;1.0;1.0;0.0;1.0;6;0.028;0.3571428571428571;325;0.043076923076923;560.344827586207;0.3636363636363636;6.896551724137932;-4;0.1599999999999999;-2;-1;-7;0.027431421446384;0.0909090909090909;0.58;4.0;0;1;1;0;1;0;0;1;0.0909090909090909;0.5;0.0024937655860349;11.0;0.0;0.0;0.0;1.0;0.0;1.0;0.0;0.0;0.0;0.0;0.0;0.0;0.0;0.0;0.0;0.0;0.0;0.0;0.0;0.0;0.0;0.0;0.0;0.0;0.0;0.0;0.0;0.0;0.0;0.0;0.0;0.0;0.0;0.0;0.0;0.0;0.0;0.0;0.0;0.0;0.0;0.0;0.0;0.0;0.0
2025-04-10;São Paulo;-1;3;5;201;200;Alianza Lima;1;2;25;14;6;5;0.63;0.37;464;0.87;13;8;1;2;0;0;8;1.0;0.0;0.0;1.0;0.0;1.0;1.0;1.0;1.0;0.0;0.0;1;0.0264285714285714;0.0769230769230769;404;0.0321782178217821;641.2698412698412;0.32;12.698412698412698;11;0.26;7;-1;5;0.0538793103448275;0.08;0.315;4.0;2;0;2;0;1;0;0;1;0.08;0.3333333333333333;0.0043103448275862;12.5;0.0;1.0;0.0;1.0;0.0;1.0;0.0;1.0;1.0;0.0;0.0;0.0;0.0;0.0;0.0;0.0;0.0;0.0;0.0;0.0;0.0;0.0;0.0;0.0;0.0;0.0;0.0;0.0;0.0;0.0;0.0;0.0;0.0;0.0;0.0;0.0;0.0;0.0;0.0;0.0;0.0;0.0;0.0;0.0;0.0
2025-04-06;São Paulo;10;3;0;201;220;Atlético Mineiro;4;1;6;25;4;6;0.4;0.6;328;0.79;12;16;3;0;1;1;4;1.0;1.0;0.0;1.0;1.0;1.0;1.0;0.0;1.0;0.0;1.0;12;0.024;0.3333333333333333;259;0.0463320463320463;647.5;0.6666666666666666;10.0;-19;-0.1999999999999999;-8;3;-4;0.0182926829268292;0.0;0.0;0.0;0;0;0;0;1;0;1;0;0.0;0.0;0.0;0.0;0.0;1.0;0.0;0.0;0.0;1.0;0.0;1.0;0.0;0.0;0.0;0.0;0.0;0.0;0.0;0.0;0.0;0.0;0.0;0.0;0.0;0.0;0.0;0.0;0.0;0.0;0.0;0.0;0.0;0.0;0.0;0.0;0.0;0.0;0.0;0.0;0.0;0.0;0.0;0.0;0.0;0.0;0.0;0.0;0.0
2025-04-02;São Paulo;-1;3;3;201;202;Talleres;3;3;5;17;3;1;0.52;0.48;432;0.84;14;13;3;3;0;0;4;1.0;1.0;0.0;1.0;0.0;1.0;0.0;0.0;0.0;0.0;0.0;5;0.028235294117647;0.2142857142857142;363;0.0385674931129476;698.0769230769231;0.8;7.692307692307692;-12;0.04;-1;0;1;0.011574074074074;0.2;0.52;4.0;0;1;1;1;0;0;1;0;0.2;0.3333333333333333;0.0023148148148148;5.0;0.0;1.0;0.0;1.0;0.0;1.0;0.0;1.0;1.0;1.0;1.0;0.0;0.0;0.0;0.0;0.0;0.0;0.0;0.0;0.0;0.0;0.0;0.0;0.0;0.0;0.0;0.0;0.0;0.0;0.0;0.0;0.0;0.0;0.0;0.0;0.0;0.0;0.0;0.0;0.0;0.0;0.0;0.0;0.0;0.0
2025-03-29;São Paulo;10;29;5;201;679;Sport Recife;0;2;16;8;3;1;0.65;0.35;529;0.87;17;21;0;2;0;0;6;1.0;0.0;0.0;1.0;1.0;1.0;1.0;0.0;1.0;0.0;0.0;2;0.04375;0.0;460;0.0369565217391304;707.6923076923076;0.375;9.23076923076923;8;0.3;4;-2;-4;0.0302457466918714;0.0;0.0;0.0;0;0;0;0;1;0;0;1;0.0;0.0;0.0;0.0;1.0;0.0;1.0;0.0;0.0;0.0;0.0;1.0;1.0;1.0;0.0;0.0;0.0;0.0;0.0;0.0;0.0;0.0;0.0;0.0;0.0;0.0;0.0;0.0;0.0;0.0;0.0;0.0;0.0;0.0;0.0;0.0;0.0;0.0;0.0;0.0;0.0;0.0;0.0;0.0;0.0;0.0;0.0;0.0;0.0
2025-03-10;São Paulo;27;29;3;201;217;Palmeiras;3;3;6;14;1;8;0.63;0.37;508;0.84;16;23;3;3;0;0;2;1.0;1.0;0.0;1.0;0.0;1.0;0.0;0.0;1.0;0.0;0.0;3;0.0264285714285714;0.1875;427;0.0374707259953161;677.7777777777778;0.3333333333333333;3.1746031746031744;-8;0.26;-1;0;-7;0.0118110236220472;0.0;0.0;0.0;0;0;0;0;0;1;1;0;0.0;0.0;0.0;0.0;0.0;1.0;0.0;1.0;0.0;0.0;0.0;1.0;1.0;0.0;1.0;1.0;0.0;0.0;0.0;0.0;0.0;0.0;0.0;0.0;0.0;0.0;0.0;0.0;0.0;0.0;0.0;0.0;0.0;0.0;0.0;0.0;0.0;0.0;0.0;0.0;0.0;0.0;0.0;0.0;0.0;0.0;0.0;0.0;0.0
2025-03-03;São Paulo;27;29;17;201;671;Novorizontino;0;4;8;9;2;2;0.6;0.4;495;0.85;9;21;0;3;0;1;5;1.0;1.0;0.0;1.0;0.0;1.0;1.0;0.0;0.0;0.0;0.0;3;0.0444444444444444;0.0;421;0.0213776722090261;701.6666666666667;0.625;8.333333333333334;-1;0.1999999999999999;2;-4;-12;0.0161616161616161;0.125;0.6;5.0;0;1;1;1;0;0;0;1;0.125;0.5;0.002020202020202;8.0;0.0;1.0;0.0;1.0;0.0;0.0;0.0;1.0;1.0;0.0;1.0;1.0;0.0;0.0;0.0;0.0;0.0;0.0;0.0;0.0;0.0;0.0;0.0;0.0;0.0;0.0;0.0;0.0;0.0;0.0;0.0;0.0;0.0;0.0;0.0;0.0;0.0;0.0;0.0;0.0;0.0;0.0;0.0;0.0;0.0
2025-02-23;São Paulo;27;29;6;201;672;São Bernardo;2;1;13;4;7;2;0.54;0.46;522;0.88;17;10;2;1;0;0;4;1.0;1.0;0.0;0.0;1.0;0.0;1.0;0.0;0.0;0.0;1.0;1;0.115;0.1176470588235294;459;0.037037037037037;850.0;0.3076923076923077;7.4074074074074066;9;0.08;3;1;7;0.0249042145593869;0.2307692307692307;0.18;1.3333333333333333;2;1;3;1;0;0;1;0;0.2307692307692307;0.4285714285714285;0.0057471264367816;4.333333333333333;0.0;1.0;1.0;0.0;0.0;0.0;0.0;1.0;0.0;0.0;1.0;1.0;1.0;0.0;0.0;0.0;0.0;0.0;0.0;0.0;0.0;0.0;0.0;0.0;0.0;0.0;0.0;0.0;0.0;0.0;0.0;0.0;0.0;0.0;0.0;0.0;0.0;0.0;0.0;0.0;0.0;0.0;0.0;0.0;0.0
2025-02-19;São Paulo;27;3;29;201;666;Ponte Preta;2;4;16;10;2;4;0.71;0.29;636;0.9;13;13;2;4;0;0;6;1.0;0.0;0.0;1.0;0.0;0.0;0.0;0.0;1.0;0.0;0.0;1;0.0289999999999999;0.1538461538461538;572;0.0227272727272727;805.6338028169015;0.375;8.450704225352114;6;0.42;5;-2;0;0.0251572327044025;0.0625;0.71;6.0;1;0;1;0;0;1;0;1;0.0625;0.5;0.0015723270440251;16.0;1.0;0.0;0.0;1.0;1.0;0.0;0.0;1.0;1.0;0.0;1.0;1.0;1.0;0.0;0.0;0.0;0.0;0.0;0.0;0.0;0.0;0.0;0.0;0.0;0.0;0.0;0.0;0.0;0.0;0.0;0.0;0.0;0.0;0.0;0.0;0.0;0.0;0.0;0.0;0.0;0.0;0.0;0.0;0.0;0.0
2025-02-16;São Paulo;27;17;14;201;217;Palmeiras;4;0;4;15;1;2;0.44;0.56;336;0.8;15;16;4;0;0;0;2;1.0;0.0;1.0;1.0;0.0;1.0;0.0;0.0;1.0;0.0;1.0;7;0.0373333333333333;0.2666666666666666;269;0.0557620817843866;611.3636363636364;0.5;4.545454545454546;-11;-0.12;-5;4;-1;0.0119047619047619;0.0;0.0;0.0;0;0;0;0;1;0;1;0;0.0;0.0;0.0;0.0;1.0;0.0;0.0;1.0;0.0;0.0;0.0;1.0;1.0;0.0;0.0;0.0;1.0;0.0;0.0;0.0;0.0;0.0;0.0;0.0;0.0;0.0;0.0;0.0;0.0;0.0;0.0;0.0;0.0;0.0;0.0;0.0;0.0;0.0;0.0;0.0;0.0;0.0;0.0;0.0;0.0;0.0;0.0;0.0;0.0
2025-02-13;São Paulo;27;3;17;201;-1;Associação Esportiva Velo Clube Rioclarense;1;1;18;12;8;6;0.65;0.35;596;0.87;11;11;1;1;0;0;7;0.0;1.0;0.0;1.0;0.0;1.0;0.0;0.0;1.0;0.0;0.0;5;0.0291666666666666;0.0909090909090909;519;0.0211946050096339;798.4615384615385;0.3888888888888889;10.769230769230768;6;0.3;2;0;0;0.0302013422818791;0.1666666666666666;0.2166666666666666;2.333333333333333;2;1;3;0;1;0;0;1;0.1666666666666666;0.375;0.0050335570469798;6.0;0.0;0.0;0.0;1.0;0.0;0.0;0.0;1.0;1.0;0.0;1.0;1.0;1.0;1.0;0.0;0.0;0.0;0.0;0.0;0.0;0.0;0.0;0.0;0.0;0.0;0.0;0.0;0.0;0.0;0.0;0.0;0.0;0.0;0.0;0.0;0.0;0.0;0.0;0.0;0.0;0.0;0.0;0.0;0.0;0.0
2025-02-10;São Paulo;27;3;6;201;669;Associação Atlética Internacional;1;4;24;6;7;2;0.71;0.29;615;0.9;10;11;1;3;0;1;10;1.0;0.0;0.0;0.0;0.0;1.0;0.0;0.0;0.0;0.0;0.0;3;0.0483333333333333;0.1;554;0.0180505415162454;780.2816901408451;0.4166666666666667;14.084507042253522;18;0.42;7;-3;-1;0.0390243902439024;0.0;0.0;0.0;0;0;0;0;1;0;0;1;0.0;0.0;0.0;0.0;1.0;0.0;1.0;1.0;0.0;1.0;0.0;1.0;1.0;0.0;1.0;1.0;1.0;0.0;0.0;0.0;0.0;0.0;0.0;0.0;0.0;0.0;0.0;0.0;0.0;0.0;0.0;0.0;0.0;0.0;0.0;0.0;0.0;0.0;0.0;0.0;0.0;0.0;0.0;0.0;0.0;0.0;0.0;0.0;0.0
2025-02-08;São Paulo;27;3;14;201;659;Bragantino;2;2;8;11;0;3;0.64;0.36;470;0.87;17;11;2;1;0;1;7;0.0;0.0;1.0;1.0;0.0;0.0;1.0;0.0;0.0;1.0;1.0;8;0.0327272727272727;0.1176470588235294;409;0.0415647921760391;639.0625;0.875;10.9375;-3;0.28;-1;0;6;0.0170212765957446;0.0;0.0;0.0;0;0;0;0;0;1;1;0;0.0;0.0;0.0;0.0;0.0;1.0;0.0;0.0;1.0;1.0;0.0;0.0;0.0;0.0;0.0;0.0;0.0;1.0;1.0;1.0;0.0;0.0;0.0;0.0;0.0;0.0;0.0;0.0;0.0;0.0;0.0;0.0;0.0;0.0;0.0;0.0;0.0;0.0;0.0;0.0;0.0;0.0;0.0;0.0;0.0;0.0;0.0;0.0;0.0
2025-02-05;São Paulo;27;3;3;201;670;Mirassol;5;1;16;6;7;1;0.57;0.43;537;0.89;17;11;5;1;0;0;4;1.0;0.0;0.0;0.0;0.0;1.0;0.0;0.0;1.0;0.0;0.0;3;0.0716666666666666;0.2941176470588235;478;0.0355648535564853;838.5964912280702;0.25;7.017543859649123;10;0.1399999999999999;1;4;6;0.0297951582867784;0.25;0.1425;1.0;2;2;4;1;0;0;0;1;0.25;0.5714285714285714;0.0074487895716946;4.0;1.0;0.0;1.0;1.0;0.0;0.0;0.0;1.0;1.0;0.0;1.0;1.0;1.0;0.0;0.0;0.0;0.0;0.0;0.0;0.0;0.0;0.0;0.0;0.0;0.0;0.0;0.0;0.0;0.0;0.0;0.0;0.0;0.0;0.0;0.0;0.0;0.0;0.0;0.0;0.0;0.0;0.0;0.0;0.0;0.0
2025-02-01;São Paulo;27;3;3;201;662;Santos;3;4;11;19;4;7;0.6;0.4;449;0.82;9;16;3;4;0;0;1;1.0;0.0;0.0;0.0;0.0;1.0;0.0;0.0;1.0;0.0;0.0;3;0.0210526315789473;0.3333333333333333;368;0.0244565217391304;613.3333333333334;0.0909090909090909;1.6666666666666667;-8;0.1999999999999999;-2;-1;-7;0.0244988864142538;0.0909090909090909;0.6;1.0;1;0;1;0;0;1;1;0;0.0909090909090909;0.25;0.0022271714922048;11.0;1.0;0.0;1.0;1.0;0.0;0.0;0.0;1.0;1.0;0.0;1.0;1.0;1.0;0.0;0.0;0.0;0.0;0.0;0.0;0.0;0.0;0.0;0.0;0.0;0.0;0.0;0.0;0.0;0.0;0.0;0.0;0.0;0.0;0.0;0.0;0.0;0.0;0.0;0.0;0.0;0.0;0.0;0.0;0.0;0.0
2025-01-29;São Paulo;27;3;3;201;663;Portuguesa;3;4;14;9;4;3;0.58;0.42;414;0.8;16;11;3;4;0;0;2;0.0;0.0;1.0;0.0;0.0;0.0;1.0;0.0;0.0;0.0;1.0;4;0.0466666666666666;0.1875;331;0.0483383685800604;570.6896551724138;0.1428571428571428;3.4482758620689657;5;0.1599999999999999;-2;-1;5;0.0338164251207729;0.1428571428571428;0.29;1.0;1;1;2;1;0;0;1;0;0.1428571428571428;0.5;0.0048309178743961;7.0;0.0;1.0;1.0;0.0;1.0;1.0;0.0;0.0;0.0;0.0;0.0;0.0;0.0;1.0;1.0;1.0;1.0;0.0;0.0;0.0;0.0;0.0;0.0;0.0;0.0;0.0;0.0;0.0;0.0;0.0;0.0;0.0;0.0;0.0;0.0;0.0;0.0;0.0;0.0;0.0;0.0;0.0;0.0;0.0;0.0
2025-01-26;São Paulo;27;3;28;201;652;Corinthians;3;3;12;13;5;4;0.48;0.52;440;0.84;15;15;3;3;0;0;2;1.0;0.0;0.0;1.0;0.0;1.0;0.0;0.0;1.0;0.0;0.0;5;0.04;0.2;370;0.0405405405405405;770.8333333333334;0.1666666666666666;4.166666666666667;-1;-0.04;-3;0;0;0.0272727272727272;0.25;0.16;0.6666666666666666;0;3;3;1;0;0;0;1;0.25;0.6;0.0068181818181818;4.0;1.0;0.0;0.0;1.0;0.0;0.0;0.0;1.0;1.0;0.0;1.0;1.0;1.0;0.0;0.0;0.0;0.0;0.0;0.0;0.0;0.0;0.0;0.0;0.0;0.0;0.0;0.0;0.0;0.0;0.0;0.0;0.0;0.0;0.0;0.0;0.0;0.0;0.0;0.0;0.0;0.0;0.0;0.0;0.0;0.0
2025-01-23;São Paulo;27;3;0;201;668;Guarani;0;1;12;10;3;6;0.54;0.46;533;0.84;17;13;0;0;0;1;4;1.0;0.0;0.0;1.0;0.0;1.0;0.0;0.0;1.0;0.0;0.0;1;0.046;0.0;448;0.0379464285714285;829.6296296296296;0.3333333333333333;7.4074074074074066;2;0.08;3;-1;4;0.0225140712945591;0.0833333333333333;0.54;4.0;1;0;1;1;0;0;0;1;0.0833333333333333;0.3333333333333333;0.0018761726078799;12.0;1.0;0.0;0.0;1.0;0.0;0.0;0.0;1.0;1.0;0.0;1.0;1.0;1.0;0.0;0.0;0.0;0.0;0.0;0.0;0.0;0.0;0.0;0.0;0.0;0.0;0.0;0.0;0.0;0.0;0.0;0.0;0.0;0.0;0.0;0.0;0.0;0.0;0.0;0.0;0.0;0.0;0.0;0.0;0.0;0.0
2025-01-20;São Paulo;27;3;1;201;673;Botafogo RP;2;3;7;10;0;2;0.53;0.47;429;0.79;12;9;2;3;0;0;2;1.0;0.0;0.0;0.0;0.0;0.0;0.0;0.0;0.0;0.0;0.0;10;0.047;0.1666666666666666;339;0.0353982300884955;639.622641509434;0.2857142857142857;3.773584905660377;-3;0.06;-8;-1;3;0.0163170163170163;0.0;0.0;0.0;0;0;0;0;1;0;1;0;0.0;0.0;0.0;0.0;0.0;1.0;1.0;0.0;0.0;0.0;1.0;1.0;0.0;0.0;0.0;0.0;0.0;0.0;0.0;0.0;1.0;1.0;1.0;1.0;1.0;1.0;0.0;0.0;0.0;0.0;0.0;0.0;0.0;0.0;0.0;0.0;0.0;0.0;0.0;0.0;0.0;0.0;0.0;0.0;0.0;0.0;0.0;0.0;0.0
2024-12-04;São Paulo;10;3;3;201;779;Juventude;0;2;10;13;2;7;0.7;0.3;607;0.89;9;15;0;2;0;0;12;1.0;0.0;0.0;1.0;0.0;1.0;0.0;0.0;1.0;0.0;1.0;2;0.023076923076923;0.0;540;0.0166666666666666;771.4285714285714;1.2;17.142857142857142;-3;0.3999999999999999;10;-2;-6;0.0164744645799011;0.1;0.7;12.0;0;1;1;0;0;1;0;1;0.1;0.5;0.0016474464579901;10.0;1.0;0.0;0.0;0.0;0.0;0.0;0.0;1.0;0.0;1.0;0.0;1.0;0.0;0.0;1.0;1.0;0.0;0.0;0.0;0.0;0.0;0.0;0.0;0.0;0.0;0.0;0.0;0.0;0.0;0.0;0.0;0.0;0.0;0.0;0.0;0.0;0.0;0.0;0.0;0.0;0.0;0.0;0.0;0.0;0.0
2024-12-01;São Paulo;10;3;3;201;206;Grêmio;1;1;7;16;2;8;0.62;0.38;501;0.9;7;11;1;1;0;0;6;1.0;0.0;1.0;1.0;0.0;1.0;0.0;0.0;1.0;0.0;1.0;10;0.02375;0.1428571428571428;451;0.0155210643015521;727.4193548387096;0.8571428571428571;9.67741935483871;-9;0.24;-4;0;-4;0.0139720558882235;0.1428571428571428;0.62;6.0;0;1;1;0;0;1;1;0;0.1428571428571428;0.5;0.0019960079840319;7.0;1.0;0.0;0.0;0.0;0.0;1.0;0.0;0.0;0.0;1.0;0.0;1.0;0.0;0.0;0.0;0.0;0.0;0.0;0.0;0.0;0.0;0.0;1.0;0.0;0.0;0.0;0.0;0.0;0.0;0.0;0.0;0.0;0.0;0.0;0.0;0.0;0.0;0.0;0.0;0.0;0.0;0.0;0.0;0.0;0.0
2024-11-23;São Paulo;10;3;0;201;220;Atlético Mineiro;3;5;13;3;4;3;0.54;0.46;555;0.87;11;11;3;4;0;1;7;1.0;0.0;1.0;1.0;0.0;1.0;0.0;0.0;1.0;0.0;1.0;1;0.1533333333333333;0.2727272727272727;483;0.0227743271221532;894.4444444444443;0.5384615384615384;12.962962962962962;10;0.08;6;-2;0;0.0234234234234234;0.1538461538461538;0.27;3.5;2;0;2;0;1;0;0;1;0.1538461538461538;0.5;0.0036036036036036;6.5;1.0;0.0;0.0;0.0;0.0;1.0;0.0;0.0;0.0;1.0;0.0;1.0;0.0;0.0;0.0;0.0;0.0;0.0;0.0;0.0;0.0;0.0;1.0;0.0;0.0;0.0;0.0;0.0;0.0;0.0;0.0;0.0;0.0;0.0;0.0;0.0;0.0;0.0;0.0;0.0;0.0;0.0;0.0;0.0;0.0
2024-11-20;São Paulo;10;3;3;201;659;Bragantino;2;3;10;18;2;5;0.57;0.43;446;0.84;12;16;2;3;0;0;1;1.0;0.0;1.0;1.0;0.0;0.0;1.0;0.0;1.0;0.0;1.0;1;0.0238888888888888;0.1666666666666666;375;0.032;657.8947368421053;0.1;1.7543859649122808;-8;0.1399999999999999;0;-1;-4;0.0224215246636771;0.1;0.57;1.0;1;0;1;0;1;0;1;0;0.1;0.5;0.0022421524663677;10.0;1.0;0.0;1.0;0.0;0.0;1.0;0.0;0.0;0.0;1.0;0.0;1.0;0.0;0.0;0.0;0.0;0.0;0.0;0.0;0.0;0.0;0.0;0.0;0.0;0.0;0.0;0.0;0.0;0.0;0.0;0.0;0.0;0.0;0.0;0.0;0.0;0.0;0.0;0.0;0.0;0.0;0.0;0.0;0.0;0.0
2024-11-09;São Paulo;10;3;0;201;649;Paranaense;2;5;10;9;3;3;0.78;0.22;651;0.89;5;20;2;5;0;0;5;1.0;0.0;1.0;1.0;0.0;0.0;1.0;0.0;1.0;0.0;0.0;6;0.0244444444444444;0.4;579;0.0086355785837651;742.3076923076923;0.5;6.41025641025641;1;0.56;-1;-3;-15;0.0153609831029185;0.2;0.39;2.5;0;2;2;1;0;0;0;1;0.2;0.6666666666666666;0.0030721966205837;5.0;1.0;0.0;1.0;0.0;0.0;1.0;0.0;0.0;1.0;1.0;0.0;1.0;0.0;0.0;0.0;0.0;0.0;0.0;0.0;0.0;0.0;0.0;0.0;0.0;0.0;0.0;0.0;0.0;0.0;0.0;0.0;0.0;0.0;0.0;0.0;0.0;0.0;0.0;0.0;0.0;0.0;0.0;0.0;0.0;0.0
2024-11-05;São Paulo;10;3;3;201;697;Bahía;2;3;10;24;4;6;0.47;0.53;418;0.86;16;13;2;3;0;0;3;1.0;0.0;0.0;1.0;0.0;0.0;1.0;0.0;1.0;0.0;0.0;10;0.0220833333333333;0.125;359;0.0445682451253481;763.8297872340426;0.3;6.382978723404256;-14;-0.06;-7;-1;3;0.0239234449760765;0.3;0.1566666666666666;1.0;1;2;3;1;0;0;1;0;0.3;0.75;0.0071770334928229;3.333333333333333;1.0;0.0;1.0;0.0;0.0;1.0;0.0;0.0;1.0;1.0;0.0;1.0;0.0;0.0;0.0;0.0;0.0;0.0;0.0;0.0;0.0;0.0;0.0;1.0;0.0;0.0;0.0;0.0;0.0;0.0;0.0;0.0;0.0;0.0;0.0;0.0;0.0;0.0;0.0;0.0;0.0;0.0;0.0;0.0;0.0
2024-10-26;São Paulo;10;3;3;201;778;Criciúma;0;2;16;10;3;3;0.7;0.3;657;0.88;10;13;0;2;0;0;7;1.0;0.0;0.0;1.0;0.0;0.0;1.0;0.0;1.0;0.0;0.0;6;0.03;0.0;578;0.0173010380622837;825.7142857142858;0.4375;10.0;6;0.3999999999999999;1;-2;-3;0.0243531202435312;0.0625;0.7;7.0;0;1;1;0;1;0;1;0;0.0625;0.3333333333333333;0.0015220700152207;16.0;1.0;0.0;0.0;0.0;0.0;0.0;0.0;1.0;1.0;1.0;0.0;1.0;0.0;0.0;0.0;1.0;0.0;0.0;0.0;0.0;0.0;0.0;0.0;1.0;0.0;0.0;0.0;0.0;0.0;0.0;0.0;0.0;0.0;0.0;0.0;0.0;0.0;0.0;0.0;0.0;0.0;0.0;0.0;0.0;0.0
2024-10-16;São Paulo;10;3;3;201;777;Vasco da Gama;1;0;14;9;6;3;0.48;0.52;415;0.85;8;6;1;0;0;0;3;1.0;0.0;1.0;0.0;0.0;0.0;1.0;0.0;1.0;0.0;0.0;5;0.0577777777777777;0.125;353;0.0226628895184136;735.4166666666667;0.2142857142857142;6.25;5;-0.04;-2;1;2;0.0337349397590361;0.2142857142857142;0.16;1.0;1;2;3;1;0;0;0;1;0.2142857142857142;0.5;0.0072289156626506;4.666666666666667;1.0;0.0;1.0;0.0;0.0;0.0;0.0;0.0;1.0;1.0;0.0;1.0;0.0;0.0;0.0;1.0;0.0;0.0;0.0;0.0;0.0;0.0;0.0;0.0;1.0;0.0;0.0;0.0;0.0;0.0;0.0;0.0;0.0;0.0;0.0;0.0;0.0;0.0;0.0;0.0;0.0;0.0;0.0;0.0;0.0
2024-10-05;São Paulo;10;3;9;201;656;Cuiabá;2;2;12;7;3;3;0.79;0.21;719;0.9;8;12;2;2;0;0;7;1.0;0.0;0.0;0.0;0.0;0.0;0.0;0.0;1.0;0.0;1.0;3;0.03;0.25;647;0.0123647604327666;818.9873417721518;0.5833333333333334;8.860759493670885;5;0.5800000000000001;4;0;-4;0.0166898470097357;0.0;0.0;0.0;0;0;0;0;0;1;1;0;0.0;0.0;0.0;0.0;0.0;0.0;1.0;0.0;1.0;0.0;0.0;1.0;0.0;1.0;0.0;1.0;0.0;0.0;0.0;0.0;0.0;0.0;0.0;0.0;0.0;0.0;1.0;1.0;0.0;1.0;0.0;0.0;0.0;0.0;0.0;0.0;0.0;0.0;0.0;0.0;0.0;0.0;0.0;0.0;0.0;0.0;0.0;0.0;0.0
2024-09-29;São Paulo;10;3;28;201;652;Corinthians;6;6;19;11;8;3;0.53;0.47;379;0.86;18;17;6;4;0;2;7;1.0;0.0;0.0;1.0;0.0;0.0;0.0;0.0;1.0;0.0;0.0;2;0.0427272727272727;0.3333333333333333;326;0.0552147239263803;615.0943396226414;0.3684210526315789;13.20754716981132;8;0.06;5;0;1;0.050131926121372;0.1578947368421052;0.1766666666666666;2.333333333333333;1;2;3;1;0;0;0;1;0.1578947368421052;0.375;0.0079155672823219;6.333333333333333;0.0;0.0;0.0;0.0;1.0;0.0;0.0;1.0;1.0;1.0;0.0;1.0;0.0;0.0;0.0;0.0;0.0;0.0;0.0;0.0;0.0;0.0;1.0;0.0;1.0;1.0;0.0;0.0;0.0;0.0;0.0;0.0;0.0;0.0;0.0;0.0;0.0;0.0;0.0;0.0;0.0;0.0;0.0;0.0;0.0
2024-09-25;São Paulo;-1;3;3;201;210;Botafogo;5;4;20;10;3;1;0.6;0.4;395;0.84;11;15;4;3;1;1;4;1.0;0.0;0.0;1.0;0.0;0.0;0.0;0.0;0.0;0.0;0.0;3;0.04;0.4545454545454545;332;0.0331325301204819;553.3333333333334;0.2;6.666666666666667;10;0.1999999999999999;1;1;-4;0.050632911392405;0.05;0.6;4.0;0;1;1;0;1;0;0;1;0.05;0.3333333333333333;0.0025316455696202;20.0;0.0;0.0;0.0;0.0;1.0;0.0;0.0;1.0;1.0;1.0;0.0;1.0;0.0;0.0;0.0;0.0;0.0;0.0;0.0;0.0;0.0;1.0;1.0;0.0;1.0;1.0;0.0;0.0;0.0;0.0;0.0;0.0;0.0;0.0;0.0;0.0;0.0;0.0;0.0;0.0;0.0;0.0;0.0;0.0;0.0
2024-09-22;São Paulo;10;3;3;201;641;Internacional;5;1;7;14;2;6;0.61;0.39;460;0.85;18;16;5;1;0;0;2;0.0;0.0;1.0;0.0;0.0;0.0;1.0;0.0;1.0;0.0;1.0;4;0.0278571428571428;0.2777777777777778;391;0.0460358056265984;640.983606557377;0.2857142857142857;3.278688524590164;-7;0.2199999999999999;-2;4;2;0.0152173913043478;0.1428571428571428;0.61;2.0;1;0;1;0;0;1;0;1;0.1428571428571428;0.5;0.0021739130434782;7.0;1.0;1.0;0.0;0.0;1.0;0.0;0.0;0.0;0.0;0.0;0.0;1.0;0.0;1.0;0.0;1.0;0.0;0.0;0.0;0.0;0.0;0.0;0.0;0.0;0.0;0.0;1.0;0.0;0.0;0.0;0.0;0.0;0.0;0.0;0.0;0.0;0.0;0.0;0.0;0.0;0.0;0.0;0.0;0.0;0.0
2024-09-18;São Paulo;-1;17;3;201;210;Botafogo;2;2;6;22;1;6;0.36;0.64;318;0.73;13;11;2;2;0;0;1;1.0;0.0;0.0;1.0;0.0;0.0;0.0;0.0;0.0;0.0;0.0;4;0.029090909090909;0.1538461538461538;232;0.0560344827586206;644.4444444444445;0.1666666666666666;2.7777777777777777;-16;-0.28;-3;0;2;0.0188679245283018;0.0;0.0;0.0;0;0;0;0;1;0;1;0;0.0;0.0;0.0;0.0;0.0;0.0;1.0;0.0;1.0;0.0;0.0;1.0;1.0;1.0;0.0;1.0;0.0;0.0;0.0;0.0;0.0;0.0;0.0;0.0;0.0;1.0;1.0;0.0;1.0;0.0;0.0;0.0;0.0;0.0;0.0;0.0;0.0;0.0;0.0;0.0;0.0;0.0;0.0;0.0;0.0;0.0;0.0;0.0;0.0
2024-09-15;São Paulo;10;17;3;201;636;Cruzeiro;3;4;14;14;4;1;0.39;0.61;332;0.79;10;11;3;4;0;0;7;0.0;0.0;1.0;0.0;0.0;0.0;1.0;0.0;0.0;0.0;1.0;7;0.0435714285714285;0.3;262;0.0381679389312977;671.7948717948718;0.5;17.94871794871795;0;-0.2199999999999999;0;-1;-1;0.0421686746987951;0.0714285714285714;0.39;7.0;0;1;1;1;0;0;1;0;0.0714285714285714;0.25;0.003012048192771;14.0;1.0;1.0;1.0;0.0;0.0;0.0;0.0;0.0;0.0;0.0;0.0;0.0;0.0;1.0;0.0;1.0;1.0;0.0;0.0;0.0;0.0;1.0;0.0;0.0;0.0;0.0;1.0;0.0;0.0;0.0;0.0;0.0;0.0;0.0;0.0;0.0;0.0;0.0;0.0;0.0;0.0;0.0;0.0;0.0;0.0
2024-09-12;São Paulo;12;3;2;201;220;Atlético Mineiro;3;5;15;12;3;4;0.6;0.4;486;0.88;16;11;3;5;0;0;5;1.0;0.0;0.0;1.0;0.0;0.0;0.0;0.0;1.0;0.0;0.0;1;0.0333333333333333;0.1875;428;0.0373831775700934;713.3333333333334;0.3333333333333333;8.333333333333334;3;0.1999999999999999;4;-2;5;0.0308641975308641;0.0;0.0;0.0;0;0;0;0;1;0;1;0;0.0;0.0;0.0;0.0;0.0;0.0;0.0;0.0;0.0;0.0;0.0;1.0;1.0;1.0;0.0;1.0;0.0;0.0;0.0;0.0;0.0;0.0;0.0;0.0;0.0;0.0;1.0;0.0;1.0;1.0;0.0;1.0;0.0;0.0;0.0;0.0;0.0;0.0;0.0;0.0;0.0;0.0;0.0;0.0;0.0;0.0;0.0;0.0;0.0
2024-09-01;São Paulo;10;3;3;201;197;Fluminense;4;4;14;10;3;5;0.56;0.44;513;0.88;16;13;4;4;0;0;4;1.0;0.0;0.0;0.0;0.0;0.0;0.0;0.0;0.0;0.0;0.0;5;0.044;0.25;451;0.0354767184035476;805.3571428571428;0.2857142857142857;7.142857142857142;4;0.12;-1;0;3;0.0272904483430799;0.0;0.0;0.0;0;0;0;0;0;1;1;0;0.0;0.0;0.0;0.0;0.0;0.0;1.0;0.0;1.0;0.0;0.0;1.0;1.0;1.0;0.0;1.0;0.0;0.0;0.0;0.0;0.0;0.0;0.0;0.0;0.0;1.0;1.0;0.0;1.0;1.0;0.0;0.0;0.0;0.0;0.0;0.0;0.0;0.0;0.0;0.0;0.0;0.0;0.0;0.0;0.0;0.0;0.0;0.0;0.0
2024-08-28;São Paulo;12;3;29;201;220;Atlético Mineiro;2;4;13;5;4;2;0.57;0.43;463;0.88;15;16;2;4;0;0;7;1.0;0.0;0.0;0.0;0.0;0.0;0.0;0.0;1.0;0.0;0.0;2;0.086;0.1333333333333333;407;0.0368550368550368;714.0350877192983;0.5384615384615384;12.280701754385966;8;0.1399999999999999;5;-2;-1;0.0280777537796976;0.0;0.0;0.0;0;0;0;0;0;1;0;1;0.0;0.0;0.0;0.0;0.0;0.0;1.0;0.0;1.0;0.0;0.0;1.0;1.0;1.0;0.0;1.0;0.0;0.0;0.0;0.0;0.0;0.0;0.0;0.0;0.0;0.0;1.0;0.0;1.0;1.0;0.0;0.0;0.0;0.0;0.0;0.0;0.0;0.0;0.0;0.0;0.0;0.0;0.0;0.0;0.0;0.0;0.0;0.0;0.0
2024-08-25;São Paulo;10;0;7;201;693;Vitória;0;2;12;10;3;4;0.59;0.41;536;0.89;7;8;0;2;0;0;4;0.0;0.0;0.0;0.0;0.0;0.0;1.0;0.0;0.0;0.0;0.0;3;0.0409999999999999;0.0;477;0.0146750524109014;808.4745762711865;0.3333333333333333;6.779661016949153;2;0.18;1;-2;-1;0.0223880597014925;0.1666666666666666;0.295;2.0;2;0;2;1;0;0;0;1;0.1666666666666666;0.6666666666666666;0.003731343283582;6.0;0.0;1.0;1.0;0.0;0.0;0.0;0.0;1.0;1.0;1.0;0.0;1.0;0.0;1.0;0.0;1.0;0.0;0.0;0.0;0.0;0.0;1.0;0.0;0.0;0.0;0.0;1.0;0.0;0.0;0.0;0.0;0.0;0.0;0.0;0.0;0.0;0.0;0.0;0.0;0.0;0.0;0.0;0.0;0.0;0.0
2024-08-22;São Paulo;-1;3;0;201;225;Nacional;2;2;12;12;5;2;0.65;0.35;522;0.85;9;10;2;2;0;0;2;1.0;0.0;0.0;1.0;0.0;0.0;0.0;0.0;1.0;0.0;0.0;4;0.0291666666666666;0.2222222222222222;444;0.0202702702702702;683.0769230769231;0.1666666666666666;3.0769230769230766;0;0.3;-2;0;-1;0.0229885057471264;0.1666666666666666;0.325;1.0;1;1;2;1;0;0;0;1;0.1666666666666666;0.4;0.003831417624521;6.0;0.0;0.0;0.0;0.0;1.0;0.0;0.0;1.0;1.0;1.0;0.0;1.0;0.0;0.0;0.0;0.0;0.0;0.0;0.0;0.0;0.0;0.0;1.0;0.0;1.0;1.0;0.0;0.0;0.0;0.0;0.0;0.0;0.0;0.0;0.0;0.0;0.0;0.0;0.0;0.0;0.0;0.0;0.0;0.0;0.0
2024-08-18;São Paulo;10;6;3;201;217;Palmeiras;3;5;8;24;4;8;0.46;0.54;380;0.82;12;17;1;4;2;1;1;1.0;0.0;0.0;0.0;0.0;0.0;0.0;0.0;0.0;0.0;1.0;6;0.0225;0.25;312;0.0384615384615384;678.2608695652174;0.125;2.1739130434782608;-16;-0.08;-5;-2;-5;0.0210526315789473;0.125;0.46;1.0;0;1;1;0;0;1;1;0;0.125;0.25;0.0026315789473684;8.0;0.0;1.0;1.0;0.0;1.0;1.0;0.0;1.0;0.0;0.0;0.0;0.0;0.0;0.0;0.0;0.0;0.0;1.0;0.0;0.0;0.0;0.0;0.0;0.0;0.0;1.0;1.0;0.0;1.0;0.0;0.0;0.0;0.0;0.0;0.0;0.0;0.0;0.0;0.0;0.0;0.0;0.0;0.0;0.0;0.0
2024-08-15;São Paulo;-1;3;0;201;225;Nacional;4;2;2;14;0;2;0.65;0.35;567;0.88;11;11;4;2;0;0;0;1.0;0.0;0.0;1.0;0.0;0.0;0.0;0.0;1.0;0.0;0.0;4;0.0249999999999999;0.3636363636363636;499;0.0220440881763527;767.6923076923076;0.0;0.0;-12;0.3;-4;2;0;0.0035273368606701;0.0;0.0;0.0;0;0;0;0;1;0;1;0;0.0;0.0;0.0;0.0;0.0;0.0;0.0;0.0;1.0;1.0;0.0;1.0;1.0;1.0;0.0;1.0;0.0;0.0;0.0;0.0;0.0;0.0;0.0;0.0;0.0;0.0;1.0;0.0;1.0;0.0;0.0;0.0;0.0;0.0;0.0;0.0;0.0;0.0;0.0;0.0;0.0;0.0;0.0;0.0;0.0;0.0;0.0;0.0;0.0
2024-08-11;São Paulo;10;3;3;201;776;Atlético Goianiense;1;2;12;13;7;6;0.45;0.55;451;0.86;15;8;1;2;0;0;3;0.0;0.0;0.0;0.0;0.0;0.0;1.0;0.0;0.0;0.0;1.0;2;0.0423076923076923;0.0666666666666666;388;0.0386597938144329;862.2222222222222;0.25;6.666666666666666;-1;-0.1;1;-1;7;0.0266075388026607;0.0833333333333333;0.45;3.0;1;0;1;1;0;0;0;1;0.0833333333333333;0.1428571428571428;0.0022172949002217;12.0;0.0;1.0;1.0;0.0;0.0;0.0;0.0;0.0;0.0;0.0;0.0;0.0;0.0;1.0;1.0;0.0;0.0;1.0;0.0;0.0;0.0;0.0;0.0;0.0;0.0;1.0;1.0;1.0;1.0;0.0;0.0;0.0;0.0;0.0;0.0;0.0;0.0;0.0;0.0;0.0;0.0;0.0;0.0;0.0;0.0
2024-08-08;São Paulo;12;3;0;201;683;Goiás;6;4;7;13;2;2;0.54;0.46;474;0.86;15;19;5;3;1;1;4;1.0;0.0;0.0;1.0;0.0;0.0;0.0;0.0;1.0;0.0;0.0;5;0.0353846153846153;0.4;408;0.0367647058823529;755.5555555555555;0.5714285714285714;7.4074074074074066;-6;0.08;-1;2;-4;0.0147679324894514;0.0;0.0;0.0;0;0;0;0;1;0;1;0;0.0;0.0;0.0;0.0;0.0;0.0;0.0;0.0;1.0;1.0;0.0;1.0;1.0;1.0;0.0;1.0;0.0;0.0;0.0;0.0;0.0;0.0;0.0;0.0;0.0;0.0;1.0;0.0;1.0;0.0;0.0;0.0;0.0;0.0;0.0;0.0;0.0;0.0;0.0;0.0;0.0;0.0;0.0;0.0;0.0;0.0;0.0;0.0;0.0
2024-08-03;São Paulo;10;3;3;201;214;Flamengo;1;3;15;8;3;0;0.6;0.4;507;0.88;11;13;1;3;0;0;8;1.0;0.0;0.0;1.0;0.0;0.0;0.0;0.0;0.0;0.0;0.0;3;0.05;0.0909090909090909;446;0.0246636771300448;743.3333333333334;0.5333333333333333;13.333333333333334;7;0.1999999999999999;5;-2;-2;0.029585798816568;0.0666666666666666;0.6;8.0;0;1;1;1;0;0;0;1;0.0666666666666666;0.3333333333333333;0.0019723865877712;15.0;0.0;0.0;0.0;0.0;1.0;1.0;0.0;1.0;1.0;1.0;0.0;1.0;0.0;0.0;0.0;0.0;0.0;0.0;0.0;0.0;0.0;0.0;1.0;0.0;1.0;1.0;0.0;0.0;0.0;0.0;0.0;0.0;0.0;0.0;0.0;0.0;0.0;0.0;0.0;0.0;0.0;0.0;0.0;0.0;0.0
2024-07-30;São Paulo;12;3;9;201;683;Goiás;2;2;27;2;6;1;0.82;0.18;720;0.92;11;14;2;1;0;1;8;1.0;0.0;0.0;1.0;0.0;0.0;0.0;0.0;1.0;0.0;0.0;2;0.09;0.1818181818181818;662;0.0166163141993957;807.3170731707318;0.2962962962962963;9.75609756097561;25;0.6399999999999999;6;0;-3;0.0375;0.074074074074074;0.41;4.0;0;2;2;1;0;0;0;1;0.074074074074074;0.3333333333333333;0.0027777777777777;13.5;0.0;0.0;0.0;0.0;1.0;1.0;0.0;1.0;1.0;1.0;0.0;1.0;0.0;0.0;0.0;0.0;0.0;0.0;0.0;0.0;0.0;0.0;1.0;0.0;1.0;0.0;0.0;0.0;0.0;0.0;0.0;0.0;0.0;0.0;0.0;0.0;0.0;0.0;0.0;0.0;0.0;0.0;0.0;0.0;0.0
2024-07-27;São Paulo;10;1;3;201;644;Fortaleza;4;4;12;11;1;2;0.64;0.36;486;0.85;16;15;4;3;0;1;10;1.0;0.0;0.0;1.0;0.0;0.0;0.0;0.0;0.0;0.0;0.0;3;0.0327272727272727;0.25;413;0.0387409200968523;645.3125;0.8333333333333334;15.625;1;0.28;7;0;1;0.0246913580246913;0.0;0.0;0.0;0;0;0;0;0;1;1;0;0.0;0.0;0.0;0.0;1.0;1.0;0.0;0.0;1.0;0.0;0.0;0.0;1.0;1.0;0.0;0.0;0.0;0.0;0.0;0.0;0.0;0.0;0.0;0.0;0.0;0.0;0.0;0.0;1.0;1.0;0.0;0.0;1.0;1.0;0.0;0.0;0.0;0.0;0.0;0.0;0.0;0.0;0.0;0.0;0.0;0.0;0.0;0.0;0.0
2024-07-24;São Paulo;10;3;3;201;210;Botafogo;4;3;15;12;6;6;0.69;0.31;593;0.89;17;22;4;3;0;0;7;1.0;0.0;0.0;1.0;0.0;0.0;0.0;0.0;1.0;0.0;1.0;1;0.0258333333333333;0.2352941176470588;528;0.0321969696969696;765.2173913043479;0.4666666666666667;10.144927536231885;3;0.3799999999999999;6;1;-5;0.0252951096121416;0.1333333333333333;0.345;3.5;1;1;2;0;1;0;0;1;0.1333333333333333;0.3333333333333333;0.0033726812816188;7.5;1.0;0.0;0.0;0.0;1.0;1.0;0.0;1.0;0.0;1.0;0.0;1.0;0.0;0.0;0.0;0.0;0.0;0.0;0.0;0.0;0.0;0.0;0.0;0.0;1.0;0.0;0.0;0.0;0.0;0.0;0.0;0.0;0.0;0.0;0.0;0.0;0.0;0.0;0.0;0.0;0.0;0.0;0.0;0.0;0.0
2024-07-21;São Paulo;10;3;3;201;779;Juventude;2;4;11;10;2;0;0.63;0.37;542;0.87;17;13;2;4;0;0;4;1.0;0.0;0.0;1.0;0.0;0.0;0.0;0.0;1.0;0.0;1.0;1;0.037;0.1176470588235294;472;0.0360169491525423;749.2063492063492;0.3636363636363636;6.349206349206349;1;0.26;3;-2;4;0.0202952029520295;0.0;0.0;0.0;0;0;0;0;1;0;1;0;0.0;0.0;0.0;0.0;0.0;0.0;0.0;0.0;1.0;1.0;0.0;1.0;0.0;1.0;0.0;1.0;0.0;0.0;1.0;0.0;0.0;0.0;0.0;0.0;0.0;0.0;1.0;0.0;0.0;0.0;0.0;0.0;0.0;0.0;0.0;0.0;0.0;0.0;0.0;0.0;0.0;0.0;0.0;0.0;0.0;0.0;0.0;0.0;0.0
2024-07-17;São Paulo;10;3;0;201;206;Grêmio;5;3;14;19;8;5;0.55;0.45;468;0.84;16;8;4;3;1;0;8;1.0;0.0;0.0;0.0;0.0;1.0;0.0;0.0;1.0;0.0;0.0;9;0.0236842105263157;0.3125;393;0.0407124681933842;714.5454545454545;0.5714285714285714;14.545454545454543;-5;0.1;-1;2;8;0.0299145299145299;0.0714285714285714;0.55;8.0;1;0;1;1;0;0;0;1;0.0714285714285714;0.125;0.0021367521367521;14.0;1.0;1.0;0.0;0.0;1.0;1.0;0.0;1.0;1.0;0.0;0.0;1.0;0.0;0.0;0.0;0.0;0.0;0.0;0.0;0.0;0.0;0.0;0.0;0.0;1.0;0.0;0.0;0.0;0.0;0.0;0.0;0.0;0.0;0.0;0.0;0.0;0.0;0.0;0.0;0.0;0.0;0.0;0.0;0.0;0.0
2024-07-11;São Paulo;10;3;17;201;220;Atlético Mineiro;2;2;11;14;4;5;0.38;0.62;365;0.81;13;9;1;2;1;0;6;1.0;0.0;0.0;1.0;0.0;1.0;0.0;0.0;1.0;0.0;0.0;2;0.0442857142857142;0.1538461538461538;296;0.0439189189189189;778.9473684210526;0.5454545454545454;15.789473684210526;-3;-0.24;4;0;4;0.0301369863013698;0.0909090909090909;0.38;6.0;1;0;1;0;0;1;1;0;0.0909090909090909;0.25;0.0027397260273972;11.0;1.0;0.0;0.0;0.0;0.0;1.0;0.0;1.0;1.0;1.0;0.0;1.0;0.0;0.0;0.0;0.0;0.0;0.0;0.0;0.0;0.0;0.0;0.0;0.0;1.0;0.0;0.0;0.0;0.0;0.0;0.0;0.0;0.0;0.0;0.0;0.0;0.0;0.0;0.0;0.0;0.0;0.0;0.0;0.0;0.0
2024-07-06;São Paulo;10;3;3;201;659;Bragantino;2;2;14;10;4;3;0.6;0.4;464;0.84;10;9;2;2;0;0;6;0.0;0.0;0.0;1.0;0.0;1.0;0.0;0.0;1.0;0.0;1.0;3;0.04;0.2;390;0.0256410256410256;650.0;0.4285714285714285;10.0;4;0.1999999999999999;3;0;1;0.0301724137931034;0.1428571428571428;0.3;3.0;0;2;2;1;0;0;0;1;0.1428571428571428;0.5;0.0043103448275862;7.0;1.0;0.0;0.0;0.0;0.0;0.0;0.0;1.0;0.0;1.0;0.0;1.0;0.0;1.0;0.0;0.0;0.0;0.0;0.0;0.0;0.0;0.0;0.0;0.0;1.0;1.0;0.0;0.0;0.0;0.0;0.0;0.0;0.0;0.0;0.0;0.0;0.0;0.0;0.0;0.0;0.0;0.0;0.0;0.0;0.0
2024-07-03;São Paulo;10;3;3;201;649;Paranaense;3;2;13;12;8;4;0.55;0.45;513;0.89;8;19;3;1;0;1;2;0.0;0.0;0.0;1.0;0.0;1.0;0.0;0.0;0.0;0.0;0.0;6;0.0375;0.375;457;0.0175054704595186;830.9090909090909;0.1538461538461538;3.636363636363636;1;0.1;-4;1;-11;0.0253411306042884;0.1538461538461538;0.275;1.0;1;1;2;1;0;0;1;0;0.1538461538461538;0.25;0.0038986354775828;6.5;1.0;0.0;0.0;0.0;0.0;1.0;0.0;1.0;1.0;1.0;0.0;1.0;0.0;1.0;0.0;0.0;0.0;0.0;0.0;0.0;0.0;0.0;0.0;0.0;1.0;1.0;0.0;0.0;0.0;0.0;0.0;0.0;0.0;0.0;0.0;0.0;0.0;0.0;0.0;0.0;0.0;0.0;0.0;0.0;0.0
2024-06-30;São Paulo;10;3;14;201;697;Bahía;4;1;10;15;4;6;0.4;0.6;411;0.85;15;9;4;1;0;0;4;0.0;0.0;0.0;1.0;0.0;1.0;0.0;0.0;1.0;0.0;0.0;4;0.04;0.2666666666666666;349;0.0429799426934097;872.5;0.4;10.0;-5;-0.1999999999999999;0;3;6;0.024330900243309;0.3;0.1333333333333333;1.3333333333333333;2;1;3;1;0;0;0;1;0.3;0.75;0.0072992700729927;3.333333333333333;1.0;0.0;0.0;0.0;0.0;1.0;0.0;1.0;1.0;1.0;0.0;1.0;0.0;1.0;0.0;0.0;0.0;0.0;0.0;0.0;0.0;0.0;0.0;0.0;1.0;0.0;0.0;0.0;0.0;0.0;0.0;0.0;0.0;0.0;0.0;0.0;0.0;0.0;0.0;0.0;0.0;0.0;0.0;0.0;0.0
2024-06-27;São Paulo;10;3;1;201;778;Criciúma;2;4;13;10;6;2;0.63;0.37;594;0.9;10;22;2;4;0;0;2;0.0;0.0;0.0;1.0;0.0;1.0;0.0;0.0;1.0;0.0;0.0;2;0.037;0.2;535;0.0186915887850467;849.2063492063492;0.1538461538461538;3.1746031746031744;3;0.26;0;-2;-12;0.0218855218855218;0.1538461538461538;0.315;1.0;2;0;2;1;0;0;0;1;0.1538461538461538;0.3333333333333333;0.0033670033670033;6.5;1.0;0.0;0.0;0.0;0.0;1.0;0.0;1.0;1.0;1.0;0.0;1.0;0.0;1.0;0.0;0.0;0.0;0.0;0.0;0.0;0.0;0.0;0.0;0.0;1.0;0.0;0.0;0.0;0.0;0.0;0.0;0.0;0.0;0.0;0.0;0.0;0.0;0.0;0.0;0.0;0.0;0.0;0.0;0.0;0.0
2024-06-22;São Paulo;10;14;3;201;777;Vasco da Gama;1;3;10;14;2;7;0.59;0.41;490;0.87;14;13;1;3;0;0;8;0.0;0.0;0.0;1.0;0.0;0.0;0.0;0.0;0.0;0.0;1.0;2;0.0292857142857142;0.0714285714285714;426;0.0328638497652582;722.0338983050848;0.8;13.559322033898306;-4;0.18;6;-2;1;0.0204081632653061;0.1;0.59;8.0;1;0;1;0;0;1;1;0;0.1;0.5;0.0020408163265306;10.0;1.0;0.0;0.0;0.0;0.0;0.0;0.0;0.0;1.0;1.0;0.0;1.0;0.0;1.0;1.0;0.0;0.0;0.0;0.0;0.0;0.0;0.0;0.0;0.0;0.0;0.0;0.0;0.0;1.0;0.0;1.0;1.0;0.0;0.0;0.0;0.0;0.0;0.0;0.0;0.0;0.0;0.0;0.0;0.0;0.0
2024-06-19;São Paulo;10;3;3;201;656;Cuiabá;2;3;15;11;4;3;0.67;0.33;618;0.9;5;16;2;3;0;0;4;0.0;0.0;0.0;0.0;0.0;1.0;0.0;0.0;1.0;0.0;0.0;6;0.03;0.4;556;0.0089928057553956;829.8507462686566;0.2666666666666666;5.970149253731343;4;0.34;-2;-1;-11;0.0242718446601941;0.0;0.0;0.0;0;0;0;0;0;1;0;1;0.0;0.0;0.0;0.0;1.0;0.0;0.0;0.0;0.0;0.0;0.0;1.0;1.0;0.0;0.0;0.0;0.0;1.0;0.0;0.0;0.0;0.0;0.0;0.0;0.0;0.0;0.0;0.0;1.0;1.0;1.0;0.0;0.0;0.0;1.0;1.0;0.0;0.0;0.0;0.0;0.0;0.0;0.0;0.0;0.0;0.0;0.0;0.0;0.0
2024-06-16;São Paulo;10;3;3;201;652;Corinthians;5;3;12;16;7;8;0.6;0.4;518;0.86;10;15;5;2;0;1;5;0.0;0.0;0.0;0.0;0.0;1.0;0.0;0.0;1.0;0.0;0.0;9;0.025;0.5;445;0.0224719101123595;741.6666666666667;0.4166666666666667;8.333333333333334;-4;0.1999999999999999;-4;2;-5;0.0231660231660231;0.1666666666666666;0.3;2.5;2;0;2;0;1;0;1;0;0.1666666666666666;0.2857142857142857;0.0038610038610038;6.0;1.0;0.0;0.0;0.0;0.0;0.0;0.0;1.0;1.0;1.0;0.0;1.0;0.0;1.0;0.0;0.0;0.0;0.0;0.0;0.0;0.0;0.0;0.0;0.0;1.0;0.0;0.0;0.0;1.0;0.0;1.0;0.0;0.0;0.0;0.0;0.0;0.0;0.0;0.0;0.0;0.0;0.0;0.0;0.0;0.0
2024-06-13;São Paulo;10;3;14;201;641;Internacional;4;5;9;7;4;0;0.46;0.54;385;0.79;18;15;4;5;0;0;3;0.0;0.0;0.0;1.0;0.0;1.0;0.0;0.0;1.0;0.0;0.0;5;0.0771428571428571;0.2222222222222222;304;0.0592105263157894;660.8695652173913;0.3333333333333333;6.521739130434782;2;-0.08;-2;-1;3;0.0233766233766233;0.0;0.0;0.0;0;0;0;0;1;0;1;0;0.0;0.0;0.0;0.0;1.0;0.0;0.0;0.0;0.0;0.0;0.0;0.0;1.0;1.0;0.0;1.0;0.0;1.0;0.0;0.0;0.0;0.0;0.0;0.0;0.0;0.0;0.0;0.0;1.0;0.0;0.0;0.0;1.0;0.0;1.0;0.0;0.0;0.0;0.0;0.0;0.0;0.0;0.0;0.0;0.0;0.0;0.0;0.0;0.0
2024-06-02;São Paulo;10;1;20;201;636;Cruzeiro;2;3;11;10;4;3;0.57;0.43;583;0.9;18;11;2;2;0;1;4;1.0;0.0;0.0;1.0;0.0;1.0;0.0;0.0;0.0;0.0;0.0;2;0.043;0.1111111111111111;525;0.0342857142857142;921.0526315789474;0.3636363636363636;7.017543859649123;1;0.1399999999999999;2;-1;7;0.0188679245283018;0.1818181818181818;0.285;2.0;1;1;2;1;0;0;0;1;0.1818181818181818;0.5;0.0034305317324185;5.5;0.0;0.0;0.0;0.0;1.0;0.0;0.0;1.0;1.0;0.0;0.0;1.0;0.0;0.0;0.0;0.0;0.0;1.0;0.0;0.0;0.0;0.0;0.0;0.0;1.0;0.0;0.0;0.0;1.0;1.0;0.0;0.0;0.0;0.0;0.0;0.0;0.0;0.0;0.0;0.0;0.0;0.0;0.0;0.0;0.0
2024-05-29;São Paulo;-1;3;3;201;202;Talleres;3;5;9;13;3;4;0.55;0.45;456;0.82;10;11;3;4;0;1;5;1.0;0.0;0.0;1.0;0.0;1.0;0.0;0.0;1.0;0.0;0.0;1;0.0346153846153846;0.3;374;0.0267379679144385;680.0;0.5555555555555556;9.09090909090909;-4;0.1;4;-2;-1;0.0197368421052631;0.2222222222222222;0.275;2.5;1;1;2;1;0;0;0;1;0.2222222222222222;0.6666666666666666;0.0043859649122807;4.5;1.0;0.0;0.0;0.0;1.0;0.0;0.0;1.0;0.0;0.0;0.0;1.0;0.0;0.0;0.0;0.0;0.0;0.0;0.0;0.0;0.0;0.0;0.0;0.0;1.0;0.0;0.0;0.0;1.0;1.0;0.0;0.0;0.0;0.0;0.0;0.0;0.0;0.0;0.0;0.0;0.0;0.0;0.0;0.0;0.0
2024-05-23;São Paulo;12;3;3;201;804;Águia de Marabá;0;1;27;5;12;0;0.72;0.28;589;0.9;15;13;0;1;0;0;15;0.0;0.0;0.0;0.0;0.0;0.0;0.0;0.0;0.0;0.0;1.0;3;0.056;0.0;530;0.0283018867924528;736.1111111111111;0.5555555555555556;20.833333333333336;22;0.4399999999999999;12;-1;2;0.0458404074702886;0.074074074074074;0.36;7.5;2;0;2;1;0;0;0;1;0.074074074074074;0.1666666666666666;0.0033955857385398;13.5;0.0;1.0;0.0;0.0;0.0;0.0;0.0;0.0;0.0;1.0;0.0;1.0;0.0;1.0;1.0;1.0;0.0;1.0;0.0;0.0;0.0;0.0;0.0;0.0;0.0;0.0;0.0;0.0;1.0;0.0;1.0;1.0;0.0;0.0;0.0;0.0;0.0;0.0;0.0;0.0;0.0;0.0;0.0;0.0;0.0
2024-05-16;São Paulo;-1;3;7;201;203;Barcelona SC;1;3;16;8;4;2;0.63;0.37;518;0.88;13;15;1;3;0;0;8;1.0;0.0;0.0;1.0;0.0;1.0;0.0;0.0;1.0;0.0;1.0;5;0.04625;0.0769230769230769;456;0.0285087719298245;723.8095238095239;0.5;12.698412698412698;8;0.26;3;-2;-2;0.0308880308880308;0.0;0.0;0.0;0;0;0;0;1;0;0;1;0.0;0.0;0.0;0.0;1.0;0.0;0.0;0.0;0.0;1.0;0.0;1.0;0.0;0.0;0.0;0.0;0.0;0.0;0.0;0.0;0.0;0.0;0.0;0.0;0.0;0.0;0.0;0.0;1.0;0.0;1.0;0.0;0.0;0.0;0.0;1.0;0.0;0.0;0.0;0.0;0.0;0.0;0.0;0.0;0.0;0.0;0.0;0.0;0.0
2024-05-13;São Paulo;10;3;3;201;197;Fluminense;5;3;15;7;8;2;0.49;0.51;403;0.87;15;12;5;3;0;0;7;1.0;0.0;0.0;1.0;0.0;1.0;0.0;0.0;1.0;0.0;1.0;4;0.0728571428571428;0.3333333333333333;351;0.0427350427350427;716.3265306122449;0.4666666666666667;14.285714285714286;8;-0.02;3;2;3;0.0372208436724565;0.1333333333333333;0.245;3.5;1;1;2;1;0;0;0;1;0.1333333333333333;0.25;0.0049627791563275;7.5;1.0;0.0;0.0;0.0;1.0;0.0;0.0;1.0;0.0;0.0;0.0;0.0;0.0;0.0;1.0;0.0;0.0;0.0;0.0;0.0;0.0;0.0;0.0;0.0;0.0;0.0;0.0;0.0;1.0;1.0;0.0;0.0;0.0;0.0;0.0;0.0;0.0;0.0;0.0;0.0;0.0;0.0;0.0;0.0;0.0
2024-05-08;São Paulo;-1;3;4;201;204;Cobresal;0;2;15;6;8;1;0.67;0.33;614;0.91;13;9;0;2;0;0;3;1.0;0.0;0.0;1.0;0.0;1.0;0.0;0.0;1.0;0.0;0.0;2;0.055;0.0;559;0.0232558139534883;834.3283582089551;0.2;4.477611940298507;9;0.34;1;-2;4;0.02442996742671;0.2;0.2233333333333333;1.0;1;2;3;1;0;0;1;0;0.2;0.375;0.004885993485342;5.0;1.0;0.0;0.0;0.0;1.0;1.0;0.0;1.0;1.0;0.0;0.0;0.0;0.0;0.0;1.0;0.0;0.0;0.0;0.0;0.0;0.0;0.0;0.0;0.0;0.0;0.0;1.0;0.0;0.0;0.0;0.0;0.0;0.0;0.0;0.0;0.0;0.0;0.0;0.0;0.0;0.0;0.0;0.0;0.0;0.0
2024-05-05;São Paulo;10;29;29;201;693;Vitória;4;4;20;6;8;2;0.67;0.33;574;0.9;13;10;4;3;0;1;8;1.0;0.0;0.0;1.0;0.0;1.0;0.0;0.0;1.0;0.0;0.0;3;0.055;0.3076923076923077;517;0.0251450676982591;771.641791044776;0.4;11.940298507462686;14;0.34;5;0;3;0.0348432055749128;0.15;0.2233333333333333;2.6666666666666665;1;2;3;1;0;0;1;0;0.15;0.375;0.0052264808362369;6.666666666666667;1.0;0.0;0.0;0.0;1.0;0.0;0.0;1.0;1.0;0.0;0.0;0.0;0.0;0.0;0.0;0.0;0.0;0.0;0.0;0.0;0.0;0.0;0.0;0.0;0.0;0.0;1.0;0.0;1.0;0.0;1.0;0.0;0.0;0.0;0.0;0.0;0.0;0.0;0.0;0.0;0.0;0.0;0.0;0.0;0.0
2024-05-02;São Paulo;12;3;6;201;804;Águia de Marabá;3;5;22;4;9;3;0.76;0.24;703;0.9;20;8;3;4;0;1;9;0.0;0.0;0.0;0.0;0.0;0.0;0.0;0.0;0.0;0.0;0.0;0;0.06;0.15;633;0.0315955766192733;832.8947368421052;0.4090909090909091;11.842105263157894;18;0.52;9;-2;12;0.0312944523470839;0.1363636363636363;0.2533333333333333;3.0;2;1;3;1;0;0;1;0;0.1363636363636363;0.3333333333333333;0.0042674253200568;7.333333333333333;0.0;1.0;0.0;0.0;0.0;0.0;0.0;0.0;0.0;1.0;0.0;0.0;0.0;1.0;1.0;1.0;0.0;1.0;0.0;0.0;0.0;0.0;0.0;0.0;0.0;0.0;1.0;0.0;1.0;1.0;1.0;1.0;0.0;0.0;0.0;0.0;0.0;0.0;0.0;0.0;0.0;0.0;0.0;0.0;0.0
2024-04-29;São Paulo;10;17;3;201;217;Palmeiras;4;3;16;9;1;3;0.58;0.42;432;0.8;10;20;4;3;0;0;6;1.0;0.0;0.0;1.0;0.0;1.0;0.0;0.0;1.0;0.0;1.0;4;0.0466666666666666;0.4;346;0.0289017341040462;596.551724137931;0.375;10.344827586206897;7;0.1599999999999999;2;1;-10;0.037037037037037;0.0;0.0;0.0;0;0;0;0;1;0;0;1;0.0;0.0;0.0;0.0;1.0;0.0;0.0;0.0;1.0;0.0;0.0;1.0;1.0;0.0;0.0;0.0;0.0;0.0;0.0;0.0;0.0;0.0;0.0;0.0;0.0;0.0;0.0;0.0;1.0;0.0;0.0;0.0;0.0;0.0;1.0;0.0;0.0;0.0;0.0;0.0;0.0;0.0;0.0;0.0;0.0;0.0;0.0;0.0;0.0
2024-04-25;São Paulo;-1;3;1;201;203;Barcelona SC;0;1;10;13;4;4;0.62;0.38;553;0.88;11;14;0;1;0;0;2;1.0;0.0;0.0;1.0;0.0;1.0;0.0;0.0;1.0;0.0;1.0;2;0.0292307692307692;0.0;487;0.0225872689938398;785.483870967742;0.2;3.2258064516129035;-3;0.24;0;-1;-3;0.0180831826401446;0.2;0.31;1.0;1;1;2;1;0;0;1;0;0.2;0.5;0.0036166365280289;5.0;1.0;0.0;0.0;0.0;0.0;1.0;0.0;1.0;1.0;0.0;0.0;0.0;1.0;0.0;0.0;0.0;0.0;0.0;0.0;0.0;0.0;0.0;0.0;0.0;1.0;0.0;0.0;0.0;0.0;0.0;0.0;0.0;0.0;0.0;0.0;0.0;0.0;0.0;0.0;0.0;0.0;0.0;0.0;0.0;0.0
2024-04-21;São Paulo;10;17;1;201;776;Atlético Goianiense;0;5;19;9;7;1;0.66;0.34;632;0.88;9;13;0;3;0;2;3;1.0;0.0;0.0;1.0;0.0;1.0;0.0;0.0;1.0;0.0;1.0;4;0.0377777777777777;0.0;556;0.0161870503597122;842.4242424242424;0.1578947368421052;4.545454545454545;10;0.32;-1;-5;-4;0.0300632911392405;0.1578947368421052;0.22;1.0;1;2;3;1;0;0;1;0;0.1578947368421052;0.4285714285714285;0.0047468354430379;6.333333333333333;1.0;0.0;0.0;0.0;0.0;0.0;0.0;1.0;1.0;0.0;0.0;0.0;1.0;0.0;0.0;0.0;0.0;0.0;0.0;0.0;0.0;0.0;0.0;0.0;1.0;0.0;0.0;0.0;0.0;0.0;1.0;0.0;0.0;0.0;0.0;0.0;0.0;0.0;0.0;0.0;0.0;0.0;0.0;0.0;0.0
2024-04-17;São Paulo;10;17;3;201;214;Flamengo;3;1;10;12;3;6;0.54;0.46;463;0.85;19;19;3;1;0;0;1;1.0;0.0;0.0;0.0;0.0;1.0;0.0;0.0;1.0;0.0;0.0;9;0.0383333333333333;0.1578947368421052;394;0.0482233502538071;729.6296296296296;0.1;1.851851851851852;-2;0.08;-8;2;0;0.0215982721382289;0.1;0.54;1.0;0;1;1;0;0;1;1;0;0.1;0.3333333333333333;0.0021598272138228;10.0;1.0;1.0;0.0;0.0;0.0;0.0;0.0;1.0;1.0;0.0;0.0;0.0;1.0;0.0;0.0;0.0;0.0;0.0;0.0;0.0;0.0;0.0;0.0;0.0;1.0;0.0;1.0;0.0;0.0;0.0;1.0;0.0;0.0;0.0;0.0;0.0;0.0;0.0;0.0;0.0;0.0;0.0;0.0;0.0;0.0
2024-04-13;São Paulo;10;29;2;201;644;Fortaleza;2;3;14;6;5;2;0.73;0.27;691;0.87;10;14;2;3;0;0;11;1.0;0.0;0.0;0.0;0.0;1.0;0.0;0.0;1.0;0.0;0.0;4;0.045;0.2;601;0.016638935108153;823.2876712328767;0.7857142857142857;15.068493150684931;8;0.4599999999999999;7;-1;-4;0.0202604920405209;0.0714285714285714;0.73;11.0;0;1;1;0;0;1;0;1;0.0714285714285714;0.2;0.0014471780028943;14.0;1.0;1.0;0.0;0.0;0.0;0.0;0.0;1.0;1.0;0.0;0.0;0.0;1.0;0.0;0.0;0.0;0.0;0.0;0.0;0.0;0.0;0.0;0.0;0.0;0.0;0.0;1.0;0.0;0.0;0.0;1.0;1.0;0.0;0.0;0.0;0.0;0.0;0.0;0.0;0.0;0.0;0.0;0.0;0.0;0.0
2024-04-10;São Paulo;-1;17;0;201;204;Cobresal;3;5;26;6;8;2;0.72;0.28;587;0.89;11;12;3;5;0;0;7;1.0;0.0;0.0;0.0;0.0;1.0;0.0;0.0;1.0;0.0;0.0;4;0.0466666666666666;0.2727272727272727;522;0.0210727969348659;725.0;0.2692307692307692;9.722222222222223;20;0.4399999999999999;3;-2;-1;0.0442930153321976;0.0769230769230769;0.36;3.5;0;2;2;1;0;0;0;1;0.0769230769230769;0.25;0.0034071550255536;13.0;1.0;1.0;0.0;0.0;0.0;0.0;0.0;1.0;1.0;0.0;0.0;0.0;1.0;0.0;0.0;0.0;0.0;0.0;0.0;0.0;0.0;0.0;0.0;0.0;0.0;0.0;1.0;0.0;0.0;0.0;1.0;0.0;1.0;0.0;0.0;0.0;0.0;0.0;0.0;0.0;0.0;0.0;0.0;0.0;0.0
2024-04-04;São Paulo;-1;8;0;201;202;Talleres;2;4;11;10;4;3;0.64;0.36;529;0.83;10;12;2;4;0;0;5;1.0;0.0;0.0;0.0;0.0;1.0;0.0;0.0;0.0;0.0;1.0;0;0.036;0.2;439;0.0227790432801822;685.9375;0.4545454545454545;7.8125;1;0.28;5;-2;-2;0.0207939508506616;0.0909090909090909;0.64;5.0;0;1;1;0;0;1;1;0;0.0909090909090909;0.25;0.0018903591682419;11.0;0.0;0.0;0.0;0.0;0.0;0.0;0.0;1.0;0.0;0.0;0.0;1.0;1.0;0.0;0.0;0.0;0.0;0.0;0.0;0.0;0.0;0.0;1.0;0.0;1.0;1.0;0.0;0.0;0.0;0.0;1.0;0.0;1.0;0.0;0.0;0.0;0.0;0.0;0.0;0.0;0.0;0.0;0.0;0.0;0.0
2024-03-17;São Paulo;27;1;9;201;671;Novorizontino;1;4;19;9;4;3;0.71;0.29;648;0.87;6;15;1;4;0;0;6;1.0;0.0;0.0;0.0;0.0;1.0;0.0;0.0;1.0;0.0;1.0;6;0.0322222222222222;0.1666666666666666;564;0.0106382978723404;794.3661971830986;0.3157894736842105;8.450704225352114;10;0.42;0;-3;-9;0.0293209876543209;0.0526315789473684;0.71;6.0;1;0;1;0;1;0;0;1;0.0526315789473684;0.25;0.0015432098765432;19.0;0.0;0.0;0.0;0.0;0.0;1.0;0.0;1.0;0.0;0.0;0.0;1.0;1.0;0.0;0.0;0.0;0.0;0.0;0.0;0.0;0.0;0.0;1.0;0.0;1.0;0.0;0.0;0.0;0.0;0.0;1.0;0.0;0.0;0.0;0.0;0.0;0.0;0.0;0.0;0.0;0.0;0.0;0.0;0.0;0.0
2024-03-10;São Paulo;27;1;6;201;665;Ituano;1;2;11;10;7;6;0.56;0.44;488;0.84;14;20;1;1;0;1;3;1.0;0.0;0.0;0.0;0.0;1.0;0.0;0.0;1.0;0.0;0.0;2;0.044;0.0714285714285714;410;0.0341463414634146;732.1428571428571;0.2727272727272727;5.357142857142857;1;0.12;1;-1;-6;0.0225409836065573;0.2727272727272727;0.1866666666666666;1.0;2;1;3;1;0;0;1;0;0.2727272727272727;0.4285714285714285;0.0061475409836065;3.6666666666666665;1.0;1.0;0.0;0.0;1.0;1.0;0.0;1.0;1.0;0.0;0.0;1.0;0.0;0.0;0.0;0.0;0.0;0.0;0.0;0.0;0.0;0.0;0.0;0.0;1.0;0.0;0.0;0.0;0.0;0.0;0.0;0.0;0.0;0.0;0.0;0.0;0.0;0.0;0.0;0.0;0.0;0.0;0.0;0.0;0.0
2024-03-03;São Paulo;27;6;17;201;217;Palmeiras;2;4;8;8;4;2;0.43;0.57;368;0.77;14;16;2;4;0;0;4;1.0;0.0;0.0;0.0;0.0;1.0;0.0;0.0;1.0;0.0;0.0;6;0.07125;0.1428571428571428;283;0.0494699646643109;658.1395348837209;0.5;9.30232558139535;0;-0.1399999999999999;-2;-2;-2;0.0217391304347826;0.125;0.43;4.0;1;0;1;0;1;0;0;1;0.125;0.25;0.0027173913043478;8.0;1.0;1.0;0.0;0.0;0.0;1.0;0.0;1.0;0.0;0.0;0.0;1.0;1.0;0.0;0.0;0.0;0.0;0.0;0.0;0.0;0.0;0.0;0.0;0.0;1.0;0.0;0.0;0.0;0.0;0.0;1.0;0.0;0.0;0.0;0.0;0.0;0.0;0.0;0.0;0.0;0.0;0.0;0.0;0.0;0.0
2024-02-28;São Paulo;27;3;0;201;669;Associação Atlética Internacional;3;2;23;5;9;2;0.55;0.45;506;0.88;8;8;3;2;0;0;10;1.0;0.0;0.0;0.0;0.0;1.0;0.0;0.0;0.0;0.0;0.0;3;0.09;0.375;445;0.0179775280898876;809.090909090909;0.4347826086956521;18.18181818181818;18;0.1;7;1;0;0.0454545454545454;0.1304347826086956;0.1833333333333333;3.333333333333333;1;2;3;1;0;0;1;0;0.1304347826086956;0.3333333333333333;0.0059288537549407;7.666666666666667;1.0;1.0;0.0;0.0;0.0;1.0;0.0;1.0;1.0;0.0;0.0;1.0;1.0;0.0;0.0;0.0;0.0;0.0;0.0;0.0;0.0;0.0;0.0;0.0;1.0;1.0;0.0;0.0;0.0;0.0;0.0;0.0;0.0;0.0;0.0;0.0;0.0;0.0;0.0;0.0;0.0;0.0;0.0;0.0;0.0
2024-02-25;São Paulo;27;3;9;201;668;Guarani;3;6;22;8;5;3;0.67;0.33;565;0.88;14;16;3;6;0;0;5;1.0;0.0;0.0;1.0;0.0;1.0;0.0;0.0;0.0;0.0;0.0;1;0.04125;0.2142857142857142;497;0.028169014084507;741.7910447761194;0.2272727272727272;7.462686567164178;14;0.34;4;-3;-2;0.0389380530973451;0.0454545454545454;0.67;5.0;1;0;1;0;1;0;1;0;0.0454545454545454;0.2;0.0017699115044247;22.0;1.0;1.0;0.0;0.0;0.0;1.0;0.0;0.0;1.0;0.0;0.0;0.0;1.0;0.0;0.0;1.0;0.0;0.0;0.0;0.0;0.0;0.0;0.0;0.0;1.0;0.0;1.0;0.0;0.0;0.0;0.0;0.0;0.0;0.0;0.0;0.0;0.0;0.0;0.0;0.0;0.0;0.0;0.0;0.0;0.0
2024-02-17;São Paulo;27;3;0;201;659;Bragantino;3;2;17;10;4;7;0.61;0.39;439;0.83;13;15;2;1;1;1;9;1.0;0.0;0.0;0.0;0.0;1.0;0.0;0.0;1.0;0.0;0.0;5;0.039;0.2307692307692307;364;0.0357142857142857;596.7213114754098;0.5294117647058824;14.754098360655735;7;0.2199999999999999;4;1;-2;0.0387243735763098;0.1176470588235294;0.305;4.5;0;2;2;0;1;0;0;1;0.1176470588235294;0.5;0.0045558086560364;8.5;0.0;0.0;0.0;0.0;1.0;1.0;0.0;1.0;1.0;0.0;0.0;0.0;1.0;0.0;0.0;0.0;0.0;0.0;0.0;0.0;0.0;0.0;0.0;0.0;1.0;0.0;0.0;0.0;0.0;0.0;1.0;0.0;0.0;1.0;0.0;0.0;0.0;0.0;0.0;0.0;0.0;0.0;0.0;0.0;0.0
2024-02-14;São Paulo;27;22;3;201;662;Santos;2;5;20;6;2;3;0.58;0.42;410;0.82;14;12;2;5;0;0;4;1.0;0.0;0.0;0.0;0.0;1.0;0.0;0.0;1.0;0.0;0.0;2;0.0699999999999999;0.1428571428571428;336;0.0416666666666666;579.3103448275863;0.2;6.896551724137932;14;0.1599999999999999;2;-3;2;0.048780487804878;0.0;0.0;0.0;0;0;0;0;0;1;0;1;0.0;0.0;0.0;0.0;0.0;0.0;0.0;0.0;1.0;0.0;0.0;1.0;1.0;0.0;0.0;0.0;1.0;0.0;0.0;0.0;0.0;0.0;0.0;0.0;0.0;0.0;0.0;0.0;1.0;0.0;0.0;0.0;0.0;1.0;1.0;1.0;0.0;0.0;0.0;0.0;0.0;0.0;0.0;0.0;0.0;0.0;0.0;0.0;0.0
2024-02-10;São Paulo;27;3;29;201;666;Ponte Preta;3;1;14;10;3;3;0.67;0.33;523;0.86;11;17;3;1;0;0;0;1.0;0.0;0.0;0.0;0.0;0.0;0.0;0.0;1.0;0.0;0.0;4;0.033;0.2727272727272727;450;0.0244444444444444;671.641791044776;0.0;0.0;4;0.34;-4;2;-6;0.0267686424474187;0.0;0.0;0.0;0;0;0;0;0;1;1;0;0.0;0.0;0.0;0.0;0.0;0.0;0.0;0.0;0.0;0.0;0.0;1.0;1.0;1.0;0.0;0.0;1.0;0.0;0.0;0.0;0.0;1.0;0.0;0.0;0.0;0.0;0.0;0.0;1.0;1.0;0.0;0.0;0.0;0.0;1.0;1.0;0.0;0.0;0.0;0.0;0.0;0.0;0.0;0.0;0.0;0.0;0.0;0.0;0.0
2024-02-07;São Paulo;27;0;3;201;667;Água Santa;1;1;13;10;6;0;0.57;0.43;425;0.88;13;14;1;1;0;0;4;0.0;0.0;0.0;1.0;0.0;1.0;0.0;0.0;0.0;0.0;0.0;4;0.043;0.0769230769230769;374;0.03475935828877;656.140350877193;0.3076923076923077;7.017543859649123;3;0.1399999999999999;0;0;-1;0.0305882352941176;0.2307692307692307;0.1899999999999999;1.3333333333333333;1;2;3;1;0;0;0;1;0.2307692307692307;0.5;0.0070588235294117;4.333333333333333;0.0;1.0;0.0;0.0;1.0;1.0;0.0;0.0;0.0;1.0;0.0;0.0;0.0;1.0;1.0;1.0;0.0;1.0;0.0;0.0;0.0;0.0;0.0;0.0;0.0;0.0;0.0;0.0;0.0;0.0;0.0;1.0;0.0;0.0;0.0;0.0;0.0;0.0;0.0;0.0;0.0;0.0;0.0;0.0;0.0
2024-02-04;São Paulo;33;3;17;201;217;Palmeiras;4;5;6;13;2;3;0.51;0.49;352;0.81;16;19;4;5;0;0;6;1.0;0.0;0.0;0.0;0.0;1.0;0.0;0.0;1.0;0.0;0.0;3;0.0376923076923076;0.25;285;0.0561403508771929;558.8235294117648;1.0;11.76470588235294;-7;0.02;3;-1;-3;0.0170454545454545;0.0;0.0;0.0;0;0;0;0;1;0;1;0;0.0;0.0;0.0;0.0;0.0;0.0;0.0;0.0;0.0;0.0;0.0;1.0;1.0;0.0;0.0;0.0;1.0;0.0;0.0;0.0;0.0;0.0;0.0;0.0;0.0;0.0;1.0;0.0;1.0;1.0;0.0;0.0;0.0;0.0;1.0;0.0;0.0;1.0;0.0;0.0;0.0;0.0;0.0;0.0;0.0;0.0;0.0;0.0;0.0
2024-01-30;São Paulo;27;3;3;201;652;Corinthians;3;3;13;13;3;4;0.6;0.4;507;0.87;13;16;3;2;0;1;5;1.0;0.0;0.0;0.0;0.0;1.0;0.0;0.0;1.0;0.0;0.0;6;0.0307692307692307;0.2307692307692307;441;0.0294784580498866;735.0;0.3846153846153846;8.333333333333334;0;0.1999999999999999;-1;0;-3;0.0256410256410256;0.1538461538461538;0.3;2.5;1;1;2;1;0;0;1;0;0.1538461538461538;0.6666666666666666;0.0039447731755424;6.5;0.0;0.0;0.0;0.0;0.0;0.0;0.0;1.0;1.0;0.0;0.0;1.0;1.0;0.0;0.0;0.0;0.0;0.0;0.0;0.0;0.0;0.0;1.0;0.0;1.0;1.0;0.0;0.0;0.0;0.0;1.0;0.0;0.0;0.0;0.0;0.0;0.0;0.0;0.0;0.0;0.0;0.0;0.0;0.0;0.0
2024-01-27;São Paulo;27;1;3;201;663;Portuguesa;4;3;12;8;1;1;0.61;0.39;438;0.86;24;15;4;3;0;0;7;0.0;0.0;0.0;1.0;0.0;0.0;0.0;0.0;1.0;0.0;0.0;5;0.04875;0.1666666666666666;377;0.0636604774535809;618.032786885246;0.5833333333333334;11.475409836065571;4;0.2199999999999999;2;1;9;0.0273972602739726;0.0833333333333333;0.61;7.0;1;0;1;1;0;0;0;1;0.0833333333333333;1.0;0.002283105022831;12.0;1.0;0.0;0.0;0.0;1.0;0.0;0.0;1.0;1.0;1.0;0.0;0.0;0.0;1.0;0.0;0.0;0.0;0.0;0.0;0.0;0.0;0.0;0.0;0.0;1.0;0.0;0.0;0.0;0.0;0.0;0.0;1.0;0.0;1.0;0.0;0.0;0.0;0.0;0.0;0.0;0.0;0.0;0.0;0.0;0.0
2024-01-23;São Paulo;27;17;0;201;670;Mirassol;1;2;14;3;7;2;0.64;0.36;493;0.84;16;15;1;2;0;0;10;1.0;0.0;0.0;1.0;0.0;1.0;0.0;0.0;0.0;0.0;0.0;3;0.12;0.0625;414;0.038647342995169;646.875;0.7142857142857143;15.625;11;0.28;7;-1;1;0.0283975659229208;0.0714285714285714;0.64;10.0;1;0;1;0;1;0;1;0;0.0714285714285714;0.1428571428571428;0.0020283975659229;14.0;0.0;1.0;0.0;0.0;0.0;1.0;0.0;0.0;1.0;0.0;0.0;0.0;1.0;0.0;0.0;0.0;0.0;0.0;0.0;0.0;0.0;0.0;0.0;0.0;1.0;1.0;0.0;0.0;0.0;0.0;1.0;1.0;0.0;0.0;0.0;0.0;0.0;0.0;0.0;0.0;0.0;0.0;0.0;0.0;0.0
2024-01-20;São Paulo;27;3;6;201;664;Santo André;2;2;21;8;6;4;0.64;0.36;588;0.89;18;12;2;2;0;0;5;1.0;0.0;0.0;1.0;0.0;1.0;0.0;0.0;1.0;0.0;0.0;3;0.045;0.1111111111111111;523;0.034416826003824;817.1875;0.238095238095238;7.8125;13;0.28;2;0;6;0.0357142857142857;0.1428571428571428;0.2133333333333333;1.6666666666666667;3;0;3;1;0;0;0;1;0.1428571428571428;0.5;0.0051020408163265;7.0;1.0;0.0;0.0;0.0;0.0;0.0;0.0;0.0;1.0;0.0;0.0;1.0;1.0;0.0;0.0;0.0;0.0;0.0;0.0;0.0;0.0;0.0;0.0;0.0;1.0;1.0;0.0;0.0;0.0;0.0;1.0;0.0;0.0;0.0;0.0;0.0;0.0;0.0;0.0;0.0;0.0;0.0;0.0;0.0;0.0
2023-12-06;São Paulo;10;3;3;201;214;Flamengo;0;3;9;10;3;2;0.42;0.58;406;0.84;13;16;0;3;0;0;4;1.0;0.0;0.0;0.0;0.0;1.0;0.0;0.0;1.0;0.0;0.0;9;0.0579999999999999;0.0;341;0.0381231671554252;811.9047619047619;0.4444444444444444;9.523809523809524;-1;-0.1599999999999999;-5;-3;-3;0.022167487684729;0.1111111111111111;0.42;4.0;1;0;1;1;0;0;0;1;0.1111111111111111;0.3333333333333333;0.0024630541871921;9.0;0.0;0.0;0.0;0.0;0.0;0.0;0.0;1.0;0.0;0.0;0.0;0.0;1.0;0.0;0.0;0.0;0.0;0.0;0.0;0.0;0.0;0.0;0.0;0.0;1.0;1.0;0.0;0.0;0.0;1.0;0.0;0.0;0.0;0.0;1.0;1.0;1.0;0.0;0.0;0.0;0.0;0.0;0.0;0.0;0.0
2023-12-02;São Paulo;10;3;3;201;220;Atlético Mineiro;1;4;16;7;5;2;0.52;0.48;435;0.87;9;15;1;4;0;0;5;1.0;0.0;0.0;0.0;0.0;1.0;0.0;0.0;1.0;0.0;0.0;3;0.0685714285714285;0.1111111111111111;378;0.0238095238095238;726.9230769230769;0.3125;9.615384615384617;9;0.04;2;-3;-6;0.0367816091954023;0.0625;0.52;5.0;0;1;1;0;0;1;1;0;0.0625;0.2;0.0022988505747126;16.0;0.0;0.0;0.0;0.0;0.0;0.0;0.0;1.0;0.0;0.0;0.0;1.0;1.0;0.0;0.0;0.0;0.0;0.0;0.0;0.0;0.0;0.0;1.0;0.0;0.0;1.0;0.0;0.0;0.0;0.0;0.0;0.0;0.0;0.0;0.0;1.0;1.0;1.0;0.0;0.0;0.0;0.0;0.0;0.0;0.0
2023-11-29;São Paulo;10;3;6;201;697;Bahía;3;4;14;14;5;3;0.68;0.32;592;0.89;11;15;3;4;0;0;5;1.0;0.0;0.0;0.0;0.0;1.0;0.0;0.0;0.0;0.0;0.0;3;0.0228571428571428;0.2727272727272727;527;0.0208728652751423;775.0;0.3571428571428571;7.352941176470588;0;0.36;2;-1;-4;0.0236486486486486;0.0714285714285714;0.68;5.0;0;1;1;1;0;0;1;0;0.0714285714285714;0.2;0.0016891891891891;14.0;0.0;0.0;0.0;0.0;0.0;0.0;0.0;1.0;0.0;0.0;0.0;1.0;1.0;0.0;0.0;0.0;0.0;0.0;0.0;0.0;0.0;0.0;1.0;0.0;1.0;1.0;1.0;0.0;0.0;1.0;0.0;0.0;0.0;0.0;0.0;1.0;0.0;0.0;0.0;0.0;0.0;0.0;0.0;0.0;0.0
2023-11-26;São Paulo;10;3;17;201;656;Cuiabá;2;0;19;3;4;0;0.63;0.37;668;0.9;12;11;2;0;0;0;5;1.0;0.0;0.0;1.0;0.0;1.0;0.0;0.0;1.0;0.0;0.0;1;0.1233333333333333;0.1666666666666666;601;0.0199667221297836;953.968253968254;0.2631578947368421;7.936507936507937;16;0.26;4;2;1;0.028443113772455;0.0;0.0;0.0;0;0;0;0;1;0;0;1;0.0;0.0;0.0;0.0;0.0;0.0;0.0;0.0;0.0;0.0;0.0;1.0;0.0;0.0;0.0;1.0;1.0;0.0;0.0;0.0;0.0;0.0;0.0;0.0;0.0;0.0;0.0;0.0;0.0;0.0;1.0;0.0;0.0;0.0;0.0;0.0;1.0;0.0;1.0;0.0;1.0;0.0;0.0;0.0;0.0;0.0;0.0;0.0;0.0
2023-11-22;São Paulo;10;3;3;201;197;Fluminense;6;5;4;24;1;8;0.4;0.6;328;0.81;14;25;5;5;1;0;4;1.0;0.0;0.0;0.0;0.0;1.0;0.0;0.0;1.0;0.0;0.0;3;0.0249999999999999;0.4285714285714285;266;0.0526315789473684;665.0;1.0;10.0;-20;-0.1999999999999999;1;1;-11;0.0121951219512195;0.0;0.0;0.0;0;0;0;0;0;1;1;0;0.0;0.0;0.0;0.0;0.0;0.0;0.0;0.0;0.0;0.0;0.0;0.0;0.0;0.0;0.0;0.0;1.0;0.0;0.0;0.0;0.0;0.0;0.0;0.0;0.0;0.0;1.0;0.0;1.0;0.0;0.0;0.0;0.0;1.0;1.0;0.0;0.0;0.0;0.0;1.0;0.0;0.0;1.0;1.0;0.0;0.0;0.0;0.0;0.0
2023-11-12;São Paulo;10;3;7;201;662;Santos;2;0;12;11;3;3;0.7;0.3;587;0.87;14;12;2;0;0;0;4;1.0;0.0;0.0;0.0;0.0;1.0;0.0;0.0;1.0;0.0;0.0;1;0.0272727272727272;0.1428571428571428;511;0.0273972602739726;730.0;0.3333333333333333;5.714285714285714;1;0.3999999999999999;3;2;2;0.0204429301533219;0.0;0.0;0.0;0;0;0;0;1;0;1;0;0.0;0.0;0.0;0.0;0.0;0.0;0.0;0.0;0.0;0.0;0.0;1.0;0.0;0.0;0.0;0.0;1.0;0.0;0.0;0.0;0.0;0.0;0.0;0.0;0.0;0.0;1.0;0.0;0.0;1.0;1.0;0.0;0.0;1.0;0.0;0.0;0.0;0.0;0.0;1.0;1.0;0.0;0.0;0.0;0.0;0.0;0.0;0.0;0.0
2023-11-08;São Paulo;10;3;3;201;659;Bragantino;2;2;15;10;5;3;0.58;0.42;445;0.83;10;24;2;2;0;0;9;1.0;0.0;0.0;0.0;0.0;1.0;0.0;0.0;1.0;0.0;0.0;5;0.0419999999999999;0.2;369;0.02710027100271;636.2068965517242;0.6;15.517241379310343;5;0.1599999999999999;4;0;-14;0.0337078651685393;0.0666666666666666;0.58;9.0;0;1;1;1;0;0;0;1;0.0666666666666666;0.2;0.0022471910112359;15.0;0.0;0.0;0.0;0.0;0.0;0.0;0.0;1.0;0.0;0.0;0.0;0.0;1.0;0.0;0.0;0.0;0.0;0.0;0.0;0.0;0.0;0.0;1.0;0.0;1.0;1.0;1.0;0.0;0.0;1.0;0.0;0.0;0.0;0.0;0.0;1.0;0.0;0.0;0.0;0.0;0.0;0.0;0.0;0.0;0.0
2023-11-02;São Paulo;10;3;0;201;636;Cruzeiro;1;4;13;19;5;4;0.56;0.44;506;0.87;10;12;1;3;0;1;3;1.0;0.0;0.0;0.0;0.0;1.0;0.0;0.0;0.0;0.0;0.0;4;0.0231578947368421;0.1;440;0.0227272727272727;785.7142857142857;0.2307692307692307;5.357142857142857;-6;0.12;-1;-3;-2;0.025691699604743;0.0769230769230769;0.56;3.0;0;1;1;1;0;0;0;1;0.0769230769230769;0.2;0.0019762845849802;13.0;0.0;0.0;0.0;0.0;0.0;0.0;0.0;1.0;0.0;0.0;0.0;0.0;1.0;0.0;0.0;0.0;0.0;0.0;0.0;0.0;0.0;0.0;1.0;0.0;0.0;1.0;0.0;0.0;1.0;0.0;0.0;0.0;1.0;0.0;0.0;1.0;1.0;0.0;0.0;1.0;0.0;0.0;0.0;0.0;0.0
2023-10-29;São Paulo;10;3;17;201;649;Paranaense;5;1;5;16;2;5;0.58;0.42;482;0.84;12;13;5;1;0;0;3;1.0;0.0;0.0;1.0;0.0;1.0;0.0;0.0;1.0;0.0;0.0;4;0.02625;0.4166666666666667;405;0.0296296296296296;698.2758620689656;0.6;5.172413793103448;-11;0.1599999999999999;-1;4;-1;0.0103734439834024;0.2;0.58;3.0;1;0;1;0;1;0;1;0;0.2;0.5;0.0020746887966804;5.0;0.0;0.0;0.0;0.0;0.0;0.0;0.0;0.0;0.0;0.0;0.0;0.0;1.0;0.0;0.0;0.0;0.0;0.0;0.0;0.0;0.0;0.0;0.0;0.0;1.0;1.0;0.0;0.0;1.0;0.0;1.0;0.0;0.0;0.0;1.0;0.0;0.0;1.0;0.0;0.0;0.0;0.0;0.0;0.0;0.0
2023-10-25;São Paulo;10;3;28;201;217;Palmeiras;3;3;3;12;0;8;0.54;0.46;421;0.85;16;15;2;3;1;0;0;1.0;0.0;0.0;0.0;0.0;1.0;0.0;0.0;0.0;0.0;0.0;5;0.0383333333333333;0.1875;358;0.0446927374301676;662.9629629629629;0.0;0.0;-9;0.08;-5;0;1;0.007125890736342;0.0;0.0;0.0;0;0;0;0;0;1;1;0;0.0;0.0;0.0;0.0;0.0;0.0;0.0;0.0;0.0;0.0;0.0;0.0;0.0;0.0;0.0;1.0;0.0;0.0;0.0;0.0;0.0;0.0;0.0;0.0;0.0;0.0;1.0;0.0;0.0;0.0;1.0;0.0;0.0;0.0;1.0;0.0;1.0;0.0;0.0;1.0;1.0;0.0;1.0;1.0;0.0;0.0;0.0;0.0;0.0
2023-10-21;São Paulo;10;3;4;201;206;Grêmio;1;3;20;3;8;2;0.58;0.42;456;0.83;24;17;1;3;0;0;6;1.0;0.0;0.0;0.0;0.0;1.0;0.0;0.0;0.0;0.0;0.0;3;0.1399999999999999;0.0416666666666666;378;0.0634920634920634;651.7241379310345;0.3;10.344827586206897;17;0.1599999999999999;3;-2;7;0.043859649122807;0.15;0.1933333333333333;2.0;1;2;3;1;0;0;0;1;0.15;0.375;0.006578947368421;6.666666666666667;0.0;0.0;0.0;0.0;0.0;0.0;0.0;0.0;0.0;0.0;0.0;1.0;1.0;0.0;0.0;0.0;0.0;0.0;0.0;0.0;0.0;0.0;1.0;0.0;1.0;0.0;1.0;0.0;0.0;0.0;1.0;0.0;1.0;0.0;0.0;1.0;0.0;0.0;0.0;1.0;0.0;0.0;0.0;0.0;0.0
2023-10-18;São Paulo;10;3;0;201;683;Goiás;3;4;8;7;3;3;0.75;0.25;699;0.89;15;18;3;4;0;0;3;1.0;0.0;0.0;0.0;0.0;1.0;0.0;0.0;1.0;0.0;0.0;6;0.0357142857142857;0.2;622;0.0241157556270096;829.3333333333334;0.375;4.0;1;0.5;-3;-1;-3;0.0114449213161659;0.0;0.0;0.0;0;0;0;0;0;1;1;0;0.0;0.0;0.0;0.0;0.0;0.0;0.0;0.0;0.0;0.0;0.0;0.0;0.0;0.0;0.0;1.0;1.0;0.0;0.0;0.0;0.0;0.0;0.0;0.0;0.0;0.0;1.0;0.0;0.0;1.0;0.0;0.0;1.0;0.0;1.0;0.0;0.0;0.0;0.0;1.0;1.0;0.0;0.0;0.0;0.0;0.0;0.0;0.0;0.0
2023-10-07;São Paulo;10;3;0;201;777;Vasco da Gama;1;4;12;11;4;2;0.62;0.38;562;0.88;7;15;1;4;0;0;3;1.0;0.0;0.0;1.0;0.0;1.0;0.0;0.0;0.0;0.0;0.0;7;0.0345454545454545;0.1428571428571428;495;0.0141414141414141;798.3870967741935;0.25;4.838709677419355;1;0.24;-4;-3;-8;0.0213523131672597;0.0;0.0;0.0;0;0;0;0;1;0;1;0;0.0;0.0;0.0;0.0;0.0;0.0;0.0;0.0;0.0;0.0;0.0;0.0;0.0;0.0;0.0;1.0;1.0;0.0;0.0;0.0;0.0;0.0;0.0;0.0;0.0;0.0;0.0;0.0;0.0;1.0;0.0;0.0;1.0;0.0;1.0;0.0;1.0;0.0;1.0;0.0;1.0;0.0;0.0;0.0;0.0;0.0;0.0;0.0;0.0
2023-09-30;São Paulo;10;3;3;201;652;Corinthians;5;2;22;6;8;2;0.54;0.46;470;0.89;14;14;5;2;0;0;11;1.0;0.0;0.0;0.0;0.0;1.0;0.0;0.0;0.0;0.0;0.0;4;0.0766666666666666;0.3571428571428571;418;0.0334928229665071;774.074074074074;0.5;20.37037037037037;16;0.08;7;3;0;0.0468085106382978;0.0909090909090909;0.27;5.5;2;0;2;1;0;0;0;1;0.0909090909090909;0.25;0.0042553191489361;11.0;0.0;0.0;0.0;0.0;0.0;0.0;0.0;0.0;1.0;0.0;0.0;1.0;1.0;0.0;0.0;0.0;0.0;0.0;0.0;0.0;0.0;0.0;1.0;0.0;0.0;1.0;0.0;0.0;1.0;0.0;1.0;0.0;0.0;0.0;0.0;1.0;1.0;0.0;0.0;0.0;0.0;0.0;0.0;0.0;0.0
2023-09-27;São Paulo;10;3;7;201;684;Coritiba;2;3;14;7;6;2;0.64;0.36;553;0.85;12;12;2;3;0;0;4;0.0;0.0;0.0;1.0;0.0;0.0;0.0;0.0;1.0;0.0;0.0;3;0.0514285714285714;0.1666666666666666;470;0.025531914893617;734.375;0.2857142857142857;6.25;7;0.28;1;-1;0;0.0253164556962025;0.1428571428571428;0.32;2.0;2;0;2;1;0;0;0;1;0.1428571428571428;0.3333333333333333;0.0036166365280289;7.0;0.0;0.0;0.0;0.0;0.0;0.0;0.0;0.0;0.0;0.0;0.0;0.0;0.0;1.0;0.0;0.0;0.0;0.0;0.0;0.0;0.0;0.0;0.0;0.0;1.0;0.0;1.0;0.0;0.0;1.0;1.0;0.0;1.0;0.0;1.0;0.0;0.0;0.0;1.0;0.0;1.0;0.0;0.0;0.0;0.0
2023-09-24;São Paulo;12;3;3;201;214;Flamengo;4;2;8;13;3;5;0.48;0.52;340;0.74;17;14;3;2;1;0;2;1.0;0.0;0.0;0.0;0.0;1.0;0.0;0.0;0.0;0.0;0.0;4;0.04;0.2352941176470588;252;0.0674603174603174;525.0;0.25;4.166666666666667;-5;-0.04;-2;2;3;0.0235294117647058;0.125;0.48;2.0;1;0;1;0;1;0;0;1;0.125;0.3333333333333333;0.0029411764705882;8.0;0.0;0.0;0.0;0.0;0.0;0.0;0.0;1.0;1.0;0.0;0.0;1.0;1.0;0.0;0.0;0.0;0.0;0.0;0.0;0.0;0.0;0.0;1.0;0.0;0.0;1.0;0.0;0.0;1.0;0.0;0.0;0.0;0.0;0.0;0.0;1.0;1.0;0.0;0.0;0.0;0.0;0.0;0.0;0.0;0.0
2023-09-20;São Paulo;10;3;3;201;644;Fortaleza;3;6;13;8;7;4;0.74;0.26;658;0.87;21;14;3;6;0;0;9;0.0;0.0;0.0;1.0;0.0;0.0;0.0;0.0;1.0;0.0;0.0;0;0.0325;0.1428571428571428;572;0.0367132867132867;772.972972972973;0.6923076923076923;12.162162162162163;5;0.48;9;-3;7;0.019756838905775;0.0769230769230769;0.74;9.0;0;1;1;0;0;1;0;1;0.0769230769230769;0.1428571428571428;0.0015197568389057;13.0;0.0;0.0;0.0;0.0;0.0;0.0;0.0;0.0;0.0;0.0;0.0;0.0;0.0;1.0;0.0;0.0;0.0;0.0;0.0;0.0;0.0;0.0;0.0;0.0;1.0;0.0;1.0;0.0;0.0;1.0;1.0;0.0;1.0;0.0;1.0;0.0;0.0;0.0;1.0;0.0;1.0;0.0;0.0;0.0;0.0
2023-09-17;São Paulo;12;8;13;201;214;Flamengo;1;2;5;6;2;2;0.48;0.52;459;0.79;15;18;1;2;0;0;4;1.0;0.0;0.0;0.0;0.0;1.0;0.0;0.0;0.0;0.0;0.0;3;0.0866666666666666;0.0666666666666666;363;0.0413223140495867;756.25;0.8;8.333333333333334;-1;-0.04;1;-1;-3;0.0108932461873638;0.2;0.48;4.0;1;0;1;1;0;0;1;0;0.2;0.5;0.0021786492374727;5.0;0.0;0.0;0.0;0.0;0.0;0.0;0.0;1.0;1.0;0.0;0.0;1.0;1.0;0.0;0.0;0.0;0.0;0.0;0.0;0.0;0.0;0.0;1.0;0.0;0.0;1.0;0.0;0.0;1.0;0.0;0.0;0.0;0.0;0.0;0.0;1.0;1.0;0.0;0.0;0.0;0.0;0.0;0.0;0.0;0.0
2023-09-13;São Paulo;10;8;3;201;641;Internacional;4;5;11;15;3;5;0.57;0.43;574;0.84;14;17;4;5;0;0;7;1.0;0.0;0.0;0.0;0.0;1.0;0.0;0.0;1.0;0.0;0.0;4;0.0286666666666666;0.2857142857142857;482;0.0290456431535269;845.6140350877193;0.6363636363636364;12.280701754385966;-4;0.1399999999999999;3;-1;-3;0.019163763066202;0.0909090909090909;0.57;7.0;1;0;1;0;0;1;1;0;0.0909090909090909;0.3333333333333333;0.0017421602787456;11.0;0.0;0.0;0.0;0.0;0.0;0.0;0.0;0.0;1.0;0.0;0.0;1.0;1.0;0.0;0.0;0.0;0.0;0.0;0.0;0.0;0.0;0.0;1.0;0.0;0.0;1.0;0.0;0.0;0.0;0.0;1.0;0.0;0.0;0.0;0.0;1.0;1.0;0.0;0.0;0.0;0.0;0.0;0.0;0.0;0.0
2023-08-31;São Paulo;-1;3;3;201;211;LDU Quito;1;5;21;9;7;2;0.7;0.3;567;0.89;15;13;1;4;0;1;6;1.0;0.0;0.0;0.0;0.0;1.0;0.0;0.0;1.0;0.0;0.0;2;0.0333333333333333;0.0666666666666666;505;0.0297029702970297;721.4285714285714;0.2857142857142857;8.571428571428571;12;0.3999999999999999;4;-4;2;0.037037037037037;0.0476190476190476;0.7;6.0;0;1;1;1;0;0;0;1;0.0476190476190476;0.1428571428571428;0.001763668430335;21.0;0.0;0.0;0.0;0.0;0.0;0.0;0.0;1.0;1.0;0.0;0.0;1.0;1.0;0.0;0.0;0.0;0.0;0.0;0.0;0.0;0.0;0.0;1.0;0.0;1.0;0.0;0.0;0.0;1.0;0.0;0.0;0.0;0.0;0.0;0.0;1.0;0.0;0.0;0.0;0.0;0.0;0.0;0.0;0.0;0.0
2023-08-27;São Paulo;10;3;2;201;682;América-MG;2;7;13;9;5;4;0.75;0.25;630;0.87;9;21;1;5;1;2;6;1.0;0.0;0.0;1.0;0.0;0.0;0.0;0.0;0.0;0.0;0.0;4;0.0277777777777777;0.2222222222222222;548;0.0164233576642335;730.6666666666666;0.4615384615384615;8.0;4;0.5;2;-5;-12;0.0206349206349206;0.0769230769230769;0.75;6.0;0;1;1;0;0;1;1;0;0.0769230769230769;0.2;0.0015873015873015;13.0;0.0;0.0;0.0;0.0;0.0;0.0;0.0;0.0;0.0;0.0;0.0;0.0;1.0;0.0;0.0;0.0;0.0;1.0;0.0;0.0;0.0;0.0;0.0;0.0;0.0;1.0;1.0;0.0;0.0;1.0;0.0;0.0;1.0;0.0;1.0;0.0;0.0;0.0;0.0;0.0;1.0;1.0;0.0;0.0;0.0
2023-08-24;São Paulo;-1;3;3;201;211;LDU Quito;3;1;5;19;3;7;0.55;0.45;453;0.88;15;11;3;1;0;0;4;1.0;0.0;0.0;0.0;0.0;1.0;0.0;0.0;0.0;0.0;0.0;8;0.0236842105263157;0.2;399;0.037593984962406;725.4545454545454;0.8;7.272727272727272;-14;0.1;-4;2;4;0.0110375275938189;0.2;0.55;4.0;0;1;1;0;0;1;1;0;0.2;0.3333333333333333;0.0022075055187637;5.0;0.0;0.0;0.0;0.0;0.0;0.0;0.0;1.0;1.0;0.0;0.0;1.0;0.0;0.0;0.0;0.0;0.0;0.0;0.0;0.0;0.0;0.0;1.0;0.0;1.0;1.0;0.0;0.0;1.0;0.0;0.0;0.0;0.0;0.0;0.0;1.0;0.0;0.0;1.0;0.0;0.0;0.0;0.0;0.0;0.0
2023-08-19;São Paulo;10;3;3;201;210;Botafogo;4;2;13;12;4;1;0.64;0.36;564;0.85;12;9;4;2;0;0;5;0.0;0.0;0.0;0.0;0.0;0.0;0.0;0.0;1.0;0.0;0.0;2;0.03;0.3333333333333333;479;0.0250521920668058;748.4375;0.3846153846153846;7.8125;1;0.28;3;2;3;0.0230496453900709;0.0;0.0;0.0;0;0;0;0;1;0;0;1;0.0;0.0;0.0;0.0;0.0;0.0;0.0;0.0;0.0;0.0;0.0;1.0;0.0;0.0;0.0;0.0;1.0;1.0;0.0;0.0;0.0;0.0;0.0;0.0;0.0;0.0;0.0;0.0;1.0;0.0;1.0;0.0;0.0;1.0;1.0;0.0;1.0;0.0;1.0;0.0;0.0;0.0;1.0;0.0;0.0;0.0;0.0;0.0;0.0
2023-08-16;São Paulo;12;3;3;201;652;Corinthians;0;2;19;10;7;1;0.43;0.57;366;0.84;7;10;0;2;0;0;7;1.0;0.0;0.0;0.0;0.0;1.0;0.0;0.0;0.0;0.0;0.0;3;0.0569999999999999;0.0;307;0.022801302931596;713.953488372093;0.3684210526315789;16.27906976744186;9;-0.1399999999999999;4;-2;-3;0.0519125683060109;0.1052631578947368;0.215;3.5;2;0;2;1;0;0;0;1;0.1052631578947368;0.2857142857142857;0.0054644808743169;9.5;0.0;0.0;0.0;0.0;0.0;0.0;0.0;1.0;1.0;0.0;0.0;1.0;1.0;0.0;0.0;0.0;0.0;0.0;0.0;0.0;0.0;0.0;1.0;0.0;1.0;1.0;0.0;0.0;1.0;0.0;0.0;0.0;0.0;0.0;0.0;1.0;0.0;0.0;0.0;0.0;0.0;0.0;0.0;0.0;0.0
2023-08-13;São Paulo;10;3;3;201;214;Flamengo;6;2;8;19;1;7;0.46;0.54;502;0.84;15;13;6;2;0;0;2;0.0;0.0;0.0;1.0;0.0;1.0;0.0;0.0;0.0;0.0;0.0;8;0.0284210526315789;0.4;422;0.0355450236966824;917.391304347826;0.25;4.3478260869565215;-11;-0.08;-6;4;2;0.0159362549800796;0.125;0.46;2.0;1;0;1;0;1;0;1;0;0.125;1.0;0.0019920318725099;8.0;0.0;0.0;0.0;0.0;0.0;0.0;0.0;0.0;0.0;0.0;0.0;1.0;0.0;1.0;0.0;0.0;0.0;0.0;0.0;0.0;0.0;0.0;0.0;0.0;1.0;0.0;1.0;0.0;0.0;1.0;1.0;0.0;0.0;0.0;1.0;0.0;0.0;0.0;1.0;0.0;0.0;0.0;1.0;0.0;0.0
2023-08-10;São Paulo;-1;3;17;201;218;San Lorenzo;5;4;12;6;5;0;0.71;0.29;522;0.85;12;16;5;4;0;0;8;1.0;0.0;0.0;0.0;0.0;1.0;0.0;0.0;1.0;0.0;0.0;1;0.0483333333333333;0.4166666666666667;444;0.027027027027027;625.3521126760563;0.6666666666666666;11.267605633802818;6;0.42;7;1;-4;0.0229885057471264;0.1666666666666666;0.355;4.0;1;1;2;1;0;0;0;1;0.1666666666666666;0.4;0.003831417624521;6.0;0.0;0.0;0.0;0.0;0.0;0.0;0.0;1.0;1.0;0.0;0.0;0.0;1.0;0.0;0.0;0.0;0.0;0.0;0.0;0.0;0.0;0.0;1.0;0.0;0.0;1.0;0.0;0.0;1.0;0.0;0.0;0.0;0.0;0.0;0.0;1.0;1.0;0.0;0.0;0.0;0.0;0.0;0.0;0.0;0.0
2023-08-06;São Paulo;10;3;3;201;220;Atlético Mineiro;6;5;19;8;3;2;0.68;0.32;573;0.87;16;17;6;5;0;0;9;1.0;0.0;0.0;0.0;0.0;0.0;0.0;0.0;1.0;0.0;0.0;3;0.04;0.375;499;0.032064128256513;733.8235294117646;0.4736842105263157;13.235294117647058;11;0.36;6;1;-1;0.0331588132635253;0.0;0.0;0.0;0;0;0;0;0;1;0;1;0.0;0.0;0.0;0.0;0.0;0.0;0.0;0.0;0.0;0.0;0.0;0.0;1.0;0.0;0.0;0.0;1.0;0.0;0.0;0.0;0.0;0.0;0.0;0.0;0.0;0.0;1.0;0.0;0.0;0.0;1.0;0.0;1.0;0.0;1.0;0.0;0.0;0.0;0.0;1.0;1.0;0.0;0.0;0.0;0.0;0.0;0.0;1.0;0.0
