Fecha;Equipo_name;Torneo;Alineacion;Alineacion_contrincante;equipo;equipo_contrincante;equipo_contrincante_name;tarjetas;tarjetas_contrincante;Remates;Remates_contrincante;Remates al arco;Remates al arco_contrincante;Posesión;Posesión_contrincante;Pases;Precisión de los pases;Faltas;Faltas_contrincante;Tarjetas amarillas;Tarjetas amarillas_contrincante;Tarjetas rojas;Tarjetas rojas_contrincante;Tiros de esquina;Guglielmo Vicario-Tottenham;Pedro Porro-Tottenham;Cuti Romero-Tottenham;Micky van de Ven-Tottenham;Destiny Udogie-Tottenham;Lucas Bergvall-Tottenham;Rodrigo Bentancur-Tottenham;James Maddison-Tottenham;Brennan Johnson-Tottenham;Dominic Solanke-Tottenham;Mathys Tel-Tottenham;Tiros de esquina_concedidos;Posesión_contra_por_remate;tarjetas_por_falta;pases_completados;faltas_por_pases;pases_por_posesion;tirosEsquina_por_remate;tirosEsquina_por_posesion;diff_remates;diff_posesion;diff_Tiros de esquina;diff_tarjetas;diff_faltas;remates_por_pase;posesion_por_remate;posesion_por_gol;tirosEsquina_por_gol;goles_primera_mitad;goles_segunda_mitad;goles_totales;gano;empato;perdio;visitante;local;conversion_goles;conversion_arco;goles_por_pase;remates_al_arco_por_gol;Archie Gray-Tottenham;Ben Davies-Tottenham;Djed Spence-Tottenham;Pape Matar Sarr-Tottenham;Yves Bissouma-Tottenham;Son Heung-Min-Tottenham;Wilson Odobert-Tottenham;Kevin Danso-Tottenham;Dejan Kulusevski-Tottenham;Antonín Kinský-Tottenham;Mikey Moore-Tottenham;Richarlison-Tottenham;Brandon Austin-Tottenham;Radu Drăgușin-Tottenham;Sergio Reguilón-Tottenham;Timo Werner-Tottenham;Fraser Forster-Tottenham;Will Lankshear-Tottenham;Emerson Royal-Tottenham;Jamie Donley-Tottenham;Oliver Skipp-Tottenham;Manor Solomon-Tottenham;Pierre-Emile Højbjerg-Tottenham;Giovani Lo Celso-Tottenham;Bryan Gil-Tottenham;Eric Dier-Tottenham;Davinson Sánchez-Tottenham;Ivan Perišić-Tottenham;Harry Kane-Tottenham;Japhet Tanganga-Tottenham;Clément Lenglet-Tottenham;Arnaut Danjuma-Tottenham;Hugo Lloris-Tottenham;Lucas Moura-Tottenham;Matt Doherty-Tottenham;Ryan Sessegnon-Tottenham
2025-05-08;Tottenham;5;3;0;56;89;Bodø/Glimt;2;1;8;7;3;2;0.31;0.69;257;0.73;10;8;2;1;0;0;8;1.0;1.0;1.0;1.0;1.0;0.0;1.0;0.0;1.0;1.0;0.0;3;0.09857142857142856;0.2;188;0.05319148936170213;606.4516129032259;1.0;25.806451612903228;1;-0.37999999999999995;5;1;2;0.0311284046692607;0.25;0.155;4.0;0;2;2;1;0;0;1;0;0.25;0.6666666666666666;0.007782101167315175;4.0;0.0;0.0;0.0;0.0;1.0;0.0;0.0;0.0;1.0;0.0;0.0;1.0;0.0;0.0;0.0;0.0;0.0;0.0;0.0;0.0;0.0;0.0;0.0;0.0;0.0;0.0;0.0;0.0;0.0;0.0;0.0;0.0;0.0;0.0;0.0;0.0
2025-05-04;Tottenham;3;0;17;56;61;West Ham;2;2;7;11;2;2;0.44;0.56;360;0.72;15;18;2;2;0;0;3;1.0;0.0;0.0;0.0;0.0;0.0;0.0;0.0;0.0;0.0;1.0;1;0.05090909090909091;0.13333333333333333;259;0.05791505791505792;588.6363636363636;0.42857142857142855;6.818181818181818;-4;-0.12000000000000005;2;0;-3;0.019444444444444445;0.14285714285714285;0.44;3.0;1;0;1;0;1;0;1;0;0.14285714285714285;0.5;0.002777777777777778;7.0;1.0;1.0;1.0;1.0;1.0;0.0;1.0;1.0;1.0;0.0;0.0;1.0;0.0;0.0;0.0;0.0;0.0;0.0;0.0;0.0;0.0;0.0;0.0;0.0;0.0;0.0;0.0;0.0;0.0;0.0;0.0;0.0;0.0;0.0;0.0;0.0
2025-05-01;Tottenham;5;0;0;56;89;Bodø/Glimt;1;2;24;3;7;1;0.41;0.59;353;0.81;12;7;1;2;0;0;13;1.0;1.0;1.0;1.0;1.0;0.0;1.0;1.0;1.0;1.0;0.0;1;0.19666666666666666;0.08333333333333333;286;0.04195804195804196;697.5609756097562;0.5416666666666666;31.707317073170735;21;-0.18;12;-1;5;0.0679886685552408;0.125;0.13666666666666666;4.333333333333333;2;1;3;1;0;0;0;1;0.125;0.42857142857142855;0.0084985835694051;8.0;0.0;0.0;0.0;0.0;1.0;0.0;0.0;0.0;0.0;0.0;0.0;1.0;0.0;0.0;0.0;0.0;0.0;0.0;0.0;0.0;0.0;0.0;0.0;0.0;0.0;0.0;0.0;0.0;0.0;0.0;0.0;0.0;0.0;0.0;0.0;0.0
2025-04-27;Tottenham;3;0;3;56;2;Liverpool;1;2;8;25;3;8;0.38;0.62;320;0.73;9;16;1;2;0;0;2;1.0;0.0;0.0;0.0;1.0;1.0;0.0;1.0;1.0;1.0;1.0;8;0.0248;0.1111111111111111;234;0.038461538461538464;615.7894736842105;0.25;5.2631578947368425;-17;-0.24;-6;-1;-7;0.025;0.125;0.38;2.0;1;0;1;0;0;1;1;0;0.125;0.3333333333333333;0.003125;8.0;1.0;1.0;1.0;0.0;0.0;0.0;0.0;1.0;0.0;0.0;0.0;0.0;0.0;0.0;0.0;0.0;0.0;0.0;0.0;0.0;0.0;0.0;0.0;0.0;0.0;0.0;0.0;0.0;0.0;0.0;0.0;0.0;0.0;0.0;0.0;0.0
2025-04-21;Tottenham;3;0;13;56;55;Nottingham Forest;1;4;22;4;6;3;0.7;0.3;526;0.88;11;12;1;4;0;0;7;1.0;1.0;1.0;1.0;0.0;0.0;1.0;0.0;0.0;0.0;1.0;1;0.075;0.09090909090909091;463;0.023758099352051837;661.4285714285714;0.3181818181818182;10.0;18;0.39999999999999997;6;-3;-1;0.04182509505703422;0.045454545454545456;0.7;7.0;0;1;1;0;0;1;0;1;0.045454545454545456;0.16666666666666666;0.0019011406844106464;22.0;0.0;0.0;1.0;1.0;0.0;0.0;1.0;0.0;1.0;0.0;0.0;1.0;0.0;0.0;0.0;0.0;0.0;0.0;0.0;0.0;0.0;0.0;0.0;0.0;0.0;0.0;0.0;0.0;0.0;0.0;0.0;0.0;0.0;0.0;0.0;0.0
2025-04-17;Tottenham;5;0;3;56;87;Frankfurt;3;3;12;14;3;5;0.39;0.61;352;0.77;9;7;3;3;0;0;7;1.0;1.0;1.0;1.0;1.0;1.0;1.0;1.0;1.0;1.0;1.0;8;0.0435714285714285;0.3333333333333333;271;0.033210332103321;694.8717948717948;0.5833333333333334;17.94871794871795;-2;-0.2199999999999999;-1;0;2;0.034090909090909;0.0833333333333333;0.39;7.0;1;0;1;1;0;0;1;0;0.0833333333333333;0.3333333333333333;0.002840909090909;12.0;0.0;0.0;0.0;0.0;0.0;0.0;0.0;0.0;0.0;0.0;0.0;0.0;0.0;0.0;0.0;0.0;0.0;0.0;0.0;0.0;0.0;0.0;0.0;0.0;0.0;0.0;0.0;0.0;0.0;0.0;0.0;0.0;0.0;0.0;0.0;0.0
2025-04-13;Tottenham;3;0;17;56;67;Wolves;2;1;11;13;4;5;0.63;0.37;566;0.88;15;12;2;1;0;0;4;1.0;0.0;1.0;0.0;0.0;0.0;0.0;1.0;1.0;1.0;1.0;1;0.0284615384615384;0.1333333333333333;498;0.0301204819277108;790.4761904761905;0.3636363636363636;6.349206349206349;-2;0.26;3;1;3;0.019434628975265;0.1818181818181818;0.315;2.0;0;2;2;0;0;1;1;0;0.1818181818181818;0.5;0.0035335689045936;5.5;1.0;1.0;1.0;1.0;1.0;0.0;0.0;0.0;0.0;0.0;0.0;0.0;0.0;0.0;0.0;0.0;0.0;0.0;0.0;0.0;0.0;0.0;0.0;0.0;0.0;0.0;0.0;0.0;0.0;0.0;0.0;0.0;0.0;0.0;0.0;0.0
2025-04-10;Tottenham;5;0;3;56;87;Frankfurt;1;2;10;4;6;2;0.57;0.43;526;0.88;14;15;1;2;0;0;9;1.0;1.0;1.0;1.0;1.0;1.0;1.0;1.0;1.0;1.0;0.0;3;0.1075;0.0714285714285714;463;0.0302375809935205;812.2807017543861;0.9;15.789473684210527;6;0.1399999999999999;6;-1;-1;0.0190114068441064;0.1;0.57;9.0;1;0;1;0;1;0;0;1;0.1;0.1666666666666666;0.0019011406844106;10.0;0.0;0.0;0.0;0.0;0.0;1.0;0.0;0.0;0.0;0.0;0.0;0.0;0.0;0.0;0.0;0.0;0.0;0.0;0.0;0.0;0.0;0.0;0.0;0.0;0.0;0.0;0.0;0.0;0.0;0.0;0.0;0.0;0.0;0.0;0.0;0.0
2025-04-06;Tottenham;3;0;3;56;68;Southampton;1;1;13;12;8;4;0.51;0.49;477;0.88;16;20;1;1;0;0;4;1.0;1.0;1.0;0.0;0.0;1.0;1.0;1.0;1.0;1.0;0.0;1;0.0408333333333333;0.0625;420;0.0380952380952381;823.5294117647059;0.3076923076923077;7.84313725490196;1;0.02;3;0;-4;0.0272536687631027;0.2307692307692307;0.17;1.3333333333333333;2;1;3;1;0;0;0;1;0.2307692307692307;0.375;0.0062893081761006;4.333333333333333;0.0;1.0;1.0;0.0;0.0;1.0;0.0;0.0;0.0;0.0;0.0;0.0;0.0;0.0;0.0;0.0;0.0;0.0;0.0;0.0;0.0;0.0;0.0;0.0;0.0;0.0;0.0;0.0;0.0;0.0;0.0;0.0;0.0;0.0;0.0;0.0
2025-04-03;Tottenham;3;0;3;56;53;Chelsea;5;5;8;11;2;5;0.5;0.5;438;0.88;16;7;5;5;0;0;6;1.0;0.0;1.0;1.0;1.0;1.0;1.0;1.0;0.0;1.0;0.0;4;0.0454545454545454;0.3125;385;0.0415584415584415;770.0;0.75;12.0;-3;0.0;2;0;9;0.0182648401826484;0.0;0.0;0.0;0;0;0;0;0;1;1;0;0.0;0.0;0.0;0.0;0.0;0.0;1.0;0.0;0.0;1.0;1.0;0.0;0.0;0.0;0.0;0.0;0.0;0.0;0.0;0.0;0.0;0.0;0.0;0.0;0.0;0.0;0.0;0.0;0.0;0.0;0.0;0.0;0.0;0.0;0.0;0.0;0.0;0.0;0.0;0.0
2025-03-16;Tottenham;3;0;3;56;58;Fulham;0;0;12;13;4;4;0.43;0.57;411;0.85;10;13;0;0;0;0;5;1.0;0.0;1.0;0.0;1.0;0.0;1.0;0.0;1.0;1.0;1.0;6;0.0438461538461538;0.0;349;0.0286532951289398;811.6279069767442;0.4166666666666667;11.627906976744184;-1;-0.1399999999999999;-1;0;-3;0.0291970802919708;0.0;0.0;0.0;0;0;0;0;0;1;1;0;0.0;0.0;0.0;0.0;1.0;1.0;1.0;0.0;1.0;0.0;0.0;0.0;0.0;0.0;0.0;0.0;0.0;0.0;0.0;0.0;0.0;0.0;0.0;0.0;0.0;0.0;0.0;0.0;0.0;0.0;0.0;0.0;0.0;0.0;0.0;0.0;0.0;0.0;0.0;0.0
2025-03-13;Tottenham;5;0;3;56;101;AZ;0;1;17;10;4;2;0.61;0.39;529;0.83;6;12;0;1;0;0;5;1.0;1.0;1.0;1.0;0.0;1.0;0.0;1.0;0.0;1.0;0.0;2;0.039;0.0;439;0.0136674259681093;719.672131147541;0.2941176470588235;8.19672131147541;7;0.2199999999999999;3;-1;-6;0.0321361058601134;0.1764705882352941;0.2033333333333333;1.6666666666666667;1;2;3;1;0;0;0;1;0.1764705882352941;0.75;0.0056710775047258;5.666666666666667;0.0;0.0;1.0;1.0;0.0;1.0;1.0;0.0;0.0;0.0;0.0;0.0;0.0;0.0;0.0;0.0;0.0;0.0;0.0;0.0;0.0;0.0;0.0;0.0;0.0;0.0;0.0;0.0;0.0;0.0;0.0;0.0;0.0;0.0;0.0;0.0
2025-03-09;Tottenham;3;0;3;56;59;Bournemouth;3;3;12;17;4;8;0.61;0.39;528;0.81;15;16;3;3;0;0;3;1.0;1.0;1.0;0.0;0.0;0.0;1.0;0.0;1.0;1.0;0.0;6;0.0229411764705882;0.2;428;0.0350467289719626;701.6393442622951;0.25;4.918032786885246;-5;0.2199999999999999;-3;0;-1;0.0227272727272727;0.1666666666666666;0.305;1.5;0;2;2;0;1;0;0;1;0.1666666666666666;0.5;0.0037878787878787;6.0;0.0;0.0;1.0;1.0;1.0;0.0;1.0;1.0;0.0;0.0;0.0;0.0;0.0;0.0;0.0;0.0;0.0;0.0;0.0;0.0;0.0;0.0;0.0;0.0;0.0;0.0;0.0;0.0;0.0;0.0;0.0;0.0;0.0;0.0;0.0;0.0
2025-03-06;Tottenham;5;0;3;56;101;AZ;1;3;7;12;1;5;0.62;0.38;583;0.87;12;14;1;3;0;0;2;1.0;0.0;0.0;0.0;1.0;1.0;1.0;1.0;1.0;0.0;1.0;7;0.0316666666666666;0.0833333333333333;507;0.0236686390532544;817.741935483871;0.2857142857142857;3.2258064516129035;-5;0.24;-5;-2;-2;0.0120068610634648;0.0;0.0;0.0;0;0;0;0;0;1;1;0;0.0;0.0;0.0;0.0;1.0;0.0;1.0;0.0;0.0;1.0;0.0;1.0;0.0;0.0;0.0;0.0;0.0;0.0;0.0;0.0;0.0;0.0;0.0;0.0;0.0;0.0;0.0;0.0;0.0;0.0;0.0;0.0;0.0;0.0;0.0;0.0;0.0;0.0;0.0;0.0
2025-02-26;Tottenham;3;0;3;56;3;Manchester City;3;0;11;12;6;5;0.56;0.44;529;0.87;12;15;3;0;0;0;8;1.0;1.0;0.0;0.0;1.0;1.0;1.0;1.0;1.0;0.0;1.0;3;0.0366666666666666;0.25;460;0.0260869565217391;821.4285714285713;0.7272727272727273;14.285714285714285;-1;0.12;5;3;-3;0.0207939508506616;0.0;0.0;0.0;0;0;0;0;0;1;0;1;0.0;0.0;0.0;0.0;1.0;0.0;0.0;0.0;0.0;0.0;1.0;1.0;0.0;0.0;0.0;0.0;0.0;0.0;0.0;0.0;0.0;0.0;0.0;0.0;0.0;0.0;0.0;0.0;0.0;0.0;0.0;0.0;0.0;0.0;0.0;0.0;0.0;0.0;0.0;0.0
2025-02-22;Tottenham;3;0;3;56;66;Ipswich;1;2;10;17;6;5;0.59;0.41;533;0.86;14;15;1;2;0;0;4;1.0;0.0;0.0;0.0;1.0;1.0;1.0;0.0;1.0;0.0;1.0;4;0.0241176470588235;0.0714285714285714;458;0.0305676855895196;776.271186440678;0.4;6.779661016949153;-7;0.18;0;-1;-1;0.0187617260787992;0.4;0.1475;1.0;2;2;4;1;0;0;1;0;0.4;0.6666666666666666;0.0075046904315197;2.5;1.0;0.0;1.0;0.0;0.0;1.0;0.0;1.0;1.0;0.0;0.0;0.0;0.0;0.0;0.0;0.0;0.0;0.0;0.0;0.0;0.0;0.0;0.0;0.0;0.0;0.0;0.0;0.0;0.0;0.0;0.0;0.0;0.0;0.0;0.0;0.0
2025-02-16;Tottenham;3;0;17;56;62;Manchester United;1;2;22;16;7;6;0.56;0.44;521;0.88;13;9;1;2;0;0;10;1.0;1.0;0.0;0.0;0.0;1.0;1.0;1.0;0.0;0.0;1.0;5;0.0275;0.0769230769230769;458;0.0283842794759825;817.8571428571428;0.4545454545454545;17.857142857142854;6;0.12;5;-1;4;0.0422264875239923;0.0454545454545454;0.56;10.0;1;0;1;1;0;0;0;1;0.0454545454545454;0.1428571428571428;0.0019193857965451;22.0;0.0;1.0;1.0;0.0;0.0;1.0;0.0;1.0;1.0;0.0;0.0;0.0;0.0;0.0;0.0;0.0;0.0;0.0;0.0;0.0;0.0;0.0;0.0;0.0;0.0;0.0;0.0;0.0;0.0;0.0;0.0;0.0;0.0;0.0;0.0;0.0
2025-02-09;Tottenham;15;3;3;56;1;Aston Villa;3;0;11;16;5;7;0.48;0.52;412;0.84;17;11;3;0;0;0;5;0.0;1.0;0.0;0.0;0.0;1.0;1.0;0.0;0.0;0.0;1.0;4;0.0325;0.1764705882352941;346;0.0491329479768786;720.8333333333334;0.4545454545454545;10.416666666666668;-5;-0.04;1;3;6;0.0266990291262135;0.0909090909090909;0.48;5.0;0;1;1;0;0;1;1;0;0.0909090909090909;0.2;0.0024271844660194;11.0;1.0;0.0;1.0;0.0;0.0;1.0;0.0;1.0;1.0;1.0;1.0;0.0;0.0;0.0;0.0;0.0;0.0;0.0;0.0;0.0;0.0;0.0;0.0;0.0;0.0;0.0;0.0;0.0;0.0;0.0;0.0;0.0;0.0;0.0;0.0;0.0
2025-02-06;Tottenham;14;0;3;56;2;Liverpool;0;0;5;26;0;10;0.36;0.64;327;0.77;8;5;0;0;0;0;4;0.0;0.0;0.0;0.0;0.0;0.0;1.0;0.0;0.0;0.0;0.0;14;0.0246153846153846;0.0;252;0.0317460317460317;700.0;0.8;11.11111111111111;-21;-0.28;-10;0;3;0.0152905198776758;0.0;0.0;0.0;0;0;0;0;0;1;1;0;0.0;0.0;0.0;0.0;1.0;1.0;1.0;1.0;1.0;1.0;0.0;1.0;1.0;1.0;0.0;1.0;0.0;0.0;0.0;0.0;0.0;0.0;0.0;0.0;0.0;0.0;0.0;0.0;0.0;0.0;0.0;0.0;0.0;0.0;0.0;0.0;0.0;0.0;0.0;0.0
2025-02-02;Tottenham;3;3;3;56;57;Brentford;1;0;13;20;2;4;0.46;0.54;432;0.82;11;4;1;0;0;0;3;0.0;1.0;0.0;0.0;0.0;0.0;1.0;0.0;0.0;0.0;0.0;10;0.027;0.0909090909090909;354;0.0310734463276836;769.5652173913043;0.2307692307692307;6.521739130434782;-7;-0.08;-7;1;7;0.0300925925925925;0.1538461538461538;0.23;1.5;1;1;2;1;0;0;1;0;0.1538461538461538;1.0;0.0046296296296296;6.5;1.0;1.0;1.0;0.0;1.0;1.0;0.0;0.0;1.0;1.0;1.0;1.0;0.0;0.0;0.0;0.0;0.0;0.0;0.0;0.0;0.0;0.0;0.0;0.0;0.0;0.0;0.0;0.0;0.0;0.0;0.0;0.0;0.0;0.0;0.0;0.0
2025-01-30;Tottenham;5;0;6;56;99;Elfsborg;1;0;21;4;11;0;0.82;0.18;806;0.93;5;11;1;0;0;0;10;0.0;1.0;0.0;1.0;0.0;1.0;1.0;0.0;0.0;0.0;0.0;0;0.045;0.2;750;0.0066666666666666;914.6341463414636;0.4761904761904761;12.195121951219512;17;0.6399999999999999;10;1;-6;0.0260545905707196;0.1428571428571428;0.2733333333333333;3.333333333333333;0;3;3;1;0;0;0;1;0.1428571428571428;0.2727272727272727;0.0037220843672456;7.0;1.0;1.0;0.0;1.0;0.0;1.0;0.0;0.0;0.0;0.0;1.0;1.0;1.0;0.0;0.0;0.0;0.0;0.0;0.0;0.0;0.0;0.0;0.0;0.0;0.0;0.0;0.0;0.0;0.0;0.0;0.0;0.0;0.0;0.0;0.0;0.0
2025-01-26;Tottenham;3;0;3;56;63;Leicester City;1;5;15;12;6;3;0.61;0.39;535;0.84;6;16;1;5;0;0;6;0.0;1.0;0.0;0.0;0.0;1.0;1.0;0.0;0.0;0.0;0.0;4;0.0325;0.1666666666666666;449;0.0133630289532293;736.0655737704918;0.4;9.836065573770492;3;0.2199999999999999;2;-4;-10;0.02803738317757;0.0666666666666666;0.61;6.0;1;0;1;0;0;1;0;1;0.0666666666666666;0.1666666666666666;0.0018691588785046;15.0;1.0;1.0;0.0;1.0;0.0;1.0;0.0;0.0;1.0;1.0;0.0;1.0;0.0;1.0;0.0;0.0;0.0;0.0;0.0;0.0;0.0;0.0;0.0;0.0;0.0;0.0;0.0;0.0;0.0;0.0;0.0;0.0;0.0;0.0;0.0;0.0
2025-01-23;Tottenham;5;0;13;56;97;Hoffenheim;0;1;8;22;5;5;0.44;0.56;442;0.87;6;6;0;1;0;0;4;0.0;1.0;0.0;0.0;0.0;1.0;1.0;1.0;0.0;0.0;0.0;6;0.0254545454545454;0.0;385;0.0155844155844155;875.0;0.5;9.090909090909092;-14;-0.12;-2;-1;0;0.0180995475113122;0.375;0.1466666666666666;1.3333333333333333;2;1;3;1;0;0;1;0;0.375;0.6;0.006787330316742;2.6666666666666665;1.0;1.0;0.0;0.0;0.0;1.0;0.0;0.0;1.0;0.0;0.0;1.0;1.0;1.0;0.0;0.0;0.0;0.0;0.0;0.0;0.0;0.0;0.0;0.0;0.0;0.0;0.0;0.0;0.0;0.0;0.0;0.0;0.0;0.0;0.0;0.0
2025-01-19;Tottenham;3;17;3;56;64;Everton;1;2;11;12;6;6;0.65;0.35;612;0.86;14;14;1;2;0;0;8;0.0;1.0;0.0;0.0;0.0;1.0;0.0;1.0;0.0;0.0;0.0;3;0.0291666666666666;0.0714285714285714;526;0.026615969581749;809.2307692307692;0.7272727272727273;12.307692307692308;-1;0.3;5;-1;0;0.0179738562091503;0.1818181818181818;0.325;4.0;0;2;2;0;0;1;1;0;0.1818181818181818;0.3333333333333333;0.0032679738562091;5.5;1.0;1.0;1.0;1.0;0.0;1.0;0.0;0.0;1.0;1.0;0.0;0.0;0.0;1.0;0.0;0.0;0.0;0.0;0.0;0.0;0.0;0.0;0.0;0.0;0.0;0.0;0.0;0.0;0.0;0.0;0.0;0.0;0.0;0.0;0.0;0.0
2025-01-15;Tottenham;3;0;0;56;9;Arsenal;1;3;10;14;2;4;0.46;0.54;375;0.83;9;16;1;3;0;0;4;0.0;1.0;0.0;0.0;0.0;1.0;0.0;0.0;0.0;1.0;0.0;10;0.0385714285714285;0.1111111111111111;311;0.0289389067524115;676.0869565217391;0.4;8.695652173913043;-4;-0.08;-6;-2;-7;0.0266666666666666;0.1;0.46;4.0;1;0;1;0;0;1;1;0;0.1;0.5;0.0026666666666666;10.0;1.0;0.0;1.0;1.0;1.0;1.0;0.0;0.0;1.0;1.0;0.0;0.0;0.0;1.0;0.0;0.0;0.0;0.0;0.0;0.0;0.0;0.0;0.0;0.0;0.0;0.0;0.0;0.0;0.0;0.0;0.0;0.0;0.0;0.0;0.0;0.0
2025-01-12;Tottenham;15;0;3;56;-1;Tamworth;2;4;17;13;7;2;0.78;0.22;803;0.85;12;15;2;4;0;0;11;0.0;1.0;0.0;0.0;0.0;0.0;0.0;1.0;1.0;0.0;0.0;6;0.0169230769230769;0.1666666666666666;683;0.0175695461200585;875.6410256410256;0.6470588235294118;14.102564102564102;4;0.56;5;-2;-3;0.0211706102117061;0.1764705882352941;0.26;3.6666666666666665;0;3;3;1;0;0;1;0;0.1764705882352941;0.4285714285714285;0.0037359900373599;5.666666666666667;1.0;0.0;0.0;1.0;1.0;0.0;0.0;0.0;0.0;1.0;1.0;0.0;0.0;1.0;1.0;1.0;0.0;0.0;0.0;0.0;0.0;0.0;0.0;0.0;0.0;0.0;0.0;0.0;0.0;0.0;0.0;0.0;0.0;0.0;0.0;0.0
2025-01-08;Tottenham;14;0;3;56;2;Liverpool;2;0;9;14;4;7;0.39;0.61;377;0.78;8;10;2;0;0;0;2;0.0;1.0;0.0;0.0;0.0;1.0;1.0;0.0;0.0;1.0;0.0;2;0.0435714285714285;0.25;294;0.0272108843537414;753.8461538461538;0.2222222222222222;5.128205128205128;-5;-0.2199999999999999;0;2;-2;0.0238726790450928;0.1111111111111111;0.39;2.0;0;1;1;1;0;0;0;1;0.1111111111111111;0.25;0.0026525198938992;9.0;1.0;0.0;1.0;0.0;1.0;1.0;0.0;0.0;1.0;1.0;0.0;0.0;0.0;1.0;0.0;0.0;0.0;0.0;0.0;0.0;0.0;0.0;0.0;0.0;0.0;0.0;0.0;0.0;0.0;0.0;0.0;0.0;0.0;0.0;0.0;0.0
2025-01-04;Tottenham;3;3;0;56;60;Newcastle;1;4;13;14;4;4;0.57;0.43;466;0.8;11;15;1;4;0;0;9;0.0;1.0;0.0;0.0;0.0;1.0;0.0;0.0;1.0;1.0;0.0;10;0.0307142857142857;0.0909090909090909;373;0.0294906166219839;654.3859649122808;0.6923076923076923;15.789473684210527;-1;0.1399999999999999;-1;-3;-4;0.0278969957081545;0.0769230769230769;0.57;9.0;1;0;1;0;0;1;0;1;0.0769230769230769;0.25;0.0021459227467811;13.0;1.0;0.0;1.0;1.0;0.0;0.0;0.0;0.0;1.0;0.0;0.0;0.0;1.0;1.0;0.0;1.0;0.0;0.0;0.0;0.0;0.0;0.0;0.0;0.0;0.0;0.0;0.0;0.0;0.0;0.0;0.0;0.0;0.0;0.0;0.0;0.0
2024-12-29;Tottenham;3;3;17;56;67;Wolves;1;2;13;11;3;3;0.47;0.53;415;0.77;9;10;1;2;0;0;5;0.0;1.0;0.0;0.0;1.0;0.0;1.0;0.0;1.0;1.0;0.0;5;0.0481818181818181;0.1111111111111111;320;0.028125;680.8510638297872;0.3846153846153846;10.638297872340424;2;-0.06;0;-1;-1;0.0313253012048192;0.1538461538461538;0.235;2.5;2;0;2;0;1;0;0;1;0.1538461538461538;0.6666666666666666;0.0048192771084337;6.5;1.0;0.0;0.0;0.0;1.0;1.0;0.0;0.0;1.0;0.0;0.0;0.0;0.0;1.0;0.0;0.0;1.0;0.0;0.0;0.0;0.0;0.0;0.0;0.0;0.0;0.0;0.0;0.0;0.0;0.0;0.0;0.0;0.0;0.0;0.0;0.0
2024-12-26;Tottenham;3;3;3;56;55;Nottingham Forest;3;3;13;10;4;3;0.71;0.29;620;0.87;13;12;2;3;1;0;7;0.0;0.0;0.0;0.0;1.0;0.0;1.0;0.0;1.0;1.0;0.0;2;0.0289999999999999;0.2307692307692307;539;0.0241187384044526;759.1549295774648;0.5384615384615384;9.859154929577466;3;0.42;5;0;1;0.0209677419354838;0.0;0.0;0.0;0;0;0;0;0;1;1;0;0.0;0.0;0.0;0.0;1.0;0.0;1.0;1.0;0.0;1.0;0.0;0.0;1.0;0.0;0.0;0.0;0.0;1.0;0.0;0.0;1.0;0.0;0.0;0.0;0.0;0.0;0.0;0.0;0.0;0.0;0.0;0.0;0.0;0.0;0.0;0.0;0.0;0.0;0.0;0.0
2024-12-22;Tottenham;3;3;3;56;2;Liverpool;1;2;9;24;5;12;0.52;0.48;547;0.85;7;9;1;2;0;0;7;0.0;1.0;0.0;0.0;0.0;0.0;0.0;1.0;0.0;1.0;0.0;5;0.02;0.1428571428571428;465;0.0150537634408602;894.2307692307692;0.7777777777777778;13.461538461538462;-15;0.04;2;-1;-2;0.016453382084095;0.3333333333333333;0.1733333333333333;2.333333333333333;1;2;3;0;0;1;0;1;0.3333333333333333;0.6;0.0054844606946983;3.0;1.0;0.0;1.0;1.0;1.0;1.0;0.0;0.0;1.0;0.0;0.0;0.0;0.0;1.0;0.0;0.0;1.0;0.0;0.0;0.0;0.0;0.0;0.0;0.0;0.0;0.0;0.0;0.0;0.0;0.0;0.0;0.0;0.0;0.0;0.0;0.0
2024-12-19;Tottenham;14;3;17;56;62;Manchester United;3;3;9;20;6;5;0.46;0.54;423;0.81;9;12;3;3;0;0;3;0.0;1.0;0.0;0.0;0.0;0.0;0.0;1.0;0.0;1.0;0.0;8;0.027;0.3333333333333333;343;0.0262390670553935;745.6521739130435;0.3333333333333333;6.521739130434782;-11;-0.08;-5;0;-3;0.0212765957446808;0.4444444444444444;0.115;0.75;1;3;4;1;0;0;0;1;0.4444444444444444;0.6666666666666666;0.0094562647754137;2.25;1.0;0.0;1.0;1.0;1.0;1.0;0.0;0.0;1.0;0.0;0.0;0.0;0.0;1.0;0.0;0.0;1.0;0.0;0.0;0.0;0.0;0.0;0.0;0.0;0.0;0.0;0.0;0.0;0.0;0.0;0.0;0.0;0.0;0.0;0.0;0.0
2024-12-15;Tottenham;3;3;28;56;68;Southampton;3;1;18;9;9;3;0.59;0.41;598;0.9;15;8;3;1;0;0;5;0.0;0.0;0.0;0.0;1.0;1.0;0.0;1.0;0.0;1.0;0.0;2;0.0455555555555555;0.2;538;0.0278810408921933;911.8644067796612;0.2777777777777778;8.474576271186441;9;0.18;3;2;7;0.0301003344481605;0.2777777777777778;0.118;1.0;5;0;5;1;0;0;1;0;0.2777777777777778;0.5555555555555556;0.0083612040133779;3.6;1.0;0.0;1.0;1.0;0.0;1.0;0.0;0.0;1.0;0.0;0.0;0.0;0.0;1.0;0.0;0.0;1.0;0.0;0.0;0.0;0.0;0.0;0.0;0.0;0.0;0.0;0.0;0.0;0.0;0.0;0.0;0.0;0.0;0.0;0.0;0.0
2024-12-12;Tottenham;5;3;3;56;91;Rangers;2;1;12;15;3;6;0.59;0.41;564;0.86;9;9;2;1;0;0;7;0.0;1.0;0.0;0.0;1.0;0.0;1.0;1.0;1.0;0.0;0.0;7;0.0273333333333333;0.2222222222222222;485;0.0185567010309278;822.0338983050848;0.5833333333333334;11.864406779661016;-3;0.18;0;1;0;0.0212765957446808;0.0833333333333333;0.59;7.0;0;1;1;0;1;0;1;0;0.0833333333333333;0.3333333333333333;0.00177304964539;12.0;1.0;0.0;0.0;0.0;1.0;1.0;0.0;0.0;0.0;0.0;0.0;0.0;0.0;1.0;0.0;1.0;1.0;0.0;0.0;0.0;0.0;0.0;0.0;0.0;0.0;0.0;0.0;0.0;0.0;0.0;0.0;0.0;0.0;0.0;0.0;0.0
2024-12-08;Tottenham;3;0;3;56;53;Chelsea;2;3;13;17;5;8;0.38;0.62;316;0.83;17;11;2;3;0;0;5;0.0;1.0;1.0;1.0;1.0;0.0;0.0;0.0;1.0;1.0;0.0;10;0.0364705882352941;0.1176470588235294;262;0.0648854961832061;689.4736842105264;0.3846153846153846;13.157894736842104;-4;-0.24;-5;-1;6;0.0411392405063291;0.2307692307692307;0.1266666666666666;1.6666666666666667;2;1;3;0;0;1;0;1;0.2307692307692307;0.6;0.0094936708860759;4.333333333333333;0.0;0.0;0.0;1.0;1.0;1.0;0.0;0.0;1.0;0.0;0.0;0.0;0.0;0.0;0.0;0.0;1.0;0.0;0.0;0.0;0.0;0.0;0.0;0.0;0.0;0.0;0.0;0.0;0.0;0.0;0.0;0.0;0.0;0.0;0.0;0.0
2024-12-05;Tottenham;3;0;3;56;59;Bournemouth;2;2;12;21;4;8;0.66;0.34;480;0.82;8;15;2;2;0;0;9;0.0;0.0;0.0;0.0;1.0;0.0;0.0;1.0;1.0;1.0;0.0;5;0.0161904761904761;0.25;394;0.0203045685279187;596.969696969697;0.75;13.636363636363637;-9;0.32;4;0;-7;0.025;0.0;0.0;0.0;0;0;0;0;0;1;1;0;0.0;0.0;0.0;0.0;1.0;1.0;0.0;1.0;1.0;0.0;0.0;0.0;1.0;0.0;0.0;0.0;0.0;1.0;0.0;0.0;1.0;0.0;0.0;0.0;0.0;0.0;0.0;0.0;0.0;0.0;0.0;0.0;0.0;0.0;0.0;0.0;0.0;0.0;0.0;0.0
2024-12-01;Tottenham;3;0;3;56;58;Fulham;0;2;8;14;3;6;0.52;0.48;493;0.86;4;14;0;1;0;1;7;0.0;1.0;0.0;0.0;1.0;0.0;0.0;1.0;1.0;0.0;0.0;11;0.0342857142857142;0.0;424;0.0094339622641509;815.3846153846154;0.875;13.461538461538462;-6;0.04;-4;-2;-10;0.0162271805273833;0.125;0.52;7.0;0;1;1;0;1;0;0;1;0.125;0.3333333333333333;0.0020283975659229;8.0;0.0;1.0;0.0;1.0;1.0;1.0;0.0;0.0;0.0;0.0;0.0;0.0;0.0;1.0;0.0;1.0;1.0;0.0;0.0;0.0;0.0;0.0;0.0;0.0;0.0;0.0;0.0;0.0;0.0;0.0;0.0;0.0;0.0;0.0;0.0;0.0
2024-11-28;Tottenham;5;0;17;56;74;Roma;2;1;24;18;12;7;0.49;0.51;450;0.84;9;9;2;1;0;0;7;0.0;1.0;0.0;0.0;0.0;0.0;1.0;0.0;1.0;1.0;0.0;6;0.0283333333333333;0.2222222222222222;378;0.0238095238095238;771.4285714285714;0.2916666666666667;14.285714285714286;6;-0.02;1;1;0;0.0533333333333333;0.0833333333333333;0.245;3.5;2;0;2;0;1;0;0;1;0.0833333333333333;0.1666666666666666;0.0044444444444444;12.0;1.0;1.0;0.0;1.0;0.0;1.0;0.0;0.0;1.0;0.0;0.0;0.0;0.0;1.0;0.0;0.0;1.0;0.0;0.0;0.0;0.0;0.0;0.0;0.0;0.0;0.0;0.0;0.0;0.0;0.0;0.0;0.0;0.0;0.0;0.0;0.0
2024-11-23;Tottenham;3;0;0;56;3;Manchester City;2;4;9;23;7;5;0.42;0.58;427;0.83;9;19;2;4;0;0;3;1.0;1.0;0.0;0.0;1.0;0.0;0.0;1.0;0.0;1.0;0.0;9;0.0252173913043478;0.2222222222222222;354;0.0254237288135593;842.8571428571429;0.3333333333333333;7.142857142857143;-14;-0.1599999999999999;-6;-2;-10;0.0210772833723653;0.4444444444444444;0.105;0.75;2;2;4;1;0;0;1;0;0.4444444444444444;0.5714285714285714;0.009367681498829;2.25;0.0;1.0;0.0;1.0;1.0;1.0;0.0;0.0;1.0;0.0;0.0;0.0;0.0;1.0;0.0;0.0;0.0;0.0;0.0;0.0;0.0;0.0;0.0;0.0;0.0;0.0;0.0;0.0;0.0;0.0;0.0;0.0;0.0;0.0;0.0;0.0
2024-11-10;Tottenham;3;0;3;56;66;Ipswich;1;5;17;8;5;3;0.67;0.33;550;0.84;10;19;1;5;0;0;12;1.0;1.0;1.0;0.0;1.0;0.0;1.0;0.0;1.0;1.0;0.0;2;0.04125;0.1;462;0.0216450216450216;689.5522388059701;0.7058823529411765;17.91044776119403;9;0.34;10;-4;-9;0.0309090909090909;0.0588235294117647;0.67;12.0;0;1;1;0;0;1;0;1;0.0588235294117647;0.2;0.0018181818181818;17.0;0.0;0.0;0.0;1.0;0.0;1.0;0.0;0.0;1.0;0.0;0.0;0.0;0.0;1.0;0.0;0.0;0.0;0.0;0.0;0.0;0.0;0.0;0.0;0.0;0.0;0.0;0.0;0.0;0.0;0.0;0.0;0.0;0.0;0.0;0.0;0.0
2024-11-07;Tottenham;5;0;29;56;86;Galatasaray;5;3;5;28;3;10;0.46;0.54;396;0.79;10;14;4;3;1;0;0;0.0;1.0;0.0;0.0;0.0;1.0;0.0;1.0;1.0;0.0;0.0;8;0.0192857142857142;0.5;313;0.0319488817891373;680.4347826086956;0.0;0.0;-23;-0.08;-8;2;-4;0.0126262626262626;0.4;0.23;0.0;1;1;2;0;0;1;1;0;0.4;0.6666666666666666;0.005050505050505;2.5;1.0;1.0;0.0;0.0;1.0;1.0;0.0;0.0;0.0;0.0;0.0;0.0;0.0;1.0;0.0;0.0;1.0;1.0;0.0;0.0;0.0;0.0;0.0;0.0;0.0;0.0;0.0;0.0;0.0;0.0;0.0;0.0;0.0;0.0;0.0;0.0
2024-11-03;Tottenham;3;0;3;56;1;Aston Villa;2;0;16;12;6;1;0.52;0.48;397;0.89;14;14;2;0;0;0;6;1.0;1.0;1.0;0.0;1.0;0.0;1.0;0.0;1.0;1.0;0.0;4;0.04;0.1428571428571428;353;0.0396600566572237;678.8461538461538;0.375;11.538461538461538;4;0.04;2;2;0;0.0403022670025188;0.25;0.13;1.5;0;4;4;1;0;0;0;1;0.25;0.6666666666666666;0.0100755667506297;4.0;0.0;0.0;0.0;1.0;0.0;1.0;0.0;0.0;1.0;0.0;0.0;0.0;0.0;1.0;0.0;0.0;0.0;0.0;0.0;0.0;0.0;0.0;0.0;0.0;0.0;0.0;0.0;0.0;0.0;0.0;0.0;0.0;0.0;0.0;0.0;0.0
2024-10-30;Tottenham;14;0;7;56;3;Manchester City;3;0;11;15;7;3;0.31;0.69;299;0.8;17;6;3;0;0;0;4;1.0;0.0;1.0;1.0;0.0;0.0;1.0;0.0;1.0;1.0;0.0;4;0.046;0.1764705882352941;239;0.0711297071129707;770.9677419354839;0.3636363636363636;12.903225806451614;-4;-0.3799999999999999;0;3;11;0.0367892976588628;0.1818181818181818;0.155;2.0;2;0;2;1;0;0;0;1;0.1818181818181818;0.2857142857142857;0.0066889632107023;5.5;1.0;0.0;0.0;1.0;0.0;0.0;0.0;0.0;1.0;0.0;0.0;0.0;0.0;1.0;0.0;1.0;0.0;0.0;0.0;0.0;0.0;0.0;0.0;0.0;0.0;0.0;0.0;0.0;0.0;0.0;0.0;0.0;0.0;0.0;0.0;0.0
2024-10-27;Tottenham;3;0;17;56;65;Crystal Palace;4;4;11;14;3;6;0.67;0.33;517;0.81;12;16;4;4;0;0;8;1.0;1.0;1.0;1.0;1.0;0.0;0.0;1.0;1.0;1.0;0.0;8;0.0235714285714285;0.3333333333333333;419;0.0286396181384248;625.3731343283582;0.7272727272727273;11.940298507462686;-3;0.34;0;0;-4;0.0212765957446808;0.0;0.0;0.0;0;0;0;0;0;1;1;0;0.0;0.0;0.0;0.0;0.0;0.0;0.0;0.0;1.0;0.0;0.0;0.0;1.0;0.0;1.0;0.0;0.0;0.0;0.0;0.0;0.0;0.0;0.0;0.0;0.0;0.0;0.0;0.0;0.0;0.0;0.0;0.0;0.0;0.0;0.0;0.0;0.0;0.0;0.0;0.0
2024-10-24;Tottenham;5;0;0;56;101;AZ;0;4;16;9;5;3;0.6;0.4;575;0.87;13;17;0;3;0;1;6;0.0;0.0;0.0;0.0;1.0;1.0;1.0;1.0;0.0;0.0;0.0;4;0.0444444444444444;0.0;500;0.026;833.3333333333334;0.375;10.0;7;0.1999999999999999;2;-4;-4;0.0278260869565217;0.0625;0.6;6.0;0;1;1;1;0;0;0;1;0.0625;0.2;0.0017391304347826;16.0;1.0;1.0;0.0;0.0;0.0;0.0;0.0;0.0;0.0;0.0;1.0;1.0;0.0;1.0;0.0;1.0;1.0;0.0;0.0;0.0;0.0;0.0;0.0;0.0;0.0;0.0;0.0;0.0;0.0;0.0;0.0;0.0;0.0;0.0;0.0;0.0
2024-10-19;Tottenham;3;0;7;56;61;West Ham;1;4;22;11;7;4;0.57;0.43;477;0.86;10;15;1;3;0;1;13;1.0;1.0;1.0;1.0;1.0;0.0;0.0;1.0;1.0;1.0;0.0;5;0.039090909090909;0.1;410;0.024390243902439;719.2982456140352;0.5909090909090909;22.80701754385965;11;0.1399999999999999;8;-3;-5;0.0461215932914046;0.1818181818181818;0.1425;3.25;1;3;4;1;0;0;0;1;0.1818181818181818;0.5714285714285714;0.0083857442348008;5.5;0.0;0.0;0.0;0.0;1.0;1.0;0.0;0.0;1.0;0.0;0.0;0.0;0.0;0.0;0.0;0.0;0.0;0.0;0.0;0.0;0.0;0.0;0.0;0.0;0.0;0.0;0.0;0.0;0.0;0.0;0.0;0.0;0.0;0.0;0.0;0.0
2024-10-06;Tottenham;3;0;3;56;54;Brighton;2;2;13;11;3;4;0.59;0.41;526;0.87;10;14;2;2;0;0;7;1.0;1.0;1.0;1.0;1.0;0.0;1.0;1.0;1.0;1.0;0.0;4;0.0372727272727272;0.2;458;0.0218340611353711;776.271186440678;0.5384615384615384;11.864406779661016;2;0.18;3;0;-4;0.0247148288973384;0.1538461538461538;0.295;3.5;2;0;2;0;0;1;1;0;0.1538461538461538;0.6666666666666666;0.0038022813688212;6.5;0.0;0.0;0.0;0.0;0.0;0.0;0.0;0.0;1.0;0.0;0.0;0.0;0.0;0.0;0.0;1.0;0.0;0.0;0.0;0.0;0.0;0.0;0.0;0.0;0.0;0.0;0.0;0.0;0.0;0.0;0.0;0.0;0.0;0.0;0.0;0.0
2024-10-03;Tottenham;5;0;3;56;100;Ferencváros;0;1;17;15;7;5;0.59;0.41;513;0.86;13;11;0;1;0;0;11;1.0;1.0;1.0;0.0;0.0;1.0;0.0;0.0;0.0;0.0;0.0;4;0.0273333333333333;0.0;441;0.0294784580498866;747.4576271186442;0.6470588235294118;18.64406779661017;2;0.18;7;-1;2;0.0331384015594541;0.1176470588235294;0.295;5.5;1;1;2;1;0;0;1;0;0.1176470588235294;0.2857142857142857;0.0038986354775828;8.5;1.0;1.0;0.0;1.0;1.0;0.0;0.0;0.0;0.0;0.0;1.0;0.0;0.0;0.0;0.0;1.0;0.0;1.0;0.0;0.0;0.0;0.0;0.0;0.0;0.0;0.0;0.0;0.0;0.0;0.0;0.0;0.0;0.0;0.0;0.0;0.0
2024-09-29;Tottenham;3;0;3;56;62;Manchester United;3;6;24;11;10;2;0.61;0.39;636;0.88;14;16;3;5;0;1;3;1.0;1.0;1.0;1.0;1.0;0.0;1.0;1.0;1.0;1.0;0.0;5;0.0354545454545454;0.2142857142857142;560;0.025;918.032786885246;0.125;4.918032786885246;13;0.2199999999999999;-2;-3;-2;0.0377358490566037;0.125;0.2033333333333333;1.0;1;2;3;1;0;0;1;0;0.125;0.3;0.0047169811320754;8.0;0.0;0.0;0.0;0.0;0.0;0.0;0.0;0.0;1.0;0.0;0.0;0.0;0.0;0.0;0.0;1.0;0.0;0.0;0.0;0.0;0.0;0.0;0.0;0.0;0.0;0.0;0.0;0.0;0.0;0.0;0.0;0.0;0.0;0.0;0.0;0.0
2024-09-26;Tottenham;5;0;3;56;113;Qarabağ;2;1;10;14;5;5;0.49;0.51;469;0.87;10;9;1;1;1;0;3;1.0;0.0;0.0;1.0;0.0;1.0;0.0;0.0;1.0;1.0;0.0;9;0.0364285714285714;0.2;408;0.0245098039215686;832.6530612244898;0.3;6.122448979591836;-4;-0.02;-6;1;1;0.021321961620469;0.3;0.1633333333333333;1.0;1;2;3;1;0;0;0;1;0.3;0.6;0.0063965884861407;3.333333333333333;1.0;1.0;0.0;1.0;1.0;1.0;0.0;0.0;0.0;0.0;0.0;0.0;0.0;1.0;0.0;0.0;0.0;0.0;0.0;0.0;0.0;0.0;0.0;0.0;0.0;0.0;0.0;0.0;0.0;0.0;0.0;0.0;0.0;0.0;0.0;0.0
2024-09-21;Tottenham;3;0;4;56;57;Brentford;3;1;23;6;10;6;0.48;0.52;434;0.81;11;9;3;1;0;0;9;1.0;1.0;1.0;1.0;1.0;0.0;1.0;1.0;1.0;1.0;0.0;4;0.0866666666666666;0.2727272727272727;352;0.03125;733.3333333333334;0.391304347826087;18.75;17;-0.04;5;2;2;0.0529953917050691;0.1304347826086956;0.16;3.0;2;1;3;1;0;0;0;1;0.1304347826086956;0.3;0.0069124423963133;7.666666666666667;0.0;0.0;0.0;0.0;0.0;1.0;0.0;0.0;1.0;0.0;0.0;0.0;0.0;0.0;0.0;0.0;0.0;0.0;0.0;0.0;0.0;0.0;0.0;0.0;0.0;0.0;0.0;0.0;0.0;0.0;0.0;0.0;0.0;0.0;0.0;0.0
2024-09-18;Tottenham;14;0;3;56;833;Coventry City;1;4;9;15;4;5;0.7;0.3;579;0.88;10;9;1;4;0;0;7;0.0;0.0;0.0;0.0;1.0;1.0;1.0;0.0;0.0;1.0;0.0;7;0.02;0.1;510;0.0196078431372549;728.5714285714287;0.7777777777777778;10.0;-6;0.3999999999999999;0;-3;1;0.0155440414507772;0.2222222222222222;0.35;3.5;0;2;2;1;0;0;1;0;0.2222222222222222;0.5;0.003454231433506;4.5;1.0;1.0;0.0;1.0;0.0;0.0;1.0;0.0;0.0;0.0;0.0;0.0;0.0;1.0;0.0;1.0;1.0;0.0;0.0;0.0;0.0;0.0;0.0;0.0;0.0;0.0;0.0;0.0;0.0;0.0;0.0;0.0;0.0;0.0;0.0;0.0
2024-09-15;Tottenham;3;0;1;56;9;Arsenal;5;3;15;7;5;4;0.64;0.36;494;0.88;13;10;5;3;0;0;7;1.0;1.0;1.0;1.0;1.0;0.0;1.0;1.0;1.0;1.0;0.0;6;0.0514285714285714;0.3846153846153846;435;0.0298850574712643;679.6875;0.4666666666666667;10.9375;8;0.28;1;2;3;0.0303643724696356;0.0;0.0;0.0;0;0;0;0;0;1;0;1;0.0;0.0;0.0;0.0;0.0;0.0;0.0;0.0;0.0;1.0;0.0;0.0;1.0;0.0;0.0;0.0;0.0;0.0;0.0;0.0;0.0;0.0;0.0;0.0;0.0;0.0;0.0;0.0;0.0;0.0;0.0;0.0;0.0;0.0;0.0;0.0;0.0;0.0;0.0;0.0
2024-09-01;Tottenham;3;3;0;56;60;Newcastle;4;4;20;9;6;3;0.66;0.34;500;0.84;13;16;4;4;0;0;12;1.0;1.0;1.0;0.0;1.0;0.0;0.0;1.0;0.0;0.0;0.0;7;0.0377777777777777;0.3076923076923077;420;0.0309523809523809;636.3636363636364;0.6;18.18181818181818;11;0.32;5;0;-3;0.04;0.05;0.66;12.0;0;1;1;0;0;1;1;0;0.05;0.1666666666666666;0.002;20.0;0.0;0.0;0.0;1.0;1.0;1.0;1.0;0.0;1.0;0.0;0.0;0.0;0.0;1.0;0.0;0.0;0.0;0.0;0.0;0.0;0.0;0.0;0.0;0.0;0.0;0.0;0.0;0.0;0.0;0.0;0.0;0.0;0.0;0.0;0.0;0.0
2024-08-24;Tottenham;3;0;3;56;64;Everton;0;0;13;10;7;1;0.71;0.29;609;0.88;11;15;0;0;0;0;12;1.0;1.0;1.0;1.0;1.0;0.0;0.0;1.0;1.0;0.0;0.0;5;0.0289999999999999;0.0;536;0.0205223880597014;754.9295774647887;0.9230769230769232;16.901408450704228;3;0.42;7;0;-4;0.0213464696223316;0.3076923076923077;0.1775;3.0;2;2;4;1;0;0;0;1;0.3076923076923077;0.5714285714285714;0.0065681444991789;3.25;0.0;0.0;0.0;0.0;1.0;1.0;1.0;0.0;1.0;0.0;0.0;0.0;0.0;0.0;0.0;0.0;0.0;0.0;0.0;0.0;0.0;0.0;0.0;0.0;0.0;0.0;0.0;0.0;0.0;0.0;0.0;0.0;0.0;0.0;0.0;0.0
2024-08-19;Tottenham;3;0;3;56;63;Leicester City;1;1;15;7;7;3;0.71;0.29;671;0.89;12;11;1;1;0;0;13;1.0;1.0;1.0;1.0;1.0;0.0;1.0;1.0;1.0;1.0;0.0;2;0.0414285714285714;0.0833333333333333;597;0.0201005025125628;840.8450704225353;0.8666666666666667;18.30985915492958;8;0.42;11;0;1;0.022354694485842;0.0666666666666666;0.71;13.0;1;0;1;0;1;0;1;0;0.0666666666666666;0.1428571428571428;0.0014903129657228;15.0;0.0;0.0;0.0;1.0;0.0;1.0;0.0;0.0;0.0;0.0;0.0;0.0;0.0;0.0;0.0;0.0;0.0;0.0;0.0;0.0;0.0;0.0;0.0;0.0;0.0;0.0;0.0;0.0;0.0;0.0;0.0;0.0;0.0;0.0;0.0;0.0
2024-08-10;Tottenham;6;0;0;56;23;Bayern;2;2;9;21;3;7;0.44;0.56;422;0.83;14;13;2;2;0;0;5;1.0;1.0;0.0;0.0;0.0;0.0;0.0;1.0;1.0;0.0;0.0;4;0.0266666666666666;0.1428571428571428;350;0.04;795.4545454545455;0.5555555555555556;11.363636363636363;-12;-0.12;1;0;1;0.0213270142180094;0.2222222222222222;0.22;2.5;1;1;2;0;0;1;0;1;0.2222222222222222;0.6666666666666666;0.0047393364928909;4.5;0.0;1.0;1.0;1.0;1.0;1.0;0.0;0.0;1.0;0.0;0.0;0.0;0.0;1.0;0.0;0.0;0.0;0.0;0.0;0.0;0.0;0.0;0.0;0.0;0.0;0.0;0.0;0.0;0.0;0.0;0.0;0.0;0.0;0.0;0.0;0.0
2024-08-03;Tottenham;6;3;3;56;23;Bayern;1;1;11;22;4;11;0.47;0.53;399;0.8;6;15;1;1;0;0;5;1.0;1.0;0.0;0.0;0.0;0.0;0.0;1.0;1.0;0.0;0.0;10;0.024090909090909;0.1666666666666666;319;0.018808777429467;678.7234042553192;0.4545454545454545;10.638297872340424;-11;-0.06;-5;0;-9;0.0275689223057644;0.0909090909090909;0.47;5.0;0;1;1;0;0;1;1;0;0.0909090909090909;0.25;0.0025062656641604;11.0;1.0;1.0;1.0;1.0;0.0;1.0;0.0;0.0;1.0;0.0;0.0;0.0;0.0;1.0;0.0;0.0;0.0;0.0;0.0;0.0;0.0;0.0;0.0;0.0;0.0;0.0;0.0;0.0;0.0;0.0;0.0;0.0;0.0;0.0;0.0;0.0
2024-07-31;Tottenham;-1;0;3;56;-1;K-League XI;0;1;27;18;10;8;0.51;0.49;530;0.89;11;5;0;1;0;0;13;1.0;1.0;0.0;0.0;0.0;1.0;0.0;0.0;1.0;0.0;0.0;4;0.0272222222222222;0.0;472;0.0233050847457627;925.4901960784314;0.4814814814814814;25.49019607843137;9;0.02;9;-1;6;0.0509433962264151;0.1481481481481481;0.1275;3.25;3;1;4;1;0;0;1;0;0.1481481481481481;0.4;0.0075471698113207;6.75;1.0;1.0;0.0;1.0;0.0;1.0;0.0;0.0;1.0;0.0;0.0;0.0;0.0;0.0;0.0;0.0;0.0;0.0;1.0;1.0;0.0;0.0;0.0;0.0;0.0;0.0;0.0;0.0;0.0;0.0;0.0;0.0;0.0;0.0;0.0;0.0
2024-07-27;Tottenham;-1;3;3;56;-1;Vissel Kobe;1;1;19;8;8;4;0.73;0.27;724;0.92;8;8;1;1;0;0;6;1.0;1.0;0.0;0.0;0.0;0.0;0.0;1.0;1.0;0.0;0.0;3;0.03375;0.125;666;0.012012012012012;912.3287671232875;0.3157894736842105;8.219178082191782;11;0.4599999999999999;3;0;0;0.0262430939226519;0.1578947368421052;0.2433333333333333;2.0;1;2;3;1;0;0;1;0;0.1578947368421052;0.375;0.0041436464088397;6.333333333333333;1.0;1.0;0.0;1.0;1.0;1.0;0.0;0.0;1.0;0.0;0.0;0.0;0.0;0.0;0.0;0.0;0.0;0.0;1.0;0.0;0.0;0.0;0.0;0.0;0.0;0.0;0.0;0.0;0.0;0.0;0.0;0.0;0.0;0.0;0.0;0.0
2024-07-20;Tottenham;6;0;0;56;839;QPR;0;0;10;14;6;3;0.63;0.37;487;0.88;10;9;0;0;0;0;6;0.0;1.0;0.0;0.0;0.0;1.0;0.0;0.0;1.0;0.0;0.0;16;0.0264285714285714;0.0;429;0.0233100233100233;680.952380952381;0.6;9.523809523809524;-4;0.26;-10;0;1;0.0205338809034907;0.2;0.315;3.0;1;1;2;1;0;0;1;0;0.2;0.3333333333333333;0.0041067761806981;5.0;1.0;0.0;0.0;1.0;1.0;1.0;0.0;0.0;0.0;0.0;0.0;0.0;1.0;0.0;0.0;1.0;0.0;0.0;0.0;1.0;1.0;0.0;0.0;0.0;0.0;0.0;0.0;0.0;0.0;0.0;0.0;0.0;0.0;0.0;0.0;0.0
2024-07-17;Tottenham;6;3;3;56;139;Hearts;0;0;22;10;6;3;0.73;0.27;671;0.9;7;9;0;0;0;0;11;0.0;1.0;0.0;0.0;0.0;0.0;0.0;1.0;1.0;0.0;0.0;5;0.027;0.0;604;0.0115894039735099;827.3972602739726;0.5;15.068493150684931;12;0.4599999999999999;6;0;-2;0.0327868852459016;0.2272727272727272;0.146;2.2;1;4;5;1;0;0;1;0;0.2272727272727272;0.8333333333333334;0.007451564828614;4.4;1.0;0.0;0.0;0.0;1.0;1.0;0.0;0.0;1.0;0.0;0.0;0.0;1.0;0.0;0.0;0.0;0.0;0.0;0.0;1.0;1.0;1.0;0.0;0.0;0.0;0.0;0.0;0.0;0.0;0.0;0.0;0.0;0.0;0.0;0.0;0.0
2024-05-22;Tottenham;6;3;0;56;60;Newcastle;1;0;18;4;3;2;0.64;0.36;732;0.93;7;9;1;0;0;0;5;0.0;1.0;0.0;1.0;0.0;0.0;1.0;1.0;1.0;0.0;0.0;4;0.09;0.1428571428571428;681;0.0102790014684287;1064.0625;0.2777777777777778;7.8125;14;0.28;1;1;-2;0.0245901639344262;0.0555555555555555;0.64;5.0;1;0;1;0;1;0;1;0;0.0555555555555555;0.3333333333333333;0.0013661202185792;18.0;0.0;0.0;0.0;1.0;0.0;1.0;0.0;0.0;1.0;0.0;0.0;0.0;1.0;1.0;0.0;0.0;0.0;0.0;1.0;0.0;0.0;0.0;0.0;0.0;0.0;0.0;0.0;0.0;0.0;0.0;0.0;0.0;0.0;0.0;0.0;0.0
2024-05-19;Tottenham;3;3;4;56;818;Sheffield United;0;2;18;6;9;1;0.77;0.23;697;0.9;9;11;0;2;0;0;6;1.0;1.0;1.0;1.0;0.0;0.0;1.0;1.0;1.0;0.0;0.0;2;0.0383333333333333;0.0;627;0.0143540669856459;814.2857142857142;0.3333333333333333;7.792207792207792;12;0.54;4;-2;-2;0.0258249641319942;0.1666666666666666;0.2566666666666666;2.0;1;2;3;1;0;0;1;0;0.1666666666666666;0.3333333333333333;0.0043041606886657;6.0;0.0;0.0;0.0;1.0;0.0;1.0;0.0;0.0;1.0;0.0;0.0;0.0;0.0;1.0;0.0;0.0;0.0;0.0;0.0;0.0;0.0;0.0;0.0;0.0;0.0;0.0;0.0;0.0;0.0;0.0;0.0;0.0;0.0;0.0;0.0;0.0
2024-05-14;Tottenham;3;28;3;56;3;Manchester City;3;3;10;8;5;5;0.54;0.46;611;0.88;14;11;3;3;0;0;7;1.0;1.0;1.0;1.0;0.0;0.0;1.0;1.0;1.0;0.0;0.0;4;0.0575;0.2142857142857142;538;0.0260223048327137;996.2962962962962;0.7;12.962962962962962;2;0.08;3;0;3;0.0163666121112929;0.0;0.0;0.0;0;0;0;0;0;1;0;1;0.0;0.0;0.0;0.0;0.0;0.0;0.0;1.0;0.0;1.0;0.0;0.0;0.0;0.0;0.0;0.0;0.0;1.0;0.0;0.0;0.0;0.0;0.0;0.0;0.0;0.0;1.0;0.0;0.0;0.0;0.0;0.0;0.0;0.0;0.0;0.0;0.0;0.0;0.0;0.0
2024-05-11;Tottenham;3;0;1;56;819;Burnley;3;5;21;7;9;3;0.64;0.36;547;0.88;10;14;3;5;0;0;9;1.0;1.0;1.0;1.0;0.0;0.0;0.0;1.0;1.0;0.0;0.0;3;0.0514285714285714;0.3;481;0.0207900207900207;751.5625;0.4285714285714285;14.0625;14;0.28;6;-2;-4;0.0383912248628884;0.0952380952380952;0.32;4.5;1;1;2;1;0;0;0;1;0.0952380952380952;0.2222222222222222;0.0036563071297989;10.5;0.0;0.0;0.0;1.0;1.0;1.0;0.0;0.0;1.0;0.0;0.0;0.0;0.0;0.0;0.0;0.0;0.0;0.0;0.0;0.0;1.0;0.0;0.0;0.0;0.0;0.0;0.0;0.0;0.0;0.0;0.0;0.0;0.0;0.0;0.0;0.0
2024-05-05;Tottenham;3;0;0;56;2;Liverpool;4;1;11;25;6;13;0.56;0.44;567;0.85;12;14;4;1;0;0;3;1.0;1.0;1.0;1.0;0.0;0.0;1.0;0.0;1.0;0.0;0.0;8;0.0176;0.3333333333333333;482;0.0248962655601659;860.7142857142857;0.2727272727272727;5.357142857142857;-14;0.12;-5;3;-2;0.019400352733686;0.1818181818181818;0.28;1.5;0;2;2;0;0;1;1;0;0.1818181818181818;0.3333333333333333;0.0035273368606701;5.5;0.0;0.0;0.0;1.0;1.0;1.0;0.0;0.0;1.0;0.0;0.0;0.0;0.0;0.0;0.0;0.0;0.0;0.0;1.0;0.0;0.0;0.0;0.0;0.0;0.0;0.0;0.0;0.0;0.0;0.0;0.0;0.0;0.0;0.0;0.0;0.0
2024-05-02;Tottenham;3;3;3;56;53;Chelsea;1;0;19;16;3;5;0.63;0.37;577;0.86;16;12;1;0;0;0;9;1.0;1.0;1.0;1.0;0.0;0.0;0.0;0.0;1.0;0.0;0.0;4;0.023125;0.0625;496;0.032258064516129;787.3015873015873;0.4736842105263157;14.285714285714286;3;0.26;5;1;4;0.0329289428076256;0.0;0.0;0.0;0;0;0;0;0;1;1;0;0.0;0.0;0.0;0.0;0.0;0.0;0.0;1.0;1.0;1.0;0.0;0.0;1.0;0.0;0.0;1.0;0.0;0.0;0.0;0.0;0.0;0.0;1.0;0.0;0.0;0.0;0.0;0.0;0.0;0.0;0.0;0.0;0.0;0.0;0.0;0.0;0.0;0.0;0.0;0.0
2024-04-28;Tottenham;3;3;0;56;9;Arsenal;2;1;15;9;2;3;0.63;0.37;564;0.89;12;16;2;1;0;0;8;1.0;1.0;1.0;1.0;0.0;0.0;1.0;1.0;0.0;0.0;0.0;6;0.0411111111111111;0.1666666666666666;502;0.0239043824701195;796.8253968253969;0.5333333333333333;12.698412698412698;6;0.26;2;1;-4;0.026595744680851;0.1333333333333333;0.315;4.0;0;2;2;0;0;1;0;1;0.1333333333333333;1.0;0.0035460992907801;7.5;0.0;1.0;0.0;0.0;0.0;1.0;0.0;0.0;1.0;0.0;0.0;0.0;0.0;0.0;0.0;1.0;0.0;0.0;0.0;0.0;0.0;0.0;1.0;0.0;0.0;0.0;0.0;0.0;0.0;0.0;0.0;0.0;0.0;0.0;0.0;0.0
2024-04-13;Tottenham;3;3;0;56;60;Newcastle;4;0;11;18;2;5;0.73;0.27;575;0.86;12;14;4;0;0;0;3;1.0;1.0;1.0;1.0;1.0;0.0;1.0;1.0;1.0;0.0;0.0;16;0.015;0.3333333333333333;494;0.0242914979757085;676.7123287671233;0.2727272727272727;4.109589041095891;-7;0.4599999999999999;-13;4;-2;0.0191304347826086;0.0;0.0;0.0;0;0;0;0;0;1;1;0;0.0;0.0;0.0;0.0;0.0;0.0;0.0;0.0;1.0;1.0;0.0;0.0;0.0;0.0;0.0;0.0;0.0;0.0;0.0;1.0;0.0;0.0;0.0;0.0;0.0;0.0;0.0;0.0;0.0;0.0;0.0;0.0;0.0;0.0;0.0;0.0;0.0;0.0;0.0;0.0
2024-04-07;Tottenham;3;3;3;56;55;Nottingham Forest;2;4;17;13;7;6;0.64;0.36;668;0.87;11;12;2;4;0;0;12;1.0;1.0;1.0;1.0;1.0;0.0;0.0;1.0;1.0;0.0;0.0;2;0.0276923076923076;0.1818181818181818;581;0.0189328743545611;907.8125;0.7058823529411765;18.75;4;0.28;10;-2;-1;0.0254491017964071;0.1764705882352941;0.2133333333333333;4.0;1;2;3;1;0;0;0;1;0.1764705882352941;0.4285714285714285;0.0044910179640718;5.666666666666667;0.0;0.0;0.0;1.0;1.0;1.0;0.0;0.0;0.0;0.0;0.0;0.0;0.0;0.0;0.0;1.0;0.0;0.0;0.0;0.0;0.0;0.0;0.0;0.0;0.0;0.0;0.0;0.0;0.0;0.0;0.0;0.0;0.0;0.0;0.0;0.0
2024-04-02;Tottenham;3;3;5;56;61;West Ham;4;1;13;11;4;4;0.68;0.32;662;0.89;9;13;4;1;0;0;5;1.0;1.0;1.0;1.0;1.0;0.0;1.0;1.0;1.0;0.0;0.0;9;0.029090909090909;0.4444444444444444;589;0.0152801358234295;866.1764705882352;0.3846153846153846;7.352941176470588;2;0.36;-4;3;-4;0.0196374622356495;0.0769230769230769;0.68;5.0;1;0;1;0;1;0;1;0;0.0769230769230769;0.25;0.0015105740181268;13.0;0.0;0.0;0.0;0.0;1.0;1.0;0.0;0.0;0.0;0.0;0.0;0.0;0.0;0.0;0.0;1.0;0.0;0.0;0.0;0.0;0.0;0.0;0.0;0.0;0.0;0.0;0.0;0.0;0.0;0.0;0.0;0.0;0.0;0.0;0.0;0.0
2024-03-30;Tottenham;3;3;0;56;832;Luton;3;4;17;7;4;3;0.7;0.3;610;0.84;16;14;3;4;0;0;3;1.0;1.0;1.0;0.0;1.0;0.0;0.0;1.0;0.0;0.0;0.0;6;0.0428571428571428;0.1875;512;0.03125;731.4285714285714;0.1764705882352941;4.285714285714286;10;0.3999999999999999;-3;-1;2;0.0278688524590163;0.1176470588235294;0.35;1.5;0;2;2;1;0;0;0;1;0.1176470588235294;0.5;0.0032786885245901;8.5;0.0;0.0;0.0;1.0;1.0;1.0;0.0;0.0;1.0;0.0;0.0;0.0;0.0;1.0;0.0;1.0;0.0;0.0;0.0;0.0;0.0;0.0;0.0;0.0;0.0;0.0;0.0;0.0;0.0;0.0;0.0;0.0;0.0;0.0;0.0;0.0
2024-03-16;Tottenham;3;3;3;56;58;Fulham;3;2;14;16;5;7;0.58;0.42;546;0.84;10;9;3;2;0;0;5;1.0;1.0;1.0;0.0;1.0;0.0;0.0;1.0;1.0;0.0;0.0;4;0.02625;0.3;459;0.0217864923747276;791.3793103448277;0.3571428571428571;8.620689655172415;-2;0.1599999999999999;1;1;1;0.0256410256410256;0.0;0.0;0.0;0;0;0;0;0;1;1;0;0.0;0.0;0.0;0.0;0.0;0.0;0.0;1.0;1.0;1.0;0.0;0.0;1.0;0.0;0.0;0.0;0.0;1.0;0.0;0.0;0.0;0.0;0.0;0.0;0.0;0.0;0.0;0.0;0.0;0.0;0.0;0.0;0.0;0.0;0.0;0.0;0.0;0.0;0.0;0.0
2024-03-10;Tottenham;3;3;4;56;1;Aston Villa;2;1;9;10;5;1;0.7;0.3;708;0.91;15;11;2;0;0;1;4;1.0;1.0;1.0;1.0;1.0;0.0;0.0;1.0;1.0;0.0;0.0;6;0.03;0.1333333333333333;644;0.0232919254658385;920.0;0.4444444444444444;5.714285714285714;-1;0.3999999999999999;-2;1;4;0.0127118644067796;0.4444444444444444;0.175;1.0;0;4;4;1;0;0;1;0;0.4444444444444444;0.8;0.0056497175141242;2.25;0.0;0.0;0.0;1.0;1.0;1.0;0.0;0.0;1.0;0.0;0.0;0.0;0.0;0.0;0.0;0.0;0.0;0.0;0.0;0.0;0.0;0.0;0.0;0.0;0.0;0.0;0.0;0.0;0.0;0.0;0.0;0.0;0.0;0.0;0.0;0.0
2024-03-02;Tottenham;3;3;17;56;65;Crystal Palace;1;2;14;4;6;1;0.79;0.21;818;0.89;7;16;1;2;0;0;11;1.0;0.0;1.0;1.0;1.0;0.0;1.0;1.0;0.0;0.0;0.0;1;0.0525;0.1428571428571428;728;0.0096153846153846;921.518987341772;0.7857142857142857;13.924050632911392;10;0.5800000000000001;10;-1;-9;0.0171149144254278;0.2142857142857142;0.2633333333333333;3.6666666666666665;0;3;3;1;0;0;0;1;0.2142857142857142;0.5;0.0036674816625916;4.666666666666667;0.0;0.0;0.0;0.0;1.0;1.0;0.0;0.0;1.0;0.0;0.0;0.0;0.0;0.0;0.0;1.0;0.0;0.0;1.0;0.0;0.0;0.0;0.0;0.0;0.0;0.0;0.0;0.0;0.0;0.0;0.0;0.0;0.0;0.0;0.0;0.0
2024-02-17;Tottenham;3;3;17;56;67;Wolves;0;1;15;12;4;7;0.72;0.28;748;0.88;8;13;0;1;0;0;10;1.0;0.0;1.0;1.0;0.0;0.0;0.0;1.0;0.0;0.0;0.0;4;0.0233333333333333;0.0;658;0.0121580547112462;913.8888888888888;0.6666666666666666;13.88888888888889;3;0.4399999999999999;6;-1;-5;0.0200534759358288;0.0666666666666666;0.72;10.0;0;1;1;0;0;1;0;1;0.0666666666666666;0.25;0.0013368983957219;15.0;0.0;1.0;0.0;1.0;1.0;1.0;0.0;0.0;1.0;0.0;0.0;1.0;0.0;0.0;0.0;0.0;0.0;0.0;1.0;0.0;0.0;0.0;0.0;0.0;0.0;0.0;0.0;0.0;0.0;0.0;0.0;0.0;0.0;0.0;0.0;0.0
2024-02-10;Tottenham;3;3;3;56;54;Brighton;2;3;16;6;6;3;0.53;0.47;527;0.84;14;13;2;3;0;0;9;1.0;1.0;1.0;1.0;1.0;0.0;1.0;1.0;0.0;0.0;0.0;6;0.0783333333333333;0.1428571428571428;443;0.0316027088036117;835.8490566037735;0.5625;16.9811320754717;10;0.06;3;-1;1;0.0303605313092979;0.125;0.265;4.5;0;2;2;1;0;0;0;1;0.125;0.3333333333333333;0.0037950664136622;8.0;0.0;0.0;0.0;1.0;0.0;0.0;0.0;0.0;1.0;0.0;0.0;1.0;0.0;0.0;0.0;1.0;0.0;0.0;0.0;0.0;0.0;0.0;0.0;0.0;0.0;0.0;0.0;0.0;0.0;0.0;0.0;0.0;0.0;0.0;0.0;0.0
2024-02-03;Tottenham;3;3;8;56;64;Everton;0;3;9;14;6;5;0.58;0.42;495;0.77;14;8;0;3;0;0;5;1.0;1.0;1.0;1.0;1.0;0.0;1.0;1.0;1.0;0.0;0.0;9;0.03;0.0;381;0.0367454068241469;656.896551724138;0.5555555555555556;8.620689655172415;-5;0.1599999999999999;-4;-3;6;0.0181818181818181;0.2222222222222222;0.29;2.5;2;0;2;0;1;0;1;0;0.2222222222222222;0.3333333333333333;0.004040404040404;4.5;0.0;0.0;0.0;0.0;0.0;0.0;0.0;0.0;0.0;0.0;0.0;1.0;0.0;0.0;0.0;1.0;0.0;0.0;0.0;0.0;0.0;0.0;1.0;0.0;0.0;0.0;0.0;0.0;0.0;0.0;0.0;0.0;0.0;0.0;0.0;0.0
2024-01-31;Tottenham;3;3;2;56;57;Brentford;2;3;19;9;5;5;0.69;0.31;618;0.85;13;15;2;3;0;0;5;1.0;1.0;1.0;1.0;1.0;0.0;1.0;1.0;0.0;0.0;0.0;3;0.0344444444444444;0.1538461538461538;525;0.0247619047619047;760.8695652173914;0.2631578947368421;7.246376811594203;10;0.3799999999999999;2;-1;-2;0.0307443365695792;0.1578947368421052;0.2299999999999999;1.6666666666666667;0;3;3;1;0;0;0;1;0.1578947368421052;0.6;0.0048543689320388;6.333333333333333;0.0;0.0;0.0;0.0;0.0;0.0;0.0;0.0;1.0;0.0;0.0;1.0;0.0;0.0;0.0;1.0;0.0;0.0;0.0;0.0;1.0;0.0;0.0;0.0;0.0;0.0;0.0;0.0;0.0;0.0;0.0;0.0;0.0;0.0;0.0;0.0
2024-01-26;Tottenham;15;3;3;56;3;Manchester City;3;4;1;18;1;5;0.43;0.57;466;0.82;9;19;3;4;0;0;2;1.0;1.0;1.0;1.0;1.0;0.0;1.0;0.0;1.0;0.0;0.0;14;0.0316666666666666;0.3333333333333333;382;0.0235602094240837;888.3720930232558;2.0;4.651162790697675;-17;-0.1399999999999999;-12;-1;-10;0.0021459227467811;0.0;0.0;0.0;0;0;0;0;0;1;0;1;0.0;0.0;0.0;0.0;0.0;0.0;0.0;0.0;0.0;0.0;0.0;0.0;1.0;0.0;0.0;1.0;0.0;0.0;0.0;1.0;0.0;0.0;0.0;0.0;0.0;0.0;1.0;0.0;0.0;0.0;0.0;0.0;0.0;0.0;0.0;0.0;0.0;0.0;0.0;0.0
2024-01-14;Tottenham;3;0;3;56;62;Manchester United;1;2;16;9;6;2;0.64;0.36;555;0.89;5;8;1;2;0;0;13;1.0;1.0;1.0;1.0;1.0;0.0;1.0;0.0;1.0;0.0;0.0;8;0.04;0.2;494;0.0101214574898785;771.875;0.8125;20.3125;7;0.28;5;-1;-3;0.0288288288288288;0.125;0.32;6.5;1;1;2;0;1;0;1;0;0.125;0.3333333333333333;0.0036036036036036;8.0;0.0;0.0;0.0;0.0;0.0;0.0;0.0;0.0;0.0;0.0;0.0;1.0;0.0;0.0;0.0;1.0;0.0;0.0;0.0;0.0;1.0;0.0;1.0;0.0;0.0;0.0;0.0;0.0;0.0;0.0;0.0;0.0;0.0;0.0;0.0;0.0
2024-01-05;Tottenham;15;3;1;56;819;Burnley;1;2;16;10;7;1;0.64;0.36;619;0.85;14;11;1;2;0;0;8;1.0;1.0;0.0;0.0;1.0;0.0;1.0;0.0;1.0;0.0;0.0;3;0.036;0.0714285714285714;526;0.026615969581749;821.875;0.5;12.5;6;0.28;5;-1;3;0.0258481421647819;0.0625;0.64;8.0;0;1;1;1;0;0;0;1;0.0625;0.1428571428571428;0.0016155088852988;16.0;0.0;1.0;0.0;0.0;0.0;0.0;0.0;0.0;1.0;0.0;0.0;1.0;0.0;0.0;0.0;0.0;0.0;0.0;1.0;0.0;1.0;0.0;0.0;1.0;0.0;0.0;0.0;0.0;0.0;0.0;0.0;0.0;0.0;0.0;0.0;0.0
2023-12-31;Tottenham;3;0;3;56;59;Bournemouth;3;2;12;24;6;4;0.51;0.49;436;0.81;9;18;3;2;0;0;4;1.0;1.0;0.0;0.0;1.0;0.0;1.0;0.0;1.0;0.0;0.0;13;0.0204166666666666;0.3333333333333333;353;0.0254957507082152;692.156862745098;0.3333333333333333;7.84313725490196;-12;0.02;-9;1;-9;0.0275229357798165;0.25;0.17;1.3333333333333333;1;2;3;1;0;0;0;1;0.25;0.5;0.0068807339449541;4.0;0.0;1.0;0.0;1.0;0.0;1.0;0.0;0.0;0.0;0.0;0.0;1.0;0.0;0.0;0.0;0.0;0.0;0.0;1.0;0.0;0.0;0.0;0.0;1.0;0.0;0.0;0.0;0.0;0.0;0.0;0.0;0.0;0.0;0.0;0.0;0.0
2023-12-28;Tottenham;3;3;22;56;54;Brighton;2;3;19;15;3;9;0.55;0.45;537;0.84;6;18;2;3;0;0;6;1.0;1.0;0.0;0.0;1.0;0.0;0.0;0.0;1.0;0.0;0.0;7;0.03;0.3333333333333333;451;0.0133037694013303;819.9999999999999;0.3157894736842105;10.909090909090908;4;0.1;-1;-1;-12;0.0353817504655493;0.1052631578947368;0.275;3.0;0;2;2;0;0;1;1;0;0.1052631578947368;0.6666666666666666;0.0037243947858473;9.5;0.0;1.0;0.0;1.0;0.0;1.0;0.0;0.0;1.0;0.0;0.0;1.0;0.0;0.0;0.0;0.0;0.0;0.0;1.0;0.0;0.0;0.0;1.0;0.0;0.0;0.0;0.0;0.0;0.0;0.0;0.0;0.0;0.0;0.0;0.0;0.0
2023-12-23;Tottenham;3;3;3;56;64;Everton;1;4;13;18;6;8;0.62;0.38;583;0.83;6;18;1;4;0;0;3;1.0;1.0;1.0;0.0;0.0;0.0;0.0;0.0;1.0;0.0;0.0;8;0.0211111111111111;0.1666666666666666;484;0.012396694214876;780.6451612903226;0.2307692307692307;4.838709677419355;-5;0.24;-5;-3;-12;0.0222984562607204;0.1538461538461538;0.31;1.5;2;0;2;1;0;0;0;1;0.1538461538461538;0.3333333333333333;0.0034305317324185;6.5;0.0;1.0;0.0;1.0;0.0;1.0;0.0;0.0;1.0;0.0;0.0;1.0;0.0;0.0;0.0;0.0;0.0;0.0;1.0;0.0;1.0;0.0;0.0;0.0;0.0;0.0;0.0;0.0;0.0;0.0;0.0;0.0;0.0;0.0;0.0;0.0
2023-12-15;Tottenham;3;3;2;56;55;Nottingham Forest;5;2;12;15;6;1;0.68;0.32;547;0.88;11;16;4;2;1;0;4;1.0;1.0;1.0;0.0;1.0;0.0;0.0;0.0;1.0;0.0;0.0;6;0.0213333333333333;0.4545454545454545;481;0.0228690228690228;707.3529411764705;0.3333333333333333;5.88235294117647;-3;0.36;-2;3;-5;0.0219378427787934;0.1666666666666666;0.34;2.0;1;1;2;1;0;0;1;0;0.1666666666666666;0.3333333333333333;0.0036563071297989;6.0;0.0;1.0;0.0;1.0;1.0;1.0;0.0;0.0;1.0;0.0;0.0;1.0;0.0;0.0;0.0;0.0;0.0;0.0;0.0;0.0;0.0;0.0;0.0;0.0;0.0;0.0;0.0;0.0;0.0;0.0;0.0;0.0;0.0;0.0;0.0;0.0
2023-12-10;Tottenham;3;3;0;56;60;Newcastle;1;3;23;9;12;3;0.57;0.43;536;0.85;10;12;1;3;0;0;3;1.0;1.0;1.0;0.0;1.0;0.0;0.0;0.0;1.0;0.0;0.0;6;0.0477777777777777;0.1;456;0.0219298245614035;800.0000000000001;0.1304347826086956;5.2631578947368425;14;0.1399999999999999;-3;-2;-2;0.042910447761194;0.1739130434782608;0.1425;0.75;2;2;4;1;0;0;0;1;0.1739130434782608;0.3333333333333333;0.0074626865671641;5.75;0.0;1.0;0.0;1.0;1.0;1.0;0.0;0.0;1.0;0.0;0.0;1.0;0.0;0.0;0.0;0.0;0.0;0.0;0.0;0.0;0.0;0.0;0.0;0.0;0.0;0.0;0.0;0.0;0.0;0.0;0.0;0.0;0.0;0.0;0.0;0.0
2023-12-07;Tottenham;3;3;0;56;61;West Ham;3;3;23;11;7;5;0.75;0.25;784;0.91;11;12;3;3;0;0;8;1.0;1.0;1.0;0.0;1.0;0.0;0.0;0.0;1.0;0.0;0.0;4;0.0227272727272727;0.2727272727272727;713;0.0154277699859747;950.6666666666666;0.3478260869565217;10.666666666666666;12;0.5;4;0;-1;0.0293367346938775;0.0434782608695652;0.75;8.0;1;0;1;0;0;1;0;1;0.0434782608695652;0.1428571428571428;0.0012755102040816;23.0;0.0;1.0;0.0;0.0;1.0;1.0;0.0;0.0;1.0;0.0;0.0;0.0;0.0;0.0;0.0;0.0;0.0;0.0;0.0;0.0;0.0;0.0;1.0;1.0;0.0;0.0;0.0;0.0;0.0;0.0;0.0;0.0;0.0;0.0;0.0;0.0
2023-12-03;Tottenham;3;3;31;56;3;Manchester City;4;4;8;17;4;4;0.45;0.55;472;0.85;14;14;4;4;0;0;8;1.0;1.0;0.0;0.0;1.0;0.0;0.0;0.0;1.0;0.0;0.0;10;0.0323529411764705;0.2857142857142857;401;0.0349127182044887;891.1111111111111;1.0;17.77777777777778;-9;-0.1;-2;0;0;0.0169491525423728;0.375;0.15;2.6666666666666665;1;2;3;0;1;0;1;0;0.375;0.75;0.0063559322033898;2.6666666666666665;0.0;1.0;0.0;0.0;1.0;1.0;0.0;0.0;1.0;0.0;0.0;0.0;0.0;0.0;0.0;0.0;0.0;0.0;1.0;0.0;0.0;0.0;0.0;1.0;1.0;0.0;0.0;0.0;0.0;0.0;0.0;0.0;0.0;0.0;0.0;0.0
2023-11-26;Tottenham;3;3;1;56;1;Aston Villa;0;4;18;15;8;5;0.62;0.38;633;0.9;11;13;0;4;0;0;9;1.0;1.0;0.0;0.0;1.0;0.0;1.0;0.0;1.0;0.0;0.0;3;0.0253333333333333;0.0;570;0.019298245614035;919.3548387096774;0.5;14.516129032258064;3;0.24;6;-4;-2;0.0284360189573459;0.0555555555555555;0.62;9.0;1;0;1;0;0;1;0;1;0.0555555555555555;0.125;0.0015797788309636;18.0;0.0;1.0;0.0;0.0;0.0;1.0;0.0;0.0;1.0;0.0;0.0;0.0;0.0;0.0;0.0;0.0;0.0;0.0;1.0;0.0;0.0;0.0;0.0;1.0;1.0;0.0;0.0;0.0;0.0;0.0;0.0;0.0;0.0;0.0;0.0;0.0
2023-11-11;Tottenham;3;0;2;56;67;Wolves;3;4;6;17;2;4;0.59;0.41;628;0.87;15;19;3;4;0;0;3;1.0;1.0;0.0;0.0;0.0;0.0;0.0;0.0;1.0;0.0;0.0;11;0.0241176470588235;0.2;546;0.0274725274725274;925.4237288135594;0.5;5.084745762711865;-11;0.18;-8;-1;-4;0.0095541401273885;0.1666666666666666;0.59;3.0;1;0;1;0;0;1;1;0;0.1666666666666666;0.5;0.001592356687898;6.0;0.0;1.0;0.0;1.0;1.0;1.0;0.0;0.0;1.0;0.0;0.0;0.0;0.0;0.0;0.0;0.0;0.0;0.0;1.0;0.0;0.0;0.0;1.0;0.0;0.0;1.0;0.0;0.0;0.0;0.0;0.0;0.0;0.0;0.0;0.0;0.0
2023-11-06;Tottenham;3;3;3;56;53;Chelsea;3;5;8;17;5;8;0.38;0.62;317;0.79;12;21;1;5;2;0;1;1.0;1.0;1.0;1.0;1.0;0.0;0.0;1.0;1.0;0.0;0.0;6;0.0364705882352941;0.25;250;0.048;657.8947368421052;0.125;2.631578947368421;-9;-0.24;-5;-2;-9;0.0252365930599369;0.125;0.38;1.0;1;0;1;0;0;1;0;1;0.125;0.2;0.0031545741324921;8.0;0.0;0.0;0.0;1.0;1.0;1.0;0.0;0.0;1.0;0.0;0.0;0.0;0.0;0.0;0.0;0.0;0.0;0.0;0.0;0.0;0.0;0.0;0.0;0.0;0.0;0.0;0.0;0.0;0.0;0.0;0.0;0.0;0.0;0.0;0.0;0.0
2023-10-27;Tottenham;3;3;3;56;65;Crystal Palace;1;2;10;13;1;3;0.76;0.24;732;0.91;11;19;1;2;0;0;2;1.0;1.0;1.0;1.0;0.0;0.0;0.0;1.0;0.0;0.0;0.0;11;0.0184615384615384;0.0909090909090909;666;0.0165165165165165;876.3157894736842;0.2;2.631578947368421;-3;0.52;-9;-1;-8;0.0136612021857923;0.2;0.38;1.0;0;2;2;1;0;0;1;0;0.2;2.0;0.0027322404371584;5.0;0.0;1.0;0.0;1.0;1.0;1.0;0.0;0.0;1.0;0.0;0.0;1.0;0.0;0.0;0.0;0.0;0.0;0.0;0.0;0.0;0.0;0.0;0.0;0.0;0.0;0.0;0.0;0.0;0.0;0.0;0.0;0.0;0.0;0.0;0.0;0.0
2023-10-23;Tottenham;3;3;3;56;58;Fulham;2;0;15;10;5;3;0.56;0.44;593;0.87;10;14;2;0;0;0;3;1.0;1.0;1.0;1.0;1.0;0.0;0.0;1.0;0.0;0.0;0.0;5;0.044;0.2;516;0.0193798449612403;921.4285714285712;0.2;5.357142857142857;5;0.12;-2;2;-4;0.0252951096121416;0.1333333333333333;0.28;1.5;1;1;2;1;0;0;0;1;0.1333333333333333;0.4;0.0033726812816188;7.5;0.0;0.0;0.0;1.0;0.0;1.0;0.0;0.0;1.0;0.0;0.0;1.0;0.0;0.0;0.0;0.0;0.0;0.0;0.0;0.0;0.0;0.0;1.0;0.0;0.0;0.0;0.0;0.0;0.0;0.0;0.0;0.0;0.0;0.0;0.0;0.0
2023-10-07;Tottenham;3;3;1;56;832;Luton;2;2;15;12;4;2;0.67;0.33;553;0.85;7;16;1;2;1;0;6;1.0;1.0;1.0;1.0;1.0;0.0;0.0;1.0;0.0;0.0;0.0;5;0.0275;0.2857142857142857;470;0.0148936170212765;701.4925373134328;0.4;8.955223880597014;3;0.34;1;0;-9;0.0271247739602169;0.0666666666666666;0.67;6.0;0;1;1;1;0;0;1;0;0.0666666666666666;0.25;0.0018083182640144;15.0;0.0;0.0;0.0;1.0;1.0;1.0;0.0;0.0;1.0;0.0;0.0;1.0;0.0;0.0;0.0;0.0;0.0;0.0;0.0;0.0;0.0;0.0;0.0;0.0;0.0;0.0;0.0;0.0;0.0;0.0;0.0;0.0;0.0;0.0;0.0;0.0
2023-09-30;Tottenham;3;3;0;56;2;Liverpool;5;6;24;12;8;4;0.65;0.35;662;0.91;11;17;5;4;0;2;11;1.0;1.0;1.0;1.0;1.0;0.0;0.0;1.0;0.0;0.0;0.0;5;0.0291666666666666;0.4545454545454545;602;0.0182724252491694;926.153846153846;0.4583333333333333;16.923076923076923;12;0.3;6;-1;-6;0.0362537764350453;0.0833333333333333;0.325;5.5;1;1;2;1;0;0;0;1;0.0833333333333333;0.25;0.0030211480362537;12.0;0.0;0.0;0.0;1.0;1.0;1.0;0.0;0.0;1.0;0.0;0.0;1.0;0.0;0.0;0.0;0.0;0.0;0.0;0.0;0.0;0.0;0.0;0.0;0.0;0.0;0.0;0.0;0.0;0.0;0.0;0.0;0.0;0.0;0.0;0.0;0.0
2023-09-24;Tottenham;3;3;0;56;9;Arsenal;4;3;13;13;5;6;0.54;0.46;449;0.85;19;12;4;3;0;0;4;1.0;1.0;1.0;1.0;1.0;0.0;0.0;1.0;1.0;0.0;0.0;11;0.0353846153846153;0.2105263157894736;382;0.0497382198952879;707.4074074074074;0.3076923076923077;7.4074074074074066;0;0.08;-7;1;7;0.0289532293986636;0.1538461538461538;0.27;2.0;1;1;2;0;1;0;1;0;0.1538461538461538;0.4;0.0044543429844097;6.5;0.0;0.0;0.0;1.0;1.0;1.0;0.0;0.0;1.0;0.0;0.0;0.0;0.0;0.0;0.0;0.0;0.0;0.0;0.0;0.0;0.0;0.0;0.0;0.0;0.0;0.0;0.0;0.0;0.0;0.0;0.0;0.0;0.0;0.0;0.0;0.0
2023-09-16;Tottenham;3;3;2;56;818;Sheffield United;6;6;28;7;10;5;0.71;0.29;620;0.87;13;14;6;5;0;1;15;1.0;1.0;1.0;1.0;1.0;0.0;0.0;1.0;0.0;0.0;0.0;2;0.0414285714285714;0.4615384615384615;539;0.0241187384044526;759.1549295774648;0.5357142857142857;21.126760563380284;21;0.42;13;0;-1;0.0451612903225806;0.0714285714285714;0.355;7.5;0;2;2;1;0;0;0;1;0.0714285714285714;0.2;0.0032258064516129;14.0;0.0;0.0;0.0;1.0;1.0;1.0;0.0;0.0;1.0;0.0;0.0;0.0;0.0;0.0;0.0;0.0;0.0;0.0;0.0;0.0;0.0;1.0;0.0;0.0;0.0;0.0;0.0;0.0;0.0;0.0;0.0;0.0;0.0;0.0;0.0;0.0
2023-09-02;Tottenham;3;3;1;56;819;Burnley;3;4;21;16;11;4;0.54;0.46;563;0.86;9;15;3;4;0;0;4;1.0;1.0;1.0;1.0;1.0;0.0;0.0;1.0;0.0;0.0;0.0;7;0.02875;0.3333333333333333;484;0.018595041322314;896.2962962962962;0.1904761904761904;7.4074074074074066;5;0.08;-3;-1;-6;0.0373001776198934;0.238095238095238;0.108;0.8;2;3;5;1;0;0;1;0;0.238095238095238;0.4545454545454545;0.0088809946714031;4.2;0.0;0.0;0.0;1.0;1.0;1.0;0.0;0.0;1.0;0.0;0.0;0.0;0.0;0.0;0.0;0.0;0.0;0.0;0.0;0.0;0.0;1.0;0.0;0.0;0.0;0.0;0.0;0.0;0.0;0.0;0.0;0.0;0.0;0.0;0.0;0.0
2023-08-29;Tottenham;14;7;3;56;58;Fulham;2;0;10;14;3;3;0.6;0.4;567;0.82;13;12;2;0;0;0;6;0.0;0.0;0.0;1.0;0.0;0.0;0.0;0.0;0.0;0.0;0.0;3;0.0285714285714285;0.1538461538461538;465;0.0279569892473118;775.0;0.6;10.0;-4;0.1999999999999999;3;2;1;0.0176366843033509;0.1;0.6;6.0;0;1;1;0;1;0;1;0;0.1;0.3333333333333333;0.001763668430335;10.0;0.0;1.0;0.0;0.0;0.0;0.0;0.0;0.0;0.0;0.0;0.0;1.0;0.0;0.0;0.0;0.0;1.0;0.0;1.0;0.0;1.0;1.0;1.0;1.0;0.0;0.0;1.0;1.0;0.0;0.0;0.0;0.0;0.0;0.0;0.0;0.0
2023-08-26;Tottenham;3;3;3;56;59;Bournemouth;3;1;17;11;6;3;0.57;0.43;537;0.88;11;18;3;1;0;0;2;1.0;1.0;1.0;1.0;1.0;0.0;0.0;1.0;0.0;0.0;0.0;6;0.039090909090909;0.2727272727272727;473;0.0232558139534883;829.8245614035088;0.1176470588235294;3.5087719298245617;6;0.1399999999999999;-4;2;-7;0.031657355679702;0.1176470588235294;0.285;1.0;1;1;2;1;0;0;1;0;0.1176470588235294;0.3333333333333333;0.0037243947858473;8.5;0.0;0.0;0.0;1.0;1.0;1.0;0.0;0.0;1.0;0.0;0.0;1.0;0.0;0.0;0.0;0.0;0.0;0.0;0.0;0.0;0.0;0.0;0.0;0.0;0.0;0.0;0.0;0.0;0.0;0.0;0.0;0.0;0.0;0.0;0.0;0.0
2023-08-19;Tottenham;3;3;3;56;62;Manchester United;1;3;17;22;6;6;0.56;0.44;502;0.85;9;8;1;3;0;0;5;1.0;1.0;1.0;1.0;1.0;0.0;0.0;1.0;0.0;0.0;0.0;6;0.02;0.1111111111111111;427;0.0210772833723653;762.4999999999999;0.2941176470588235;8.928571428571427;-5;0.12;-1;-2;1;0.0338645418326693;0.1176470588235294;0.28;2.5;0;2;2;1;0;0;0;1;0.1176470588235294;0.3333333333333333;0.0039840637450199;8.5;0.0;0.0;0.0;1.0;1.0;1.0;0.0;0.0;1.0;0.0;0.0;1.0;0.0;0.0;0.0;0.0;0.0;0.0;0.0;0.0;0.0;0.0;0.0;0.0;0.0;0.0;0.0;0.0;0.0;0.0;0.0;0.0;0.0;0.0;0.0;0.0
2023-08-13;Tottenham;3;3;4;56;57;Brentford;4;1;18;11;6;6;0.7;0.3;711;0.89;13;12;4;1;0;0;6;1.0;0.0;1.0;1.0;1.0;0.0;0.0;1.0;0.0;0.0;0.0;3;0.0272727272727272;0.3076923076923077;633;0.0205371248025276;904.2857142857144;0.3333333333333333;8.571428571428571;7;0.3999999999999999;3;3;1;0.0253164556962025;0.1111111111111111;0.35;3.0;2;0;2;0;1;0;1;0;0.1111111111111111;0.3333333333333333;0.0028129395218002;9.0;0.0;0.0;0.0;0.0;1.0;1.0;0.0;0.0;1.0;0.0;0.0;1.0;0.0;0.0;0.0;0.0;0.0;0.0;1.0;0.0;1.0;0.0;0.0;0.0;0.0;0.0;0.0;0.0;0.0;0.0;0.0;0.0;0.0;0.0;0.0;0.0
2023-08-08;Tottenham;-1;3;7;56;10;Barcelona;1;0;14;14;6;8;0.44;0.56;394;0.88;14;16;1;0;0;0;9;1.0;1.0;0.0;0.0;0.0;0.0;0.0;0.0;0.0;0.0;0.0;8;0.04;0.0714285714285714;347;0.0403458213256484;788.6363636363636;0.6428571428571429;20.454545454545453;0;-0.12;1;1;-2;0.0355329949238578;0.1428571428571428;0.22;4.5;2;0;2;0;0;1;1;0;0.1428571428571428;0.3333333333333333;0.0050761421319796;7.0;0.0;0.0;0.0;0.0;1.0;0.0;0.0;0.0;0.0;0.0;0.0;1.0;0.0;0.0;1.0;0.0;0.0;0.0;0.0;0.0;1.0;1.0;0.0;1.0;0.0;1.0;1.0;1.0;0.0;0.0;0.0;0.0;0.0;0.0;0.0;0.0
2023-08-06;Tottenham;6;3;3;56;30;Shakhtar;3;1;32;7;20;3;0.68;0.32;734;0.92;15;10;3;1;0;0;6;1.0;0.0;1.0;0.0;1.0;0.0;0.0;1.0;0.0;0.0;0.0;2;0.0457142857142857;0.2;675;0.0222222222222222;992.6470588235294;0.1875;8.823529411764705;25;0.36;4;2;5;0.0435967302452316;0.15625;0.136;1.2;1;4;5;1;0;0;0;1;0.15625;0.25;0.0068119891008174;6.4;0.0;1.0;0.0;1.0;0.0;1.0;0.0;0.0;1.0;0.0;0.0;0.0;0.0;0.0;0.0;0.0;0.0;0.0;1.0;0.0;0.0;0.0;1.0;0.0;0.0;0.0;0.0;0.0;1.0;0.0;0.0;0.0;0.0;0.0;0.0;0.0
2023-07-26;Tottenham;6;3;9;56;-1;Lion City Sailors;0;0;37;4;11;1;0.8;0.2;712;0.89;10;11;0;0;0;0;18;1.0;1.0;1.0;0.0;1.0;0.0;0.0;1.0;0.0;0.0;0.0;2;0.05;0.0;634;0.0157728706624605;792.5;0.4864864864864865;22.5;33;0.6000000000000001;16;0;-1;0.0519662921348314;0.1351351351351351;0.16;3.6;1;4;5;1;0;0;0;1;0.1351351351351351;0.4545454545454545;0.0070224719101123;7.4;0.0;1.0;0.0;1.0;1.0;1.0;0.0;0.0;1.0;0.0;0.0;0.0;0.0;0.0;0.0;0.0;0.0;0.0;0.0;0.0;0.0;0.0;0.0;0.0;0.0;0.0;0.0;0.0;1.0;0.0;0.0;0.0;0.0;0.0;0.0;0.0
2023-07-18;Tottenham;6;3;1;56;61;West Ham;1;0;32;7;13;4;0.73;0.27;685;0.9;10;9;1;0;0;0;16;1.0;1.0;1.0;0.0;0.0;0.0;0.0;1.0;0.0;0.0;0.0;4;0.0385714285714285;0.1;616;0.0162337662337662;843.8356164383562;0.5;21.91780821917808;25;0.4599999999999999;12;1;1;0.0467153284671532;0.0625;0.365;8.0;0;2;2;0;0;1;0;1;0.0625;0.1538461538461538;0.002919708029197;16.0;0.0;0.0;0.0;0.0;1.0;0.0;0.0;0.0;1.0;0.0;0.0;0.0;0.0;0.0;1.0;0.0;0.0;0.0;0.0;0.0;1.0;1.0;0.0;0.0;0.0;0.0;0.0;0.0;1.0;1.0;0.0;0.0;0.0;0.0;0.0;0.0
2023-05-28;Tottenham;3;1;9;56;817;Leeds;0;3;11;19;7;2;0.47;0.53;437;0.78;5;8;0;3;0;0;3;0.0;1.0;0.0;0.0;0.0;0.0;0.0;0.0;0.0;0.0;0.0;12;0.0278947368421052;0.0;341;0.0146627565982404;725.5319148936171;0.2727272727272727;6.382978723404256;-8;-0.06;-9;-3;-3;0.0251716247139588;0.3636363636363636;0.1175;0.75;1;3;4;1;0;0;1;0;0.3636363636363636;0.5714285714285714;0.0091533180778032;2.75;0.0;1.0;0.0;0.0;1.0;1.0;0.0;0.0;1.0;0.0;0.0;0.0;0.0;0.0;0.0;0.0;1.0;0.0;1.0;0.0;1.0;0.0;0.0;0.0;0.0;0.0;1.0;0.0;1.0;0.0;1.0;0.0;0.0;0.0;0.0;0.0
2023-05-20;Tottenham;3;1;0;56;57;Brentford;1;1;22;11;8;4;0.62;0.38;581;0.86;11;9;1;1;0;0;8;0.0;0.0;0.0;0.0;0.0;0.0;0.0;0.0;0.0;0.0;0.0;2;0.0345454545454545;0.0909090909090909;500;0.022;806.4516129032259;0.3636363636363636;12.903225806451614;11;0.24;6;0;2;0.0378657487091222;0.0454545454545454;0.62;8.0;1;0;1;0;0;1;0;1;0.0454545454545454;0.125;0.0017211703958691;22.0;0.0;1.0;0.0;0.0;1.0;1.0;0.0;0.0;1.0;0.0;0.0;0.0;0.0;0.0;0.0;0.0;1.0;0.0;1.0;0.0;1.0;0.0;0.0;0.0;0.0;0.0;1.0;0.0;1.0;0.0;1.0;1.0;0.0;0.0;0.0;0.0
2023-05-13;Tottenham;3;6;1;56;1;Aston Villa;3;3;5;8;2;4;0.52;0.48;435;0.85;14;9;3;3;0;0;3;0.0;1.0;1.0;0.0;0.0;0.0;0.0;0.0;0.0;0.0;0.0;8;0.06;0.2142857142857142;370;0.0378378378378378;711.5384615384615;0.6;5.769230769230769;-3;0.04;-5;0;5;0.0114942528735632;0.2;0.52;3.0;0;1;1;0;0;1;1;0;0.2;0.5;0.0022988505747126;5.0;0.0;1.0;0.0;0.0;0.0;1.0;0.0;0.0;0.0;0.0;0.0;1.0;0.0;0.0;0.0;0.0;1.0;0.0;1.0;0.0;1.0;0.0;1.0;0.0;0.0;0.0;0.0;0.0;1.0;0.0;1.0;0.0;0.0;0.0;0.0;0.0
2023-05-06;Tottenham;3;6;0;56;65;Crystal Palace;3;5;8;7;3;2;0.58;0.42;514;0.84;15;14;3;5;0;0;8;0.0;1.0;1.0;0.0;0.0;0.0;0.0;0.0;0.0;0.0;0.0;4;0.06;0.2;432;0.0347222222222222;744.8275862068966;1.0;13.793103448275865;1;0.1599999999999999;4;-2;1;0.0155642023346303;0.125;0.58;8.0;1;0;1;1;0;0;0;1;0.125;0.3333333333333333;0.0019455252918287;8.0;0.0;1.0;0.0;0.0;0.0;1.0;0.0;0.0;0.0;0.0;0.0;1.0;0.0;0.0;0.0;0.0;1.0;0.0;1.0;0.0;1.0;0.0;1.0;0.0;0.0;0.0;0.0;0.0;1.0;0.0;1.0;0.0;0.0;0.0;0.0;0.0
2023-04-30;Tottenham;3;17;0;56;2;Liverpool;2;3;10;12;7;4;0.32;0.68;339;0.73;6;12;2;3;0;0;2;0.0;1.0;1.0;0.0;0.0;0.0;0.0;0.0;0.0;0.0;0.0;4;0.0566666666666666;0.3333333333333333;247;0.0242914979757085;771.875;0.2;6.25;-2;-0.36;-2;-1;-6;0.0294985250737463;0.3;0.1066666666666666;0.6666666666666666;1;2;3;0;0;1;1;0;0.3;0.4285714285714285;0.0088495575221238;3.333333333333333;0.0;1.0;0.0;0.0;0.0;1.0;0.0;0.0;1.0;0.0;0.0;0.0;0.0;0.0;0.0;0.0;1.0;0.0;0.0;0.0;1.0;0.0;1.0;0.0;0.0;1.0;0.0;1.0;1.0;0.0;0.0;0.0;0.0;0.0;0.0;0.0
2023-04-27;Tottenham;3;17;3;56;62;Manchester United;1;2;18;17;7;8;0.39;0.61;387;0.81;8;7;1;2;0;0;6;0.0;1.0;1.0;0.0;0.0;0.0;0.0;0.0;0.0;0.0;0.0;8;0.0358823529411764;0.125;313;0.0255591054313099;802.5641025641025;0.3333333333333333;15.384615384615383;1;-0.2199999999999999;-2;-1;1;0.0465116279069767;0.1111111111111111;0.195;3.0;0;2;2;0;1;0;0;1;0.1111111111111111;0.2857142857142857;0.0051679586563307;9.0;0.0;0.0;0.0;0.0;0.0;1.0;0.0;0.0;0.0;0.0;0.0;1.0;0.0;0.0;0.0;0.0;1.0;0.0;0.0;0.0;1.0;0.0;1.0;0.0;0.0;1.0;0.0;1.0;1.0;0.0;1.0;0.0;0.0;0.0;0.0;0.0
2023-04-23;Tottenham;3;0;0;56;60;Newcastle;3;0;11;25;3;8;0.43;0.57;401;0.79;13;7;3;0;0;0;3;0.0;1.0;1.0;0.0;0.0;0.0;0.0;0.0;0.0;0.0;0.0;9;0.0227999999999999;0.2307692307692307;317;0.0410094637223974;737.2093023255815;0.2727272727272727;6.976744186046512;-14;-0.1399999999999999;-6;3;6;0.027431421446384;0.0909090909090909;0.43;3.0;0;1;1;0;0;1;1;0;0.0909090909090909;0.3333333333333333;0.0024937655860349;11.0;0.0;0.0;0.0;1.0;0.0;1.0;0.0;0.0;1.0;0.0;0.0;0.0;0.0;0.0;0.0;0.0;0.0;0.0;0.0;0.0;1.0;0.0;1.0;0.0;0.0;1.0;0.0;1.0;1.0;0.0;0.0;0.0;1.0;0.0;0.0;0.0
2023-04-15;Tottenham;3;17;17;56;59;Bournemouth;1;3;24;9;8;6;0.58;0.42;485;0.81;8;9;1;3;0;0;8;0.0;1.0;1.0;0.0;0.0;0.0;0.0;0.0;0.0;0.0;0.0;1;0.0466666666666666;0.125;393;0.0203562340966921;677.5862068965517;0.3333333333333333;13.793103448275865;15;0.1599999999999999;7;-2;-1;0.0494845360824742;0.0833333333333333;0.29;4.0;1;1;2;0;0;1;0;1;0.0833333333333333;0.25;0.0041237113402061;12.0;0.0;0.0;0.0;0.0;0.0;1.0;0.0;0.0;1.0;0.0;0.0;0.0;0.0;0.0;0.0;0.0;0.0;0.0;0.0;0.0;1.0;0.0;1.0;0.0;0.0;1.0;0.0;1.0;1.0;0.0;1.0;0.0;1.0;0.0;0.0;0.0
2023-04-08;Tottenham;3;17;3;56;54;Brighton;3;1;9;17;3;4;0.35;0.65;299;0.77;15;15;3;1;0;0;3;0.0;1.0;1.0;0.0;0.0;0.0;0.0;0.0;0.0;0.0;0.0;7;0.038235294117647;0.2;230;0.0652173913043478;657.1428571428572;0.3333333333333333;8.571428571428571;-8;-0.3;-4;2;0;0.0301003344481605;0.2222222222222222;0.175;1.5;1;1;2;1;0;0;0;1;0.2222222222222222;0.6666666666666666;0.0066889632107023;4.5;0.0;0.0;0.0;0.0;0.0;1.0;0.0;0.0;1.0;0.0;0.0;0.0;0.0;0.0;0.0;0.0;0.0;0.0;0.0;0.0;1.0;0.0;1.0;0.0;0.0;1.0;0.0;1.0;1.0;0.0;1.0;0.0;1.0;0.0;0.0;0.0
2023-04-03;Tottenham;3;17;7;56;64;Everton;4;1;8;15;2;6;0.61;0.39;596;0.84;14;10;3;0;1;1;3;0.0;1.0;1.0;0.0;0.0;0.0;0.0;0.0;0.0;0.0;0.0;3;0.026;0.2857142857142857;501;0.0279441117764471;821.3114754098361;0.375;4.918032786885246;-7;0.2199999999999999;0;3;4;0.0134228187919463;0.125;0.61;3.0;0;1;1;0;1;0;1;0;0.125;0.5;0.0016778523489932;8.0;0.0;0.0;0.0;0.0;0.0;1.0;0.0;0.0;1.0;0.0;0.0;0.0;0.0;0.0;0.0;0.0;0.0;0.0;0.0;0.0;1.0;0.0;1.0;0.0;0.0;1.0;0.0;1.0;1.0;0.0;1.0;0.0;1.0;0.0;0.0;0.0
2023-03-18;Tottenham;3;17;1;56;68;Southampton;1;1;17;19;3;7;0.49;0.51;450;0.83;8;13;1;1;0;0;3;0.0;1.0;1.0;0.0;0.0;0.0;0.0;0.0;0.0;0.0;0.0;10;0.0268421052631578;0.125;374;0.0213903743315508;763.265306122449;0.1764705882352941;6.122448979591836;-2;-0.02;-7;0;-5;0.0377777777777777;0.1764705882352941;0.1633333333333333;1.0;1;2;3;0;1;0;1;0;0.1764705882352941;1.0;0.0066666666666666;5.666666666666667;0.0;1.0;0.0;0.0;0.0;1.0;0.0;0.0;0.0;0.0;0.0;1.0;0.0;0.0;0.0;0.0;1.0;0.0;0.0;0.0;1.0;0.0;1.0;0.0;0.0;1.0;0.0;0.0;1.0;0.0;1.0;0.0;0.0;0.0;0.0;0.0
2023-03-11;Tottenham;3;17;20;56;55;Nottingham Forest;3;1;15;9;7;5;0.56;0.44;490;0.87;13;13;3;1;0;0;2;0.0;1.0;1.0;0.0;0.0;0.0;0.0;0.0;0.0;0.0;0.0;10;0.0488888888888888;0.2307692307692307;426;0.0305164319248826;760.7142857142857;0.1333333333333333;3.571428571428571;6;0.12;-8;2;0;0.0306122448979591;0.2;0.1866666666666666;0.6666666666666666;2;1;3;1;0;0;0;1;0.2;0.4285714285714285;0.0061224489795918;5.0;0.0;1.0;0.0;0.0;0.0;1.0;0.0;0.0;0.0;0.0;0.0;1.0;0.0;0.0;0.0;0.0;1.0;0.0;0.0;0.0;1.0;0.0;1.0;0.0;0.0;1.0;0.0;0.0;1.0;0.0;1.0;0.0;0.0;0.0;0.0;0.0
2023-03-08;Tottenham;0;17;17;56;25;Milan;3;1;9;14;2;3;0.54;0.46;470;0.83;18;12;2;1;1;0;6;0.0;0.0;1.0;0.0;0.0;0.0;0.0;0.0;0.0;0.0;0.0;0;0.0328571428571428;0.1666666666666666;390;0.0461538461538461;722.2222222222222;0.6666666666666666;11.11111111111111;-5;0.08;6;2;6;0.0191489361702127;0.0;0.0;0.0;0;0;0;0;1;0;0;1;0.0;0.0;0.0;0.0;0.0;1.0;0.0;0.0;0.0;1.0;0.0;0.0;1.0;0.0;0.0;0.0;0.0;0.0;0.0;0.0;1.0;0.0;1.0;0.0;1.0;0.0;1.0;0.0;0.0;0.0;0.0;1.0;1.0;0.0;1.0;0.0;0.0;0.0;0.0;0.0
2023-03-04;Tottenham;3;17;3;56;67;Wolves;1;1;21;8;6;5;0.54;0.46;473;0.85;18;11;1;1;0;0;8;0.0;1.0;1.0;0.0;0.0;0.0;0.0;0.0;0.0;0.0;0.0;4;0.0575;0.0555555555555555;402;0.044776119402985;744.4444444444443;0.3809523809523809;14.814814814814811;13;0.08;4;0;7;0.0443974630021141;0.0;0.0;0.0;0;0;0;0;0;1;1;0;0.0;0.0;0.0;0.0;0.0;1.0;0.0;0.0;0.0;1.0;0.0;0.0;1.0;0.0;0.0;0.0;0.0;0.0;0.0;0.0;1.0;0.0;0.0;0.0;1.0;0.0;1.0;0.0;0.0;0.0;0.0;1.0;1.0;0.0;1.0;0.0;0.0;0.0;0.0;0.0
2023-03-01;Tottenham;15;6;23;56;818;Sheffield United;1;2;17;7;4;1;0.54;0.46;488;0.82;8;7;1;2;0;0;4;0.0;1.0;0.0;0.0;0.0;0.0;0.0;0.0;0.0;0.0;0.0;2;0.0657142857142857;0.125;400;0.02;740.7407407407406;0.2352941176470588;7.4074074074074066;10;0.08;2;-1;1;0.0348360655737704;0.0;0.0;0.0;0;0;0;0;0;1;1;0;0.0;0.0;0.0;0.0;0.0;1.0;0.0;1.0;0.0;1.0;0.0;0.0;0.0;0.0;0.0;1.0;0.0;0.0;0.0;0.0;1.0;0.0;0.0;0.0;0.0;0.0;1.0;0.0;0.0;1.0;1.0;1.0;0.0;0.0;0.0;0.0;0.0;1.0;0.0;0.0
2023-02-26;Tottenham;3;17;3;56;53;Chelsea;2;3;8;10;3;2;0.41;0.59;410;0.82;10;10;2;3;0;0;4;0.0;0.0;1.0;0.0;0.0;0.0;0.0;0.0;0.0;0.0;0.0;4;0.059;0.2;336;0.0297619047619047;819.5121951219513;0.5;9.75609756097561;-2;-0.18;0;-1;0;0.0195121951219512;0.25;0.205;2.0;0;2;2;1;0;0;0;1;0.25;0.6666666666666666;0.0048780487804878;4.0;0.0;1.0;0.0;0.0;0.0;0.0;0.0;0.0;1.0;0.0;0.0;1.0;0.0;0.0;0.0;0.0;1.0;0.0;1.0;0.0;1.0;0.0;1.0;0.0;0.0;1.0;0.0;0.0;1.0;0.0;1.0;0.0;0.0;0.0;0.0;0.0
2023-02-19;Tottenham;3;17;17;56;61;West Ham;2;1;16;6;6;1;0.57;0.43;544;0.84;16;10;2;1;0;0;4;0.0;0.0;1.0;0.0;0.0;0.0;0.0;0.0;0.0;0.0;0.0;7;0.0716666666666666;0.125;457;0.0350109409190372;801.7543859649123;0.25;7.017543859649123;10;0.1399999999999999;-3;1;6;0.0294117647058823;0.125;0.285;2.0;0;2;2;1;0;0;0;1;0.125;0.3333333333333333;0.0036764705882352;8.0;0.0;1.0;0.0;0.0;0.0;0.0;0.0;0.0;1.0;0.0;0.0;1.0;0.0;0.0;0.0;0.0;1.0;0.0;1.0;0.0;1.0;0.0;1.0;0.0;0.0;1.0;0.0;0.0;1.0;0.0;1.0;0.0;0.0;0.0;0.0;0.0
2023-02-05;Tottenham;3;17;1;56;3;Manchester City;3;3;12;15;3;5;0.35;0.65;303;0.74;19;14;2;3;1;0;4;0.0;0.0;1.0;0.0;0.0;0.0;1.0;0.0;0.0;0.0;0.0;6;0.0433333333333333;0.1578947368421052;224;0.0848214285714285;640.0;0.3333333333333333;11.428571428571429;-3;-0.3;-2;0;5;0.0396039603960396;0.0833333333333333;0.35;4.0;1;0;1;1;0;0;0;1;0.0833333333333333;0.3333333333333333;0.0033003300330033;12.0;0.0;1.0;0.0;0.0;0.0;1.0;0.0;0.0;1.0;0.0;0.0;0.0;0.0;0.0;0.0;0.0;0.0;0.0;1.0;0.0;0.0;0.0;1.0;0.0;0.0;1.0;0.0;1.0;1.0;0.0;0.0;0.0;1.0;0.0;0.0;0.0
2023-01-28;Tottenham;15;6;2;56;835;Preston;0;1;13;5;6;1;0.69;0.31;652;0.87;12;6;0;1;0;0;9;0.0;0.0;0.0;0.0;0.0;0.0;1.0;0.0;0.0;0.0;0.0;2;0.062;0.0;567;0.0211640211640211;821.7391304347826;0.6923076923076923;13.043478260869566;8;0.3799999999999999;7;-1;6;0.0199386503067484;0.2307692307692307;0.2299999999999999;3.0;0;3;3;1;0;0;1;0;0.2307692307692307;0.5;0.004601226993865;4.333333333333333;0.0;0.0;0.0;0.0;1.0;1.0;0.0;0.0;1.0;0.0;0.0;0.0;0.0;0.0;0.0;0.0;1.0;0.0;0.0;0.0;0.0;0.0;0.0;0.0;0.0;0.0;1.0;1.0;0.0;1.0;1.0;0.0;0.0;0.0;1.0;1.0
2023-01-23;Tottenham;3;17;3;56;58;Fulham;3;1;10;10;3;5;0.47;0.53;446;0.78;10;10;3;1;0;0;8;0.0;0.0;1.0;0.0;0.0;0.0;1.0;0.0;0.0;0.0;0.0;3;0.053;0.3;348;0.028735632183908;740.4255319148937;0.8;17.02127659574468;0;-0.06;5;2;0;0.0224215246636771;0.1;0.47;8.0;1;0;1;1;0;0;1;0;0.1;0.3333333333333333;0.0022421524663677;10.0;0.0;1.0;0.0;0.0;0.0;1.0;0.0;0.0;1.0;0.0;0.0;0.0;0.0;0.0;0.0;0.0;0.0;0.0;1.0;0.0;0.0;0.0;1.0;0.0;0.0;1.0;0.0;1.0;1.0;0.0;0.0;0.0;1.0;0.0;0.0;0.0
