Fecha;Equipo_name;Torneo;Alineacion;Alineacion_contrincante;equipo;equipo_contrincante;equipo_contrincante_name;tarjetas;tarjetas_contrincante;Remates;Remates_contrincante;Remates al arco;Remates al arco_contrincante;Posesión;Posesión_contrincante;Pases;Precisión de los pases;Faltas;Faltas_contrincante;Tarjetas amarillas;Tarjetas amarillas_contrincante;Tarjetas rojas;Tarjetas rojas_contrincante;Tiros de esquina;Giorgi Mamardashvili-Valencia C. F.;Dimitri Foulquier-Valencia C. F.;César Tárrega-Valencia C. F.;Cristhian Mosquera-Valencia C. F.;José Luis Gayà-Valencia C. F.;Luis Rioja González-Valencia C. F.;Javier Guerra Moreno-Valencia C. F.;Enzo Barrenechea-Valencia C. F.;André Almeida-Valencia C. F.;Diego López Noguerol-Valencia C. F.;Hugo Duro Perales-Valencia C. F.;Tiros de esquina_concedidos;Posesión_contra_por_remate;tarjetas_por_falta;pases_completados;faltas_por_pases;pases_por_posesion;tirosEsquina_por_remate;tirosEsquina_por_posesion;diff_remates;diff_posesion;diff_Tiros de esquina;diff_tarjetas;diff_faltas;remates_por_pase;posesion_por_remate;posesion_por_gol;tirosEsquina_por_gol;goles_primera_mitad;goles_segunda_mitad;goles_totales;gano;empato;perdio;visitante;local;conversion_goles;conversion_arco;goles_por_pase;remates_al_arco_por_gol;Umar Sadiq-Valencia C. F.;Max Aarons-Valencia C. F.;Mouctar Diakhaby-Valencia C. F.;Jesús Vázquez Alcalde-Valencia C. F.;Iván Jaime Pajuelo-Valencia C. F.;José Luis García Vayá-Valencia C. F.;Stole Dimitrievski-Valencia C. F.;Yarek Gasiorowski-Valencia C. F.;Fran Pérez Martínez-Valencia C. F.;Hugo Guillamón-Valencia C. F.;Sergi Canós-Valencia C. F.;Germán Valera-Valencia C. F.;Martín Tejón-Valencia C. F.;Daniel Gómez Alcón-Valencia C. F.;Iker Córdoba-Valencia C. F.;Ismael Santana Vera-Valencia C. F.;Thierry Correia-Valencia C. F.;Maximiliano Caufriez-Valencia C. F.;Rodrigo Abajas-Valencia C. F.;Rafa Mir-Valencia C. F.;Cenk Özkacar-Valencia C. F.;Alberto Marí-Valencia C. F.;Peter González-Valencia C. F.;Roman Yaremchuk-Valencia C. F.;Jaume Doménech-Valencia C. F.;Selim Amallah-Valencia C. F.;Gabriel Paulista-Valencia C. F.;Rubén Iranzo-Valencia C. F.;Marco Camus-Valencia C. F.;Pablo Gozálbez-Valencia C. F.;Hugo González Sotos-Valencia C. F.;Nico González-Valencia C. F.;Samuel Lino-Valencia C. F.;Justin Kluivert-Valencia C. F.;Antonio Latorre-Valencia C. F.;Eray Cömert-Valencia C. F.;Edinson Cavani-Valencia C. F.;Yunus Musah-Valencia C. F.;Ilaix Moriba-Valencia C. F.;Samu Castillejo-Valencia C. F.;Marcos André-Valencia C. F.
2025-04-19;Valencia C. F.;1;1;3;52;42;Rayo Vallecano;1;3;10;11;3;4;0.43;0.57;350;0.78;13;18;1;3;0;0;2;1.0;1.0;1.0;1.0;1.0;1.0;1.0;1.0;1.0;1.0;1.0;5;0.05181818181818181;0.07692307692307693;273;0.047619047619047616;634.8837209302326;0.2;4.651162790697675;-1;-0.13999999999999996;-3;-2;-5;0.02857142857142857;0.1;0.43;2.0;0;1;1;0;1;0;1;0;0.1;0.3333333333333333;0.002857142857142857;10.0;0.0;0.0;0.0;0.0;0.0;0.0;0.0;0.0;0.0;0.0;0.0;0.0;0.0;0.0;0.0;0.0;0.0;0.0;0.0;0.0;0.0;0.0;0.0;0.0;0.0;0.0;0.0;0.0;0.0;0.0;0.0;0.0;0.0;0.0;0.0;0.0;0.0;0.0;0.0;0.0;0.0
2025-04-11;Valencia C. F.;1;3;3;52;43;Sevilla;3;2;8;12;6;5;0.52;0.48;448;0.8;10;18;3;2;0;0;3;1.0;1.0;1.0;1.0;1.0;1.0;1.0;1.0;1.0;1.0;0.0;3;0.04;0.3;358;0.027932960893854747;688.4615384615385;0.375;5.769230769230769;-4;0.040000000000000036;0;1;-8;0.017857142857142856;0.125;0.52;3.0;1;0;1;1;0;0;0;1;0.125;0.16666666666666666;0.002232142857142857;8.0;1.0;0.0;0.0;0.0;0.0;0.0;0.0;0.0;0.0;0.0;0.0;0.0;0.0;0.0;0.0;0.0;0.0;0.0;0.0;0.0;0.0;0.0;0.0;0.0;0.0;0.0;0.0;0.0;0.0;0.0;0.0;0.0;0.0;0.0;0.0;0.0;0.0;0.0;0.0;0.0;0.0
2025-04-05;Valencia C. F.;1;9;1;52;12;Real Madrid;4;0;10;21;2;9;0.35;0.65;340;0.76;13;10;4;0;0;0;4;1.0;0.0;1.0;1.0;0.0;0.0;1.0;1.0;1.0;1.0;0.0;9;0.030952380952380953;0.3076923076923077;258;0.050387596899224806;737.1428571428572;0.4;11.428571428571429;-11;-0.30000000000000004;-5;4;3;0.029411764705882353;0.2;0.175;2.0;1;1;2;1;0;0;1;0;0.2;1.0;0.0058823529411764705;5.0;1.0;1.0;1.0;1.0;0.0;0.0;0.0;0.0;0.0;0.0;0.0;0.0;0.0;0.0;0.0;0.0;0.0;0.0;0.0;0.0;0.0;0.0;0.0;0.0;0.0;0.0;0.0;0.0;0.0;0.0;0.0;0.0;0.0;0.0;0.0;0.0;0.0;0.0;0.0;0.0;0.0
2025-03-30;Valencia C. F.;1;3;4;52;40;R.C.D. Mallorca;4;4;8;8;2;2;0.44;0.56;340;0.82;16;15;4;4;0;0;4;1.0;1.0;1.0;1.0;1.0;1.0;1.0;1.0;1.0;1.0;0.0;5;0.07;0.25;279;0.05734767025089606;634.0909090909091;0.5;9.090909090909092;0;-0.12000000000000005;-1;0;1;0.023529411764705882;0.125;0.44;4.0;0;1;1;1;0;0;0;1;0.125;0.5;0.0029411764705882353;8.0;1.0;0.0;0.0;0.0;0.0;0.0;0.0;0.0;0.0;0.0;0.0;0.0;0.0;0.0;0.0;0.0;0.0;0.0;0.0;0.0;0.0;0.0;0.0;0.0;0.0;0.0;0.0;0.0;0.0;0.0;0.0;0.0;0.0;0.0;0.0;0.0;0.0;0.0;0.0;0.0;0.0
2025-03-15;Valencia C. F.;1;9;3;52;24;Girona;1;2;12;14;2;4;0.43;0.57;403;0.82;5;12;1;2;0;0;4;1.0;1.0;1.0;1.0;1.0;0.0;1.0;1.0;1.0;1.0;0.0;9;0.04071428571428571;0.2;330;0.015151515151515152;767.4418604651163;0.3333333333333333;9.30232558139535;-2;-0.13999999999999996;-5;-1;-7;0.02977667493796526;0.08333333333333333;0.43;4.0;0;1;1;0;1;0;1;0;0.08333333333333333;0.5;0.0024813895781637717;12.0;1.0;0.0;1.0;0.0;0.0;0.0;0.0;0.0;0.0;0.0;0.0;0.0;0.0;0.0;0.0;0.0;0.0;0.0;0.0;0.0;0.0;0.0;0.0;0.0;0.0;0.0;0.0;0.0;0.0;0.0;0.0;0.0;0.0;0.0;0.0;0.0;0.0;0.0;0.0;0.0;0.0
2025-03-08;Valencia C. F.;1;3;1;52;51;Valladolid;1;3;17;11;4;4;0.62;0.38;507;0.86;11;10;1;3;0;0;5;1.0;1.0;1.0;1.0;1.0;1.0;1.0;1.0;1.0;1.0;0.0;4;0.034545454545454546;0.09090909090909091;436;0.02522935779816514;703.2258064516129;0.29411764705882354;8.064516129032258;6;0.24;1;-2;1;0.03353057199211045;0.11764705882352941;0.31;2.5;1;1;2;1;0;0;0;1;0.11764705882352941;0.5;0.0039447731755424065;8.5;1.0;0.0;0.0;0.0;0.0;0.0;0.0;0.0;0.0;0.0;0.0;0.0;0.0;0.0;0.0;0.0;0.0;0.0;0.0;0.0;0.0;0.0;0.0;0.0;0.0;0.0;0.0;0.0;0.0;0.0;0.0;0.0;0.0;0.0;0.0;0.0;0.0;0.0;0.0;0.0;0.0
2025-03-02;Valencia C. F.;1;3;3;52;41;Osasuna;1;2;12;11;5;5;0.49;0.51;445;0.85;7;10;1;2;0;0;3;1.0;1.0;1.0;1.0;1.0;1.0;1.0;1.0;0.0;1.0;0.0;3;0.046363636363636364;0.14285714285714285;378;0.018518518518518517;771.4285714285714;0.25;6.122448979591836;1;-0.020000000000000018;0;-1;-3;0.02696629213483146;0.25;0.16333333333333333;1.0;2;1;3;0;1;0;1;0;0.25;0.6;0.006741573033707865;4.0;1.0;0.0;0.0;0.0;1.0;0.0;0.0;0.0;0.0;0.0;0.0;0.0;0.0;0.0;0.0;0.0;0.0;0.0;0.0;0.0;0.0;0.0;0.0;0.0;0.0;0.0;0.0;0.0;0.0;0.0;0.0;0.0;0.0;0.0;0.0;0.0;0.0;0.0;0.0;0.0;0.0
2025-02-22;Valencia C. F.;1;17;1;52;27;Atlético Madrid;1;3;18;11;2;3;0.49;0.51;525;0.91;18;16;1;3;0;0;7;1.0;1.0;1.0;1.0;1.0;1.0;1.0;1.0;0.0;0.0;0.0;0;0.046363636363636364;0.05555555555555555;478;0.03765690376569038;975.5102040816327;0.3888888888888889;14.285714285714286;7;-0.020000000000000018;7;-2;2;0.03428571428571429;0.0;0.0;0.0;0;0;0;0;0;1;0;1;0.0;0.0;0.0;0.0;1.0;0.0;0.0;0.0;1.0;1.0;0.0;0.0;0.0;0.0;0.0;0.0;0.0;0.0;0.0;0.0;0.0;0.0;0.0;0.0;0.0;0.0;0.0;0.0;0.0;0.0;0.0;0.0;0.0;0.0;0.0;0.0;0.0;0.0;0.0;0.0;0.0;0.0;0.0;0.0;0.0
2025-02-15;Valencia C. F.;1;9;1;52;37;Villarreal;5;0;12;13;3;4;0.49;0.51;523;0.88;17;6;5;0;0;0;5;1.0;1.0;1.0;1.0;1.0;1.0;1.0;0.0;1.0;1.0;1.0;4;0.03923076923076923;0.29411764705882354;460;0.03695652173913044;938.7755102040817;0.4166666666666667;10.204081632653061;-1;-0.020000000000000018;1;5;11;0.022944550669216062;0.08333333333333333;0.49;5.0;0;1;1;0;1;0;1;0;0.08333333333333333;0.3333333333333333;0.0019120458891013384;12.0;0.0;0.0;0.0;0.0;0.0;1.0;0.0;0.0;0.0;0.0;0.0;0.0;0.0;0.0;0.0;0.0;0.0;0.0;0.0;0.0;0.0;0.0;0.0;0.0;0.0;0.0;0.0;0.0;0.0;0.0;0.0;0.0;0.0;0.0;0.0;0.0;0.0;0.0;0.0;0.0;0.0
2025-02-09;Valencia C. F.;1;3;4;52;47;Leganés;1;1;19;12;4;4;0.44;0.56;362;0.77;14;9;1;1;0;0;9;1.0;0.0;1.0;1.0;1.0;1.0;1.0;1.0;1.0;1.0;1.0;3;0.04666666666666667;0.07142857142857142;279;0.05017921146953405;634.0909090909091;0.47368421052631576;20.454545454545453;7;-0.12000000000000005;6;0;5;0.052486187845303865;0.10526315789473684;0.22;4.5;2;0;2;1;0;0;0;1;0.10526315789473684;0.5;0.0055248618784530384;9.5;0.0;0.0;1.0;0.0;0.0;0.0;0.0;0.0;0.0;0.0;0.0;0.0;0.0;0.0;0.0;0.0;0.0;0.0;0.0;0.0;0.0;0.0;0.0;0.0;0.0;0.0;0.0;0.0;0.0;0.0;0.0;0.0;0.0;0.0;0.0;0.0;0.0;0.0;0.0;0.0;0.0
2025-02-06;Valencia C. F.;19;9;0;52;10;Barcelona;2;0;4;17;1;9;0.23;0.77;242;0.73;6;7;2;0;0;0;3;0.0;0.0;0.0;1.0;0.0;0.0;0.0;0.0;0.0;0.0;0.0;4;0.045294117647058825;0.3333333333333333;177;0.03389830508474576;769.5652173913043;0.75;13.043478260869565;-13;-0.54;-1;2;-1;0.01652892561983471;0.0;0.0;0.0;0;0;0;0;0;1;0;1;0.0;0.0;0.0;0.0;1.0;1.0;1.0;1.0;0.0;1.0;1.0;1.0;1.0;1.0;1.0;0.0;0.0;0.0;0.0;0.0;0.0;0.0;0.0;0.0;0.0;0.0;0.0;0.0;0.0;0.0;0.0;0.0;0.0;0.0;0.0;0.0;0.0;0.0;0.0;0.0;0.0;0.0;0.0;0.0;0.0
2025-02-02;Valencia C. F.;1;3;6;52;44;Celta de Vigo;1;2;8;3;5;2;0.46;0.54;449;0.83;9;17;1;2;0;0;5;1.0;1.0;1.0;1.0;1.0;1.0;1.0;1.0;1.0;1.0;1.0;2;0.18000000000000002;0.1111111111111111;373;0.024128686327077747;810.8695652173913;0.625;10.869565217391305;5;-0.08000000000000002;3;-1;-8;0.017817371937639197;0.25;0.23;2.5;1;1;2;1;0;0;0;1;0.25;0.4;0.004454342984409799;4.0;0.0;0.0;0.0;0.0;0.0;0.0;0.0;0.0;0.0;0.0;0.0;0.0;0.0;0.0;0.0;0.0;0.0;0.0;0.0;0.0;0.0;0.0;0.0;0.0;0.0;0.0;0.0;0.0;0.0;0.0;0.0;0.0;0.0;0.0;0.0;0.0;0.0;0.0;0.0;0.0;0.0
2025-01-26;Valencia C. F.;1;1;3;52;10;Barcelona;1;0;7;22;2;11;0.28;0.72;265;0.74;12;10;1;0;0;0;4;1.0;1.0;1.0;0.0;1.0;1.0;1.0;0.0;1.0;1.0;1.0;14;0.03272727272727272;0.08333333333333333;196;0.061224489795918366;699.9999999999999;0.5714285714285714;14.285714285714285;-15;-0.43999999999999995;-10;1;2;0.026415094339622643;0.14285714285714285;0.28;4.0;0;1;1;0;0;1;1;0;0.14285714285714285;0.5;0.0037735849056603774;7.0;0.0;0.0;0.0;0.0;0.0;1.0;0.0;1.0;0.0;0.0;0.0;0.0;0.0;0.0;0.0;0.0;0.0;0.0;0.0;0.0;0.0;0.0;0.0;0.0;0.0;0.0;0.0;0.0;0.0;0.0;0.0;0.0;0.0;0.0;0.0;0.0;0.0;0.0;0.0;0.0;0.0
2025-01-19;Valencia C. F.;1;3;2;52;46;Real Sociedad;3;4;7;9;2;3;0.34;0.66;269;0.68;10;12;3;4;0;0;4;1.0;1.0;1.0;1.0;1.0;1.0;1.0;1.0;1.0;1.0;1.0;7;0.07333333333333333;0.3;183;0.0546448087431694;538.2352941176471;0.5714285714285714;11.76470588235294;-2;-0.32;-3;-1;-2;0.026022304832713755;0.14285714285714285;0.34;4.0;1;0;1;1;0;0;0;1;0.14285714285714285;0.5;0.0037174721189591076;7.0;0.0;0.0;0.0;0.0;0.0;0.0;0.0;0.0;0.0;0.0;0.0;0.0;0.0;0.0;0.0;0.0;0.0;0.0;0.0;0.0;0.0;0.0;0.0;0.0;0.0;0.0;0.0;0.0;0.0;0.0;0.0;0.0;0.0;0.0;0.0;0.0;0.0;0.0;0.0;0.0;0.0
2025-01-14;Valencia C. F.;19;6;0;52;-1;Ourense;0;1;9;9;3;4;0.58;0.42;538;0.86;12;6;0;1;0;0;7;0.0;1.0;0.0;1.0;0.0;0.0;0.0;0.0;0.0;0.0;0.0;4;0.04666666666666666;0.0;463;0.02591792656587473;798.2758620689656;0.7777777777777778;12.06896551724138;0;0.15999999999999998;3;-1;6;0.016728624535315983;0.2222222222222222;0.29;3.5;0;2;2;1;0;0;1;0;0.2222222222222222;0.6666666666666666;0.0037174721189591076;4.5;1.0;0.0;0.0;1.0;0.0;1.0;1.0;1.0;0.0;1.0;1.0;1.0;1.0;0.0;0.0;0.0;0.0;0.0;0.0;0.0;0.0;0.0;0.0;0.0;0.0;0.0;0.0;0.0;0.0;0.0;0.0;0.0;0.0;0.0;0.0;0.0;0.0;0.0;0.0;0.0;0.0
2025-01-11;Valencia C. F.;1;3;3;52;43;Sevilla;2;1;5;15;1;5;0.46;0.54;397;0.81;8;16;2;1;0;0;1;1.0;1.0;1.0;1.0;1.0;1.0;1.0;1.0;1.0;1.0;1.0;10;0.036000000000000004;0.25;322;0.024844720496894408;700.0;0.2;2.1739130434782608;-10;-0.08000000000000002;-9;1;-8;0.012594458438287154;0.2;0.46;1.0;0;1;1;0;1;0;1;0;0.2;1.0;0.0025188916876574307;5.0;0.0;0.0;0.0;0.0;0.0;0.0;0.0;0.0;0.0;0.0;0.0;0.0;0.0;0.0;0.0;0.0;0.0;0.0;0.0;0.0;0.0;0.0;0.0;0.0;0.0;0.0;0.0;0.0;0.0;0.0;0.0;0.0;0.0;0.0;0.0;0.0;0.0;0.0;0.0;0.0;0.0
2025-01-07;Valencia C. F.;19;3;1;52;131;CD Eldense;4;2;16;11;6;2;0.57;0.43;524;0.84;7;9;4;2;0;0;3;0.0;1.0;1.0;1.0;0.0;0.0;1.0;0.0;0.0;1.0;1.0;3;0.03909090909090909;0.5714285714285714;440;0.015909090909090907;771.9298245614036;0.1875;5.2631578947368425;5;0.13999999999999996;0;2;-2;0.030534351145038167;0.125;0.285;1.5;2;0;2;1;0;0;1;0;0.125;0.3333333333333333;0.003816793893129771;8.0;0.0;0.0;0.0;1.0;0.0;1.0;1.0;0.0;0.0;1.0;1.0;0.0;0.0;0.0;0.0;0.0;0.0;0.0;0.0;0.0;0.0;0.0;0.0;0.0;0.0;0.0;0.0;0.0;0.0;0.0;0.0;0.0;0.0;0.0;0.0;0.0;0.0;0.0;0.0;0.0;0.0
2025-01-03;Valencia C. F.;1;1;3;52;12;Real Madrid;2;4;8;17;5;5;0.38;0.62;377;0.81;16;9;2;3;0;1;2;0.0;1.0;1.0;1.0;0.0;1.0;1.0;1.0;1.0;1.0;1.0;5;0.036470588235294116;0.125;305;0.05245901639344262;802.6315789473684;0.25;5.2631578947368425;-9;-0.24;-3;-2;7;0.021220159151193633;0.125;0.38;2.0;1;0;1;0;0;1;0;1;0.125;0.2;0.002652519893899204;8.0;0.0;0.0;0.0;0.0;0.0;0.0;1.0;1.0;0.0;0.0;0.0;0.0;0.0;0.0;0.0;0.0;0.0;0.0;0.0;0.0;0.0;0.0;0.0;0.0;0.0;0.0;0.0;0.0;0.0;0.0;0.0;0.0;0.0;0.0;0.0;0.0;0.0;0.0;0.0;0.0;0.0
2024-12-22;Valencia C. F.;1;3;9;52;45;Alavés;2;1;8;11;3;3;0.62;0.38;469;0.77;20;15;2;1;0;0;5;0.0;1.0;0.0;1.0;0.0;1.0;1.0;1.0;1.0;1.0;1.0;4;0.034545454545454546;0.1;361;0.055401662049861494;582.258064516129;0.625;8.064516129032258;-3;0.24;1;1;5;0.017057569296375266;0.25;0.31;2.5;0;2;2;0;1;0;0;1;0.25;0.6666666666666666;0.0042643923240938165;4.0;0.0;0.0;0.0;0.0;0.0;0.0;1.0;1.0;1.0;0.0;0.0;0.0;0.0;0.0;0.0;0.0;0.0;0.0;0.0;0.0;0.0;0.0;0.0;0.0;0.0;0.0;0.0;0.0;0.0;0.0;0.0;0.0;0.0;0.0;0.0;0.0;0.0;0.0;0.0;0.0;0.0
2024-12-18;Valencia C. F.;1;3;1;52;49;RCD Espanyol;0;1;14;10;4;3;0.55;0.45;476;0.82;11;13;0;1;0;0;7;0.0;1.0;1.0;1.0;0.0;1.0;0.0;1.0;1.0;1.0;0.0;4;0.045;0.0;390;0.028205128205128206;709.090909090909;0.5;12.727272727272727;4;0.10000000000000003;3;-1;-2;0.029411764705882353;0.07142857142857142;0.55;7.0;0;1;1;0;1;0;1;0;0.07142857142857142;0.25;0.0021008403361344537;14.0;0.0;0.0;0.0;0.0;0.0;1.0;1.0;0.0;1.0;0.0;0.0;0.0;0.0;1.0;0.0;0.0;0.0;0.0;0.0;0.0;0.0;0.0;0.0;0.0;0.0;0.0;0.0;0.0;0.0;0.0;0.0;0.0;0.0;0.0;0.0;0.0;0.0;0.0;0.0;0.0;0.0
2024-12-13;Valencia C. F.;1;1;3;52;51;Valladolid;2;5;14;2;2;1;0.68;0.32;521;0.88;10;10;2;4;0;1;7;0.0;1.0;1.0;1.0;0.0;1.0;1.0;0.0;0.0;1.0;1.0;1;0.16;0.2;458;0.021834061135371178;673.5294117647059;0.5;10.294117647058822;12;0.36000000000000004;6;-3;0;0.026871401151631478;0.0;0.0;0.0;0;0;0;0;0;1;1;0;0.0;0.0;0.0;0.0;0.0;0.0;0.0;1.0;0.0;1.0;1.0;0.0;1.0;0.0;0.0;0.0;0.0;0.0;0.0;0.0;0.0;0.0;0.0;0.0;0.0;0.0;0.0;0.0;0.0;0.0;0.0;0.0;0.0;0.0;0.0;0.0;0.0;0.0;0.0;0.0;0.0;0.0;0.0;0.0;0.0
2024-12-07;Valencia C. F.;1;9;3;52;42;Rayo Vallecano;2;2;14;6;6;1;0.61;0.39;462;0.82;5;12;2;2;0;0;9;1.0;0.0;1.0;1.0;1.0;1.0;1.0;1.0;0.0;1.0;1.0;4;0.065;0.4;379;0.013192612137203167;621.3114754098361;0.6428571428571429;14.754098360655737;8;0.21999999999999997;5;0;-7;0.030303030303030304;0.0;0.0;0.0;0;0;0;0;0;1;0;1;0.0;0.0;0.0;0.0;0.0;0.0;0.0;0.0;0.0;0.0;0.0;1.0;0.0;0.0;0.0;1.0;0.0;0.0;0.0;0.0;0.0;0.0;0.0;0.0;0.0;0.0;0.0;0.0;0.0;0.0;0.0;0.0;0.0;0.0;0.0;0.0;0.0;0.0;0.0;0.0;0.0;0.0;0.0;0.0;0.0
2024-12-04;Valencia C. F.;19;7;0;52;-1;Ejea;1;1;7;10;4;1;0.57;0.43;467;0.77;9;9;1;1;0;0;2;0.0;0.0;0.0;1.0;0.0;0.0;0.0;0.0;1.0;0.0;0.0;6;0.043;0.1111111111111111;360;0.025;631.5789473684212;0.2857142857142857;3.5087719298245617;-3;0.13999999999999996;-4;0;0;0.014989293361884369;0.42857142857142855;0.18999999999999997;0.6666666666666666;0;3;3;1;0;0;1;0;0.42857142857142855;0.75;0.006423982869379015;2.3333333333333335;0.0;0.0;0.0;1.0;0.0;1.0;1.0;0.0;1.0;1.0;0.0;1.0;1.0;1.0;1.0;0.0;0.0;0.0;0.0;0.0;0.0;0.0;0.0;0.0;0.0;0.0;0.0;0.0;0.0;0.0;0.0;0.0;0.0;0.0;0.0;0.0;0.0;0.0;0.0;0.0;0.0
2024-11-29;Valencia C. F.;1;9;3;52;40;R.C.D. Mallorca;1;1;7;9;1;3;0.52;0.48;463;0.78;14;9;1;1;0;0;6;1.0;1.0;1.0;1.0;1.0;1.0;1.0;1.0;0.0;1.0;1.0;3;0.05333333333333333;0.07142857142857142;361;0.038781163434903045;694.2307692307692;0.8571428571428571;11.538461538461538;-2;0.040000000000000036;3;0;5;0.01511879049676026;0.14285714285714285;0.52;6.0;1;0;1;0;0;1;1;0;0.14285714285714285;1.0;0.0021598272138228943;7.0;0.0;0.0;0.0;0.0;0.0;0.0;0.0;1.0;0.0;0.0;0.0;0.0;0.0;0.0;0.0;0.0;0.0;0.0;0.0;0.0;0.0;0.0;0.0;0.0;0.0;0.0;0.0;0.0;0.0;0.0;0.0;0.0;0.0;0.0;0.0;0.0;0.0;0.0;0.0;0.0;0.0
2024-11-26;Valencia C. F.;19;3;0;52;-1;Parla Escuela;0;1;15;8;4;2;0.6;0.4;449;0.8;19;15;0;1;0;0;4;0.0;0.0;0.0;0.0;0.0;0.0;0.0;0.0;0.0;0.0;0.0;3;0.05;0.0;359;0.052924791086350974;598.3333333333334;0.26666666666666666;6.666666666666667;7;0.19999999999999996;1;-1;4;0.0334075723830735;0.06666666666666667;0.6;4.0;1;0;1;1;0;0;1;0;0.06666666666666667;0.25;0.0022271714922048997;15.0;0.0;0.0;0.0;1.0;0.0;1.0;1.0;1.0;1.0;1.0;1.0;1.0;0.0;1.0;1.0;1.0;0.0;0.0;0.0;0.0;0.0;0.0;0.0;0.0;0.0;0.0;0.0;0.0;0.0;0.0;0.0;0.0;0.0;0.0;0.0;0.0;0.0;0.0;0.0;0.0;0.0
2024-11-23;Valencia C. F.;1;9;3;52;39;Betis;4;2;11;7;5;3;0.48;0.52;415;0.8;10;16;4;2;0;0;2;1.0;1.0;1.0;1.0;1.0;1.0;1.0;1.0;0.0;1.0;1.0;4;0.07428571428571429;0.4;332;0.030120481927710843;691.6666666666667;0.18181818181818182;4.166666666666667;4;-0.040000000000000036;-2;2;-6;0.02650602409638554;0.36363636363636365;0.12;0.5;1;3;4;1;0;0;0;1;0.36363636363636365;0.8;0.00963855421686747;2.75;0.0;0.0;0.0;0.0;0.0;0.0;0.0;1.0;0.0;0.0;0.0;0.0;0.0;0.0;0.0;0.0;0.0;0.0;0.0;0.0;0.0;0.0;0.0;0.0;0.0;0.0;0.0;0.0;0.0;0.0;0.0;0.0;0.0;0.0;0.0;0.0;0.0;0.0;0.0;0.0;0.0
2024-10-27;Valencia C. F.;1;9;1;52;48;Getafe;7;3;2;15;1;4;0.35;0.65;232;0.53;20;20;7;3;0;0;2;1.0;0.0;1.0;1.0;1.0;1.0;1.0;1.0;0.0;1.0;1.0;8;0.043333333333333335;0.35;123;0.16260162601626016;351.42857142857144;1.0;5.714285714285714;-13;-0.30000000000000004;-6;4;0;0.008620689655172414;0.5;0.35;2.0;1;0;1;0;1;0;1;0;0.5;1.0;0.004310344827586207;2.0;0.0;0.0;0.0;0.0;0.0;0.0;0.0;0.0;0.0;0.0;0.0;0.0;0.0;0.0;0.0;0.0;1.0;1.0;0.0;0.0;0.0;0.0;0.0;0.0;0.0;0.0;0.0;0.0;0.0;0.0;0.0;0.0;0.0;0.0;0.0;0.0;0.0;0.0;0.0;0.0;0.0
2024-10-21;Valencia C. F.;1;1;3;52;50;U. D. Las Palmas;4;9;14;11;7;6;0.47;0.53;413;0.77;12;12;3;9;1;0;11;1.0;0.0;1.0;1.0;0.0;1.0;0.0;1.0;0.0;0.0;1.0;2;0.04818181818181819;0.3333333333333333;318;0.03773584905660377;676.5957446808511;0.7857142857142857;23.404255319148938;3;-0.06000000000000005;9;-5;0;0.03389830508474576;0.14285714285714285;0.235;5.5;1;1;2;0;0;1;0;1;0.14285714285714285;0.2857142857142857;0.004842615012106538;7.0;0.0;0.0;0.0;0.0;0.0;1.0;0.0;0.0;0.0;0.0;1.0;0.0;0.0;1.0;0.0;0.0;1.0;0.0;1.0;0.0;0.0;0.0;0.0;0.0;0.0;0.0;0.0;0.0;0.0;0.0;0.0;0.0;0.0;0.0;0.0;0.0;0.0;0.0;0.0;0.0;0.0
2024-10-04;Valencia C. F.;1;9;3;52;47;Leganés;2;2;6;8;1;0;0.41;0.59;355;0.73;14;15;2;2;0;0;2;1.0;1.0;1.0;1.0;0.0;1.0;0.0;0.0;1.0;0.0;1.0;1;0.07375;0.14285714285714285;259;0.05405405405405406;631.7073170731708;0.3333333333333333;4.878048780487805;-2;-0.18;1;0;-1;0.016901408450704224;0.0;0.0;0.0;0;0;0;0;1;0;1;0;0.0;0.0;0.0;0.0;0.0;0.0;0.0;0.0;0.0;1.0;0.0;1.0;0.0;0.0;1.0;0.0;0.0;0.0;0.0;0.0;1.0;0.0;0.0;0.0;0.0;0.0;0.0;0.0;0.0;0.0;0.0;0.0;0.0;0.0;0.0;0.0;0.0;0.0;0.0;0.0;0.0;0.0;0.0;0.0;0.0
2024-09-28;Valencia C. F.;1;1;7;52;46;Real Sociedad;0;0;9;11;4;6;0.38;0.62;330;0.74;12;7;0;0;0;0;4;1.0;1.0;1.0;1.0;0.0;1.0;1.0;0.0;0.0;1.0;1.0;6;0.056363636363636366;0.0;244;0.04918032786885246;642.1052631578947;0.4444444444444444;10.526315789473685;-2;-0.24;-2;0;5;0.02727272727272727;0.0;0.0;0.0;0;0;0;0;0;1;1;0;0.0;0.0;0.0;0.0;0.0;0.0;0.0;1.0;0.0;1.0;0.0;0.0;0.0;1.0;0.0;0.0;0.0;0.0;0.0;0.0;0.0;0.0;0.0;0.0;0.0;0.0;0.0;0.0;0.0;0.0;0.0;0.0;0.0;0.0;0.0;0.0;0.0;0.0;0.0;0.0;0.0;0.0;0.0;0.0;0.0
2024-09-24;Valencia C. F.;1;1;0;52;41;Osasuna;2;3;10;9;3;2;0.52;0.48;388;0.76;6;11;2;3;0;0;10;1.0;0.0;1.0;1.0;0.0;1.0;0.0;1.0;1.0;1.0;0.0;5;0.05333333333333333;0.3333333333333333;295;0.020338983050847456;567.3076923076923;1.0;19.23076923076923;1;0.040000000000000036;5;-1;-5;0.02577319587628866;0.0;0.0;0.0;0;0;0;0;1;0;0;1;0.0;0.0;0.0;0.0;0.0;0.0;0.0;1.0;0.0;1.0;0.0;0.0;0.0;0.0;0.0;0.0;0.0;1.0;0.0;0.0;1.0;0.0;0.0;0.0;0.0;0.0;0.0;0.0;0.0;0.0;0.0;0.0;0.0;0.0;0.0;0.0;0.0;0.0;0.0;0.0;0.0;0.0;0.0;0.0;0.0
2024-09-21;Valencia C. F.;1;3;1;52;24;Girona;3;2;8;8;2;3;0.32;0.68;284;0.71;13;10;3;2;0;0;5;1.0;0.0;1.0;1.0;0.0;1.0;1.0;1.0;0.0;1.0;0.0;4;0.085;0.23076923076923078;202;0.06435643564356436;631.25;0.625;15.625;0;-0.36000000000000004;1;1;3;0.028169014084507043;0.25;0.16;2.5;0;2;2;1;0;0;0;1;0.25;1.0;0.007042253521126761;4.0;0.0;0.0;0.0;1.0;0.0;1.0;0.0;0.0;0.0;0.0;0.0;0.0;0.0;1.0;0.0;0.0;1.0;0.0;0.0;0.0;0.0;0.0;0.0;0.0;0.0;0.0;0.0;0.0;0.0;0.0;0.0;0.0;0.0;0.0;0.0;0.0;0.0;0.0;0.0;0.0;0.0
2024-08-31;Valencia C. F.;1;1;1;52;37;Villarreal;3;4;22;9;5;2;0.58;0.42;479;0.87;15;11;3;3;0;1;14;1.0;0.0;1.0;1.0;0.0;1.0;0.0;0.0;1.0;1.0;1.0;3;0.04666666666666666;0.2;417;0.03597122302158273;718.9655172413794;0.6363636363636364;24.13793103448276;13;0.15999999999999998;11;-1;4;0.04592901878914405;0.045454545454545456;0.58;14.0;1;0;1;0;1;0;0;1;0.045454545454545456;0.2;0.0020876826722338203;22.0;0.0;0.0;0.0;1.0;0.0;1.0;0.0;0.0;0.0;1.0;0.0;0.0;0.0;0.0;0.0;0.0;1.0;0.0;0.0;0.0;0.0;0.0;0.0;0.0;0.0;0.0;0.0;0.0;0.0;0.0;0.0;0.0;0.0;0.0;0.0;0.0;0.0;0.0;0.0;0.0;0.0
2024-08-28;Valencia C. F.;1;1;3;52;38;Athletic;3;1;2;13;0;4;0.49;0.51;415;0.75;9;14;3;1;0;0;3;1.0;1.0;1.0;1.0;0.0;1.0;0.0;0.0;0.0;1.0;1.0;5;0.03923076923076923;0.3333333333333333;311;0.028938906752411574;634.6938775510204;1.5;6.122448979591836;-11;-0.020000000000000018;-2;2;-5;0.004819277108433735;0.0;0.0;0.0;0;0;0;0;0;1;1;0;0.0;0.0;0.0;0.0;0.0;0.0;0.0;1.0;0.0;1.0;0.0;0.0;0.0;1.0;0.0;0.0;0.0;0.0;0.0;0.0;0.0;0.0;0.0;1.0;0.0;0.0;0.0;0.0;0.0;0.0;0.0;0.0;0.0;0.0;0.0;0.0;0.0;0.0;0.0;0.0;0.0;0.0;0.0;0.0;0.0
2024-08-23;Valencia C. F.;1;1;6;52;44;Celta de Vigo;0;3;13;7;5;5;0.52;0.48;493;0.84;11;9;0;3;0;0;7;1.0;0.0;0.0;1.0;0.0;0.0;1.0;0.0;1.0;1.0;1.0;4;0.06857142857142857;0.0;414;0.026570048309178744;796.1538461538461;0.5384615384615384;13.461538461538462;6;0.040000000000000036;3;-3;2;0.02636916835699797;0.07692307692307693;0.52;7.0;1;0;1;0;0;1;1;0;0.07692307692307693;0.2;0.002028397565922921;13.0;0.0;0.0;0.0;1.0;0.0;1.0;0.0;1.0;0.0;0.0;0.0;0.0;0.0;0.0;0.0;0.0;1.0;0.0;0.0;1.0;0.0;0.0;0.0;0.0;0.0;0.0;0.0;0.0;0.0;0.0;0.0;0.0;0.0;0.0;0.0;0.0;0.0;0.0;0.0;0.0;0.0
2024-08-17;Valencia C. F.;1;1;3;52;10;Barcelona;2;3;6;18;2;6;0.35;0.65;315;0.77;11;13;2;3;0;0;3;1.0;0.0;0.0;1.0;0.0;0.0;1.0;0.0;1.0;1.0;1.0;8;0.036111111111111115;0.18181818181818182;243;0.04526748971193416;694.2857142857143;0.5;8.571428571428571;-12;-0.30000000000000004;-5;-1;-2;0.01904761904761905;0.16666666666666666;0.35;3.0;1;0;1;0;0;1;0;1;0.16666666666666666;0.5;0.0031746031746031746;6.0;0.0;0.0;0.0;1.0;0.0;1.0;0.0;1.0;0.0;0.0;0.0;0.0;0.0;0.0;0.0;0.0;1.0;0.0;0.0;1.0;0.0;0.0;0.0;0.0;0.0;0.0;0.0;0.0;0.0;0.0;0.0;0.0;0.0;0.0;0.0;0.0;0.0;0.0;0.0;0.0;0.0
2024-07-27;Valencia C. F.;6;1;3;52;28;PSV;2;0;12;17;6;7;0.35;0.65;305;0.75;12;10;2;0;0;0;4;0.0;1.0;1.0;0.0;0.0;0.0;0.0;0.0;1.0;0.0;1.0;4;0.03823529411764706;0.16666666666666666;229;0.05240174672489083;654.2857142857143;0.3333333333333333;11.428571428571429;-5;-0.30000000000000004;0;2;2;0.03934426229508197;0.08333333333333333;0.35;4.0;1;0;1;0;0;1;1;0;0.08333333333333333;0.16666666666666666;0.003278688524590164;12.0;0.0;0.0;0.0;1.0;0.0;1.0;1.0;0.0;0.0;0.0;1.0;0.0;1.0;0.0;0.0;0.0;0.0;0.0;0.0;1.0;1.0;0.0;0.0;0.0;0.0;0.0;0.0;0.0;0.0;0.0;0.0;0.0;0.0;0.0;0.0;0.0;0.0;0.0;0.0;0.0;0.0
2024-05-26;Valencia C. F.;1;1;6;52;44;Celta de Vigo;0;0;12;9;1;4;0.46;0.54;435;0.82;18;18;0;0;0;0;2;1.0;1.0;0.0;1.0;0.0;0.0;0.0;0.0;1.0;1.0;0.0;2;0.060000000000000005;0.0;357;0.05042016806722689;776.0869565217391;0.16666666666666666;4.3478260869565215;3;-0.08000000000000002;0;0;0;0.027586206896551724;0.16666666666666666;0.23;1.0;1;1;2;0;1;0;1;0;0.16666666666666666;2.0;0.004597701149425287;6.0;0.0;0.0;0.0;0.0;0.0;1.0;0.0;1.0;0.0;1.0;1.0;0.0;0.0;0.0;0.0;0.0;1.0;0.0;0.0;0.0;0.0;1.0;0.0;0.0;0.0;0.0;0.0;0.0;0.0;0.0;0.0;0.0;0.0;0.0;0.0;0.0;0.0;0.0;0.0;0.0;0.0
2024-05-19;Valencia C. F.;1;1;3;52;24;Girona;2;0;20;18;6;5;0.36;0.64;343;0.86;10;8;2;0;0;0;5;1.0;1.0;0.0;1.0;0.0;0.0;1.0;0.0;0.0;1.0;1.0;4;0.035555555555555556;0.2;295;0.03389830508474576;819.4444444444445;0.25;13.88888888888889;2;-0.28;1;2;2;0.05830903790087463;0.05;0.36;5.0;0;1;1;0;0;1;0;1;0.05;0.16666666666666666;0.0029154518950437317;20.0;0.0;0.0;0.0;0.0;0.0;1.0;0.0;1.0;0.0;0.0;1.0;0.0;0.0;0.0;0.0;0.0;0.0;0.0;0.0;0.0;1.0;1.0;0.0;0.0;0.0;0.0;0.0;0.0;0.0;0.0;0.0;0.0;0.0;0.0;0.0;0.0;0.0;0.0;0.0;0.0;0.0
2024-05-16;Valencia C. F.;1;1;0;52;46;Real Sociedad;2;0;7;10;3;5;0.41;0.59;402;0.76;13;11;2;0;0;0;3;1.0;1.0;0.0;1.0;0.0;0.0;1.0;0.0;1.0;1.0;0.0;3;0.059;0.15384615384615385;306;0.042483660130718956;746.3414634146342;0.42857142857142855;7.317073170731708;-3;-0.18;0;2;2;0.017412935323383085;0.0;0.0;0.0;0;0;0;0;0;1;1;0;0.0;0.0;0.0;0.0;0.0;0.0;0.0;0.0;0.0;0.0;0.0;0.0;0.0;1.0;0.0;0.0;0.0;0.0;0.0;0.0;1.0;0.0;0.0;0.0;1.0;0.0;1.0;1.0;0.0;0.0;0.0;0.0;0.0;0.0;0.0;0.0;0.0;0.0;0.0;0.0;0.0;0.0;0.0;0.0;0.0
2024-05-12;Valencia C. F.;1;3;3;52;42;Rayo Vallecano;1;2;13;12;5;1;0.51;0.49;373;0.74;14;21;1;2;0;0;6;1.0;0.0;0.0;1.0;0.0;0.0;1.0;0.0;0.0;1.0;1.0;3;0.04083333333333333;0.07142857142857142;276;0.050724637681159424;541.1764705882352;0.46153846153846156;11.76470588235294;1;0.020000000000000018;3;-1;-7;0.03485254691689008;0.0;0.0;0.0;0;0;0;0;1;0;0;1;0.0;0.0;0.0;0.0;0.0;0.0;0.0;0.0;0.0;1.0;0.0;1.0;0.0;0.0;1.0;0.0;0.0;0.0;0.0;0.0;1.0;0.0;0.0;0.0;1.0;0.0;1.0;0.0;0.0;0.0;0.0;0.0;0.0;0.0;0.0;0.0;0.0;0.0;0.0;0.0;0.0;0.0;0.0;0.0;0.0
2024-05-05;Valencia C. F.;1;1;3;52;45;Alavés;1;3;13;14;1;4;0.58;0.42;423;0.79;9;17;1;3;0;0;5;0.0;0.0;0.0;1.0;0.0;0.0;1.0;0.0;1.0;1.0;1.0;7;0.03;0.1111111111111111;334;0.02694610778443114;575.8620689655173;0.38461538461538464;8.620689655172415;-1;0.15999999999999998;-2;-2;-8;0.030732860520094562;0.0;0.0;0.0;0;0;0;0;0;1;0;1;0.0;0.0;0.0;0.0;0.0;0.0;0.0;1.0;0.0;1.0;0.0;1.0;0.0;0.0;0.0;0.0;0.0;0.0;0.0;0.0;1.0;0.0;0.0;0.0;0.0;0.0;1.0;0.0;1.0;0.0;0.0;0.0;0.0;0.0;0.0;0.0;0.0;0.0;0.0;0.0;0.0;0.0;0.0;0.0;0.0
2024-04-29;Valencia C. F.;1;1;0;52;10;Barcelona;1;1;5;27;3;13;0.19;0.81;185;0.58;5;12;0;1;1;0;1;1.0;0.0;0.0;1.0;0.0;0.0;1.0;0.0;1.0;1.0;1.0;15;0.030000000000000002;0.2;107;0.04672897196261682;563.1578947368421;0.2;5.2631578947368425;-22;-0.6200000000000001;-14;0;-7;0.02702702702702703;0.4;0.095;0.5;2;0;2;0;0;1;1;0;0.4;0.6666666666666666;0.010810810810810811;2.5;0.0;0.0;0.0;1.0;0.0;1.0;0.0;1.0;0.0;0.0;0.0;0.0;0.0;0.0;0.0;0.0;1.0;0.0;0.0;0.0;0.0;0.0;1.0;0.0;0.0;0.0;0.0;0.0;0.0;0.0;0.0;0.0;0.0;0.0;0.0;0.0;0.0;0.0;0.0;0.0;0.0
2024-04-20;Valencia C. F.;1;1;3;52;39;Betis;2;3;8;12;5;6;0.54;0.46;436;0.81;18;10;2;3;0;0;7;1.0;0.0;0.0;1.0;0.0;0.0;1.0;0.0;1.0;1.0;1.0;6;0.03833333333333334;0.1111111111111111;353;0.05099150141643059;653.7037037037037;0.875;12.962962962962962;-4;0.08000000000000002;1;-1;8;0.01834862385321101;0.125;0.54;7.0;0;1;1;0;0;1;0;1;0.125;0.2;0.0022935779816513763;8.0;0.0;0.0;0.0;1.0;0.0;1.0;0.0;0.0;1.0;0.0;0.0;0.0;0.0;0.0;0.0;0.0;1.0;0.0;0.0;0.0;1.0;0.0;0.0;0.0;0.0;0.0;0.0;0.0;0.0;0.0;0.0;0.0;0.0;0.0;0.0;0.0;0.0;0.0;0.0;0.0;0.0
2024-04-15;Valencia C. F.;1;1;1;52;41;Osasuna;2;0;4;13;3;2;0.35;0.65;335;0.66;10;10;2;0;0;0;1;1.0;1.0;0.0;1.0;0.0;0.0;1.0;0.0;1.0;1.0;1.0;4;0.05;0.2;221;0.04524886877828054;631.4285714285714;0.25;2.857142857142857;-9;-0.30000000000000004;-3;2;0;0.011940298507462687;0.25;0.35;1.0;1;0;1;1;0;0;1;0;0.25;0.3333333333333333;0.0029850746268656717;4.0;0.0;0.0;0.0;1.0;0.0;1.0;0.0;0.0;1.0;0.0;0.0;0.0;0.0;0.0;0.0;0.0;0.0;0.0;0.0;0.0;1.0;0.0;0.0;0.0;0.0;0.0;0.0;0.0;0.0;0.0;0.0;0.0;0.0;0.0;0.0;0.0;0.0;0.0;0.0;0.0;0.0
2024-04-04;Valencia C. F.;1;1;1;52;119;Granada;1;3;6;13;2;3;0.42;0.58;320;0.66;15;20;1;3;0;0;4;1.0;1.0;0.0;1.0;0.0;0.0;1.0;0.0;0.0;1.0;1.0;5;0.04461538461538461;0.06666666666666667;211;0.07109004739336493;502.3809523809524;0.6666666666666666;9.523809523809524;-7;-0.15999999999999998;-1;-2;-5;0.01875;0.16666666666666666;0.42;4.0;0;1;1;1;0;0;1;0;0.16666666666666666;0.5;0.003125;6.0;0.0;0.0;0.0;0.0;0.0;1.0;0.0;0.0;1.0;0.0;1.0;0.0;0.0;0.0;0.0;0.0;1.0;0.0;0.0;0.0;1.0;0.0;0.0;0.0;0.0;0.0;0.0;0.0;0.0;0.0;0.0;0.0;0.0;0.0;0.0;0.0;0.0;0.0;0.0;0.0;0.0
2024-03-30;Valencia C. F.;1;1;4;52;40;R.C.D. Mallorca;0;2;14;11;5;3;0.53;0.47;484;0.79;8;11;0;2;0;0;3;1.0;1.0;0.0;1.0;0.0;0.0;0.0;0.0;0.0;0.0;1.0;3;0.042727272727272725;0.0;382;0.020942408376963352;720.754716981132;0.21428571428571427;5.660377358490566;3;0.06000000000000005;0;-2;-3;0.028925619834710745;0.0;0.0;0.0;0;0;0;0;1;0;0;1;0.0;0.0;0.0;0.0;0.0;0.0;0.0;0.0;0.0;1.0;0.0;0.0;1.0;1.0;0.0;0.0;0.0;0.0;0.0;0.0;1.0;0.0;0.0;0.0;1.0;0.0;1.0;1.0;0.0;0.0;0.0;0.0;0.0;0.0;0.0;0.0;0.0;0.0;0.0;0.0;0.0;0.0;0.0;0.0;0.0
2024-03-09;Valencia C. F.;1;1;1;52;48;Getafe;2;3;10;15;3;5;0.52;0.48;399;0.74;10;19;2;3;0;0;5;1.0;1.0;0.0;1.0;1.0;0.0;1.0;0.0;0.0;0.0;1.0;5;0.032;0.2;295;0.03389830508474576;567.3076923076923;0.5;9.615384615384615;-5;0.040000000000000036;0;-1;-9;0.02506265664160401;0.1;0.52;5.0;1;0;1;1;0;0;0;1;0.1;0.3333333333333333;0.002506265664160401;10.0;0.0;0.0;0.0;0.0;0.0;1.0;0.0;0.0;1.0;0.0;1.0;0.0;0.0;0.0;0.0;0.0;0.0;0.0;0.0;0.0;1.0;0.0;0.0;1.0;0.0;0.0;0.0;0.0;0.0;0.0;0.0;0.0;0.0;0.0;0.0;0.0;0.0;0.0;0.0;0.0;0.0
2024-03-02;Valencia C. F.;1;1;28;52;12;Real Madrid;2;4;12;10;5;5;0.29;0.71;297;0.76;19;11;2;3;0;1;2;1.0;1.0;0.0;1.0;1.0;0.0;1.0;0.0;0.0;0.0;1.0;2;0.071;0.10526315789473684;226;0.084070796460177;779.3103448275863;0.16666666666666666;6.8965517241379315;2;-0.42;0;-2;8;0.04040404040404041;0.16666666666666666;0.145;1.0;2;0;2;0;1;0;0;1;0.16666666666666666;0.4;0.006734006734006734;6.0;0.0;0.0;1.0;0.0;0.0;1.0;0.0;0.0;1.0;0.0;1.0;0.0;0.0;0.0;0.0;0.0;0.0;0.0;0.0;0.0;0.0;0.0;0.0;1.0;0.0;0.0;0.0;0.0;0.0;0.0;0.0;0.0;0.0;0.0;0.0;0.0;0.0;0.0;0.0;0.0;0.0
2024-02-10;Valencia C. F.;1;1;5;52;50;U. D. Las Palmas;0;2;7;8;1;3;0.27;0.73;263;0.63;9;9;0;2;0;0;0;1.0;1.0;0.0;1.0;1.0;0.0;1.0;0.0;0.0;0.0;1.0;5;0.09125;0.0;166;0.05421686746987952;614.8148148148148;0.0;0.0;-1;-0.45999999999999996;-5;-2;0;0.026615969581749048;0.0;0.0;0.0;0;0;0;0;0;1;1;0;0.0;0.0;0.0;0.0;0.0;0.0;0.0;0.0;0.0;1.0;0.0;0.0;1.0;1.0;0.0;0.0;0.0;0.0;0.0;0.0;0.0;0.0;0.0;0.0;1.0;0.0;0.0;0.0;0.0;1.0;0.0;0.0;0.0;0.0;0.0;0.0;0.0;0.0;0.0;0.0;0.0;0.0;0.0;0.0;0.0
2024-02-03;Valencia C. F.;1;1;3;52;126;Almería;4;6;7;15;2;5;0.48;0.52;370;0.74;17;16;4;5;0;1;0;1.0;1.0;0.0;1.0;1.0;0.0;1.0;0.0;0.0;1.0;1.0;6;0.034666666666666665;0.23529411764705882;274;0.06204379562043796;570.8333333333334;0.0;0.0;-8;-0.040000000000000036;-6;-2;1;0.01891891891891892;0.2857142857142857;0.24;0.0;2;0;2;1;0;0;0;1;0.2857142857142857;1.0;0.005405405405405406;3.5;0.0;0.0;0.0;0.0;0.0;1.0;0.0;0.0;0.0;1.0;0.0;0.0;0.0;0.0;0.0;0.0;0.0;0.0;0.0;0.0;1.0;0.0;0.0;1.0;0.0;0.0;0.0;0.0;0.0;0.0;0.0;0.0;0.0;0.0;0.0;0.0;0.0;0.0;0.0;0.0;0.0
2024-01-28;Valencia C. F.;1;3;2;52;27;Atlético Madrid;0;2;10;12;3;8;0.45;0.55;503;0.85;9;9;0;2;0;0;6;1.0;1.0;0.0;1.0;1.0;0.0;1.0;0.0;0.0;1.0;1.0;3;0.04583333333333334;0.0;428;0.02102803738317757;951.1111111111111;0.6;13.333333333333332;-2;-0.10000000000000003;3;-2;0;0.019880715705765408;0.0;0.0;0.0;0;0;0;0;0;1;1;0;0.0;0.0;0.0;0.0;0.0;0.0;0.0;0.0;0.0;1.0;0.0;0.0;1.0;1.0;0.0;0.0;0.0;0.0;0.0;0.0;0.0;0.0;0.0;0.0;0.0;0.0;0.0;0.0;0.0;0.0;1.0;0.0;0.0;0.0;0.0;0.0;0.0;0.0;0.0;0.0;0.0;0.0;0.0;0.0;0.0
2024-01-20;Valencia C. F.;1;1;3;52;38;Athletic;0;3;6;6;1;3;0.39;0.61;369;0.74;11;14;0;3;0;0;4;1.0;1.0;0.0;1.0;1.0;0.0;0.0;0.0;0.0;1.0;1.0;2;0.10166666666666667;0.0;273;0.040293040293040296;700.0;0.6666666666666666;10.256410256410255;0;-0.21999999999999997;2;-3;-3;0.016260162601626018;0.16666666666666666;0.39;4.0;0;1;1;1;0;0;0;1;0.16666666666666666;1.0;0.0027100271002710027;6.0;0.0;0.0;0.0;0.0;0.0;1.0;0.0;0.0;1.0;1.0;1.0;0.0;0.0;0.0;0.0;0.0;0.0;0.0;0.0;0.0;0.0;0.0;0.0;0.0;0.0;0.0;1.0;0.0;0.0;0.0;0.0;0.0;0.0;0.0;0.0;0.0;0.0;0.0;0.0;0.0;0.0
2024-01-17;Valencia C. F.;19;1;3;52;44;Celta de Vigo;1;2;20;15;5;6;0.64;0.36;535;0.81;12;12;1;2;0;0;13;0.0;0.0;0.0;0.0;0.0;0.0;1.0;0.0;0.0;1.0;1.0;4;0.024;0.08333333333333333;433;0.02771362586605081;676.5625;0.65;20.3125;5;0.28;9;-1;0;0.037383177570093455;0.05;0.64;13.0;1;0;1;0;0;1;0;1;0.05;0.2;0.001869158878504673;20.0;0.0;0.0;0.0;1.0;0.0;1.0;0.0;1.0;1.0;0.0;0.0;0.0;0.0;0.0;0.0;0.0;1.0;0.0;0.0;0.0;0.0;1.0;0.0;0.0;1.0;0.0;1.0;0.0;0.0;0.0;0.0;0.0;0.0;0.0;0.0;0.0;0.0;0.0;0.0;0.0;0.0
2024-01-14;Valencia C. F.;1;1;5;52;130;Cádiz;2;4;9;10;5;2;0.42;0.58;283;0.6;15;15;2;4;0;0;1;1.0;1.0;0.0;1.0;1.0;0.0;0.0;0.0;0.0;1.0;1.0;3;0.057999999999999996;0.13333333333333333;170;0.08823529411764706;404.76190476190476;0.1111111111111111;2.380952380952381;-1;-0.15999999999999998;-2;-2;0;0.03180212014134275;0.4444444444444444;0.105;0.25;1;3;4;1;0;0;1;0;0.4444444444444444;0.8;0.014134275618374558;2.25;0.0;0.0;0.0;0.0;0.0;1.0;0.0;0.0;1.0;1.0;1.0;0.0;0.0;0.0;0.0;0.0;0.0;0.0;0.0;0.0;0.0;0.0;0.0;0.0;0.0;0.0;1.0;0.0;0.0;0.0;0.0;0.0;0.0;0.0;0.0;0.0;0.0;0.0;0.0;0.0;0.0
2024-01-07;Valencia C. F.;19;3;2;52;135;Cartagena;2;4;17;8;4;3;0.7;0.3;844;0.85;18;9;2;3;0;1;4;0.0;0.0;0.0;1.0;0.0;0.0;1.0;0.0;0.0;1.0;0.0;5;0.0375;0.1111111111111111;717;0.02510460251046025;1024.2857142857144;0.23529411764705882;5.714285714285714;9;0.39999999999999997;-1;-2;9;0.02014218009478673;0.11764705882352941;0.35;2.0;0;2;2;1;0;0;1;0;0.11764705882352941;0.5;0.002369668246445498;8.5;0.0;0.0;0.0;1.0;0.0;1.0;0.0;0.0;1.0;1.0;0.0;0.0;0.0;0.0;0.0;0.0;1.0;0.0;0.0;0.0;1.0;1.0;0.0;0.0;1.0;0.0;0.0;0.0;0.0;0.0;0.0;0.0;0.0;0.0;0.0;0.0;0.0;0.0;0.0;0.0;0.0
2024-01-02;Valencia C. F.;1;1;0;52;37;Villarreal;2;5;11;8;8;4;0.45;0.55;414;0.82;12;15;2;5;0;0;4;1.0;1.0;0.0;1.0;1.0;0.0;0.0;0.0;0.0;0.0;1.0;3;0.06875;0.16666666666666666;339;0.035398230088495575;753.3333333333334;0.36363636363636365;8.88888888888889;3;-0.10000000000000003;1;-3;-3;0.026570048309178744;0.2727272727272727;0.15;1.3333333333333333;2;1;3;1;0;0;0;1;0.2727272727272727;0.375;0.007246376811594203;3.6666666666666665;0.0;0.0;0.0;0.0;0.0;1.0;0.0;0.0;1.0;1.0;1.0;0.0;0.0;0.0;0.0;0.0;0.0;0.0;0.0;0.0;0.0;0.0;0.0;1.0;0.0;0.0;1.0;0.0;0.0;0.0;0.0;0.0;0.0;0.0;0.0;0.0;0.0;0.0;0.0;0.0;0.0
2023-12-19;Valencia C. F.;1;1;1;52;42;Rayo Vallecano;6;1;8;7;3;1;0.4;0.6;329;0.69;18;16;5;1;1;0;1;1.0;0.0;0.0;1.0;0.0;0.0;0.0;0.0;0.0;1.0;1.0;7;0.08571428571428572;0.3333333333333333;227;0.07929515418502203;567.5;0.125;2.5;1;-0.19999999999999996;-6;5;2;0.0243161094224924;0.125;0.4;1.0;0;1;1;1;0;0;1;0;0.125;0.3333333333333333;0.00303951367781155;8.0;0.0;0.0;1.0;1.0;0.0;1.0;0.0;0.0;0.0;1.0;1.0;0.0;0.0;0.0;0.0;0.0;1.0;0.0;0.0;0.0;0.0;0.0;0.0;0.0;0.0;1.0;0.0;0.0;0.0;0.0;0.0;0.0;0.0;0.0;0.0;0.0;0.0;0.0;0.0;0.0;0.0
2023-12-16;Valencia C. F.;1;1;0;52;10;Barcelona;1;2;11;16;4;8;0.36;0.64;303;0.72;9;11;1;2;0;0;4;1.0;0.0;0.0;1.0;0.0;0.0;0.0;0.0;0.0;1.0;1.0;6;0.04;0.1111111111111111;218;0.04128440366972477;605.5555555555555;0.36363636363636365;11.11111111111111;-5;-0.28;-2;-1;-2;0.036303630363036306;0.09090909090909091;0.36;4.0;0;1;1;0;1;0;0;1;0.09090909090909091;0.25;0.0033003300330033004;11.0;0.0;0.0;1.0;1.0;0.0;1.0;0.0;0.0;1.0;1.0;0.0;0.0;0.0;0.0;0.0;0.0;1.0;0.0;0.0;0.0;0.0;0.0;0.0;1.0;0.0;0.0;0.0;0.0;0.0;0.0;0.0;0.0;0.0;0.0;0.0;0.0;0.0;0.0;0.0;0.0;0.0
2023-12-08;Valencia C. F.;1;1;1;52;48;Getafe;4;3;3;8;0;6;0.32;0.68;289;0.56;15;15;2;2;2;1;0;1.0;1.0;0.0;1.0;0.0;0.0;1.0;0.0;0.0;1.0;1.0;7;0.085;0.26666666666666666;162;0.09259259259259259;506.25;0.0;0.0;-5;-0.36000000000000004;-7;1;0;0.010380622837370242;0.0;0.0;0.0;0;0;0;0;0;1;1;0;0.0;0.0;0.0;0.0;0.0;0.0;0.0;0.0;0.0;1.0;0.0;1.0;1.0;0.0;0.0;0.0;0.0;0.0;0.0;0.0;1.0;0.0;0.0;0.0;0.0;0.0;0.0;0.0;0.0;0.0;1.0;0.0;0.0;0.0;0.0;0.0;0.0;0.0;0.0;0.0;0.0;0.0;0.0;0.0;0.0
2023-12-05;Valencia C. F.;19;3;30;52;271;Arosa;2;5;9;10;4;4;0.61;0.39;467;0.73;9;17;2;5;0;0;3;0.0;0.0;0.0;0.0;0.0;0.0;0.0;0.0;0.0;0.0;0.0;5;0.039;0.2222222222222222;341;0.026392961876832845;559.016393442623;0.3333333333333333;4.918032786885246;-1;0.21999999999999997;-2;-3;-8;0.019271948608137045;0.1111111111111111;0.61;3.0;1;0;1;1;0;0;1;0;0.1111111111111111;0.25;0.0021413276231263384;9.0;0.0;0.0;1.0;1.0;0.0;0.0;0.0;0.0;0.0;1.0;1.0;0.0;0.0;0.0;0.0;0.0;0.0;0.0;0.0;0.0;1.0;0.0;0.0;1.0;1.0;1.0;0.0;1.0;1.0;1.0;0.0;0.0;0.0;0.0;0.0;0.0;0.0;0.0;0.0;0.0;0.0
2023-12-02;Valencia C. F.;1;1;17;52;24;Girona;3;3;9;9;3;5;0.24;0.76;217;0.68;7;6;3;3;0;0;2;1.0;1.0;0.0;1.0;0.0;0.0;1.0;0.0;0.0;1.0;1.0;3;0.08444444444444445;0.42857142857142855;148;0.0472972972972973;616.6666666666667;0.2222222222222222;8.333333333333334;0;-0.52;-1;0;1;0.041474654377880185;0.1111111111111111;0.24;2.0;0;1;1;0;0;1;1;0;0.1111111111111111;0.3333333333333333;0.004608294930875576;9.0;0.0;0.0;0.0;0.0;0.0;1.0;0.0;1.0;1.0;0.0;0.0;0.0;0.0;0.0;0.0;0.0;1.0;0.0;0.0;0.0;0.0;0.0;0.0;0.0;0.0;0.0;1.0;0.0;0.0;0.0;0.0;0.0;0.0;0.0;0.0;0.0;0.0;0.0;0.0;0.0;0.0
2023-11-25;Valencia C. F.;1;1;1;52;44;Celta de Vigo;3;2;8;13;0;1;0.55;0.45;471;0.8;13;7;3;2;0;0;5;1.0;0.0;0.0;1.0;1.0;0.0;1.0;0.0;0.0;1.0;1.0;7;0.03461538461538462;0.23076923076923078;377;0.034482758620689655;685.4545454545454;0.625;9.09090909090909;-5;0.10000000000000003;-2;1;6;0.016985138004246284;0.0;0.0;0.0;0;0;0;0;1;0;0;1;0.0;0.0;0.0;0.0;0.0;0.0;0.0;0.0;0.0;1.0;0.0;0.0;1.0;0.0;1.0;0.0;0.0;0.0;0.0;0.0;1.0;0.0;0.0;0.0;0.0;0.0;0.0;0.0;0.0;0.0;1.0;0.0;0.0;0.0;0.0;0.0;0.0;0.0;0.0;0.0;0.0;0.0;0.0;0.0;0.0
2023-11-11;Valencia C. F.;1;3;1;52;12;Real Madrid;3;1;10;16;4;7;0.44;0.56;420;0.86;26;7;3;1;0;0;4;1.0;0.0;0.0;1.0;1.0;0.0;1.0;0.0;0.0;1.0;1.0;4;0.035;0.11538461538461539;361;0.07202216066481995;820.4545454545455;0.4;9.090909090909092;-6;-0.12000000000000005;0;2;19;0.023809523809523808;0.1;0.44;4.0;0;1;1;0;0;1;1;0;0.1;0.25;0.002380952380952381;10.0;0.0;0.0;0.0;0.0;0.0;1.0;0.0;0.0;1.0;0.0;1.0;0.0;0.0;0.0;0.0;0.0;1.0;0.0;0.0;0.0;0.0;0.0;0.0;0.0;0.0;0.0;1.0;0.0;0.0;0.0;0.0;0.0;0.0;0.0;0.0;0.0;0.0;0.0;0.0;0.0;0.0
2023-11-05;Valencia C. F.;1;1;3;52;119;Granada;3;5;11;6;2;1;0.52;0.48;401;0.75;20;15;3;5;0;0;0;1.0;0.0;0.0;1.0;1.0;0.0;1.0;0.0;0.0;1.0;1.0;4;0.08;0.15;301;0.0664451827242525;578.8461538461538;0.0;0.0;5;0.040000000000000036;-4;-2;5;0.02743142144638404;0.09090909090909091;0.52;0.0;1;0;1;1;0;0;0;1;0.09090909090909091;0.5;0.0024937655860349127;11.0;0.0;0.0;0.0;0.0;0.0;1.0;0.0;0.0;1.0;0.0;0.0;0.0;0.0;0.0;0.0;0.0;1.0;0.0;0.0;0.0;0.0;0.0;0.0;0.0;0.0;1.0;1.0;0.0;0.0;0.0;0.0;0.0;0.0;0.0;0.0;0.0;0.0;0.0;0.0;0.0;0.0
2023-11-02;Valencia C. F.;19;0;8;52;-1;UD Logroñés;3;1;14;12;4;2;0.52;0.48;452;0.8;17;14;3;1;0;0;5;0.0;1.0;1.0;1.0;0.0;0.0;0.0;0.0;0.0;0.0;0.0;6;0.04;0.17647058823529413;362;0.04696132596685083;696.1538461538461;0.35714285714285715;9.615384615384615;2;0.040000000000000036;-1;2;3;0.030973451327433628;0.14285714285714285;0.26;2.5;1;1;2;1;0;0;1;0;0.14285714285714285;0.5;0.004424778761061947;7.0;0.0;0.0;0.0;0.0;0.0;0.0;0.0;1.0;0.0;1.0;1.0;0.0;0.0;0.0;0.0;0.0;0.0;0.0;0.0;0.0;0.0;0.0;0.0;1.0;1.0;1.0;0.0;0.0;0.0;1.0;1.0;0.0;0.0;0.0;0.0;0.0;0.0;0.0;0.0;0.0;0.0
2023-10-29;Valencia C. F.;1;1;3;52;38;Athletic;1;3;11;12;5;7;0.42;0.58;381;0.72;9;11;1;3;0;0;4;1.0;0.0;0.0;1.0;1.0;0.0;1.0;0.0;0.0;1.0;1.0;10;0.04833333333333333;0.1111111111111111;274;0.032846715328467155;652.3809523809524;0.36363636363636365;9.523809523809524;-1;-0.15999999999999998;-6;-2;-2;0.028871391076115485;0.18181818181818182;0.21;2.0;0;2;2;0;1;0;1;0;0.18181818181818182;0.4;0.005249343832020997;5.5;0.0;0.0;0.0;0.0;0.0;1.0;0.0;0.0;1.0;0.0;0.0;0.0;0.0;0.0;0.0;0.0;1.0;0.0;0.0;0.0;0.0;0.0;0.0;0.0;0.0;1.0;1.0;0.0;0.0;0.0;0.0;0.0;0.0;0.0;0.0;0.0;0.0;0.0;0.0;0.0;0.0
2023-10-23;Valencia C. F.;1;3;1;52;130;Cádiz;0;4;12;5;4;4;0.62;0.38;549;0.87;16;16;0;3;0;1;4;1.0;0.0;0.0;1.0;1.0;0.0;1.0;0.0;0.0;1.0;1.0;5;0.076;0.0;478;0.03347280334728033;770.9677419354839;0.3333333333333333;6.451612903225807;7;0.24;-1;-4;0;0.02185792349726776;0.16666666666666666;0.31;2.0;2;0;2;1;0;0;0;1;0.16666666666666666;0.5;0.0036429872495446266;6.0;0.0;0.0;0.0;0.0;0.0;1.0;0.0;0.0;1.0;0.0;0.0;0.0;0.0;0.0;0.0;0.0;1.0;0.0;0.0;0.0;0.0;0.0;0.0;0.0;0.0;1.0;1.0;0.0;0.0;0.0;0.0;0.0;0.0;0.0;0.0;0.0;0.0;0.0;0.0;0.0;0.0
2023-10-07;Valencia C. F.;1;1;1;52;40;R.C.D. Mallorca;1;2;11;9;3;5;0.52;0.48;463;0.8;11;17;1;2;0;0;6;1.0;0.0;0.0;1.0;0.0;0.0;1.0;0.0;0.0;1.0;1.0;3;0.05333333333333333;0.09090909090909091;370;0.02972972972972973;711.5384615384615;0.5454545454545454;11.538461538461538;2;0.040000000000000036;3;-1;-6;0.023758099352051837;0.09090909090909091;0.52;6.0;1;0;1;0;1;0;1;0;0.09090909090909091;0.3333333333333333;0.0021598272138228943;11.0;0.0;0.0;0.0;0.0;0.0;1.0;0.0;0.0;0.0;0.0;0.0;0.0;0.0;0.0;0.0;0.0;1.0;0.0;0.0;0.0;1.0;0.0;0.0;1.0;0.0;1.0;1.0;0.0;0.0;0.0;0.0;0.0;0.0;0.0;0.0;0.0;0.0;0.0;0.0;0.0;0.0
2023-10-01;Valencia C. F.;1;3;3;52;39;Betis;2;2;9;15;2;7;0.44;0.56;399;0.79;10;11;2;2;0;0;3;1.0;0.0;0.0;1.0;0.0;0.0;1.0;0.0;1.0;0.0;0.0;5;0.037333333333333336;0.2;315;0.031746031746031744;715.9090909090909;0.3333333333333333;6.818181818181818;-6;-0.12000000000000005;-2;0;-1;0.022556390977443608;0.0;0.0;0.0;0;0;0;0;0;1;1;0;0.0;0.0;0.0;0.0;0.0;0.0;1.0;0.0;0.0;1.0;0.0;0.0;1.0;0.0;0.0;0.0;0.0;0.0;0.0;0.0;0.0;0.0;0.0;0.0;1.0;0.0;0.0;1.0;0.0;0.0;1.0;0.0;0.0;1.0;0.0;0.0;0.0;0.0;0.0;0.0;0.0;0.0;0.0;0.0;0.0
2023-09-27;Valencia C. F.;1;3;0;52;46;Real Sociedad;3;7;9;2;2;1;0.37;0.63;355;0.72;14;17;2;7;1;0;0;1.0;0.0;0.0;0.0;1.0;0.0;1.0;0.0;0.0;1.0;1.0;2;0.315;0.21428571428571427;256;0.0546875;691.8918918918919;0.0;0.0;7;-0.26;-2;-4;-3;0.02535211267605634;0.0;0.0;0.0;0;0;0;0;0;1;0;1;0.0;0.0;0.0;0.0;0.0;0.0;1.0;0.0;0.0;1.0;0.0;0.0;1.0;0.0;0.0;0.0;0.0;0.0;0.0;0.0;1.0;0.0;0.0;0.0;1.0;0.0;0.0;0.0;0.0;1.0;0.0;0.0;0.0;0.0;0.0;0.0;0.0;0.0;0.0;0.0;0.0;0.0;0.0;0.0;0.0
2023-09-16;Valencia C. F.;1;3;4;52;27;Atlético Madrid;1;5;12;11;8;3;0.37;0.63;327;0.77;13;17;1;5;0;0;5;1.0;0.0;0.0;1.0;1.0;0.0;1.0;0.0;1.0;0.0;1.0;8;0.057272727272727274;0.07692307692307693;252;0.051587301587301584;681.081081081081;0.4166666666666667;13.513513513513514;1;-0.26;-3;-4;-4;0.03669724770642202;0.25;0.12333333333333334;1.6666666666666667;2;1;3;1;0;0;0;1;0.25;0.375;0.009174311926605505;4.0;0.0;0.0;1.0;0.0;0.0;1.0;0.0;0.0;1.0;0.0;1.0;0.0;0.0;0.0;0.0;0.0;1.0;0.0;0.0;0.0;0.0;0.0;0.0;0.0;0.0;0.0;0.0;0.0;0.0;0.0;0.0;0.0;0.0;0.0;0.0;0.0;0.0;0.0;0.0;0.0;0.0
2023-09-02;Valencia C. F.;1;1;3;52;45;Alavés;2;4;9;7;4;1;0.62;0.38;486;0.82;9;18;2;4;0;0;2;1.0;1.0;0.0;0.0;1.0;0.0;1.0;0.0;1.0;1.0;1.0;1;0.054285714285714284;0.2222222222222222;399;0.022556390977443608;643.5483870967741;0.2222222222222222;3.2258064516129035;2;0.24;1;-2;-9;0.018518518518518517;0.0;0.0;0.0;0;0;0;0;0;1;1;0;0.0;0.0;0.0;0.0;0.0;0.0;1.0;0.0;0.0;1.0;0.0;0.0;0.0;0.0;0.0;0.0;0.0;0.0;0.0;0.0;1.0;0.0;0.0;0.0;1.0;0.0;0.0;0.0;0.0;0.0;0.0;0.0;0.0;0.0;0.0;0.0;0.0;0.0;0.0;0.0;0.0;0.0;0.0;0.0;0.0
2023-08-27;Valencia C. F.;1;1;0;52;41;Osasuna;3;4;16;7;4;2;0.65;0.35;510;0.83;13;12;3;4;0;0;6;1.0;0.0;0.0;0.0;1.0;0.0;1.0;0.0;0.0;1.0;1.0;3;0.049999999999999996;0.23076923076923078;423;0.030732860520094562;650.7692307692307;0.375;9.23076923076923;9;0.30000000000000004;3;-1;1;0.03137254901960784;0.0625;0.65;6.0;0;1;1;0;0;1;0;1;0.0625;0.25;0.00196078431372549;16.0;0.0;0.0;1.0;0.0;0.0;1.0;0.0;0.0;1.0;0.0;0.0;0.0;0.0;0.0;0.0;0.0;1.0;0.0;0.0;0.0;1.0;0.0;0.0;0.0;0.0;0.0;1.0;0.0;0.0;0.0;0.0;0.0;0.0;0.0;0.0;0.0;0.0;0.0;0.0;0.0;0.0
2023-08-18;Valencia C. F.;1;1;0;52;50;U. D. Las Palmas;0;0;9;7;4;1;0.38;0.62;365;0.79;12;6;0;0;0;0;6;1.0;0.0;0.0;0.0;1.0;0.0;0.0;0.0;1.0;1.0;1.0;4;0.08857142857142856;0.0;288;0.041666666666666664;757.8947368421052;0.6666666666666666;15.789473684210526;2;-0.24;2;0;6;0.024657534246575342;0.1111111111111111;0.38;6.0;0;1;1;1;0;0;0;1;0.1111111111111111;0.25;0.0027397260273972603;9.0;0.0;0.0;1.0;0.0;0.0;1.0;0.0;0.0;1.0;0.0;0.0;0.0;0.0;0.0;0.0;0.0;1.0;0.0;0.0;0.0;1.0;0.0;0.0;0.0;0.0;0.0;1.0;0.0;0.0;0.0;0.0;0.0;0.0;0.0;0.0;0.0;0.0;0.0;0.0;0.0;0.0
2023-08-11;Valencia C. F.;1;1;3;52;43;Sevilla;2;4;10;9;3;3;0.45;0.55;343;0.71;17;15;2;3;0;1;1;1.0;0.0;0.0;0.0;1.0;0.0;0.0;0.0;1.0;1.0;1.0;8;0.061111111111111116;0.11764705882352941;244;0.06967213114754098;542.2222222222222;0.1;2.2222222222222223;1;-0.10000000000000003;-7;-2;2;0.029154518950437316;0.2;0.225;0.5;0;2;2;1;0;0;1;0;0.2;0.6666666666666666;0.0058309037900874635;5.0;0.0;0.0;1.0;0.0;0.0;1.0;0.0;0.0;1.0;0.0;0.0;0.0;0.0;0.0;0.0;0.0;1.0;0.0;0.0;0.0;1.0;0.0;0.0;0.0;0.0;0.0;1.0;0.0;0.0;0.0;0.0;0.0;0.0;0.0;0.0;0.0;0.0;0.0;0.0;0.0;0.0
2023-06-04;Valencia C. F.;1;3;3;52;39;Betis;1;3;10;8;3;3;0.38;0.62;350;0.79;11;11;0;3;1;0;4;1.0;0.0;0.0;0.0;1.0;0.0;1.0;0.0;1.0;1.0;0.0;4;0.0775;0.09090909090909091;276;0.03985507246376811;726.3157894736842;0.4;10.526315789473685;2;-0.24;0;-2;0;0.02857142857142857;0.1;0.38;4.0;0;1;1;0;1;0;1;0;0.1;0.3333333333333333;0.002857142857142857;10.0;0.0;0.0;1.0;0.0;0.0;0.0;0.0;0.0;0.0;0.0;0.0;0.0;0.0;0.0;0.0;0.0;1.0;0.0;0.0;0.0;0.0;0.0;0.0;0.0;0.0;0.0;1.0;0.0;0.0;0.0;0.0;1.0;1.0;1.0;0.0;0.0;0.0;0.0;0.0;0.0;0.0
2023-05-28;Valencia C. F.;1;3;4;52;49;RCD Espanyol;0;3;19;9;4;5;0.54;0.46;414;0.8;12;12;0;3;0;0;10;1.0;0.0;0.0;0.0;1.0;0.0;1.0;0.0;1.0;1.0;0.0;3;0.051111111111111114;0.0;331;0.03625377643504532;612.9629629629629;0.5263157894736842;18.51851851851852;10;0.08000000000000002;7;-3;0;0.04589371980676329;0.10526315789473684;0.27;5.0;1;1;2;0;1;0;0;1;0.10526315789473684;0.5;0.004830917874396135;9.5;0.0;0.0;1.0;0.0;0.0;0.0;0.0;0.0;0.0;0.0;0.0;0.0;0.0;0.0;0.0;0.0;1.0;0.0;0.0;0.0;0.0;0.0;0.0;0.0;0.0;0.0;1.0;0.0;0.0;0.0;0.0;1.0;0.0;1.0;1.0;0.0;0.0;0.0;0.0;0.0;0.0
2023-05-25;Valencia C. F.;1;3;6;52;40;R.C.D. Mallorca;2;4;15;4;5;3;0.6;0.4;485;0.82;12;15;2;4;0;0;4;1.0;0.0;0.0;0.0;1.0;0.0;1.0;0.0;1.0;1.0;1.0;2;0.1;0.16666666666666666;398;0.03015075376884422;663.3333333333334;0.26666666666666666;6.666666666666667;11;0.19999999999999996;2;-2;-3;0.030927835051546393;0.0;0.0;0.0;0;0;0;0;0;1;1;0;0.0;0.0;0.0;0.0;0.0;0.0;1.0;0.0;0.0;0.0;0.0;0.0;0.0;0.0;0.0;0.0;0.0;0.0;0.0;0.0;1.0;0.0;0.0;0.0;0.0;0.0;0.0;0.0;0.0;0.0;1.0;0.0;0.0;0.0;0.0;1.0;1.0;0.0;0.0;0.0;0.0;0.0;0.0;0.0;0.0
2023-05-21;Valencia C. F.;1;3;0;52;12;Real Madrid;5;2;11;13;6;5;0.26;0.74;235;0.74;13;4;5;2;0;0;2;1.0;0.0;0.0;0.0;1.0;0.0;1.0;0.0;1.0;1.0;0.0;9;0.05692307692307692;0.38461538461538464;174;0.07471264367816093;669.2307692307692;0.18181818181818182;7.692307692307692;-2;-0.48;-7;3;9;0.04680851063829787;0.09090909090909091;0.26;2.0;1;0;1;1;0;0;0;1;0.09090909090909091;0.16666666666666666;0.00425531914893617;11.0;0.0;0.0;0.0;0.0;0.0;0.0;0.0;0.0;0.0;0.0;0.0;0.0;0.0;0.0;0.0;0.0;1.0;0.0;0.0;0.0;1.0;0.0;0.0;0.0;0.0;0.0;0.0;0.0;0.0;0.0;0.0;1.0;0.0;1.0;0.0;1.0;1.0;0.0;0.0;0.0;0.0
2023-05-14;Valencia C. F.;1;3;1;52;44;Celta de Vigo;4;3;12;10;5;6;0.36;0.64;272;0.66;19;13;3;3;1;0;4;1.0;1.0;0.0;0.0;1.0;0.0;1.0;0.0;1.0;1.0;0.0;5;0.064;0.21052631578947367;180;0.10555555555555556;500.0;0.3333333333333333;11.11111111111111;2;-0.28;-1;1;6;0.04411764705882353;0.16666666666666666;0.18;2.0;1;1;2;1;0;0;1;0;0.16666666666666666;0.4;0.007352941176470588;6.0;0.0;0.0;1.0;0.0;0.0;0.0;0.0;0.0;0.0;0.0;0.0;0.0;0.0;0.0;0.0;0.0;0.0;0.0;0.0;0.0;0.0;0.0;0.0;0.0;0.0;0.0;1.0;0.0;0.0;0.0;0.0;1.0;1.0;1.0;0.0;0.0;0.0;0.0;0.0;0.0;0.0
2023-04-30;Valencia C. F.;1;9;1;52;130;Cádiz;2;6;16;8;4;4;0.61;0.39;363;0.78;10;14;2;6;0;0;6;1.0;1.0;0.0;0.0;0.0;0.0;0.0;0.0;0.0;0.0;1.0;5;0.04875;0.2;283;0.0353356890459364;463.93442622950823;0.375;9.836065573770492;8;0.21999999999999997;1;-4;-4;0.0440771349862259;0.0625;0.61;6.0;0;1;1;0;0;1;1;0;0.0625;0.25;0.0027548209366391185;16.0;0.0;0.0;1.0;0.0;0.0;0.0;0.0;0.0;0.0;0.0;0.0;0.0;0.0;0.0;0.0;0.0;0.0;0.0;0.0;0.0;1.0;0.0;0.0;0.0;0.0;0.0;0.0;0.0;0.0;0.0;0.0;1.0;1.0;0.0;1.0;1.0;0.0;1.0;1.0;0.0;0.0
2023-04-27;Valencia C. F.;1;9;4;52;51;Valladolid;0;4;19;9;6;2;0.48;0.52;357;0.76;16;17;0;4;0;0;6;1.0;1.0;0.0;0.0;1.0;0.0;0.0;0.0;1.0;0.0;0.0;2;0.05777777777777778;0.0;271;0.05904059040590406;564.5833333333334;0.3157894736842105;12.5;10;-0.040000000000000036;4;-4;-1;0.05322128851540616;0.10526315789473684;0.24;3.0;0;2;2;1;0;0;0;1;0.10526315789473684;0.3333333333333333;0.0056022408963585435;9.5;0.0;0.0;1.0;0.0;0.0;0.0;0.0;0.0;0.0;0.0;0.0;0.0;0.0;0.0;0.0;0.0;0.0;0.0;0.0;0.0;1.0;0.0;0.0;0.0;0.0;0.0;1.0;0.0;0.0;0.0;0.0;1.0;1.0;0.0;0.0;0.0;1.0;1.0;0.0;0.0;0.0
2023-04-23;Valencia C. F.;1;4;4;52;123;Elche C. F.;1;3;5;7;3;1;0.34;0.66;250;0.72;6;12;1;3;0;0;6;1.0;1.0;0.0;0.0;1.0;0.0;0.0;0.0;1.0;0.0;0.0;11;0.09428571428571429;0.16666666666666666;180;0.03333333333333333;529.4117647058823;1.2;17.64705882352941;-2;-0.32;-5;-2;-6;0.02;0.4;0.17;3.0;2;0;2;1;0;0;1;0;0.4;0.6666666666666666;0.008;2.5;0.0;0.0;1.0;0.0;0.0;0.0;0.0;0.0;0.0;0.0;0.0;0.0;0.0;0.0;0.0;0.0;0.0;0.0;0.0;0.0;1.0;0.0;0.0;0.0;0.0;0.0;1.0;0.0;0.0;0.0;0.0;1.0;1.0;0.0;0.0;0.0;1.0;1.0;0.0;0.0;0.0
2023-04-16;Valencia C. F.;1;1;3;52;43;Sevilla;2;4;14;6;3;3;0.6;0.4;499;0.8;10;17;1;4;1;0;6;1.0;1.0;0.0;0.0;1.0;0.0;0.0;0.0;1.0;0.0;0.0;2;0.06666666666666667;0.2;399;0.02506265664160401;665.0;0.42857142857142855;10.0;8;0.19999999999999996;4;-2;-7;0.028056112224448898;0.0;0.0;0.0;0;0;0;0;0;1;0;1;0.0;0.0;0.0;0.0;0.0;0.0;1.0;0.0;0.0;0.0;0.0;0.0;0.0;0.0;0.0;0.0;0.0;0.0;0.0;0.0;0.0;0.0;0.0;0.0;1.0;0.0;0.0;0.0;0.0;0.0;0.0;0.0;0.0;0.0;0.0;0.0;0.0;0.0;1.0;0.0;1.0;1.0;1.0;1.0;0.0
2023-04-09;Valencia C. F.;1;0;14;52;126;Almería;2;3;11;10;4;4;0.6;0.4;445;0.81;11;11;2;3;0;0;7;1.0;1.0;0.0;0.0;1.0;0.0;0.0;0.0;1.0;0.0;1.0;3;0.04;0.18181818181818182;360;0.030555555555555555;600.0;0.6363636363636364;11.666666666666668;1;0.19999999999999996;4;-1;0;0.024719101123595506;0.09090909090909091;0.6;7.0;0;1;1;0;0;1;1;0;0.09090909090909091;0.25;0.0022471910112359553;11.0;0.0;0.0;1.0;0.0;0.0;0.0;0.0;0.0;0.0;0.0;0.0;0.0;0.0;0.0;0.0;0.0;0.0;0.0;0.0;0.0;1.0;0.0;0.0;0.0;0.0;0.0;0.0;0.0;0.0;0.0;0.0;1.0;1.0;1.0;0.0;0.0;0.0;0.0;0.0;1.0;0.0
2023-04-03;Valencia C. F.;1;0;3;52;42;Rayo Vallecano;2;3;18;7;4;2;0.61;0.39;490;0.81;15;16;2;3;0;0;13;1.0;0.0;0.0;0.0;1.0;0.0;0.0;0.0;1.0;0.0;0.0;3;0.055714285714285716;0.13333333333333333;397;0.037783375314861464;650.8196721311475;0.7222222222222222;21.311475409836067;11;0.21999999999999997;10;-1;-1;0.036734693877551024;0.05555555555555555;0.61;13.0;0;1;1;0;1;0;0;1;0.05555555555555555;0.25;0.0020408163265306124;18.0;0.0;0.0;1.0;0.0;0.0;0.0;0.0;0.0;0.0;1.0;0.0;0.0;0.0;0.0;0.0;0.0;1.0;0.0;0.0;0.0;1.0;0.0;0.0;0.0;0.0;0.0;0.0;0.0;0.0;0.0;0.0;1.0;1.0;1.0;0.0;0.0;1.0;0.0;0.0;0.0;0.0
2023-03-18;Valencia C. F.;1;5;4;52;27;Atlético Madrid;0;2;9;14;1;6;0.44;0.56;440;0.81;9;12;0;2;0;0;2;1.0;1.0;0.0;0.0;1.0;0.0;0.0;0.0;0.0;0.0;1.0;4;0.04;0.0;356;0.025280898876404494;809.0909090909091;0.2222222222222222;4.545454545454546;-5;-0.12000000000000005;-2;-2;-3;0.020454545454545454;0.0;0.0;0.0;0;0;0;0;0;1;1;0;0.0;0.0;0.0;0.0;0.0;0.0;0.0;0.0;0.0;0.0;0.0;0.0;0.0;1.0;0.0;0.0;0.0;0.0;0.0;0.0;1.0;0.0;0.0;0.0;1.0;0.0;0.0;0.0;0.0;0.0;0.0;0.0;0.0;0.0;0.0;1.0;0.0;1.0;0.0;1.0;0.0;1.0;0.0;0.0;0.0
2023-03-11;Valencia C. F.;1;0;0;52;41;Osasuna;2;5;8;7;4;0;0.55;0.45;350;0.73;8;19;2;5;0;0;12;1.0;1.0;0.0;0.0;1.0;0.0;0.0;0.0;1.0;0.0;1.0;3;0.0642857142857143;0.25;256;0.03125;465.45454545454544;1.5;21.818181818181817;1;0.10000000000000003;9;-3;-11;0.022857142857142857;0.125;0.55;12.0;0;1;1;1;0;0;0;1;0.125;0.25;0.002857142857142857;8.0;0.0;0.0;1.0;0.0;0.0;0.0;0.0;0.0;0.0;1.0;0.0;0.0;0.0;0.0;0.0;0.0;0.0;0.0;0.0;0.0;1.0;0.0;0.0;0.0;0.0;0.0;0.0;0.0;0.0;0.0;0.0;0.0;0.0;1.0;0.0;0.0;0.0;1.0;0.0;1.0;0.0
2023-03-05;Valencia C. F.;1;5;0;52;10;Barcelona;0;1;13;13;1;4;0.46;0.54;398;0.81;13;11;0;0;0;1;2;1.0;1.0;0.0;0.0;0.0;0.0;0.0;0.0;1.0;0.0;1.0;5;0.04153846153846154;0.0;322;0.040372670807453416;700.0;0.15384615384615385;4.3478260869565215;0;-0.08000000000000002;-3;-1;2;0.032663316582914576;0.0;0.0;0.0;0;0;0;0;0;1;1;0;0.0;0.0;0.0;0.0;0.0;0.0;0.0;1.0;0.0;0.0;0.0;0.0;0.0;1.0;0.0;0.0;0.0;0.0;0.0;0.0;1.0;0.0;0.0;0.0;1.0;0.0;0.0;0.0;0.0;0.0;0.0;0.0;0.0;0.0;0.0;0.0;1.0;0.0;0.0;1.0;0.0;0.0;1.0;0.0;0.0
2023-02-25;Valencia C. F.;1;0;7;52;46;Real Sociedad;6;3;8;11;3;3;0.37;0.63;270;0.64;13;12;6;3;0;0;7;1.0;1.0;0.0;0.0;0.0;0.0;0.0;0.0;1.0;0.0;1.0;8;0.057272727272727274;0.46153846153846156;173;0.07514450867052024;467.56756756756755;0.875;18.91891891891892;-3;-0.26;-1;3;1;0.02962962962962963;0.125;0.37;7.0;1;0;1;1;0;0;0;1;0.125;0.3333333333333333;0.003703703703703704;8.0;0.0;0.0;1.0;0.0;0.0;0.0;0.0;0.0;0.0;1.0;0.0;0.0;0.0;0.0;0.0;0.0;0.0;0.0;0.0;0.0;0.0;0.0;0.0;0.0;0.0;0.0;1.0;0.0;0.0;0.0;0.0;0.0;1.0;0.0;1.0;0.0;0.0;1.0;0.0;1.0;0.0
2023-02-20;Valencia C. F.;1;0;1;52;48;Getafe;1;6;8;15;3;6;0.55;0.45;376;0.7;8;11;1;6;0;0;5;1.0;1.0;0.0;0.0;1.0;0.0;0.0;0.0;1.0;0.0;1.0;4;0.030000000000000002;0.125;263;0.030418250950570342;478.18181818181813;0.625;9.09090909090909;-7;0.10000000000000003;1;-5;-3;0.02127659574468085;0.0;0.0;0.0;0;0;0;0;0;1;1;0;0.0;0.0;0.0;0.0;0.0;0.0;1.0;0.0;0.0;0.0;0.0;0.0;0.0;0.0;0.0;0.0;0.0;0.0;0.0;0.0;0.0;0.0;0.0;0.0;0.0;0.0;0.0;0.0;0.0;0.0;1.0;0.0;0.0;0.0;0.0;0.0;1.0;1.0;0.0;0.0;0.0;1.0;1.0;0.0;0.0
2023-02-11;Valencia C. F.;1;0;3;52;38;Athletic;2;2;18;11;8;3;0.48;0.52;382;0.75;11;17;2;2;0;0;7;1.0;1.0;0.0;0.0;1.0;0.0;0.0;0.0;1.0;0.0;0.0;1;0.04727272727272727;0.18181818181818182;286;0.038461538461538464;595.8333333333334;0.3888888888888889;14.583333333333334;7;-0.040000000000000036;6;0;-6;0.04712041884816754;0.05555555555555555;0.48;7.0;1;0;1;0;0;1;0;1;0.05555555555555555;0.125;0.002617801047120419;18.0;0.0;0.0;1.0;0.0;0.0;0.0;0.0;0.0;0.0;0.0;0.0;0.0;0.0;0.0;0.0;0.0;0.0;0.0;0.0;0.0;0.0;0.0;0.0;0.0;0.0;0.0;0.0;0.0;0.0;0.0;0.0;0.0;1.0;0.0;0.0;1.0;1.0;1.0;1.0;1.0;0.0
2023-02-05;Valencia C. F.;1;7;1;52;24;Girona;4;1;8;20;4;8;0.48;0.52;468;0.85;10;11;4;1;0;0;4;1.0;1.0;0.0;0.0;1.0;0.0;0.0;0.0;1.0;0.0;0.0;8;0.026000000000000002;0.4;398;0.02512562814070352;829.1666666666667;0.5;8.333333333333334;-12;-0.040000000000000036;-4;3;-1;0.017094017094017096;0.0;0.0;0.0;0;0;0;0;0;1;1;0;0.0;0.0;0.0;0.0;0.0;0.0;0.0;0.0;0.0;0.0;0.0;0.0;0.0;1.0;0.0;0.0;0.0;0.0;0.0;0.0;0.0;0.0;0.0;0.0;1.0;0.0;0.0;0.0;0.0;0.0;0.0;0.0;0.0;0.0;0.0;0.0;1.0;0.0;1.0;1.0;1.0;1.0;0.0;0.0;0.0
2023-02-02;Valencia C. F.;1;0;0;52;12;Real Madrid;2;3;4;19;0;8;0.29;0.71;298;0.81;17;12;1;3;1;0;6;1.0;1.0;0.0;0.0;1.0;0.0;0.0;0.0;1.0;0.0;0.0;6;0.03736842105263158;0.11764705882352941;241;0.07053941908713693;831.0344827586207;1.5;20.689655172413794;-15;-0.42;0;-1;5;0.013422818791946308;0.0;0.0;0.0;0;0;0;0;0;1;1;0;0.0;0.0;0.0;0.0;0.0;0.0;1.0;0.0;0.0;0.0;0.0;0.0;0.0;1.0;0.0;0.0;0.0;0.0;0.0;0.0;0.0;0.0;0.0;0.0;0.0;0.0;0.0;0.0;0.0;0.0;1.0;0.0;0.0;0.0;0.0;0.0;1.0;0.0;0.0;0.0;1.0;1.0;0.0;1.0;0.0
2023-01-29;Valencia C. F.;1;0;0;52;51;Valladolid;1;3;15;13;2;6;0.46;0.54;348;0.77;15;14;1;3;0;0;7;1.0;0.0;0.0;1.0;1.0;0.0;0.0;0.0;1.0;0.0;0.0;4;0.04153846153846154;0.06666666666666667;268;0.055970149253731345;582.6086956521739;0.4666666666666667;15.217391304347826;2;-0.08000000000000002;3;-2;1;0.04310344827586207;0.0;0.0;0.0;0;0;0;0;0;1;1;0;0.0;0.0;0.0;0.0;0.0;0.0;0.0;0.0;0.0;0.0;0.0;0.0;0.0;0.0;0.0;0.0;0.0;0.0;0.0;0.0;0.0;0.0;0.0;0.0;1.0;0.0;0.0;0.0;0.0;0.0;0.0;0.0;0.0;0.0;0.0;0.0;1.0;0.0;1.0;1.0;1.0;1.0;0.0;1.0;0.0
2023-01-26;Valencia C. F.;19;0;3;52;38;Athletic;4;3;5;10;1;3;0.54;0.46;469;0.79;19;15;4;3;0;0;1;1.0;1.0;0.0;0.0;1.0;0.0;0.0;0.0;0.0;0.0;0.0;3;0.046;0.21052631578947367;371;0.05121293800539083;687.037037037037;0.2;1.8518518518518516;-5;0.08000000000000002;-2;1;4;0.010660980810234541;0.2;0.54;1.0;1;0;1;0;0;1;0;1;0.2;1.0;0.0021321961620469083;5.0;0.0;0.0;1.0;0.0;0.0;0.0;0.0;0.0;0.0;1.0;0.0;0.0;0.0;0.0;0.0;0.0;0.0;0.0;0.0;0.0;0.0;0.0;0.0;0.0;0.0;0.0;0.0;0.0;0.0;0.0;0.0;0.0;1.0;0.0;0.0;1.0;1.0;1.0;1.0;1.0;0.0
2023-01-23;Valencia C. F.;1;1;0;52;126;Almería;2;1;16;14;6;3;0.58;0.42;482;0.79;8;8;2;1;0;0;6;1.0;1.0;0.0;0.0;1.0;0.0;0.0;0.0;1.0;0.0;0.0;2;0.03;0.25;381;0.02099737532808399;656.896551724138;0.375;10.344827586206897;2;0.15999999999999998;4;1;0;0.03319502074688797;0.125;0.29;3.0;0;2;2;0;1;0;0;1;0.125;0.3333333333333333;0.004149377593360996;8.0;0.0;0.0;0.0;0.0;0.0;0.0;0.0;0.0;0.0;0.0;0.0;0.0;0.0;0.0;0.0;0.0;0.0;0.0;0.0;0.0;1.0;0.0;0.0;0.0;0.0;0.0;1.0;0.0;0.0;0.0;0.0;0.0;1.0;1.0;1.0;0.0;1.0;1.0;0.0;0.0;0.0
2023-01-18;Valencia C. F.;19;1;0;52;120;Sporting Gijón;0;0;14;6;8;0;0.56;0.44;570;0.89;14;13;0;0;0;0;0;1.0;1.0;0.0;0.0;1.0;0.0;0.0;0.0;1.0;0.0;0.0;4;0.07333333333333333;0.0;507;0.027613412228796843;905.3571428571428;0.0;0.0;8;0.12000000000000005;-4;0;1;0.02456140350877193;0.2857142857142857;0.14;0.0;3;1;4;1;0;0;1;0;0.2857142857142857;0.5;0.007017543859649123;3.5;0.0;0.0;0.0;0.0;0.0;0.0;0.0;0.0;0.0;0.0;0.0;0.0;0.0;0.0;0.0;0.0;0.0;0.0;0.0;0.0;1.0;0.0;0.0;0.0;0.0;0.0;1.0;0.0;0.0;0.0;0.0;0.0;1.0;1.0;1.0;0.0;1.0;1.0;0.0;0.0;0.0
2023-01-11;Valencia C. F.;18;1;0;52;12;Real Madrid;4;2;12;16;3;6;0.42;0.58;615;0.85;23;20;4;2;0;0;6;1.0;0.0;0.0;0.0;1.0;0.0;0.0;0.0;1.0;0.0;0.0;8;0.03625;0.17391304347826086;523;0.04397705544933078;1245.2380952380952;0.5;14.285714285714286;-4;-0.15999999999999998;-2;2;3;0.01951219512195122;0.08333333333333333;0.42;6.0;0;1;1;0;1;0;1;0;0.08333333333333333;0.3333333333333333;0.0016260162601626016;12.0;0.0;0.0;0.0;0.0;0.0;0.0;0.0;0.0;0.0;0.0;0.0;0.0;0.0;0.0;0.0;0.0;1.0;0.0;0.0;0.0;1.0;0.0;0.0;0.0;0.0;0.0;0.0;0.0;0.0;0.0;0.0;0.0;1.0;1.0;1.0;1.0;1.0;1.0;0.0;0.0;0.0
2023-01-06;Valencia C. F.;1;0;3;52;130;Cádiz;5;6;11;6;2;2;0.74;0.26;544;0.85;14;21;5;6;0;0;13;1.0;0.0;0.0;0.0;1.0;0.0;0.0;0.0;0.0;0.0;0.0;2;0.043333333333333335;0.35714285714285715;462;0.030303030303030304;624.3243243243244;1.1818181818181819;17.56756756756757;5;0.48;11;-1;-7;0.02022058823529412;0.0;0.0;0.0;0;0;0;0;0;1;0;1;0.0;0.0;0.0;0.0;0.0;0.0;1.0;0.0;0.0;0.0;0.0;0.0;0.0;1.0;0.0;0.0;0.0;0.0;0.0;0.0;1.0;0.0;0.0;0.0;0.0;0.0;0.0;0.0;0.0;0.0;0.0;0.0;0.0;0.0;0.0;0.0;1.0;0.0;0.0;1.0;1.0;1.0;1.0;1.0;0.0
2022-12-31;Valencia C. F.;1;0;0;52;37;Villarreal;4;1;13;14;4;8;0.47;0.53;345;0.8;16;12;4;1;0;0;2;1.0;0.0;0.0;0.0;1.0;0.0;0.0;0.0;1.0;0.0;0.0;5;0.03785714285714286;0.25;276;0.057971014492753624;587.2340425531916;0.15384615384615385;4.25531914893617;-1;-0.06000000000000005;-3;3;4;0.03768115942028986;0.07692307692307693;0.47;2.0;1;0;1;0;0;1;1;0;0.07692307692307693;0.25;0.002898550724637681;13.0;0.0;0.0;1.0;0.0;0.0;0.0;0.0;0.0;0.0;0.0;0.0;0.0;0.0;0.0;0.0;0.0;1.0;0.0;0.0;0.0;0.0;0.0;0.0;0.0;0.0;0.0;0.0;0.0;0.0;0.0;0.0;1.0;1.0;0.0;0.0;1.0;1.0;1.0;0.0;1.0;0.0
2022-11-10;Valencia C. F.;1;0;3;52;39;Betis;1;2;15;5;7;1;0.63;0.37;545;0.87;12;9;1;1;0;1;5;1.0;0.0;0.0;0.0;1.0;0.0;0.0;0.0;1.0;0.0;1.0;5;0.074;0.08333333333333333;474;0.02531645569620253;752.3809523809524;0.3333333333333333;7.936507936507937;10;0.26;0;-1;3;0.027522935779816515;0.2;0.21;1.6666666666666667;0;3;3;1;0;0;0;1;0.2;0.42857142857142855;0.005504587155963303;5.0;0.0;0.0;0.0;0.0;0.0;0.0;0.0;0.0;0.0;0.0;0.0;0.0;0.0;0.0;0.0;0.0;1.0;0.0;0.0;0.0;1.0;0.0;0.0;0.0;0.0;0.0;0.0;0.0;0.0;0.0;0.0;1.0;1.0;0.0;0.0;1.0;0.0;1.0;0.0;1.0;0.0
2022-11-06;Valencia C. F.;1;0;28;52;46;Real Sociedad;0;3;14;9;3;4;0.74;0.26;603;0.85;12;11;0;2;0;1;11;1.0;0.0;0.0;0.0;1.0;0.0;0.0;0.0;1.0;0.0;0.0;1;0.02888888888888889;0.0;513;0.023391812865497075;693.2432432432432;0.7857142857142857;14.864864864864865;5;0.48;10;-3;1;0.02321724709784411;0.07142857142857142;0.74;11.0;1;0;1;0;1;0;1;0;0.07142857142857142;0.3333333333333333;0.001658374792703151;14.0;0.0;0.0;0.0;0.0;0.0;0.0;0.0;0.0;0.0;1.0;0.0;0.0;0.0;0.0;0.0;0.0;1.0;0.0;0.0;0.0;0.0;0.0;0.0;0.0;0.0;0.0;1.0;0.0;0.0;0.0;0.0;0.0;1.0;1.0;0.0;1.0;0.0;1.0;0.0;0.0;1.0
