Fecha;Equipo_name;Torneo;Alineacion;Alineacion_contrincante;equipo;equipo_contrincante;equipo_contrincante_name;tarjetas;tarjetas_contrincante;Remates;Remates_contrincante;Remates al arco;Remates al arco_contrincante;Posesión;Posesión_contrincante;Pases;Precisión de los pases;Faltas;Faltas_contrincante;Tarjetas amarillas;Tarjetas amarillas_contrincante;Tarjetas rojas;Tarjetas rojas_contrincante;Tiros de esquina;Luiz Júnior-Villarreal;Kiko Femenía-Villarreal;Juan Marcos Foyth-Villarreal;Logan Costa-Villarreal;Sergi Cardona-Villarreal;Yéremy Pino-Villarreal;Santiago Comesaña Veiga-Villarreal;Dani Parejo-Villarreal;Denis Suárez-Villarreal;Ayoze Pérez-Villarreal;Thierno Barry-Villarreal;Tiros de esquina_concedidos;Posesión_contra_por_remate;tarjetas_por_falta;pases_completados;faltas_por_pases;pases_por_posesion;tirosEsquina_por_remate;tirosEsquina_por_posesion;diff_remates;diff_posesion;diff_Tiros de esquina;diff_tarjetas;diff_faltas;remates_por_pase;posesion_por_remate;posesion_por_gol;tirosEsquina_por_gol;goles_primera_mitad;goles_segunda_mitad;goles_totales;gano;empato;perdio;visitante;local;conversion_goles;conversion_arco;goles_por_pase;remates_al_arco_por_gol;Alfonso Pedraza Sag-Villarreal;Tajon Buchanan-Villarreal;Álex Baena-Villarreal;Pau Navarro-Villarreal;Willy Kambwala-Villarreal;Diego Conde-Villarreal;Pape Gueye-Villarreal;Nicolas Pépé-Villarreal;Gerard Moreno Balagueró-Villarreal;Raúl Albiol-Villarreal;Eric Bertrand Bailly-Villarreal;Juan Bernat-Villarreal;Pau Cabanes-Villarreal;Alassane Diatta-Villarreal;Ramón Terrats Espacio-Villarreal;Ilias Akhomach-Villarreal;Arnaut Danjuma-Villarreal;Pepe Reina-Villarreal;Yerson Mosquera-Villarreal;Aïssa Mandi-Villarreal;Jorge Cuenca Barreno-Villarreal;Bertrand Traoré-Villarreal;Manu Trigueros-Villarreal;Alexander Sørloth-Villarreal;Filip Jörgensen-Villarreal;Alberto Moreno-Villarreal;Gonçalo Guedes-Villarreal;Francis Coquelin-Villarreal;Étienne Capoue-Villarreal;Adrià Altimira-Villarreal;José Luis Morales Nogales-Villarreal;Matteo Gabbia-Villarreal;Ben Brereton Díaz-Villarreal;Carlos Romero Serrano-Villarreal;Jorge Pascual-Villarreal;Víctor Moreno Alcalá-Villarreal;Pau Torres-Villarreal;Samuel Chukwueze-Villarreal;Nicolas Jackson-Villarreal;Giovani Lo Celso-Villarreal;Johan Mojica-Villarreal;Manuel Morlanes Ariño-Villarreal
2025-04-20;Villarreal;1;1;7;37;46;Real Sociedad;4;1;20;4;5;4;0.58;0.42;507;0.84;12;12;4;1;0;0;10;1.0;1.0;1.0;1.0;1.0;1.0;1.0;1.0;1.0;1.0;1.0;4;0.105;0.3333333333333333;426;0.028169014084507043;734.4827586206897;0.5;17.24137931034483;16;0.15999999999999998;6;3;0;0.03944773175542406;0.1;0.29;5.0;1;1;2;0;1;0;0;1;0.1;0.4;0.0039447731755424065;10.0;0.0;0.0;0.0;0.0;0.0;0.0;0.0;0.0;0.0;0.0;0.0;0.0;0.0;0.0;0.0;0.0;0.0;0.0;0.0;0.0;0.0;0.0;0.0;0.0;0.0;0.0;0.0;0.0;0.0;0.0;0.0;0.0;0.0;0.0;0.0;0.0;0.0;0.0;0.0;0.0;0.0;0.0
2025-04-13;Villarreal;1;1;3;37;39;Betis;4;0;8;24;2;5;0.32;0.68;292;0.75;13;4;4;0;0;0;5;1.0;1.0;1.0;1.0;1.0;1.0;1.0;1.0;0.0;1.0;1.0;5;0.028333333333333335;0.3076923076923077;219;0.0593607305936073;684.375;0.625;15.625;-16;-0.36000000000000004;0;4;9;0.0273972602739726;0.25;0.16;2.5;1;1;2;1;0;0;1;0;0.25;1.0;0.00684931506849315;4.0;1.0;0.0;0.0;0.0;0.0;0.0;0.0;0.0;0.0;0.0;0.0;0.0;0.0;0.0;0.0;0.0;0.0;0.0;0.0;0.0;0.0;0.0;0.0;0.0;0.0;0.0;0.0;0.0;0.0;0.0;0.0;0.0;0.0;0.0;0.0;0.0;0.0;0.0;0.0;0.0;0.0;0.0
2025-04-06;Villarreal;1;1;3;37;38;Athletic;1;1;12;11;4;2;0.57;0.43;498;0.83;9;13;0;1;1;0;6;1.0;1.0;1.0;1.0;1.0;0.0;1.0;1.0;0.0;1.0;1.0;5;0.03909090909090909;0.1111111111111111;413;0.021791767554479417;724.561403508772;0.5;10.526315789473685;1;0.13999999999999996;1;0;-4;0.024096385542168676;0.0;0.0;0.0;0;0;0;0;1;0;0;1;0.0;0.0;0.0;0.0;0.0;1.0;1.0;0.0;0.0;0.0;0.0;0.0;0.0;0.0;0.0;0.0;0.0;0.0;0.0;0.0;0.0;0.0;0.0;0.0;0.0;0.0;0.0;0.0;0.0;0.0;0.0;0.0;0.0;0.0;0.0;0.0;0.0;0.0;0.0;0.0;0.0;0.0;0.0;0.0;0.0;0.0
2025-03-30;Villarreal;1;1;7;37;48;Getafe;4;1;9;11;3;4;0.44;0.56;361;0.7;21;16;4;1;0;0;1;1.0;0.0;1.0;0.0;1.0;0.0;1.0;1.0;0.0;1.0;1.0;3;0.05090909090909091;0.19047619047619047;253;0.08300395256916997;575.0;0.1111111111111111;2.272727272727273;-2;-0.12000000000000005;-2;3;5;0.024930747922437674;0.2222222222222222;0.22;0.5;2;0;2;1;0;0;1;0;0.2222222222222222;0.6666666666666666;0.00554016620498615;4.5;0.0;1.0;1.0;1.0;1.0;0.0;0.0;0.0;0.0;0.0;0.0;0.0;0.0;0.0;0.0;0.0;0.0;0.0;0.0;0.0;0.0;0.0;0.0;0.0;0.0;0.0;0.0;0.0;0.0;0.0;0.0;0.0;0.0;0.0;0.0;0.0;0.0;0.0;0.0;0.0;0.0;0.0
2025-03-15;Villarreal;1;1;3;37;12;Real Madrid;2;1;23;9;10;5;0.45;0.55;465;0.87;17;3;2;1;0;0;11;0.0;0.0;1.0;1.0;1.0;0.0;1.0;0.0;0.0;1.0;0.0;4;0.061111111111111116;0.11764705882352941;405;0.04197530864197531;900.0;0.4782608695652174;24.444444444444443;14;-0.10000000000000003;7;1;14;0.04946236559139785;0.043478260869565216;0.45;11.0;1;0;1;0;0;1;0;1;0.043478260869565216;0.1;0.002150537634408602;23.0;0.0;1.0;1.0;0.0;1.0;1.0;1.0;1.0;0.0;0.0;0.0;0.0;0.0;0.0;0.0;0.0;0.0;0.0;0.0;0.0;0.0;0.0;0.0;0.0;0.0;0.0;0.0;0.0;0.0;0.0;0.0;0.0;0.0;0.0;0.0;0.0;0.0;0.0;0.0;0.0;0.0;0.0
2025-03-08;Villarreal;1;1;1;37;45;Alavés;1;4;24;5;2;3;0.7;0.3;533;0.86;13;11;1;2;0;2;6;0.0;0.0;1.0;1.0;1.0;1.0;0.0;1.0;0.0;1.0;0.0;1;0.06;0.07692307692307693;458;0.028384279475982533;654.2857142857143;0.25;8.571428571428571;19;0.39999999999999997;5;-3;2;0.0450281425891182;0.0;0.0;0.0;0;0;0;0;0;1;1;0;0.0;0.0;0.0;0.0;0.0;0.0;1.0;0.0;1.0;1.0;1.0;1.0;0.0;0.0;0.0;0.0;0.0;0.0;0.0;0.0;0.0;0.0;0.0;0.0;0.0;0.0;0.0;0.0;0.0;0.0;0.0;0.0;0.0;0.0;0.0;0.0;0.0;0.0;0.0;0.0;0.0;0.0;0.0;0.0;0.0;0.0
2025-02-22;Villarreal;1;1;3;37;42;Rayo Vallecano;4;2;10;10;5;5;0.49;0.51;396;0.78;12;15;4;1;0;1;5;0.0;0.0;1.0;1.0;1.0;1.0;1.0;0.0;0.0;1.0;1.0;3;0.051000000000000004;0.3333333333333333;309;0.038834951456310676;630.6122448979592;0.5;10.204081632653061;0;-0.020000000000000018;2;2;-3;0.025252525252525252;0.1;0.49;5.0;0;1;1;1;0;0;1;0;0.1;0.2;0.0025252525252525255;10.0;0.0;0.0;1.0;0.0;1.0;1.0;1.0;0.0;0.0;0.0;0.0;0.0;0.0;0.0;0.0;0.0;0.0;0.0;0.0;0.0;0.0;0.0;0.0;0.0;0.0;0.0;0.0;0.0;0.0;0.0;0.0;0.0;0.0;0.0;0.0;0.0;0.0;0.0;0.0;0.0;0.0;0.0
2025-02-15;Villarreal;1;1;9;37;52;Valencia C. F.;0;5;13;12;4;3;0.51;0.49;528;0.86;6;17;0;5;0;0;4;0.0;0.0;1.0;1.0;1.0;1.0;0.0;1.0;0.0;1.0;0.0;5;0.04083333333333333;0.0;454;0.013215859030837005;890.1960784313725;0.3076923076923077;7.8431372549019605;1;0.020000000000000018;-1;-5;-11;0.02462121212121212;0.07692307692307693;0.51;4.0;1;0;1;0;1;0;0;1;0.07692307692307693;0.25;0.001893939393939394;13.0;0.0;0.0;1.0;1.0;0.0;1.0;1.0;1.0;0.0;0.0;0.0;0.0;0.0;0.0;0.0;0.0;0.0;0.0;0.0;0.0;0.0;0.0;0.0;0.0;0.0;0.0;0.0;0.0;0.0;0.0;0.0;0.0;0.0;0.0;0.0;0.0;0.0;0.0;0.0;0.0;0.0;0.0
2025-02-08;Villarreal;1;1;3;37;50;U. D. Las Palmas;3;6;9;20;4;4;0.42;0.58;366;0.78;12;12;3;6;0;0;5;0.0;1.0;1.0;0.0;1.0;1.0;1.0;0.0;0.0;1.0;1.0;6;0.028999999999999998;0.25;285;0.042105263157894736;678.5714285714286;0.5555555555555556;11.904761904761905;-11;-0.15999999999999998;-1;-3;0;0.02459016393442623;0.2222222222222222;0.21;2.5;0;2;2;1;0;0;1;0;0.2222222222222222;0.5;0.00546448087431694;4.5;0.0;0.0;1.0;0.0;1.0;1.0;1.0;0.0;0.0;0.0;0.0;0.0;0.0;0.0;0.0;0.0;0.0;0.0;0.0;0.0;0.0;0.0;0.0;0.0;0.0;0.0;0.0;0.0;0.0;0.0;0.0;0.0;0.0;0.0;0.0;0.0;0.0;0.0;0.0;0.0;0.0;0.0
2025-02-01;Villarreal;1;1;7;37;51;Valladolid;1;2;22;8;8;2;0.53;0.47;481;0.86;9;14;1;2;0;0;3;0.0;1.0;1.0;0.0;1.0;1.0;1.0;0.0;0.0;1.0;0.0;6;0.05875;0.1111111111111111;414;0.021739130434782608;781.132075471698;0.13636363636363635;5.660377358490566;14;0.06000000000000005;-3;-1;-5;0.04573804573804574;0.22727272727272727;0.10600000000000001;0.6;1;4;5;1;0;0;0;1;0.22727272727272727;0.625;0.010395010395010396;4.4;0.0;0.0;1.0;0.0;1.0;1.0;1.0;0.0;1.0;0.0;0.0;0.0;0.0;0.0;0.0;0.0;0.0;0.0;0.0;0.0;0.0;0.0;0.0;0.0;0.0;0.0;0.0;0.0;0.0;0.0;0.0;0.0;0.0;0.0;0.0;0.0;0.0;0.0;0.0;0.0;0.0;0.0
2025-01-25;Villarreal;1;1;1;37;27;Atlético Madrid;2;4;11;20;1;8;0.41;0.59;399;0.81;14;10;2;4;0;0;6;1.0;1.0;0.0;1.0;1.0;1.0;1.0;0.0;0.0;0.0;1.0;5;0.0295;0.14285714285714285;323;0.043343653250773995;787.8048780487806;0.5454545454545454;14.634146341463415;-9;-0.18;1;-2;4;0.02756892230576441;0.09090909090909091;0.41;6.0;1;0;1;0;1;0;1;0;0.09090909090909091;1.0;0.002506265664160401;11.0;0.0;0.0;1.0;0.0;1.0;0.0;1.0;0.0;1.0;0.0;0.0;0.0;0.0;0.0;0.0;0.0;0.0;0.0;0.0;0.0;0.0;0.0;0.0;0.0;0.0;0.0;0.0;0.0;0.0;0.0;0.0;0.0;0.0;0.0;0.0;0.0;0.0;0.0;0.0;0.0;0.0;0.0
2025-01-20;Villarreal;1;1;1;37;40;R.C.D. Mallorca;1;3;14;9;7;2;0.43;0.57;391;0.85;9;12;1;3;0;0;6;1.0;1.0;1.0;1.0;1.0;1.0;0.0;1.0;0.0;0.0;1.0;5;0.06333333333333332;0.1111111111111111;332;0.02710843373493976;772.0930232558139;0.42857142857142855;13.953488372093023;5;-0.13999999999999996;1;-2;-3;0.03580562659846547;0.2857142857142857;0.1075;1.5;4;0;4;1;0;0;0;1;0.2857142857142857;0.5714285714285714;0.010230179028132993;3.5;0.0;0.0;1.0;0.0;0.0;0.0;1.0;0.0;1.0;0.0;0.0;0.0;0.0;0.0;0.0;0.0;0.0;0.0;0.0;0.0;0.0;0.0;0.0;0.0;0.0;0.0;0.0;0.0;0.0;0.0;0.0;0.0;0.0;0.0;0.0;0.0;0.0;0.0;0.0;0.0;0.0;0.0
2025-01-13;Villarreal;1;1;7;37;46;Real Sociedad;2;4;15;6;5;3;0.43;0.57;338;0.76;6;17;2;4;0;0;7;1.0;1.0;1.0;0.0;1.0;0.0;1.0;1.0;1.0;0.0;1.0;3;0.09499999999999999;0.3333333333333333;257;0.023346303501945526;597.6744186046511;0.4666666666666667;16.27906976744186;9;-0.13999999999999996;4;-2;-11;0.04437869822485207;0.0;0.0;0.0;0;0;0;0;0;1;1;0;0.0;0.0;0.0;0.0;0.0;0.0;1.0;0.0;1.0;0.0;1.0;0.0;0.0;0.0;0.0;0.0;0.0;0.0;0.0;0.0;0.0;0.0;0.0;0.0;0.0;0.0;0.0;0.0;0.0;0.0;0.0;0.0;0.0;0.0;0.0;0.0;0.0;0.0;0.0;0.0;0.0;0.0;0.0;0.0;0.0;0.0
2024-12-22;Villarreal;1;1;9;37;47;Leganés;2;2;18;5;9;3;0.65;0.35;516;0.87;15;17;2;1;0;1;5;1.0;1.0;0.0;1.0;1.0;1.0;1.0;0.0;1.0;0.0;1.0;1;0.06999999999999999;0.13333333333333333;449;0.0334075723830735;690.7692307692307;0.2777777777777778;7.692307692307692;13;0.30000000000000004;4;0;-2;0.03488372093023256;0.2777777777777778;0.13;1.0;2;3;5;1;0;0;1;0;0.2777777777777778;0.5555555555555556;0.009689922480620155;3.6;0.0;0.0;1.0;0.0;0.0;0.0;1.0;0.0;0.0;1.0;0.0;0.0;0.0;0.0;0.0;0.0;0.0;0.0;0.0;0.0;0.0;0.0;0.0;0.0;0.0;0.0;0.0;0.0;0.0;0.0;0.0;0.0;0.0;0.0;0.0;0.0;0.0;0.0;0.0;0.0;0.0;0.0
2024-12-18;Villarreal;1;1;3;37;42;Rayo Vallecano;5;3;14;18;5;3;0.45;0.55;371;0.77;10;15;4;3;1;0;7;1.0;0.0;0.0;1.0;1.0;1.0;1.0;0.0;1.0;1.0;1.0;7;0.030555555555555558;0.5;286;0.03496503496503497;635.5555555555555;0.5;15.555555555555555;-4;-0.10000000000000003;0;2;-5;0.03773584905660377;0.07142857142857142;0.45;7.0;1;0;1;0;1;0;0;1;0.07142857142857142;0.2;0.0026954177897574125;14.0;0.0;0.0;0.0;1.0;1.0;0.0;1.0;0.0;0.0;0.0;0.0;0.0;0.0;0.0;0.0;0.0;0.0;0.0;0.0;0.0;0.0;0.0;0.0;0.0;0.0;0.0;0.0;0.0;0.0;0.0;0.0;0.0;0.0;0.0;0.0;0.0;0.0;0.0;0.0;0.0;0.0;0.0
2024-12-15;Villarreal;1;1;3;37;39;Betis;5;5;17;10;4;4;0.62;0.38;534;0.86;19;10;5;4;0;1;5;1.0;1.0;0.0;0.0;1.0;1.0;0.0;1.0;0.0;1.0;0.0;5;0.038;0.2631578947368421;459;0.04139433551198257;740.3225806451613;0.29411764705882354;8.064516129032258;7;0.24;0;0;9;0.031835205992509365;0.058823529411764705;0.62;5.0;0;1;1;0;0;1;0;1;0.058823529411764705;0.25;0.0018726591760299626;17.0;0.0;0.0;1.0;0.0;0.0;0.0;1.0;0.0;1.0;1.0;1.0;0.0;0.0;0.0;0.0;0.0;0.0;0.0;0.0;0.0;0.0;0.0;0.0;0.0;0.0;0.0;0.0;0.0;0.0;0.0;0.0;0.0;0.0;0.0;0.0;0.0;0.0;0.0;0.0;0.0;0.0;0.0
2024-12-08;Villarreal;1;1;3;37;38;Athletic;1;2;11;12;1;4;0.58;0.42;555;0.84;10;15;1;2;0;0;3;0.0;1.0;0.0;1.0;0.0;1.0;1.0;1.0;0.0;0.0;1.0;3;0.034999999999999996;0.1;466;0.02145922746781116;803.4482758620691;0.2727272727272727;5.172413793103448;-1;0.15999999999999998;0;-1;-5;0.01981981981981982;0.0;0.0;0.0;0;0;0;0;0;1;1;0;0.0;0.0;0.0;0.0;0.0;0.0;1.0;0.0;0.0;1.0;1.0;0.0;0.0;1.0;0.0;1.0;0.0;0.0;0.0;0.0;0.0;0.0;0.0;0.0;0.0;0.0;0.0;0.0;0.0;0.0;0.0;0.0;0.0;0.0;0.0;0.0;0.0;0.0;0.0;0.0;0.0;0.0;0.0;0.0;0.0;0.0
2024-12-04;Villarreal;19;1;7;37;-1;Pontevedra;1;0;6;15;2;3;0.27;0.73;258;0.72;9;11;1;0;0;0;3;1.0;0.0;0.0;1.0;0.0;0.0;0.0;1.0;1.0;0.0;1.0;6;0.048666666666666664;0.1111111111111111;186;0.04838709677419355;688.8888888888888;0.5;11.11111111111111;-9;-0.45999999999999996;-3;1;-2;0.023255813953488372;0.0;0.0;0.0;0;0;0;0;0;1;1;0;0.0;0.0;0.0;0.0;0.0;0.0;0.0;1.0;1.0;0.0;0.0;0.0;1.0;0.0;0.0;1.0;1.0;1.0;0.0;0.0;0.0;0.0;0.0;0.0;0.0;0.0;0.0;0.0;0.0;0.0;0.0;0.0;0.0;0.0;0.0;0.0;0.0;0.0;0.0;0.0;0.0;0.0;0.0;0.0;0.0;0.0
2024-11-24;Villarreal;1;1;0;37;41;Osasuna;4;6;16;4;7;3;0.6;0.4;498;0.82;13;12;4;6;0;0;8;0.0;0.0;0.0;1.0;1.0;1.0;1.0;1.0;0.0;0.0;1.0;0;0.1;0.3076923076923077;408;0.031862745098039214;680.0;0.5;13.333333333333334;12;0.19999999999999996;8;-2;1;0.0321285140562249;0.125;0.3;4.0;0;2;2;0;1;0;1;0;0.125;0.2857142857142857;0.004016064257028112;8.0;0.0;0.0;1.0;1.0;0.0;1.0;0.0;0.0;0.0;1.0;0.0;0.0;0.0;0.0;1.0;0.0;0.0;0.0;0.0;0.0;0.0;0.0;0.0;0.0;0.0;0.0;0.0;0.0;0.0;0.0;0.0;0.0;0.0;0.0;0.0;0.0;0.0;0.0;0.0;0.0;0.0;0.0
2024-11-09;Villarreal;1;1;3;37;45;Alavés;1;3;13;9;3;3;0.63;0.37;478;0.84;17;21;1;3;0;0;7;0.0;1.0;0.0;1.0;1.0;0.0;0.0;1.0;0.0;1.0;0.0;2;0.04111111111111111;0.058823529411764705;402;0.04228855721393035;638.0952380952381;0.5384615384615384;11.11111111111111;4;0.26;5;-2;-4;0.027196652719665274;0.23076923076923078;0.21;2.3333333333333335;1;2;3;1;0;0;0;1;0.23076923076923078;1.0;0.006276150627615063;4.333333333333333;0.0;0.0;1.0;0.0;0.0;1.0;1.0;1.0;0.0;1.0;0.0;0.0;0.0;0.0;0.0;1.0;0.0;0.0;0.0;0.0;0.0;0.0;0.0;0.0;0.0;0.0;0.0;0.0;0.0;0.0;0.0;0.0;0.0;0.0;0.0;0.0;0.0;0.0;0.0;0.0;0.0;0.0
2024-10-29;Villarreal;19;1;1;37;449;Poblense;1;2;17;11;10;4;0.56;0.44;560;0.88;8;6;1;2;0;0;4;1.0;0.0;0.0;1.0;0.0;1.0;0.0;1.0;0.0;1.0;0.0;2;0.04;0.125;493;0.016227180527383367;880.3571428571428;0.23529411764705882;7.142857142857142;6;0.12000000000000005;2;-1;2;0.030357142857142857;0.35294117647058826;0.09333333333333334;0.6666666666666666;5;1;6;1;0;0;1;0;0.35294117647058826;0.6;0.010714285714285714;2.8333333333333335;0.0;0.0;0.0;1.0;1.0;0.0;1.0;0.0;0.0;0.0;0.0;1.0;1.0;0.0;1.0;0.0;0.0;0.0;0.0;0.0;0.0;0.0;0.0;0.0;0.0;0.0;0.0;0.0;0.0;0.0;0.0;0.0;0.0;0.0;0.0;0.0;0.0;0.0;0.0;0.0;0.0;0.0
2024-10-26;Villarreal;1;1;3;37;51;Valladolid;2;4;21;7;9;3;0.55;0.45;510;0.87;13;16;2;4;0;0;6;0.0;1.0;0.0;1.0;1.0;0.0;1.0;1.0;0.0;0.0;1.0;4;0.0642857142857143;0.15384615384615385;444;0.02927927927927928;807.2727272727273;0.2857142857142857;10.909090909090908;14;0.10000000000000003;2;-2;-3;0.041176470588235294;0.09523809523809523;0.275;3.0;1;1;2;1;0;0;1;0;0.09523809523809523;0.2222222222222222;0.00392156862745098;10.5;0.0;0.0;1.0;0.0;0.0;1.0;0.0;1.0;0.0;1.0;0.0;0.0;0.0;0.0;0.0;1.0;0.0;0.0;0.0;0.0;0.0;0.0;0.0;0.0;0.0;0.0;0.0;0.0;0.0;0.0;0.0;0.0;0.0;0.0;0.0;0.0;0.0;0.0;0.0;0.0;0.0;0.0
2024-10-20;Villarreal;1;3;1;37;48;Getafe;4;3;10;21;4;4;0.58;0.42;369;0.73;18;21;4;3;0;0;5;0.0;1.0;0.0;0.0;1.0;0.0;1.0;1.0;0.0;0.0;1.0;5;0.02;0.2222222222222222;269;0.06691449814126393;463.7931034482759;0.5;8.620689655172415;-11;0.15999999999999998;0;1;-3;0.02710027100271003;0.1;0.58;5.0;1;0;1;0;1;0;0;1;0.1;0.25;0.0027100271002710027;10.0;0.0;0.0;1.0;0.0;0.0;1.0;1.0;0.0;0.0;1.0;1.0;0.0;0.0;0.0;0.0;1.0;0.0;0.0;0.0;0.0;0.0;0.0;0.0;0.0;0.0;0.0;0.0;0.0;0.0;0.0;0.0;0.0;0.0;0.0;0.0;0.0;0.0;0.0;0.0;0.0;0.0;0.0
2024-10-05;Villarreal;1;0;1;37;12;Real Madrid;1;0;12;11;1;2;0.44;0.56;516;0.91;11;7;1;0;0;0;5;0.0;1.0;0.0;1.0;1.0;0.0;1.0;1.0;0.0;0.0;1.0;2;0.05090909090909091;0.09090909090909091;470;0.023404255319148935;1068.1818181818182;0.4166666666666667;11.363636363636363;1;-0.12000000000000005;3;1;4;0.023255813953488372;0.0;0.0;0.0;0;0;0;0;0;1;1;0;0.0;0.0;0.0;0.0;0.0;0.0;1.0;0.0;0.0;1.0;1.0;1.0;0.0;1.0;0.0;0.0;0.0;0.0;0.0;0.0;0.0;0.0;0.0;0.0;0.0;0.0;0.0;0.0;0.0;0.0;0.0;0.0;0.0;0.0;0.0;0.0;0.0;0.0;0.0;0.0;0.0;0.0;0.0;0.0;0.0;0.0
2024-09-30;Villarreal;1;1;1;37;50;U. D. Las Palmas;0;4;20;7;7;3;0.42;0.58;443;0.86;15;11;0;4;0;0;3;0.0;1.0;0.0;1.0;1.0;0.0;0.0;1.0;1.0;0.0;1.0;2;0.08285714285714285;0.0;381;0.03937007874015748;907.1428571428572;0.15;7.142857142857143;13;-0.15999999999999998;1;-4;4;0.045146726862302484;0.15;0.13999999999999999;1.0;1;2;3;1;0;0;0;1;0.15;0.42857142857142855;0.006772009029345372;6.666666666666667;0.0;0.0;0.0;0.0;0.0;1.0;1.0;1.0;0.0;0.0;1.0;0.0;0.0;0.0;0.0;1.0;0.0;0.0;0.0;0.0;0.0;0.0;0.0;0.0;0.0;0.0;0.0;0.0;0.0;0.0;0.0;0.0;0.0;0.0;0.0;0.0;0.0;0.0;0.0;0.0;0.0;0.0
2024-09-26;Villarreal;1;1;1;37;49;RCD Espanyol;3;5;15;9;4;2;0.43;0.57;400;0.84;14;12;3;5;0;0;1;0.0;1.0;0.0;1.0;1.0;0.0;1.0;0.0;0.0;1.0;1.0;4;0.06333333333333332;0.21428571428571427;336;0.041666666666666664;781.3953488372093;0.06666666666666667;2.3255813953488373;6;-0.13999999999999996;-3;-2;2;0.0375;0.13333333333333333;0.215;0.5;1;1;2;1;0;0;1;0;0.13333333333333333;0.5;0.005;7.5;0.0;0.0;1.0;0.0;0.0;1.0;1.0;0.0;0.0;1.0;0.0;0.0;0.0;0.0;0.0;1.0;0.0;0.0;0.0;0.0;0.0;0.0;0.0;0.0;0.0;0.0;0.0;0.0;0.0;0.0;0.0;0.0;0.0;0.0;0.0;0.0;0.0;0.0;0.0;0.0;0.0;0.0
2024-09-22;Villarreal;1;1;0;37;10;Barcelona;6;1;13;17;4;10;0.35;0.65;326;0.81;11;12;6;1;0;0;7;0.0;1.0;0.0;1.0;1.0;1.0;1.0;1.0;0.0;1.0;0.0;3;0.03823529411764706;0.5454545454545454;264;0.041666666666666664;754.2857142857143;0.5384615384615384;20.0;-4;-0.30000000000000004;4;5;-1;0.03987730061349693;0.07692307692307693;0.35;7.0;1;0;1;0;0;1;0;1;0.07692307692307693;0.25;0.003067484662576687;13.0;0.0;0.0;1.0;0.0;0.0;1.0;0.0;1.0;0.0;0.0;1.0;0.0;0.0;0.0;0.0;0.0;0.0;0.0;0.0;0.0;0.0;0.0;0.0;0.0;0.0;0.0;0.0;0.0;0.0;0.0;0.0;0.0;0.0;0.0;0.0;0.0;0.0;0.0;0.0;0.0;0.0;0.0
2024-09-14;Villarreal;1;1;3;37;40;R.C.D. Mallorca;3;4;21;9;4;4;0.46;0.54;387;0.8;10;11;3;3;0;1;6;0.0;1.0;0.0;1.0;1.0;0.0;1.0;1.0;0.0;1.0;1.0;7;0.060000000000000005;0.3;310;0.03225806451612903;673.9130434782609;0.2857142857142857;13.043478260869565;12;-0.08000000000000002;-1;-1;-1;0.05426356589147287;0.09523809523809523;0.23;3.0;1;1;2;1;0;0;1;0;0.09523809523809523;0.5;0.00516795865633075;10.5;0.0;0.0;1.0;0.0;0.0;1.0;0.0;0.0;0.0;1.0;0.0;0.0;0.0;0.0;0.0;1.0;0.0;0.0;0.0;0.0;0.0;0.0;0.0;0.0;0.0;0.0;0.0;0.0;0.0;0.0;0.0;0.0;0.0;0.0;0.0;0.0;0.0;0.0;0.0;0.0;0.0;0.0
2024-08-31;Villarreal;1;1;1;37;52;Valencia C. F.;4;3;9;22;2;5;0.42;0.58;372;0.81;11;15;3;3;1;0;3;0.0;1.0;0.0;1.0;1.0;1.0;1.0;1.0;0.0;1.0;1.0;14;0.026363636363636363;0.36363636363636365;301;0.036544850498338874;716.6666666666667;0.3333333333333333;7.142857142857143;-13;-0.15999999999999998;-11;1;-4;0.024193548387096774;0.1111111111111111;0.42;3.0;1;0;1;0;1;0;1;0;0.1111111111111111;0.5;0.002688172043010753;9.0;0.0;0.0;0.0;0.0;0.0;1.0;1.0;0.0;0.0;1.0;0.0;0.0;0.0;0.0;0.0;0.0;0.0;0.0;0.0;0.0;0.0;0.0;0.0;0.0;0.0;0.0;0.0;0.0;0.0;0.0;0.0;0.0;0.0;0.0;0.0;0.0;0.0;0.0;0.0;0.0;0.0;0.0
2024-08-26;Villarreal;1;1;6;37;44;Celta de Vigo;4;3;24;20;9;9;0.44;0.56;450;0.89;8;7;4;3;0;0;7;0.0;1.0;0.0;0.0;1.0;1.0;1.0;1.0;0.0;0.0;0.0;4;0.028000000000000004;0.5;400;0.02;909.0909090909091;0.2916666666666667;15.909090909090908;4;-0.12000000000000005;3;1;1;0.05333333333333334;0.16666666666666666;0.11;1.75;1;3;4;1;0;0;0;1;0.16666666666666666;0.4444444444444444;0.008888888888888889;6.0;0.0;0.0;1.0;0.0;0.0;1.0;0.0;0.0;1.0;1.0;1.0;0.0;0.0;0.0;0.0;0.0;1.0;0.0;0.0;0.0;0.0;0.0;0.0;0.0;0.0;0.0;0.0;0.0;0.0;0.0;0.0;0.0;0.0;0.0;0.0;0.0;0.0;0.0;0.0;0.0;0.0;0.0
2024-08-23;Villarreal;1;1;0;37;43;Sevilla;5;3;8;16;6;7;0.39;0.61;357;0.74;8;16;5;3;0;0;2;0.0;1.0;0.0;0.0;1.0;0.0;1.0;0.0;0.0;0.0;0.0;7;0.038125;0.625;264;0.030303030303030304;676.9230769230769;0.25;5.128205128205128;-8;-0.21999999999999997;-5;2;-8;0.022408963585434174;0.25;0.195;1.0;1;1;2;1;0;0;1;0;0.25;0.3333333333333333;0.0056022408963585435;4.0;0.0;0.0;1.0;0.0;1.0;1.0;1.0;1.0;0.0;0.0;1.0;0.0;0.0;0.0;0.0;1.0;1.0;0.0;0.0;0.0;0.0;0.0;0.0;0.0;0.0;0.0;0.0;0.0;0.0;0.0;0.0;0.0;0.0;0.0;0.0;0.0;0.0;0.0;0.0;0.0;0.0;0.0
2024-08-19;Villarreal;1;1;17;37;27;Atlético Madrid;1;3;9;9;3;4;0.44;0.56;477;0.88;7;12;1;3;0;0;2;0.0;1.0;0.0;0.0;1.0;1.0;1.0;1.0;0.0;0.0;0.0;3;0.06222222222222223;0.14285714285714285;420;0.016666666666666666;954.5454545454545;0.2222222222222222;4.545454545454546;0;-0.12000000000000005;-1;-2;-5;0.018867924528301886;0.2222222222222222;0.22;1.0;2;0;2;0;1;0;0;1;0.2222222222222222;0.6666666666666666;0.0041928721174004195;4.5;0.0;0.0;1.0;0.0;0.0;1.0;0.0;0.0;1.0;1.0;1.0;0.0;0.0;0.0;0.0;0.0;1.0;0.0;0.0;0.0;0.0;0.0;0.0;0.0;0.0;0.0;0.0;0.0;0.0;0.0;0.0;0.0;0.0;0.0;0.0;0.0;0.0;0.0;0.0;0.0;0.0;0.0
2024-05-25;Villarreal;1;1;7;37;41;Osasuna;3;4;11;12;3;6;0.57;0.43;490;0.87;6;13;3;4;0;0;4;0.0;1.0;0.0;0.0;0.0;0.0;1.0;0.0;0.0;0.0;0.0;6;0.035833333333333335;0.5;426;0.014084507042253521;747.3684210526317;0.36363636363636365;7.017543859649123;-1;0.13999999999999996;-2;-1;-7;0.022448979591836733;0.09090909090909091;0.57;4.0;0;1;1;0;1;0;1;0;0.09090909090909091;0.3333333333333333;0.0020408163265306124;11.0;0.0;0.0;1.0;0.0;0.0;0.0;0.0;0.0;0.0;0.0;0.0;0.0;0.0;0.0;1.0;0.0;0.0;1.0;1.0;1.0;1.0;1.0;1.0;1.0;0.0;0.0;0.0;0.0;0.0;0.0;0.0;0.0;0.0;0.0;0.0;0.0;0.0;0.0;0.0;0.0;0.0;0.0
2024-05-19;Villarreal;1;1;3;37;12;Real Madrid;2;2;21;12;7;6;0.43;0.57;502;0.89;15;12;2;2;0;0;3;0.0;0.0;0.0;0.0;0.0;0.0;1.0;1.0;0.0;0.0;0.0;3;0.047499999999999994;0.13333333333333333;447;0.03355704697986577;1039.5348837209303;0.14285714285714285;6.976744186046512;9;-0.13999999999999996;0;0;3;0.04183266932270916;0.19047619047619047;0.1075;0.75;1;3;4;0;1;0;0;1;0.19047619047619047;0.5714285714285714;0.00796812749003984;5.25;0.0;0.0;0.0;0.0;0.0;0.0;0.0;0.0;1.0;0.0;1.0;0.0;0.0;0.0;0.0;1.0;0.0;0.0;1.0;0.0;1.0;0.0;0.0;1.0;1.0;1.0;1.0;0.0;0.0;0.0;0.0;0.0;0.0;0.0;0.0;0.0;0.0;0.0;0.0;0.0;0.0;0.0
2024-05-14;Villarreal;1;1;3;37;24;Girona;4;1;11;22;3;5;0.33;0.67;386;0.83;14;3;3;1;1;0;1;0.0;1.0;0.0;0.0;0.0;0.0;1.0;1.0;0.0;0.0;0.0;5;0.030454545454545456;0.2857142857142857;320;0.04375;969.6969696969696;0.09090909090909091;3.0303030303030303;-11;-0.34;-4;3;11;0.02849740932642487;0.09090909090909091;0.33;1.0;0;1;1;1;0;0;1;0;0.09090909090909091;0.3333333333333333;0.0025906735751295338;11.0;0.0;0.0;1.0;0.0;0.0;0.0;0.0;0.0;0.0;0.0;1.0;0.0;0.0;0.0;0.0;0.0;0.0;0.0;1.0;0.0;1.0;1.0;0.0;1.0;1.0;0.0;1.0;0.0;0.0;0.0;0.0;0.0;0.0;0.0;0.0;0.0;0.0;0.0;0.0;0.0;0.0;0.0
2024-05-11;Villarreal;1;1;4;37;43;Sevilla;3;5;25;8;7;4;0.6;0.4;509;0.87;12;14;3;5;0;0;10;0.0;1.0;0.0;0.0;0.0;0.0;0.0;1.0;0.0;0.0;0.0;1;0.05;0.25;443;0.02708803611738149;738.3333333333334;0.4;16.666666666666668;17;0.19999999999999996;9;-2;-2;0.04911591355599214;0.12;0.19999999999999998;3.3333333333333335;1;2;3;1;0;0;0;1;0.12;0.42857142857142855;0.005893909626719057;8.333333333333334;0.0;0.0;1.0;0.0;0.0;0.0;0.0;0.0;0.0;0.0;1.0;0.0;0.0;0.0;0.0;1.0;0.0;0.0;1.0;0.0;1.0;0.0;0.0;1.0;1.0;0.0;1.0;1.0;0.0;0.0;0.0;0.0;0.0;0.0;0.0;0.0;0.0;0.0;0.0;0.0;0.0;0.0
2024-05-05;Villarreal;1;1;6;37;44;Celta de Vigo;1;4;11;23;3;7;0.46;0.54;522;0.87;5;11;0;4;1;0;1;0.0;1.0;0.0;0.0;0.0;0.0;1.0;1.0;0.0;0.0;0.0;2;0.02347826086956522;0.2;454;0.011013215859030838;986.9565217391304;0.09090909090909091;2.1739130434782608;-12;-0.08000000000000002;-1;-3;-6;0.0210727969348659;0.18181818181818182;0.23;0.5;1;1;2;0;0;1;1;0;0.18181818181818182;0.6666666666666666;0.0038314176245210726;5.5;0.0;0.0;1.0;0.0;0.0;0.0;0.0;0.0;0.0;1.0;0.0;0.0;0.0;0.0;0.0;1.0;0.0;0.0;1.0;0.0;0.0;0.0;0.0;1.0;1.0;1.0;1.0;0.0;0.0;0.0;0.0;0.0;0.0;0.0;0.0;0.0;0.0;0.0;0.0;0.0;0.0;0.0
2024-04-28;Villarreal;1;1;3;37;42;Rayo Vallecano;2;1;15;20;7;4;0.45;0.55;409;0.85;15;8;2;1;0;0;3;0.0;1.0;0.0;0.0;0.0;0.0;1.0;1.0;0.0;0.0;0.0;6;0.027500000000000004;0.13333333333333333;348;0.04310344827586207;773.3333333333333;0.2;6.666666666666666;-5;-0.10000000000000003;-3;1;7;0.03667481662591687;0.2;0.15;1.0;1;2;3;1;0;0;0;1;0.2;0.42857142857142855;0.007334963325183374;5.0;0.0;0.0;1.0;0.0;0.0;0.0;0.0;0.0;0.0;1.0;0.0;0.0;0.0;0.0;0.0;1.0;0.0;0.0;1.0;0.0;0.0;0.0;0.0;1.0;1.0;1.0;1.0;0.0;0.0;0.0;0.0;0.0;0.0;0.0;0.0;0.0;0.0;0.0;0.0;0.0;0.0;0.0
2024-04-21;Villarreal;1;1;3;37;126;Almería;4;2;11;24;3;5;0.43;0.57;388;0.84;16;10;4;1;0;1;2;0.0;1.0;0.0;0.0;0.0;0.0;0.0;1.0;0.0;0.0;0.0;5;0.023749999999999997;0.25;326;0.049079754601226995;758.1395348837209;0.18181818181818182;4.651162790697675;-13;-0.13999999999999996;-3;2;6;0.028350515463917526;0.18181818181818182;0.215;1.0;1;1;2;1;0;0;1;0;0.18181818181818182;0.6666666666666666;0.005154639175257732;5.5;1.0;0.0;1.0;0.0;0.0;0.0;0.0;0.0;1.0;0.0;0.0;0.0;0.0;0.0;0.0;1.0;0.0;0.0;1.0;1.0;0.0;0.0;0.0;1.0;1.0;0.0;0.0;1.0;0.0;0.0;0.0;0.0;0.0;0.0;0.0;0.0;0.0;0.0;0.0;0.0;0.0;0.0
2024-04-14;Villarreal;1;1;3;37;38;Athletic;2;3;10;13;2;6;0.47;0.53;459;0.8;12;13;1;3;1;0;1;0.0;1.0;0.0;0.0;0.0;0.0;1.0;1.0;0.0;0.0;0.0;3;0.04076923076923077;0.16666666666666666;367;0.0326975476839237;780.8510638297872;0.1;2.127659574468085;-3;-0.06000000000000005;-2;-1;-1;0.02178649237472767;0.1;0.47;1.0;0;1;1;0;1;0;1;0;0.1;0.5;0.002178649237472767;10.0;0.0;0.0;1.0;0.0;0.0;0.0;0.0;0.0;1.0;1.0;0.0;0.0;0.0;0.0;0.0;0.0;0.0;0.0;1.0;0.0;0.0;1.0;0.0;1.0;1.0;1.0;0.0;0.0;0.0;0.0;0.0;0.0;0.0;0.0;0.0;0.0;0.0;0.0;0.0;0.0;0.0;0.0
2024-04-01;Villarreal;1;0;4;37;27;Atlético Madrid;3;3;11;14;2;8;0.52;0.48;515;0.85;14;22;3;3;0;0;3;0.0;0.0;0.0;0.0;0.0;0.0;0.0;1.0;0.0;0.0;0.0;3;0.03428571428571429;0.21428571428571427;438;0.0319634703196347;842.3076923076923;0.2727272727272727;5.769230769230769;-3;0.040000000000000036;0;0;-8;0.021359223300970873;0.09090909090909091;0.52;3.0;0;1;1;0;0;1;0;1;0.09090909090909091;0.5;0.001941747572815534;11.0;0.0;0.0;0.0;0.0;0.0;0.0;0.0;0.0;1.0;1.0;0.0;0.0;0.0;0.0;0.0;0.0;0.0;0.0;1.0;1.0;1.0;0.0;0.0;1.0;1.0;0.0;1.0;1.0;1.0;0.0;0.0;0.0;0.0;0.0;0.0;0.0;0.0;0.0;0.0;0.0;0.0;0.0
2024-03-17;Villarreal;1;1;1;37;52;Valencia C. F.;5;1;13;14;7;7;0.53;0.47;470;0.8;12;12;5;1;0;0;5;0.0;1.0;0.0;0.0;0.0;0.0;1.0;0.0;0.0;0.0;0.0;2;0.03357142857142857;0.4166666666666667;376;0.031914893617021274;709.4339622641509;0.38461538461538464;9.433962264150942;-1;0.06000000000000005;3;4;0;0.027659574468085105;0.07692307692307693;0.53;5.0;0;1;1;1;0;0;0;1;0.07692307692307693;0.14285714285714285;0.002127659574468085;13.0;0.0;0.0;1.0;0.0;0.0;0.0;0.0;0.0;0.0;0.0;0.0;0.0;0.0;0.0;0.0;0.0;0.0;0.0;1.0;1.0;1.0;1.0;0.0;1.0;1.0;0.0;1.0;1.0;0.0;0.0;0.0;0.0;0.0;0.0;0.0;0.0;0.0;0.0;0.0;0.0;0.0;0.0
2024-03-14;Villarreal;5;0;2;37;764;Marsella;3;5;25;7;8;2;0.64;0.36;467;0.82;12;12;3;5;0;0;9;0.0;1.0;0.0;0.0;0.0;0.0;0.0;1.0;0.0;0.0;0.0;3;0.05142857142857143;0.25;383;0.031331592689295036;598.4375;0.36;14.0625;18;0.28;6;-2;0;0.05353319057815846;0.12;0.21333333333333335;3.0;1;2;3;1;0;0;0;1;0.12;0.375;0.006423982869379015;8.333333333333334;0.0;0.0;0.0;0.0;0.0;0.0;0.0;0.0;1.0;0.0;1.0;0.0;0.0;0.0;0.0;0.0;0.0;0.0;0.0;1.0;1.0;0.0;0.0;1.0;1.0;0.0;1.0;1.0;1.0;0.0;0.0;0.0;0.0;0.0;0.0;0.0;0.0;0.0;0.0;0.0;0.0;0.0
2024-03-10;Villarreal;1;1;3;37;39;Betis;3;2;6;13;4;4;0.46;0.54;445;0.85;17;12;2;1;1;1;4;0.0;1.0;0.0;0.0;0.0;0.0;1.0;1.0;0.0;0.0;0.0;11;0.04153846153846154;0.17647058823529413;378;0.04497354497354497;821.7391304347826;0.6666666666666666;8.695652173913043;-7;-0.08000000000000002;-7;1;5;0.01348314606741573;0.5;0.15333333333333335;1.3333333333333333;1;2;3;1;0;0;1;0;0.5;0.75;0.006741573033707865;2.0;0.0;0.0;1.0;0.0;0.0;0.0;0.0;0.0;1.0;0.0;1.0;0.0;0.0;0.0;0.0;0.0;0.0;0.0;0.0;1.0;0.0;1.0;0.0;1.0;1.0;1.0;0.0;0.0;0.0;0.0;0.0;0.0;0.0;0.0;0.0;0.0;0.0;0.0;0.0;0.0;0.0;0.0
2024-03-07;Villarreal;5;1;0;37;764;Marsella;4;1;5;12;0;7;0.4;0.6;346;0.84;15;12;3;1;1;0;3;0.0;0.0;0.0;0.0;0.0;0.0;1.0;0.0;0.0;0.0;0.0;2;0.049999999999999996;0.26666666666666666;291;0.05154639175257732;727.5;0.6;7.5;-7;-0.19999999999999996;1;3;3;0.014450867052023121;0.0;0.0;0.0;0;0;0;0;0;1;1;0;0.0;0.0;0.0;0.0;0.0;0.0;1.0;0.0;0.0;0.0;0.0;0.0;1.0;0.0;1.0;0.0;0.0;0.0;0.0;1.0;0.0;1.0;1.0;1.0;1.0;0.0;0.0;0.0;0.0;0.0;1.0;1.0;0.0;0.0;0.0;0.0;0.0;0.0;0.0;0.0;0.0;0.0;0.0;0.0;0.0;0.0
2024-03-03;Villarreal;1;1;6;37;119;Granada;1;2;16;9;10;3;0.48;0.52;437;0.83;12;15;1;2;0;0;6;0.0;1.0;0.0;0.0;0.0;0.0;0.0;1.0;0.0;0.0;0.0;4;0.05777777777777778;0.08333333333333333;363;0.03305785123966942;756.25;0.375;12.5;7;-0.040000000000000036;2;-1;-3;0.036613272311212815;0.3125;0.096;1.2;3;2;5;1;0;0;0;1;0.3125;0.5;0.011441647597254004;3.2;0.0;0.0;1.0;0.0;0.0;0.0;0.0;0.0;1.0;0.0;1.0;0.0;0.0;0.0;0.0;0.0;0.0;1.0;1.0;0.0;0.0;1.0;0.0;1.0;0.0;1.0;0.0;0.0;1.0;0.0;0.0;0.0;0.0;0.0;0.0;0.0;0.0;0.0;0.0;0.0;0.0;0.0
2024-02-23;Villarreal;1;1;7;37;46;Real Sociedad;4;3;6;21;4;8;0.29;0.71;251;0.72;14;15;4;3;0;0;2;0.0;0.0;0.0;0.0;0.0;0.0;1.0;0.0;0.0;0.0;0.0;13;0.03380952380952381;0.2857142857142857;181;0.07734806629834254;624.1379310344828;0.3333333333333333;6.8965517241379315;-15;-0.42;-11;1;-1;0.02390438247011952;0.5;0.09666666666666666;0.6666666666666666;1;2;3;1;0;0;1;0;0.5;0.75;0.01195219123505976;2.0;0.0;0.0;1.0;0.0;0.0;0.0;0.0;0.0;1.0;1.0;1.0;0.0;0.0;0.0;0.0;1.0;0.0;0.0;1.0;0.0;0.0;0.0;0.0;0.0;1.0;1.0;1.0;1.0;0.0;0.0;0.0;0.0;0.0;0.0;0.0;0.0;0.0;0.0;0.0;0.0;0.0;0.0
2024-02-16;Villarreal;1;1;1;37;48;Getafe;0;1;20;11;7;2;0.56;0.44;464;0.76;13;13;0;1;0;0;8;0.0;1.0;0.0;0.0;0.0;0.0;1.0;0.0;0.0;0.0;0.0;3;0.04;0.0;353;0.036827195467422094;630.3571428571428;0.4;14.285714285714285;9;0.12000000000000005;5;-1;0;0.04310344827586207;0.05;0.56;8.0;0;1;1;0;1;0;0;1;0.05;0.14285714285714285;0.0021551724137931034;20.0;0.0;0.0;1.0;0.0;0.0;0.0;0.0;0.0;1.0;1.0;0.0;0.0;0.0;0.0;0.0;1.0;0.0;0.0;1.0;0.0;0.0;0.0;0.0;0.0;1.0;1.0;1.0;1.0;0.0;0.0;0.0;0.0;0.0;0.0;0.0;0.0;0.0;0.0;0.0;0.0;0.0;0.0
2024-02-10;Villarreal;1;1;3;37;45;Alavés;2;0;13;17;4;4;0.49;0.51;383;0.8;11;7;2;0;0;0;9;0.0;1.0;0.0;0.0;0.0;0.0;1.0;0.0;0.0;0.0;0.0;10;0.03;0.18181818181818182;306;0.03594771241830065;624.4897959183673;0.6923076923076923;18.367346938775512;-4;-0.020000000000000018;-1;2;4;0.033942558746736295;0.07692307692307693;0.49;9.0;1;0;1;0;1;0;1;0;0.07692307692307693;0.25;0.0026109660574412533;13.0;0.0;0.0;1.0;0.0;0.0;0.0;0.0;0.0;1.0;1.0;0.0;0.0;0.0;0.0;0.0;1.0;0.0;0.0;1.0;0.0;1.0;0.0;0.0;1.0;1.0;0.0;0.0;1.0;0.0;0.0;0.0;0.0;0.0;0.0;0.0;0.0;0.0;0.0;0.0;0.0;0.0;0.0
2024-02-04;Villarreal;1;1;1;37;130;Cádiz;3;1;19;8;4;2;0.6;0.4;490;0.83;14;14;3;1;0;0;13;0.0;1.0;0.0;0.0;0.0;0.0;1.0;0.0;0.0;0.0;0.0;2;0.05;0.21428571428571427;407;0.0343980343980344;678.3333333333334;0.6842105263157895;21.666666666666668;11;0.19999999999999996;11;2;0;0.03877551020408163;0.0;0.0;0.0;0;0;0;0;1;0;0;1;0.0;0.0;0.0;0.0;0.0;0.0;1.0;0.0;0.0;0.0;0.0;0.0;1.0;1.0;0.0;0.0;0.0;0.0;0.0;1.0;0.0;0.0;0.0;0.0;1.0;0.0;0.0;1.0;1.0;1.0;0.0;1.0;0.0;0.0;0.0;0.0;0.0;0.0;0.0;0.0;0.0;0.0;0.0;0.0;0.0;0.0
2024-01-27;Villarreal;1;1;0;37;10;Barcelona;4;3;9;22;6;10;0.28;0.72;270;0.72;13;8;4;3;0;0;0;0.0;1.0;0.0;0.0;0.0;0.0;1.0;0.0;0.0;0.0;0.0;10;0.03272727272727272;0.3076923076923077;194;0.06701030927835051;692.8571428571428;0.0;0.0;-13;-0.43999999999999995;-10;1;5;0.03333333333333333;0.5555555555555556;0.05600000000000001;0.0;1;4;5;1;0;0;1;0;0.5555555555555556;0.8333333333333334;0.018518518518518517;1.8;0.0;0.0;1.0;0.0;0.0;0.0;0.0;0.0;1.0;0.0;1.0;0.0;0.0;0.0;0.0;1.0;0.0;0.0;0.0;0.0;1.0;0.0;0.0;1.0;1.0;1.0;0.0;1.0;0.0;0.0;0.0;0.0;0.0;0.0;0.0;0.0;0.0;0.0;0.0;0.0;0.0;0.0
2024-01-20;Villarreal;1;1;9;37;40;R.C.D. Mallorca;3;2;18;8;5;2;0.51;0.49;437;0.81;13;11;2;2;1;0;4;0.0;1.0;0.0;0.0;0.0;0.0;1.0;0.0;0.0;0.0;0.0;6;0.06125;0.23076923076923078;354;0.03672316384180791;694.1176470588235;0.2222222222222222;7.8431372549019605;10;0.020000000000000018;-2;1;2;0.041189931350114416;0.05555555555555555;0.51;4.0;1;0;1;0;1;0;0;1;0.05555555555555555;0.2;0.002288329519450801;18.0;0.0;0.0;1.0;0.0;0.0;0.0;0.0;0.0;1.0;0.0;1.0;0.0;0.0;0.0;0.0;1.0;0.0;0.0;0.0;0.0;1.0;0.0;0.0;1.0;1.0;1.0;0.0;1.0;0.0;0.0;0.0;0.0;0.0;0.0;0.0;0.0;0.0;0.0;0.0;0.0;0.0;0.0
2024-01-13;Villarreal;1;1;0;37;50;U. D. Las Palmas;3;4;17;8;3;3;0.44;0.56;414;0.85;11;13;3;4;0;0;6;0.0;0.0;0.0;0.0;0.0;0.0;1.0;1.0;0.0;0.0;0.0;4;0.07;0.2727272727272727;352;0.03125;800.0;0.35294117647058826;13.636363636363637;9;-0.12000000000000005;2;-1;-2;0.04106280193236715;0.0;0.0;0.0;0;0;0;0;0;1;1;0;0.0;0.0;0.0;0.0;1.0;0.0;1.0;0.0;0.0;0.0;0.0;0.0;1.0;0.0;1.0;0.0;0.0;0.0;0.0;1.0;0.0;0.0;0.0;0.0;1.0;0.0;0.0;0.0;1.0;0.0;0.0;0.0;0.0;1.0;1.0;0.0;0.0;0.0;0.0;0.0;0.0;0.0;0.0;0.0;0.0;0.0
2024-01-08;Villarreal;19;3;1;37;-1;Unionistas de Salamanca;6;3;13;17;4;3;0.57;0.43;508;0.77;16;23;6;3;0;0;7;0.0;0.0;0.0;0.0;0.0;0.0;1.0;1.0;0.0;0.0;0.0;5;0.025294117647058825;0.375;391;0.04092071611253197;685.9649122807018;0.5384615384615384;12.280701754385966;-4;0.13999999999999996;2;3;-7;0.025590551181102362;0.07692307692307693;0.57;7.0;0;1;1;0;1;0;1;0;0.07692307692307693;0.25;0.001968503937007874;13.0;0.0;0.0;1.0;0.0;0.0;0.0;0.0;0.0;1.0;0.0;1.0;0.0;0.0;0.0;0.0;1.0;0.0;1.0;0.0;0.0;1.0;0.0;0.0;0.0;0.0;1.0;0.0;0.0;0.0;1.0;1.0;0.0;0.0;0.0;0.0;0.0;0.0;0.0;0.0;0.0;0.0;0.0
2024-01-02;Villarreal;1;0;1;37;52;Valencia C. F.;5;2;8;11;4;8;0.55;0.45;503;0.85;15;12;5;2;0;0;3;0.0;0.0;0.0;0.0;0.0;0.0;0.0;1.0;0.0;0.0;0.0;4;0.04090909090909091;0.3333333333333333;428;0.035046728971962614;778.1818181818181;0.375;5.454545454545454;-3;0.10000000000000003;-1;3;3;0.015904572564612324;0.125;0.55;3.0;0;1;1;0;0;1;1;0;0.125;0.25;0.0019880715705765406;8.0;0.0;0.0;0.0;0.0;0.0;0.0;0.0;0.0;1.0;1.0;0.0;0.0;0.0;0.0;1.0;1.0;0.0;0.0;0.0;0.0;1.0;0.0;0.0;0.0;1.0;1.0;0.0;0.0;1.0;1.0;1.0;0.0;0.0;0.0;0.0;0.0;0.0;0.0;0.0;0.0;0.0;0.0
2023-12-20;Villarreal;1;1;1;37;44;Celta de Vigo;2;4;12;15;8;5;0.47;0.53;459;0.82;16;15;2;4;0;0;4;0.0;0.0;0.0;0.0;0.0;0.0;1.0;1.0;0.0;0.0;0.0;7;0.035333333333333335;0.125;376;0.0425531914893617;800.0;0.3333333333333333;8.51063829787234;-3;-0.06000000000000005;-3;-2;1;0.026143790849673203;0.25;0.15666666666666665;1.3333333333333333;2;1;3;1;0;0;0;1;0.25;0.375;0.006535947712418301;4.0;1.0;0.0;1.0;0.0;0.0;0.0;0.0;0.0;0.0;1.0;0.0;0.0;0.0;0.0;0.0;1.0;0.0;0.0;0.0;1.0;0.0;0.0;0.0;1.0;1.0;1.0;0.0;0.0;0.0;1.0;0.0;0.0;0.0;0.0;0.0;0.0;0.0;0.0;0.0;0.0;0.0;0.0
2023-12-17;Villarreal;1;1;1;37;12;Real Madrid;3;2;3;22;1;9;0.39;0.61;427;0.84;12;14;3;2;0;0;0;0.0;0.0;0.0;0.0;0.0;0.0;0.0;1.0;0.0;0.0;0.0;14;0.027727272727272725;0.25;359;0.033426183844011144;920.5128205128204;0.0;0.0;-19;-0.21999999999999997;-14;1;-2;0.00702576112412178;0.3333333333333333;0.39;0.0;0;1;1;0;0;1;1;0;0.3333333333333333;1.0;0.00234192037470726;3.0;1.0;0.0;1.0;0.0;0.0;0.0;0.0;0.0;1.0;1.0;0.0;0.0;0.0;0.0;0.0;1.0;0.0;0.0;0.0;1.0;0.0;0.0;0.0;0.0;1.0;0.0;0.0;0.0;1.0;1.0;1.0;0.0;0.0;0.0;0.0;0.0;0.0;0.0;0.0;0.0;0.0;0.0
2023-12-14;Villarreal;5;1;17;37;768;Rennes;3;4;13;10;5;5;0.46;0.54;397;0.78;15;12;3;4;0;0;3;0.0;0.0;1.0;0.0;0.0;0.0;0.0;1.0;0.0;0.0;0.0;4;0.054000000000000006;0.2;310;0.04838709677419355;673.9130434782609;0.23076923076923078;6.521739130434782;3;-0.08000000000000002;-1;-1;3;0.0327455919395466;0.23076923076923078;0.15333333333333335;1.0;1;2;3;1;0;0;1;0;0.23076923076923078;0.6;0.007556675062972292;4.333333333333333;0.0;0.0;1.0;0.0;0.0;0.0;0.0;0.0;1.0;1.0;0.0;0.0;0.0;0.0;0.0;1.0;0.0;1.0;0.0;0.0;0.0;0.0;0.0;1.0;0.0;0.0;0.0;0.0;1.0;1.0;0.0;1.0;0.0;0.0;0.0;0.0;0.0;0.0;0.0;0.0;0.0;0.0
2023-12-09;Villarreal;1;1;7;37;46;Real Sociedad;2;1;20;16;4;5;0.52;0.48;425;0.81;10;22;2;1;0;0;5;0.0;0.0;1.0;0.0;0.0;0.0;0.0;1.0;0.0;0.0;0.0;3;0.03;0.2;344;0.029069767441860465;661.5384615384615;0.25;9.615384615384615;4;0.040000000000000036;2;1;-12;0.047058823529411764;0.0;0.0;0.0;0;0;0;0;0;1;0;1;0.0;0.0;0.0;0.0;1.0;0.0;1.0;0.0;0.0;0.0;0.0;0.0;1.0;1.0;0.0;0.0;0.0;0.0;0.0;0.0;0.0;0.0;0.0;0.0;1.0;0.0;0.0;0.0;1.0;0.0;0.0;0.0;1.0;1.0;1.0;0.0;0.0;0.0;0.0;0.0;0.0;0.0;0.0;0.0;0.0;0.0
2023-12-03;Villarreal;1;1;0;37;43;Sevilla;3;3;5;18;4;4;0.43;0.57;405;0.83;16;6;3;3;0;0;4;0.0;0.0;1.0;0.0;0.0;0.0;1.0;1.0;0.0;0.0;0.0;8;0.03166666666666666;0.1875;336;0.047619047619047616;781.3953488372093;0.8;9.30232558139535;-13;-0.13999999999999996;-4;0;10;0.012345679012345678;0.2;0.43;4.0;0;1;1;0;1;0;1;0;0.2;0.25;0.0024691358024691358;5.0;1.0;0.0;1.0;0.0;0.0;0.0;0.0;0.0;1.0;1.0;0.0;0.0;0.0;0.0;0.0;0.0;0.0;0.0;0.0;0.0;1.0;0.0;0.0;0.0;1.0;0.0;0.0;0.0;0.0;1.0;1.0;0.0;0.0;0.0;0.0;0.0;0.0;0.0;0.0;0.0;0.0;0.0
2023-11-30;Villarreal;5;1;3;37;161;Panathinaikos;2;1;11;10;9;3;0.55;0.45;523;0.87;16;13;2;1;0;0;3;0.0;0.0;1.0;0.0;0.0;0.0;1.0;1.0;0.0;0.0;0.0;3;0.045;0.125;455;0.035164835164835165;827.2727272727273;0.2727272727272727;5.454545454545454;1;0.10000000000000003;0;1;3;0.021032504780114723;0.2727272727272727;0.18333333333333335;1.0;2;1;3;1;0;0;0;1;0.2727272727272727;0.3333333333333333;0.0057361376673040155;3.6666666666666665;0.0;0.0;1.0;0.0;0.0;0.0;0.0;0.0;0.0;1.0;0.0;0.0;0.0;0.0;0.0;1.0;0.0;1.0;0.0;0.0;1.0;0.0;1.0;0.0;0.0;1.0;0.0;0.0;0.0;0.0;1.0;0.0;0.0;0.0;0.0;0.0;0.0;0.0;0.0;0.0;0.0;0.0
2023-11-26;Villarreal;1;1;3;37;41;Osasuna;0;0;10;15;3;7;0.44;0.56;456;0.81;9;14;0;0;0;0;2;0.0;0.0;1.0;0.0;0.0;0.0;0.0;1.0;0.0;0.0;0.0;4;0.037333333333333336;0.0;369;0.024390243902439025;838.6363636363636;0.2;4.545454545454546;-5;-0.12000000000000005;-2;0;-5;0.021929824561403508;0.3;0.14666666666666667;0.6666666666666666;0;3;3;1;0;0;0;1;0.3;1.0;0.006578947368421052;3.3333333333333335;1.0;0.0;1.0;0.0;0.0;0.0;0.0;0.0;1.0;1.0;0.0;0.0;0.0;0.0;0.0;0.0;0.0;0.0;0.0;0.0;1.0;0.0;0.0;0.0;1.0;0.0;0.0;0.0;1.0;1.0;1.0;0.0;0.0;0.0;0.0;0.0;0.0;0.0;0.0;0.0;0.0;0.0
2023-11-22;Villarreal;19;1;1;37;-1;Zamora;2;3;32;9;8;3;0.71;0.29;879;0.9;9;9;2;3;0;0;13;0.0;1.0;0.0;0.0;0.0;0.0;1.0;1.0;0.0;0.0;0.0;5;0.03222222222222222;0.2222222222222222;791;0.011378002528445006;1114.0845070422536;0.40625;18.30985915492958;23;0.42;8;-1;0;0.03640500568828214;0.0625;0.355;6.5;0;2;2;1;0;0;1;0;0.0625;0.25;0.0022753128555176336;16.0;1.0;0.0;0.0;0.0;0.0;0.0;0.0;0.0;0.0;1.0;0.0;0.0;0.0;0.0;0.0;0.0;0.0;1.0;0.0;0.0;1.0;0.0;1.0;0.0;0.0;1.0;0.0;0.0;0.0;1.0;1.0;0.0;0.0;0.0;0.0;0.0;0.0;0.0;0.0;0.0;0.0;0.0
2023-11-12;Villarreal;1;1;2;37;27;Atlético Madrid;2;0;11;25;7;10;0.51;0.49;592;0.87;8;8;2;0;0;0;3;0.0;0.0;0.0;0.0;0.0;1.0;0.0;1.0;0.0;0.0;0.0;6;0.0196;0.25;515;0.015533980582524271;1009.8039215686274;0.2727272727272727;5.88235294117647;-14;0.020000000000000018;-3;2;0;0.018581081081081082;0.09090909090909091;0.51;3.0;1;0;1;0;0;1;1;0;0.09090909090909091;0.14285714285714285;0.0016891891891891893;11.0;0.0;0.0;1.0;0.0;0.0;0.0;0.0;0.0;1.0;1.0;0.0;0.0;0.0;0.0;0.0;0.0;0.0;0.0;0.0;0.0;1.0;0.0;0.0;1.0;1.0;1.0;0.0;0.0;1.0;1.0;0.0;0.0;0.0;0.0;0.0;0.0;0.0;0.0;0.0;0.0;0.0;0.0
2023-11-09;Villarreal;5;3;3;37;-1;Maccabi Haifa;3;3;24;14;10;4;0.65;0.35;596;0.9;13;12;3;3;0;0;6;0.0;0.0;0.0;0.0;0.0;0.0;1.0;0.0;0.0;0.0;0.0;6;0.024999999999999998;0.23076923076923078;536;0.024253731343283583;824.6153846153846;0.25;9.23076923076923;10;0.30000000000000004;0;0;1;0.040268456375838924;0.08333333333333333;0.325;3.0;0;2;2;1;0;0;1;0;0.08333333333333333;0.2;0.003355704697986577;12.0;0.0;0.0;0.0;0.0;0.0;0.0;0.0;0.0;0.0;0.0;0.0;0.0;0.0;0.0;1.0;1.0;0.0;1.0;0.0;1.0;0.0;0.0;1.0;1.0;0.0;1.0;0.0;0.0;0.0;1.0;0.0;1.0;1.0;0.0;0.0;0.0;0.0;0.0;0.0;0.0;0.0;0.0
2023-11-05;Villarreal;1;1;3;37;38;Athletic;4;4;17;17;6;7;0.58;0.42;524;0.85;11;18;4;4;0;0;9;0.0;0.0;0.0;0.0;0.0;0.0;0.0;1.0;0.0;0.0;0.0;3;0.024705882352941175;0.36363636363636365;445;0.024719101123595506;767.2413793103449;0.5294117647058824;15.517241379310345;0;0.15999999999999998;6;0;-7;0.03244274809160305;0.11764705882352941;0.29;4.5;0;2;2;0;0;1;0;1;0.11764705882352941;0.3333333333333333;0.003816793893129771;8.5;0.0;0.0;1.0;0.0;0.0;0.0;0.0;0.0;1.0;1.0;0.0;0.0;0.0;0.0;0.0;1.0;0.0;0.0;0.0;0.0;0.0;0.0;0.0;1.0;1.0;0.0;0.0;0.0;1.0;1.0;0.0;1.0;0.0;1.0;0.0;0.0;0.0;0.0;0.0;0.0;0.0;0.0
2023-11-02;Villarreal;19;3;0;37;-1;Chiclana;0;1;19;3;13;1;0.76;0.24;650;0.87;4;11;0;1;0;0;8;0.0;1.0;0.0;0.0;0.0;0.0;1.0;0.0;0.0;0.0;0.0;2;0.08;0.0;566;0.007067137809187279;744.7368421052631;0.42105263157894735;10.526315789473685;16;0.52;6;-1;-7;0.02923076923076923;0.2631578947368421;0.152;1.6;3;2;5;1;0;0;1;0;0.2631578947368421;0.38461538461538464;0.007692307692307693;3.8;0.0;0.0;0.0;0.0;0.0;0.0;0.0;0.0;0.0;0.0;0.0;0.0;0.0;0.0;1.0;1.0;0.0;1.0;0.0;1.0;1.0;0.0;1.0;0.0;0.0;0.0;0.0;0.0;0.0;0.0;0.0;0.0;1.0;1.0;1.0;0.0;0.0;0.0;0.0;0.0;0.0;0.0
2023-10-30;Villarreal;1;1;3;37;119;Granada;4;0;6;18;5;8;0.55;0.45;499;0.85;15;14;4;0;0;0;1;0.0;0.0;0.0;0.0;0.0;0.0;0.0;1.0;0.0;0.0;0.0;4;0.025;0.26666666666666666;424;0.03537735849056604;770.9090909090909;0.16666666666666666;1.8181818181818181;-12;0.10000000000000003;-3;4;1;0.012024048096192385;0.5;0.18333333333333335;0.3333333333333333;3;0;3;1;0;0;1;0;0.5;0.6;0.006012024048096192;2.0;0.0;0.0;1.0;0.0;0.0;0.0;0.0;0.0;1.0;1.0;0.0;0.0;0.0;0.0;0.0;1.0;0.0;0.0;0.0;0.0;0.0;0.0;0.0;1.0;1.0;1.0;0.0;0.0;1.0;1.0;0.0;1.0;0.0;0.0;0.0;0.0;0.0;0.0;0.0;0.0;0.0;0.0
2023-10-22;Villarreal;1;30;3;37;45;Alavés;4;3;12;16;3;7;0.69;0.31;567;0.89;15;10;4;3;0;0;9;0.0;1.0;0.0;0.0;0.0;0.0;1.0;1.0;0.0;0.0;0.0;3;0.019375;0.26666666666666666;505;0.0297029702970297;731.8840579710145;0.75;13.043478260869566;-4;0.37999999999999995;6;1;5;0.021164021164021163;0.08333333333333333;0.69;9.0;0;1;1;0;1;0;0;1;0.08333333333333333;0.3333333333333333;0.001763668430335097;12.0;1.0;0.0;0.0;0.0;0.0;0.0;0.0;0.0;1.0;1.0;0.0;0.0;0.0;0.0;0.0;0.0;0.0;0.0;0.0;1.0;1.0;0.0;0.0;1.0;1.0;0.0;0.0;0.0;1.0;0.0;0.0;0.0;0.0;0.0;0.0;0.0;0.0;0.0;0.0;0.0;0.0;0.0
2023-10-08;Villarreal;1;3;5;37;50;U. D. Las Palmas;4;4;9;8;4;5;0.49;0.51;409;0.83;17;7;4;4;0;0;7;0.0;0.0;1.0;0.0;0.0;1.0;0.0;1.0;0.0;0.0;0.0;2;0.06375;0.23529411764705882;339;0.05014749262536873;691.8367346938776;0.7777777777777778;14.285714285714286;1;-0.020000000000000018;5;0;10;0.022004889975550123;0.1111111111111111;0.49;7.0;0;1;1;0;0;1;0;1;0.1111111111111111;0.25;0.0024449877750611247;9.0;1.0;0.0;0.0;0.0;0.0;0.0;0.0;0.0;0.0;1.0;0.0;0.0;0.0;0.0;0.0;0.0;0.0;0.0;0.0;1.0;0.0;0.0;1.0;1.0;1.0;0.0;0.0;0.0;1.0;0.0;0.0;0.0;1.0;0.0;0.0;0.0;0.0;0.0;0.0;0.0;0.0;0.0
2023-10-05;Villarreal;5;3;3;37;768;Rennes;4;2;7;17;2;4;0.47;0.53;355;0.81;15;18;4;2;0;0;3;0.0;1.0;0.0;0.0;0.0;1.0;0.0;1.0;0.0;0.0;0.0;6;0.031176470588235295;0.26666666666666666;288;0.052083333333333336;612.7659574468086;0.42857142857142855;6.382978723404256;-10;-0.06000000000000005;-3;2;-3;0.01971830985915493;0.14285714285714285;0.47;3.0;1;0;1;1;0;0;0;1;0.14285714285714285;0.5;0.0028169014084507044;7.0;0.0;0.0;1.0;0.0;0.0;0.0;0.0;0.0;0.0;0.0;0.0;0.0;0.0;0.0;0.0;0.0;0.0;1.0;0.0;1.0;0.0;0.0;1.0;1.0;0.0;1.0;0.0;0.0;1.0;0.0;0.0;1.0;0.0;0.0;0.0;0.0;0.0;0.0;0.0;0.0;0.0;0.0
2023-09-30;Villarreal;1;1;1;37;48;Getafe;5;2;3;22;0;9;0.35;0.65;269;0.69;11;19;4;2;1;0;4;0.0;0.0;1.0;0.0;0.0;1.0;0.0;1.0;0.0;0.0;0.0;6;0.029545454545454545;0.45454545454545453;186;0.05913978494623656;531.4285714285714;1.3333333333333333;11.428571428571429;-19;-0.30000000000000004;-2;3;-8;0.011152416356877323;0.0;0.0;0.0;0;0;0;0;1;0;1;0;0.0;0.0;0.0;0.0;1.0;0.0;1.0;0.0;0.0;0.0;0.0;0.0;0.0;1.0;0.0;0.0;0.0;0.0;0.0;0.0;0.0;0.0;0.0;0.0;0.0;0.0;0.0;1.0;1.0;0.0;0.0;0.0;1.0;0.0;1.0;1.0;0.0;0.0;0.0;0.0;0.0;0.0;0.0;0.0;0.0;0.0
2023-09-27;Villarreal;1;1;7;37;24;Girona;3;2;14;17;3;5;0.54;0.46;461;0.88;9;11;3;2;0;0;5;0.0;0.0;1.0;0.0;0.0;1.0;0.0;1.0;0.0;0.0;0.0;6;0.027058823529411767;0.3333333333333333;406;0.022167487684729065;751.8518518518518;0.35714285714285715;9.25925925925926;-3;0.08000000000000002;-1;1;-2;0.03036876355748373;0.07142857142857142;0.54;5.0;0;1;1;0;0;1;0;1;0.07142857142857142;0.3333333333333333;0.0021691973969631237;14.0;1.0;0.0;1.0;0.0;0.0;0.0;0.0;0.0;0.0;1.0;0.0;0.0;0.0;0.0;0.0;0.0;0.0;0.0;0.0;1.0;0.0;0.0;0.0;1.0;1.0;0.0;0.0;0.0;1.0;0.0;1.0;0.0;0.0;0.0;0.0;0.0;0.0;0.0;0.0;0.0;0.0;0.0
2023-09-24;Villarreal;1;1;3;37;42;Rayo Vallecano;2;2;13;11;6;6;0.6;0.4;474;0.85;18;20;1;2;1;0;8;0.0;0.0;1.0;0.0;0.0;1.0;1.0;1.0;0.0;0.0;0.0;2;0.03636363636363637;0.1111111111111111;403;0.04466501240694789;671.6666666666667;0.6153846153846154;13.333333333333334;2;0.19999999999999996;6;0;-2;0.027426160337552744;0.07692307692307693;0.6;8.0;1;0;1;0;1;0;1;0;0.07692307692307693;0.16666666666666666;0.002109704641350211;13.0;0.0;0.0;1.0;0.0;0.0;0.0;0.0;0.0;1.0;1.0;0.0;0.0;0.0;0.0;0.0;0.0;0.0;0.0;0.0;1.0;0.0;0.0;0.0;1.0;1.0;1.0;0.0;0.0;0.0;0.0;0.0;0.0;0.0;0.0;0.0;0.0;0.0;0.0;0.0;0.0;0.0;0.0
2023-09-21;Villarreal;5;3;1;37;161;Panathinaikos;4;1;4;13;1;3;0.58;0.42;525;0.86;10;11;4;1;0;0;4;0.0;1.0;0.0;0.0;0.0;0.0;1.0;0.0;1.0;0.0;0.0;6;0.03230769230769231;0.4;452;0.022123893805309734;779.3103448275863;1.0;6.8965517241379315;-9;0.15999999999999998;-2;3;-1;0.007619047619047619;0.0;0.0;0.0;0;0;0;0;0;1;1;0;0.0;0.0;0.0;0.0;1.0;0.0;0.0;0.0;0.0;0.0;0.0;0.0;0.0;0.0;0.0;0.0;0.0;0.0;0.0;0.0;0.0;1.0;0.0;1.0;0.0;0.0;1.0;0.0;0.0;0.0;0.0;0.0;1.0;0.0;1.0;1.0;1.0;0.0;0.0;0.0;0.0;0.0;0.0;0.0;0.0;0.0
2023-09-17;Villarreal;1;3;3;37;126;Almería;2;3;10;17;4;7;0.63;0.37;497;0.86;16;6;2;3;0;0;6;0.0;0.0;1.0;0.0;0.0;1.0;0.0;1.0;0.0;0.0;0.0;6;0.02176470588235294;0.125;427;0.03747072599531616;677.7777777777778;0.6;9.523809523809524;-7;0.26;0;-1;10;0.02012072434607646;0.2;0.315;3.0;1;1;2;1;0;0;0;1;0.2;0.5;0.004024144869215292;5.0;0.0;0.0;1.0;0.0;0.0;0.0;0.0;0.0;1.0;1.0;0.0;0.0;0.0;0.0;0.0;0.0;0.0;0.0;0.0;0.0;0.0;0.0;0.0;1.0;1.0;0.0;0.0;0.0;1.0;0.0;0.0;1.0;0.0;1.0;0.0;0.0;0.0;0.0;0.0;0.0;0.0;0.0
2023-09-01;Villarreal;1;0;1;37;130;Cádiz;5;5;7;18;3;4;0.58;0.42;430;0.83;15;21;4;5;1;0;3;0.0;0.0;1.0;0.0;0.0;1.0;0.0;0.0;1.0;0.0;0.0;7;0.02333333333333333;0.3333333333333333;357;0.04201680672268908;615.5172413793103;0.42857142857142855;5.172413793103448;-11;0.15999999999999998;-4;0;-6;0.01627906976744186;0.14285714285714285;0.58;3.0;1;0;1;0;0;1;1;0;0.14285714285714285;0.3333333333333333;0.002325581395348837;7.0;1.0;0.0;1.0;0.0;0.0;0.0;0.0;0.0;1.0;1.0;0.0;0.0;0.0;0.0;1.0;0.0;0.0;0.0;0.0;0.0;1.0;0.0;0.0;1.0;1.0;0.0;0.0;0.0;0.0;0.0;0.0;0.0;0.0;0.0;0.0;0.0;0.0;0.0;0.0;0.0;0.0;0.0
2023-08-27;Villarreal;1;1;0;37;10;Barcelona;3;3;13;21;6;11;0.39;0.61;382;0.85;12;14;3;3;0;0;2;0.0;0.0;1.0;0.0;0.0;0.0;0.0;1.0;0.0;0.0;0.0;6;0.029047619047619048;0.25;325;0.036923076923076927;833.3333333333333;0.15384615384615385;5.128205128205128;-8;-0.21999999999999997;-4;0;-2;0.034031413612565446;0.23076923076923078;0.13;0.6666666666666666;2;1;3;0;0;1;0;1;0.23076923076923078;0.5;0.007853403141361256;4.333333333333333;1.0;0.0;1.0;0.0;0.0;0.0;0.0;0.0;1.0;0.0;0.0;0.0;0.0;0.0;1.0;0.0;0.0;0.0;0.0;0.0;1.0;0.0;0.0;1.0;1.0;0.0;0.0;0.0;1.0;0.0;0.0;1.0;0.0;0.0;0.0;0.0;0.0;0.0;0.0;0.0;0.0;0.0
2023-08-18;Villarreal;1;0;4;37;40;R.C.D. Mallorca;4;2;15;8;3;1;0.61;0.39;517;0.89;11;12;4;2;0;0;5;0.0;0.0;1.0;0.0;0.0;0.0;0.0;1.0;0.0;0.0;0.0;6;0.04875;0.36363636363636365;460;0.02391304347826087;754.0983606557377;0.3333333333333333;8.19672131147541;7;0.21999999999999997;-1;2;-1;0.029013539651837523;0.06666666666666667;0.61;5.0;0;1;1;1;0;0;1;0;0.06666666666666667;0.3333333333333333;0.0019342359767891683;15.0;1.0;0.0;1.0;0.0;0.0;0.0;0.0;0.0;1.0;0.0;0.0;0.0;0.0;0.0;1.0;0.0;0.0;0.0;0.0;0.0;1.0;0.0;0.0;1.0;1.0;0.0;0.0;0.0;0.0;0.0;0.0;1.0;1.0;0.0;0.0;0.0;0.0;0.0;0.0;0.0;0.0;0.0
2023-08-13;Villarreal;1;0;3;37;39;Betis;1;3;18;12;5;5;0.64;0.36;560;0.85;13;17;1;3;0;0;9;0.0;0.0;1.0;0.0;0.0;0.0;1.0;1.0;0.0;0.0;0.0;4;0.03;0.07692307692307693;476;0.0273109243697479;743.75;0.5;14.0625;6;0.28;5;-2;-4;0.03214285714285714;0.05555555555555555;0.64;9.0;0;1;1;0;0;1;0;1;0.05555555555555555;0.2;0.0017857142857142857;18.0;0.0;0.0;1.0;0.0;0.0;0.0;0.0;0.0;1.0;0.0;0.0;0.0;0.0;0.0;1.0;0.0;0.0;0.0;0.0;1.0;1.0;0.0;0.0;1.0;1.0;1.0;0.0;0.0;0.0;0.0;0.0;0.0;0.0;0.0;0.0;0.0;0.0;0.0;0.0;0.0;0.0;0.0
2023-07-27;Villarreal;6;0;3;37;16;Feyenoord;2;3;3;17;2;3;0.49;0.51;439;0.88;11;16;2;3;0;0;1;0.0;0.0;0.0;0.0;0.0;0.0;0.0;0.0;1.0;0.0;0.0;10;0.03;0.18181818181818182;386;0.02849740932642487;787.7551020408164;0.3333333333333333;2.0408163265306123;-14;-0.020000000000000018;-9;-1;-5;0.00683371298405467;0.3333333333333333;0.49;1.0;1;0;1;0;1;0;1;0;0.3333333333333333;0.5;0.002277904328018223;3.0;0.0;0.0;0.0;0.0;0.0;0.0;0.0;0.0;1.0;0.0;0.0;0.0;0.0;0.0;1.0;0.0;0.0;0.0;0.0;1.0;1.0;0.0;0.0;0.0;1.0;1.0;0.0;0.0;1.0;1.0;0.0;0.0;1.0;0.0;0.0;1.0;0.0;0.0;0.0;0.0;0.0;0.0
2023-06-04;Villarreal;1;3;4;37;27;Atlético Madrid;3;3;22;9;7;3;0.67;0.33;610;0.9;9;12;3;2;0;1;12;0.0;1.0;0.0;0.0;0.0;1.0;0.0;1.0;0.0;0.0;0.0;1;0.03666666666666667;0.3333333333333333;549;0.01639344262295082;819.4029850746268;0.5454545454545454;17.91044776119403;13;0.34;11;0;-3;0.036065573770491806;0.09090909090909091;0.335;6.0;1;1;2;0;1;0;0;1;0.09090909090909091;0.2857142857142857;0.003278688524590164;11.0;0.0;0.0;0.0;0.0;0.0;0.0;0.0;0.0;0.0;0.0;0.0;0.0;0.0;0.0;0.0;0.0;0.0;0.0;0.0;1.0;0.0;0.0;1.0;0.0;1.0;1.0;0.0;0.0;1.0;0.0;0.0;0.0;0.0;0.0;0.0;0.0;1.0;1.0;1.0;0.0;0.0;0.0
2023-05-28;Villarreal;1;3;3;37;42;Rayo Vallecano;4;3;7;15;2;4;0.69;0.31;557;0.83;9;9;4;3;0;0;6;0.0;0.0;1.0;0.0;0.0;1.0;0.0;1.0;0.0;0.0;0.0;4;0.020666666666666667;0.4444444444444444;462;0.01948051948051948;669.5652173913044;0.8571428571428571;8.695652173913045;-8;0.37999999999999995;2;1;0;0.012567324955116697;0.14285714285714285;0.69;6.0;0;1;1;0;0;1;1;0;0.14285714285714285;0.5;0.0017953321364452424;7.0;1.0;0.0;1.0;0.0;0.0;0.0;0.0;0.0;0.0;0.0;0.0;0.0;0.0;0.0;1.0;0.0;0.0;1.0;0.0;1.0;0.0;0.0;0.0;0.0;0.0;0.0;0.0;0.0;0.0;0.0;0.0;0.0;0.0;0.0;0.0;0.0;1.0;1.0;1.0;0.0;0.0;0.0
2023-05-24;Villarreal;1;3;1;37;130;Cádiz;1;2;13;16;7;8;0.66;0.34;567;0.86;14;8;1;2;0;0;7;0.0;1.0;0.0;0.0;0.0;1.0;0.0;1.0;0.0;0.0;0.0;6;0.02125;0.07142857142857142;488;0.028688524590163935;739.3939393939394;0.5384615384615384;10.606060606060606;-3;0.32;1;-1;6;0.02292768959435626;0.15384615384615385;0.33;3.5;2;0;2;1;0;0;0;1;0.15384615384615385;0.2857142857142857;0.003527336860670194;6.5;0.0;0.0;0.0;0.0;0.0;0.0;0.0;0.0;1.0;0.0;0.0;0.0;0.0;0.0;0.0;0.0;0.0;1.0;0.0;1.0;0.0;0.0;1.0;0.0;0.0;1.0;0.0;0.0;0.0;0.0;0.0;0.0;0.0;0.0;0.0;0.0;1.0;0.0;1.0;1.0;0.0;0.0
2023-05-20;Villarreal;1;3;3;37;24;Girona;1;2;10;9;5;3;0.55;0.45;509;0.88;11;16;1;2;0;0;1;0.0;0.0;1.0;0.0;0.0;1.0;0.0;0.0;0.0;0.0;0.0;3;0.05;0.09090909090909091;448;0.024553571428571428;814.5454545454545;0.1;1.8181818181818181;1;0.10000000000000003;-2;-1;-5;0.019646365422396856;0.2;0.275;0.5;1;1;2;1;0;0;1;0;0.2;0.4;0.003929273084479371;5.0;1.0;0.0;1.0;0.0;0.0;0.0;0.0;0.0;0.0;0.0;0.0;0.0;0.0;0.0;1.0;0.0;0.0;1.0;0.0;1.0;1.0;0.0;0.0;0.0;0.0;0.0;0.0;0.0;1.0;0.0;0.0;0.0;0.0;0.0;0.0;0.0;0.0;1.0;1.0;0.0;0.0;0.0
2023-05-13;Villarreal;1;0;3;37;38;Athletic;4;3;17;11;11;5;0.57;0.43;471;0.82;11;13;4;3;0;0;7;0.0;0.0;1.0;0.0;0.0;1.0;0.0;1.0;0.0;0.0;0.0;5;0.03909090909090909;0.36363636363636365;386;0.02849740932642487;677.1929824561404;0.4117647058823529;12.280701754385966;6;0.13999999999999996;2;1;-2;0.036093418259023353;0.29411764705882354;0.11399999999999999;1.4;2;3;5;1;0;0;0;1;0.29411764705882354;0.45454545454545453;0.010615711252653927;3.4;1.0;0.0;1.0;0.0;0.0;0.0;0.0;0.0;0.0;0.0;0.0;0.0;0.0;0.0;0.0;0.0;0.0;1.0;0.0;1.0;0.0;0.0;0.0;0.0;0.0;0.0;0.0;0.0;1.0;0.0;0.0;0.0;0.0;0.0;0.0;0.0;1.0;1.0;1.0;0.0;0.0;0.0
2023-05-03;Villarreal;1;0;3;37;52;Valencia C. F.;2;4;11;8;4;1;0.68;0.32;496;0.85;13;14;2;4;0;0;6;0.0;0.0;1.0;0.0;0.0;1.0;0.0;1.0;0.0;0.0;0.0;6;0.04;0.15384615384615385;422;0.030805687203791468;620.5882352941176;0.5454545454545454;8.823529411764705;3;0.36000000000000004;0;-2;-1;0.02217741935483871;0.09090909090909091;0.68;6.0;0;1;1;0;1;0;1;0;0.09090909090909091;0.25;0.0020161290322580645;11.0;1.0;0.0;1.0;0.0;0.0;0.0;0.0;0.0;0.0;1.0;0.0;0.0;0.0;0.0;1.0;0.0;0.0;1.0;0.0;0.0;0.0;0.0;0.0;0.0;0.0;0.0;0.0;0.0;0.0;0.0;0.0;0.0;0.0;0.0;0.0;0.0;1.0;1.0;1.0;0.0;0.0;0.0
2023-04-30;Villarreal;1;3;1;37;44;Celta de Vigo;1;4;9;14;3;5;0.52;0.48;454;0.88;12;11;1;4;0;0;4;0.0;0.0;1.0;0.0;0.0;1.0;0.0;1.0;0.0;0.0;0.0;9;0.03428571428571429;0.08333333333333333;400;0.03;769.2307692307692;0.4444444444444444;7.692307692307692;-5;0.040000000000000036;-5;-3;1;0.019823788546255508;0.3333333333333333;0.17333333333333334;1.3333333333333333;2;1;3;1;0;0;0;1;0.3333333333333333;1.0;0.006607929515418502;3.0;0.0;0.0;0.0;0.0;0.0;0.0;0.0;0.0;0.0;0.0;0.0;0.0;0.0;0.0;0.0;0.0;0.0;1.0;0.0;1.0;0.0;0.0;0.0;0.0;0.0;1.0;0.0;0.0;1.0;0.0;0.0;0.0;0.0;0.0;0.0;0.0;1.0;1.0;1.0;1.0;0.0;0.0
2023-04-27;Villarreal;1;3;8;37;49;RCD Espanyol;2;5;31;14;13;4;0.65;0.35;485;0.89;14;10;2;4;0;1;9;0.0;0.0;1.0;0.0;0.0;1.0;0.0;1.0;0.0;0.0;0.0;2;0.024999999999999998;0.14285714285714285;432;0.032407407407407406;664.6153846153846;0.2903225806451613;13.846153846153845;17;0.30000000000000004;7;-3;4;0.06391752577319587;0.12903225806451613;0.1625;2.25;0;4;4;1;0;0;0;1;0.12903225806451613;0.3076923076923077;0.008247422680412371;7.75;0.0;0.0;0.0;0.0;0.0;0.0;0.0;0.0;0.0;0.0;0.0;0.0;0.0;0.0;0.0;0.0;0.0;1.0;0.0;1.0;0.0;0.0;0.0;0.0;0.0;1.0;0.0;0.0;1.0;0.0;0.0;0.0;0.0;0.0;0.0;0.0;1.0;1.0;1.0;1.0;0.0;0.0
2023-04-23;Villarreal;1;1;3;37;43;Sevilla;2;1;17;17;5;4;0.62;0.38;493;0.8;10;12;2;1;0;0;3;0.0;0.0;1.0;0.0;0.0;1.0;0.0;1.0;0.0;0.0;0.0;5;0.02235294117647059;0.2;394;0.025380710659898477;635.483870967742;0.17647058823529413;4.838709677419355;0;0.24;-2;1;-2;0.034482758620689655;0.058823529411764705;0.62;3.0;0;1;1;0;0;1;1;0;0.058823529411764705;0.2;0.002028397565922921;17.0;1.0;0.0;0.0;0.0;0.0;0.0;0.0;0.0;0.0;0.0;0.0;0.0;0.0;0.0;1.0;0.0;0.0;1.0;0.0;1.0;0.0;0.0;0.0;0.0;0.0;0.0;0.0;0.0;0.0;0.0;1.0;0.0;0.0;0.0;0.0;0.0;1.0;1.0;0.0;1.0;0.0;0.0
2023-04-15;Villarreal;1;0;29;37;51;Valladolid;1;6;22;14;7;7;0.71;0.29;583;0.87;9;18;1;6;0;0;8;0.0;1.0;0.0;0.0;0.0;0.0;0.0;1.0;0.0;0.0;0.0;5;0.020714285714285713;0.1111111111111111;507;0.01775147928994083;714.0845070422536;0.36363636363636365;11.267605633802818;8;0.42;3;-5;-9;0.03773584905660377;0.045454545454545456;0.71;8.0;0;1;1;0;0;1;0;1;0.045454545454545456;0.14285714285714285;0.0017152658662092624;22.0;1.0;0.0;1.0;0.0;0.0;0.0;0.0;0.0;0.0;0.0;0.0;0.0;0.0;0.0;1.0;0.0;0.0;1.0;0.0;1.0;0.0;0.0;0.0;0.0;0.0;0.0;0.0;0.0;0.0;0.0;1.0;0.0;0.0;0.0;0.0;0.0;1.0;1.0;0.0;1.0;0.0;0.0
2023-04-08;Villarreal;1;0;0;37;12;Real Madrid;3;0;17;18;8;4;0.51;0.49;443;0.86;19;8;3;0;0;0;7;0.0;0.0;1.0;0.0;0.0;1.0;0.0;1.0;0.0;0.0;0.0;6;0.02722222222222222;0.15789473684210525;381;0.049868766404199474;747.0588235294117;0.4117647058823529;13.72549019607843;-1;0.020000000000000018;1;3;11;0.03837471783295711;0.17647058823529413;0.17;2.3333333333333335;1;2;3;1;0;0;1;0;0.17647058823529413;0.375;0.006772009029345372;5.666666666666667;1.0;0.0;1.0;0.0;0.0;0.0;0.0;0.0;0.0;0.0;0.0;0.0;0.0;0.0;1.0;0.0;0.0;1.0;0.0;1.0;0.0;0.0;0.0;0.0;0.0;0.0;0.0;0.0;0.0;0.0;0.0;0.0;0.0;0.0;0.0;0.0;1.0;1.0;0.0;1.0;0.0;0.0
2023-04-02;Villarreal;1;0;14;37;46;Real Sociedad;4;3;16;16;4;3;0.53;0.47;391;0.83;12;19;3;3;1;0;4;0.0;0.0;1.0;0.0;0.0;1.0;0.0;1.0;0.0;0.0;0.0;4;0.029375;0.3333333333333333;325;0.036923076923076927;613.2075471698113;0.25;7.547169811320754;0;0.06000000000000005;0;1;-7;0.04092071611253197;0.125;0.265;2.0;0;2;2;1;0;0;0;1;0.125;0.5;0.005115089514066497;8.0;1.0;0.0;1.0;0.0;0.0;0.0;0.0;0.0;0.0;0.0;0.0;0.0;0.0;0.0;1.0;0.0;0.0;1.0;0.0;1.0;0.0;0.0;0.0;0.0;0.0;0.0;0.0;0.0;0.0;0.0;1.0;0.0;0.0;0.0;0.0;0.0;1.0;1.0;0.0;0.0;0.0;0.0
2023-03-19;Villarreal;1;0;0;37;41;Osasuna;2;3;12;10;6;2;0.45;0.55;397;0.78;7;15;2;3;0;0;1;0.0;0.0;1.0;0.0;0.0;1.0;0.0;1.0;0.0;0.0;0.0;7;0.05500000000000001;0.2857142857142857;310;0.02258064516129032;688.8888888888889;0.08333333333333333;2.2222222222222223;2;-0.10000000000000003;-6;-1;-8;0.030226700251889168;0.25;0.15;0.3333333333333333;1;2;3;1;0;0;1;0;0.25;0.5;0.007556675062972292;4.0;1.0;0.0;0.0;0.0;0.0;0.0;0.0;0.0;1.0;1.0;0.0;0.0;0.0;0.0;1.0;0.0;0.0;1.0;0.0;0.0;0.0;0.0;1.0;0.0;0.0;0.0;0.0;0.0;0.0;0.0;0.0;0.0;0.0;0.0;0.0;0.0;1.0;1.0;0.0;0.0;0.0;0.0
2023-03-16;Villarreal;21;0;0;37;84;Anderlecht;2;4;23;13;10;3;0.63;0.37;535;0.87;20;9;2;4;0;0;12;0.0;0.0;1.0;0.0;0.0;0.0;0.0;1.0;0.0;0.0;0.0;5;0.02846153846153846;0.1;465;0.043010752688172046;738.0952380952381;0.5217391304347826;19.047619047619047;10;0.26;7;-2;11;0.04299065420560748;0.0;0.0;0.0;0;0;0;0;0;1;0;1;0.0;0.0;0.0;0.0;0.0;0.0;1.0;0.0;0.0;0.0;0.0;0.0;1.0;0.0;0.0;0.0;0.0;0.0;1.0;0.0;0.0;1.0;0.0;1.0;1.0;0.0;0.0;0.0;0.0;1.0;0.0;0.0;0.0;0.0;1.0;0.0;0.0;0.0;0.0;0.0;0.0;1.0;0.0;0.0;0.0;0.0
2023-03-12;Villarreal;1;0;3;37;39;Betis;3;2;15;6;4;3;0.57;0.43;504;0.87;8;11;3;2;0;0;2;0.0;0.0;1.0;0.0;0.0;1.0;0.0;1.0;0.0;0.0;0.0;4;0.07166666666666667;0.375;438;0.0182648401826484;768.421052631579;0.13333333333333333;3.5087719298245617;9;0.13999999999999996;-2;1;-3;0.02976190476190476;0.06666666666666667;0.57;2.0;0;1;1;0;1;0;0;1;0.06666666666666667;0.25;0.001984126984126984;15.0;1.0;0.0;0.0;0.0;0.0;0.0;0.0;0.0;1.0;1.0;0.0;0.0;0.0;0.0;1.0;0.0;0.0;1.0;0.0;0.0;0.0;0.0;1.0;0.0;0.0;0.0;0.0;0.0;0.0;0.0;0.0;0.0;0.0;0.0;0.0;0.0;1.0;1.0;0.0;0.0;0.0;0.0
2023-03-09;Villarreal;21;0;3;37;84;Anderlecht;1;0;8;9;5;3;0.54;0.46;547;0.85;9;14;1;0;0;0;4;0.0;0.0;1.0;0.0;0.0;0.0;0.0;1.0;0.0;0.0;0.0;5;0.051111111111111114;0.1111111111111111;465;0.01935483870967742;861.1111111111111;0.5;7.4074074074074066;-1;0.08000000000000002;-1;1;-5;0.014625228519195612;0.125;0.54;4.0;1;0;1;0;1;0;1;0;0.125;0.2;0.0018281535648994515;8.0;0.0;0.0;1.0;0.0;0.0;0.0;0.0;0.0;0.0;0.0;0.0;0.0;0.0;0.0;0.0;0.0;0.0;1.0;0.0;1.0;1.0;0.0;1.0;0.0;0.0;0.0;0.0;0.0;0.0;0.0;1.0;0.0;0.0;0.0;1.0;0.0;0.0;1.0;0.0;0.0;1.0;0.0
2023-03-04;Villarreal;1;0;1;37;126;Almería;4;3;17;6;6;0;0.72;0.28;572;0.91;10;11;4;3;0;0;10;0.0;0.0;1.0;0.0;0.0;1.0;0.0;1.0;0.0;0.0;0.0;2;0.04666666666666667;0.4;521;0.019193857965451054;723.6111111111111;0.5882352941176471;13.88888888888889;11;0.43999999999999995;8;1;-1;0.02972027972027972;0.11764705882352941;0.36;5.0;0;2;2;1;0;0;1;0;0.11764705882352941;0.3333333333333333;0.0034965034965034965;8.5;0.0;0.0;1.0;0.0;0.0;0.0;0.0;0.0;0.0;1.0;0.0;0.0;0.0;0.0;1.0;0.0;0.0;1.0;0.0;0.0;0.0;0.0;0.0;0.0;0.0;1.0;0.0;0.0;0.0;0.0;1.0;0.0;0.0;0.0;0.0;0.0;1.0;1.0;0.0;0.0;0.0;0.0
2023-02-27;Villarreal;1;7;3;37;48;Getafe;0;1;11;8;5;3;0.64;0.36;605;0.81;9;13;0;1;0;0;6;0.0;0.0;1.0;0.0;0.0;1.0;0.0;1.0;0.0;0.0;0.0;5;0.045;0.0;490;0.018367346938775512;765.625;0.5454545454545454;9.375;3;0.28;1;-1;-4;0.01818181818181818;0.18181818181818182;0.32;3.0;1;1;2;1;0;0;0;1;0.18181818181818182;0.4;0.003305785123966942;5.5;0.0;0.0;0.0;0.0;0.0;0.0;0.0;0.0;0.0;1.0;0.0;0.0;0.0;0.0;1.0;0.0;0.0;1.0;0.0;0.0;0.0;0.0;0.0;0.0;0.0;1.0;0.0;0.0;1.0;0.0;1.0;0.0;0.0;0.0;0.0;0.0;1.0;1.0;0.0;0.0;0.0;0.0
2023-02-18;Villarreal;1;7;9;37;40;R.C.D. Mallorca;1;5;8;13;4;5;0.55;0.45;460;0.86;8;19;0;5;1;0;4;0.0;0.0;1.0;0.0;0.0;1.0;0.0;1.0;0.0;0.0;0.0;4;0.03461538461538462;0.125;396;0.020202020202020204;719.9999999999999;0.5;7.2727272727272725;-5;0.10000000000000003;0;-4;-11;0.017391304347826087;0.25;0.275;2.0;1;1;2;0;0;1;1;0;0.25;0.5;0.004347826086956522;4.0;0.0;0.0;0.0;0.0;0.0;0.0;0.0;0.0;0.0;1.0;0.0;0.0;0.0;0.0;0.0;0.0;0.0;1.0;0.0;0.0;0.0;0.0;1.0;0.0;0.0;0.0;0.0;0.0;1.0;0.0;1.0;0.0;0.0;0.0;0.0;0.0;1.0;1.0;0.0;0.0;1.0;0.0
2023-02-12;Villarreal;1;1;0;37;10;Barcelona;4;4;11;6;2;4;0.54;0.46;445;0.81;22;18;4;4;0;0;6;0.0;0.0;1.0;0.0;0.0;1.0;0.0;1.0;0.0;0.0;0.0;2;0.07666666666666667;0.18181818181818182;360;0.06111111111111111;666.6666666666666;0.5454545454545454;11.11111111111111;5;0.08000000000000002;4;0;4;0.024719101123595506;0.0;0.0;0.0;0;0;0;0;0;1;0;1;0.0;0.0;0.0;0.0;0.0;0.0;1.0;0.0;0.0;0.0;0.0;0.0;0.0;1.0;0.0;0.0;0.0;0.0;0.0;0.0;0.0;1.0;0.0;0.0;0.0;0.0;0.0;0.0;0.0;1.0;0.0;1.0;1.0;0.0;1.0;0.0;0.0;0.0;0.0;0.0;1.0;0.0;0.0;0.0;0.0;0.0
2023-02-04;Villarreal;1;0;6;37;123;Elche C. F.;2;4;14;18;2;7;0.73;0.27;572;0.88;8;19;2;4;0;0;10;0.0;0.0;1.0;0.0;0.0;1.0;0.0;1.0;0.0;0.0;0.0;6;0.015000000000000001;0.25;503;0.015904572564612324;689.0410958904109;0.7142857142857143;13.698630136986301;-4;0.45999999999999996;4;-2;-11;0.024475524475524476;0.07142857142857142;0.73;10.0;1;0;1;0;0;1;1;0;0.07142857142857142;0.5;0.0017482517482517483;14.0;0.0;0.0;1.0;0.0;0.0;0.0;0.0;0.0;1.0;1.0;0.0;0.0;0.0;0.0;0.0;0.0;0.0;1.0;0.0;0.0;1.0;0.0;0.0;0.0;0.0;0.0;0.0;0.0;1.0;0.0;0.0;0.0;0.0;0.0;0.0;0.0;0.0;1.0;0.0;0.0;1.0;0.0
2023-01-30;Villarreal;1;7;3;37;42;Rayo Vallecano;2;3;12;11;3;3;0.62;0.38;538;0.8;11;18;2;3;0;0;5;0.0;0.0;1.0;0.0;0.0;1.0;0.0;1.0;0.0;0.0;0.0;4;0.034545454545454546;0.18181818181818182;430;0.02558139534883721;693.5483870967741;0.4166666666666667;8.064516129032258;1;0.24;1;-1;-7;0.022304832713754646;0.0;0.0;0.0;0;0;0;0;0;1;0;1;0.0;0.0;0.0;0.0;0.0;0.0;1.0;0.0;0.0;0.0;0.0;0.0;1.0;1.0;0.0;0.0;0.0;0.0;0.0;0.0;0.0;0.0;0.0;0.0;1.0;0.0;0.0;0.0;1.0;1.0;0.0;0.0;1.0;0.0;0.0;0.0;0.0;0.0;0.0;0.0;0.0;1.0;0.0;0.0;0.0;0.0
2023-01-22;Villarreal;1;0;3;37;24;Girona;5;4;19;8;9;1;0.7;0.3;608;0.88;21;15;5;3;0;1;3;0.0;0.0;0.0;0.0;0.0;1.0;0.0;1.0;0.0;0.0;0.0;2;0.0375;0.23809523809523808;535;0.03925233644859813;764.2857142857143;0.15789473684210525;4.285714285714286;11;0.39999999999999997;1;1;6;0.03125;0.05263157894736842;0.7;3.0;0;1;1;1;0;0;0;1;0.05263157894736842;0.1111111111111111;0.001644736842105263;19.0;0.0;0.0;1.0;0.0;0.0;0.0;0.0;0.0;1.0;0.0;0.0;0.0;0.0;0.0;0.0;0.0;0.0;1.0;0.0;1.0;1.0;0.0;0.0;0.0;0.0;0.0;0.0;0.0;1.0;0.0;0.0;0.0;0.0;0.0;0.0;0.0;1.0;1.0;0.0;0.0;1.0;0.0
2023-01-19;Villarreal;19;0;0;37;12;Real Madrid;5;4;12;11;3;7;0.54;0.46;511;0.88;22;17;5;4;0;0;3;0.0;0.0;1.0;0.0;0.0;1.0;0.0;1.0;0.0;0.0;0.0;1;0.04181818181818182;0.22727272727272727;450;0.04888888888888889;833.3333333333333;0.25;5.555555555555555;1;0.08000000000000002;2;1;5;0.023483365949119372;0.16666666666666666;0.27;1.5;2;0;2;0;0;1;0;1;0.16666666666666666;0.6666666666666666;0.003913894324853229;6.0;0.0;0.0;1.0;0.0;0.0;0.0;0.0;0.0;1.0;1.0;0.0;0.0;0.0;0.0;0.0;0.0;0.0;0.0;0.0;0.0;0.0;0.0;0.0;0.0;1.0;1.0;0.0;0.0;1.0;0.0;0.0;0.0;0.0;0.0;0.0;0.0;1.0;1.0;0.0;0.0;0.0;0.0
2023-01-13;Villarreal;1;7;17;37;44;Celta de Vigo;2;0;3;21;1;8;0.49;0.51;503;0.86;8;11;2;0;0;0;3;0.0;0.0;1.0;0.0;0.0;0.0;0.0;1.0;0.0;0.0;0.0;13;0.024285714285714285;0.25;433;0.018475750577367205;883.6734693877551;1.0;6.122448979591836;-18;-0.020000000000000018;-10;2;-3;0.005964214711729622;0.3333333333333333;0.49;3.0;1;0;1;0;1;0;1;0;0.3333333333333333;1.0;0.0019880715705765406;3.0;0.0;0.0;0.0;0.0;0.0;0.0;0.0;0.0;1.0;0.0;0.0;0.0;0.0;0.0;0.0;0.0;0.0;1.0;0.0;1.0;0.0;0.0;1.0;0.0;0.0;0.0;0.0;1.0;0.0;0.0;1.0;0.0;0.0;0.0;0.0;0.0;1.0;1.0;0.0;0.0;1.0;0.0
2023-01-07;Villarreal;1;0;0;37;12;Real Madrid;4;1;17;13;5;3;0.48;0.52;462;0.84;13;6;4;1;0;0;6;0.0;0.0;1.0;0.0;0.0;1.0;0.0;1.0;0.0;0.0;0.0;5;0.04;0.3076923076923077;388;0.03350515463917526;808.3333333333334;0.35294117647058826;12.5;4;-0.040000000000000036;1;3;7;0.0367965367965368;0.11764705882352941;0.24;3.0;0;2;2;1;0;0;0;1;0.11764705882352941;0.4;0.004329004329004329;8.5;0.0;0.0;1.0;0.0;0.0;0.0;0.0;0.0;1.0;1.0;0.0;0.0;0.0;0.0;0.0;0.0;0.0;1.0;0.0;0.0;0.0;0.0;0.0;0.0;0.0;1.0;0.0;1.0;0.0;0.0;0.0;0.0;0.0;0.0;0.0;0.0;1.0;1.0;0.0;0.0;0.0;0.0
2023-01-03;Villarreal;19;0;3;37;135;Cartagena;2;4;18;20;9;7;0.66;0.34;560;0.89;12;17;2;4;0;0;3;0.0;1.0;0.0;0.0;0.0;0.0;0.0;0.0;0.0;0.0;0.0;8;0.017;0.16666666666666666;498;0.024096385542168676;754.5454545454545;0.16666666666666666;4.545454545454545;-2;0.32;-5;-2;-5;0.03214285714285714;0.2777777777777778;0.132;0.6;0;5;5;1;0;0;1;0;0.2777777777777778;0.5555555555555556;0.008928571428571428;3.6;0.0;0.0;1.0;0.0;0.0;0.0;0.0;0.0;0.0;0.0;0.0;0.0;0.0;0.0;0.0;0.0;1.0;1.0;0.0;1.0;1.0;0.0;1.0;0.0;0.0;0.0;0.0;0.0;0.0;0.0;1.0;0.0;0.0;0.0;0.0;0.0;0.0;0.0;1.0;0.0;1.0;1.0
2022-12-31;Villarreal;1;0;0;37;52;Valencia C. F.;1;4;14;13;8;4;0.53;0.47;393;0.82;12;16;1;4;0;0;5;0.0;1.0;0.0;0.0;0.0;1.0;0.0;1.0;0.0;0.0;0.0;2;0.036153846153846154;0.08333333333333333;322;0.037267080745341616;607.5471698113207;0.35714285714285715;9.433962264150942;1;0.06000000000000005;3;-3;-4;0.035623409669211195;0.14285714285714285;0.265;2.5;1;1;2;1;0;0;0;1;0.14285714285714285;0.25;0.005089058524173028;7.0;0.0;0.0;1.0;0.0;0.0;0.0;0.0;0.0;1.0;1.0;0.0;0.0;0.0;0.0;0.0;0.0;0.0;1.0;0.0;0.0;0.0;0.0;0.0;0.0;0.0;1.0;0.0;0.0;1.0;0.0;0.0;0.0;0.0;0.0;0.0;0.0;1.0;1.0;0.0;0.0;0.0;0.0
2022-12-20;Villarreal;19;3;0;37;-1;Guijuelo;0;6;11;9;4;6;0.72;0.28;849;0.87;8;15;0;4;0;2;2;0.0;1.0;0.0;0.0;0.0;1.0;0.0;0.0;0.0;0.0;0.0;6;0.031111111111111114;0.0;739;0.010825439783491205;1026.388888888889;0.18181818181818182;2.7777777777777777;2;0.43999999999999995;-4;-6;-7;0.012956419316843345;0.18181818181818182;0.36;1.0;1;1;2;1;0;0;1;0;0.18181818181818182;0.5;0.002355712603062426;5.5;0.0;0.0;1.0;0.0;0.0;0.0;0.0;0.0;1.0;0.0;0.0;0.0;0.0;0.0;0.0;0.0;0.0;1.0;0.0;1.0;0.0;0.0;1.0;0.0;0.0;0.0;0.0;0.0;0.0;0.0;0.0;0.0;0.0;0.0;0.0;0.0;1.0;1.0;0.0;0.0;1.0;1.0
2022-12-06;Villarreal;6;0;3;37;86;Galatasaray;3;2;10;12;7;5;0.52;0.48;457;0.85;13;13;3;2;0;0;3;0.0;1.0;0.0;0.0;0.0;0.0;0.0;0.0;0.0;0.0;0.0;7;0.04;0.23076923076923078;388;0.03350515463917526;746.1538461538461;0.3;5.769230769230769;-2;0.040000000000000036;-4;1;0;0.02188183807439825;0.4;0.13;0.75;4;0;4;1;0;0;1;0;0.4;0.5714285714285714;0.0087527352297593;2.5;0.0;0.0;1.0;0.0;0.0;0.0;0.0;0.0;0.0;0.0;0.0;0.0;0.0;0.0;0.0;0.0;0.0;1.0;0.0;1.0;1.0;0.0;1.0;0.0;0.0;0.0;0.0;1.0;0.0;0.0;0.0;0.0;0.0;0.0;1.0;0.0;0.0;1.0;0.0;0.0;1.0;1.0
