Fecha;Equipo_name;Torneo;Alineacion;Alineacion_contrincante;equipo;equipo_contrincante;equipo_contrincante_name;tarjetas;tarjetas_contrincante;Remates;Remates_contrincante;Remates al arco;Remates al arco_contrincante;Posesión;Posesión_contrincante;Pases;Precisión de los pases;Faltas;Faltas_contrincante;Tarjetas amarillas;Tarjetas amarillas_contrincante;Tarjetas rojas;Tarjetas rojas_contrincante;Tiros de esquina;Daniel Bentley-Wolves;Santiago Bueno-Wolves;Emmanuel Agbadou-Wolves;Toti-Wolves;Nélson Semedo-Wolves;João Gomes da Silva-Wolves;André Trindade da Costa Neto-Wolves;Rayan Aït-Nouri-Wolves;Marshall Munetsi-Wolves;Matheus Cunha-Wolves;Jørgen Strand Larsen-Wolves;Tiros de esquina_concedidos;Posesión_contra_por_remate;tarjetas_por_falta;pases_completados;faltas_por_pases;pases_por_posesion;tirosEsquina_por_remate;tirosEsquina_por_posesion;diff_remates;diff_posesion;diff_Tiros de esquina;diff_tarjetas;diff_faltas;remates_por_pase;posesion_por_remate;posesion_por_gol;tirosEsquina_por_gol;goles_primera_mitad;goles_segunda_mitad;goles_totales;gano;empato;perdio;visitante;local;conversion_goles;conversion_arco;goles_por_pase;remates_al_arco_por_gol;José Sá-Wolves;Matt Doherty-Wolves;Jean-Ricner Bellegarde-Wolves;Sam Johnstone-Wolves;Nasser Djiga-Wolves;Pablo Sarabia-Wolves;Gonçalo Guedes-Wolves;Rodrigo Gomes-Wolves;Hwang Hee-chan-Wolves;Pedro Lima-Wolves;Tommy Doyle-Wolves;Craig Dawson-Wolves;Mario Lemina-Wolves;Carlos Borges-Wolves;Yerson Mosquera-Wolves;Alfie Pond-Wolves;Boubacar Traoré-Wolves;Daniel Podence-Wolves;Chiquinho-Wolves;Hugo Bueno-Wolves;Luke Cundle-Wolves;Tawanda Chirewa-Wolves;Max Kilman-Wolves;Leon Chiwome-Wolves;Nathan Fraser-Wolves;Pedro Neto-Wolves;Saša Kalajdžić-Wolves;Jonathan Castro Otto-Wolves;Fábio Silva-Wolves;Joe Hodge-Wolves;Matheus Nunes-Wolves;Nathan Collins-Wolves;Adama Traoré Diarra-Wolves;Raúl Jiménez-Wolves;Rúben Neves-Wolves;Diego Costa-Wolves;João Moutinho-Wolves;Matija Šarkić-Wolves;Dexter Lembikisa-Wolves;Connor Ronan-Wolves
2025-05-02;Wolves;3;17;3;67;3;Manchester City;0;0;6;9;1;2;0.36;0.64;380;0.83;11;7;0;0;0;0;5;0.0;0.0;1.0;1.0;1.0;1.0;1.0;1.0;1.0;1.0;0.0;4;0.0711111111111111;0.0;315;0.0349206349206349;875.0;0.8333333333333334;13.88888888888889;-3;-0.28;1;0;4;0.0157894736842105;0.0;0.0;0.0;0;0;0;0;0;1;1;0;0.0;0.0;0.0;0.0;1.0;1.0;1.0;0.0;0.0;0.0;0.0;0.0;0.0;0.0;0.0;0.0;0.0;0.0;0.0;0.0;0.0;0.0;0.0;0.0;0.0;0.0;0.0;0.0;0.0;0.0;0.0;0.0;0.0;0.0;0.0;0.0;0.0;0.0;0.0;0.0;0.0;0.0;0.0;0.0
2025-04-26;Wolves;3;17;3;67;63;Leicester City;1;4;20;8;6;2;0.57;0.43;607;0.88;7;17;1;4;0;0;4;0.0;0.0;1.0;1.0;1.0;1.0;1.0;1.0;1.0;1.0;1.0;2;0.05375;0.1428571428571428;534;0.0131086142322097;936.842105263158;0.2;7.017543859649123;12;0.1399999999999999;2;-3;-10;0.0329489291598023;0.15;0.1899999999999999;1.3333333333333333;1;2;3;1;0;0;0;1;0.15;0.5;0.0049423393739703;6.666666666666667;1.0;1.0;0.0;0.0;0.0;0.0;0.0;0.0;0.0;0.0;0.0;0.0;0.0;0.0;0.0;0.0;0.0;0.0;0.0;0.0;0.0;0.0;0.0;0.0;0.0;0.0;0.0;0.0;0.0;0.0;0.0;0.0;0.0;0.0;0.0;0.0;0.0;0.0;0.0;0.0
2025-04-20;Wolves;3;17;17;67;62;Manchester United;3;2;4;12;2;2;0.4;0.6;387;0.81;18;11;3;2;0;0;2;1.0;1.0;1.0;1.0;1.0;1.0;1.0;1.0;1.0;1.0;1.0;9;0.0499999999999999;0.1666666666666666;313;0.0575079872204472;782.5;0.5;5.0;-8;-0.1999999999999999;-7;1;7;0.0103359173126615;0.25;0.4;2.0;0;1;1;1;0;0;1;0;0.25;0.5;0.0025839793281653;4.0;0.0;0.0;0.0;0.0;0.0;0.0;0.0;0.0;0.0;0.0;0.0;0.0;0.0;0.0;0.0;0.0;0.0;0.0;0.0;0.0;0.0;0.0;0.0;0.0;0.0;0.0;0.0;0.0;0.0;0.0;0.0;0.0;0.0;0.0;0.0;0.0;0.0;0.0;0.0;0.0
2025-04-13;Wolves;3;17;0;67;56;Tottenham;1;2;13;11;5;4;0.37;0.63;346;0.8;12;15;1;2;0;0;1;0.0;0.0;1.0;1.0;1.0;1.0;1.0;1.0;1.0;0.0;1.0;4;0.0572727272727272;0.0833333333333333;277;0.0433212996389891;748.6486486486486;0.0769230769230769;2.702702702702702;2;-0.26;-3;-1;-3;0.0375722543352601;0.3076923076923077;0.0925;0.25;2;2;4;1;0;0;0;1;0.3076923076923077;0.8;0.0115606936416184;3.25;1.0;1.0;1.0;0.0;0.0;0.0;0.0;0.0;0.0;0.0;0.0;0.0;0.0;0.0;0.0;0.0;0.0;0.0;0.0;0.0;0.0;0.0;0.0;0.0;0.0;0.0;0.0;0.0;0.0;0.0;0.0;0.0;0.0;0.0;0.0;0.0;0.0;0.0;0.0;0.0
2025-04-05;Wolves;3;17;3;67;66;Ipswich;2;2;22;6;7;2;0.56;0.44;407;0.81;16;12;2;2;0;0;8;0.0;0.0;1.0;1.0;1.0;1.0;1.0;1.0;1.0;0.0;1.0;4;0.0733333333333333;0.125;330;0.0484848484848484;589.2857142857142;0.3636363636363636;14.285714285714285;16;0.12;4;0;4;0.054054054054054;0.0909090909090909;0.28;4.0;0;2;2;1;0;0;1;0;0.0909090909090909;0.2857142857142857;0.0049140049140049;11.0;1.0;1.0;1.0;0.0;0.0;0.0;0.0;0.0;0.0;0.0;0.0;0.0;0.0;0.0;0.0;0.0;0.0;0.0;0.0;0.0;0.0;0.0;0.0;0.0;0.0;0.0;0.0;0.0;0.0;0.0;0.0;0.0;0.0;0.0;0.0;0.0;0.0;0.0;0.0;0.0
2025-04-01;Wolves;3;17;17;67;61;West Ham;4;2;9;10;2;1;0.41;0.59;406;0.8;16;12;4;2;0;0;1;0.0;0.0;1.0;1.0;1.0;1.0;1.0;1.0;1.0;0.0;1.0;2;0.059;0.25;325;0.0492307692307692;792.6829268292684;0.1111111111111111;2.4390243902439024;-1;-0.18;-1;2;4;0.022167487684729;0.1111111111111111;0.41;1.0;1;0;1;1;0;0;0;1;0.1111111111111111;0.5;0.0024630541871921;9.0;1.0;1.0;1.0;0.0;0.0;0.0;0.0;0.0;0.0;0.0;0.0;0.0;0.0;0.0;0.0;0.0;0.0;0.0;0.0;0.0;0.0;0.0;0.0;0.0;0.0;0.0;0.0;0.0;0.0;0.0;0.0;0.0;0.0;0.0;0.0;0.0;0.0;0.0;0.0;0.0
2025-03-15;Wolves;3;17;6;67;68;Southampton;0;0;5;10;3;3;0.4;0.6;413;0.85;13;12;0;0;0;0;1;0.0;0.0;1.0;1.0;1.0;1.0;1.0;1.0;1.0;0.0;1.0;5;0.06;0.0;351;0.037037037037037;877.5;0.2;2.5;-5;-0.1999999999999999;-4;0;1;0.0121065375302663;0.4;0.2;0.5;1;1;2;1;0;0;1;0;0.4;0.6666666666666666;0.0048426150121065;2.5;1.0;1.0;1.0;0.0;0.0;0.0;0.0;0.0;0.0;0.0;0.0;0.0;0.0;0.0;0.0;0.0;0.0;0.0;0.0;0.0;0.0;0.0;0.0;0.0;0.0;0.0;0.0;0.0;0.0;0.0;0.0;0.0;0.0;0.0;0.0;0.0;0.0;0.0;0.0;0.0
2025-03-08;Wolves;3;17;3;67;64;Everton;2;2;11;12;3;4;0.66;0.34;597;0.88;11;16;2;2;0;0;5;0.0;0.0;1.0;1.0;1.0;1.0;1.0;1.0;1.0;0.0;1.0;5;0.0283333333333333;0.1818181818181818;525;0.0209523809523809;795.4545454545454;0.4545454545454545;7.575757575757575;-1;0.32;0;0;-5;0.0184254606365159;0.0909090909090909;0.66;5.0;1;0;1;0;1;0;0;1;0.0909090909090909;0.3333333333333333;0.0016750418760469;11.0;1.0;1.0;1.0;0.0;0.0;0.0;0.0;0.0;0.0;0.0;0.0;0.0;0.0;0.0;0.0;0.0;0.0;0.0;0.0;0.0;0.0;0.0;0.0;0.0;0.0;0.0;0.0;0.0;0.0;0.0;0.0;0.0;0.0;0.0;0.0;0.0;0.0;0.0;0.0;0.0
2025-03-01;Wolves;15;17;3;67;59;Bournemouth;6;5;9;31;3;10;0.32;0.68;325;0.67;11;17;5;5;1;0;1;0.0;1.0;0.0;1.0;1.0;1.0;0.0;1.0;0.0;1.0;1.0;18;0.0219354838709677;0.5454545454545454;218;0.0504587155963302;681.25;0.1111111111111111;3.125;-22;-0.36;-17;1;-6;0.0276923076923076;0.1111111111111111;0.32;1.0;0;1;1;0;1;0;1;0;0.1111111111111111;0.3333333333333333;0.003076923076923;9.0;0.0;0.0;1.0;1.0;1.0;1.0;0.0;0.0;0.0;0.0;0.0;0.0;0.0;0.0;0.0;0.0;0.0;0.0;0.0;0.0;0.0;0.0;0.0;0.0;0.0;0.0;0.0;0.0;0.0;0.0;0.0;0.0;0.0;0.0;0.0;0.0;0.0;0.0;0.0;0.0
2025-02-25;Wolves;3;17;17;67;58;Fulham;1;3;18;11;5;5;0.6;0.4;570;0.88;8;15;1;3;0;0;7;0.0;1.0;0.0;1.0;1.0;1.0;1.0;1.0;1.0;1.0;0.0;4;0.0363636363636363;0.125;502;0.0159362549800796;836.6666666666667;0.3888888888888889;11.666666666666668;7;0.1999999999999999;3;-2;-7;0.031578947368421;0.0555555555555555;0.6;7.0;1;0;1;0;0;1;0;1;0.0555555555555555;0.2;0.0017543859649122;18.0;1.0;1.0;1.0;0.0;0.0;0.0;0.0;0.0;0.0;0.0;0.0;0.0;0.0;0.0;0.0;0.0;0.0;0.0;0.0;0.0;0.0;0.0;0.0;0.0;0.0;0.0;0.0;0.0;0.0;0.0;0.0;0.0;0.0;0.0;0.0;0.0;0.0;0.0;0.0;0.0
2025-02-22;Wolves;3;17;3;67;59;Bournemouth;3;4;13;8;5;3;0.55;0.45;454;0.8;9;17;3;3;0;1;7;0.0;1.0;0.0;1.0;1.0;1.0;1.0;1.0;1.0;1.0;0.0;6;0.05625;0.3333333333333333;363;0.024793388429752;660.0;0.5384615384615384;12.727272727272728;5;0.1;1;-1;-8;0.0286343612334801;0.0769230769230769;0.55;7.0;1;0;1;1;0;0;1;0;0.0769230769230769;0.2;0.0022026431718061;13.0;1.0;1.0;1.0;0.0;0.0;0.0;0.0;0.0;0.0;0.0;0.0;0.0;0.0;0.0;0.0;0.0;0.0;0.0;0.0;0.0;0.0;0.0;0.0;0.0;0.0;0.0;0.0;0.0;0.0;0.0;0.0;0.0;0.0;0.0;0.0;0.0;0.0;0.0;0.0;0.0
2025-02-16;Wolves;3;17;3;67;2;Liverpool;2;2;16;10;4;3;0.51;0.49;458;0.84;13;15;2;2;0;0;3;0.0;0.0;1.0;1.0;1.0;1.0;1.0;1.0;0.0;1.0;0.0;4;0.049;0.1538461538461538;385;0.0337662337662337;754.9019607843137;0.1875;5.88235294117647;6;0.02;-1;0;-2;0.0349344978165938;0.0625;0.51;3.0;0;1;1;0;0;1;1;0;0.0625;0.25;0.0021834061135371;16.0;1.0;1.0;0.0;0.0;0.0;1.0;1.0;0.0;0.0;0.0;0.0;0.0;0.0;0.0;0.0;0.0;0.0;0.0;0.0;0.0;0.0;0.0;0.0;0.0;0.0;0.0;0.0;0.0;0.0;0.0;0.0;0.0;0.0;0.0;0.0;0.0;0.0;0.0;0.0;0.0
2025-02-09;Wolves;15;17;3;67;824;Blackburn Rovers;1;2;16;11;7;4;0.53;0.47;473;0.82;10;11;1;2;0;0;4;0.0;1.0;1.0;1.0;1.0;1.0;0.0;0.0;0.0;1.0;0.0;3;0.0427272727272727;0.1;388;0.0257731958762886;732.0754716981131;0.25;7.547169811320754;5;0.06;1;-1;-1;0.0338266384778012;0.125;0.265;2.0;2;0;2;1;0;0;1;0;0.125;0.2857142857142857;0.0042283298097251;8.0;0.0;0.0;1.0;1.0;0.0;0.0;1.0;1.0;1.0;0.0;0.0;0.0;0.0;0.0;0.0;0.0;0.0;0.0;0.0;0.0;0.0;0.0;0.0;0.0;0.0;0.0;0.0;0.0;0.0;0.0;0.0;0.0;0.0;0.0;0.0;0.0;0.0;0.0;0.0;0.0
2025-02-01;Wolves;3;17;3;67;1;Aston Villa;2;3;8;10;5;3;0.31;0.69;247;0.8;20;13;2;3;0;0;5;0.0;0.0;1.0;1.0;1.0;0.0;1.0;1.0;0.0;1.0;0.0;8;0.0689999999999999;0.1;198;0.101010101010101;638.7096774193549;0.625;16.129032258064516;-2;-0.3799999999999999;-3;-1;7;0.0323886639676113;0.25;0.155;2.5;1;1;2;1;0;0;0;1;0.25;0.4;0.0080971659919028;4.0;1.0;1.0;1.0;0.0;0.0;1.0;1.0;0.0;0.0;0.0;0.0;0.0;0.0;0.0;0.0;0.0;0.0;0.0;0.0;0.0;0.0;0.0;0.0;0.0;0.0;0.0;0.0;0.0;0.0;0.0;0.0;0.0;0.0;0.0;0.0;0.0;0.0;0.0;0.0;0.0
2025-01-25;Wolves;3;17;0;67;9;Arsenal;1;2;9;9;4;3;0.52;0.48;433;0.84;20;10;0;1;1;1;1;0.0;1.0;1.0;0.0;1.0;1.0;1.0;1.0;0.0;1.0;1.0;5;0.0533333333333333;0.05;364;0.0549450549450549;700.0;0.1111111111111111;1.923076923076923;0;0.04;-4;-1;10;0.0207852193995381;0.0;0.0;0.0;0;0;0;0;0;1;0;1;0.0;0.0;0.0;0.0;1.0;1.0;0.0;0.0;0.0;1.0;0.0;0.0;0.0;0.0;0.0;0.0;0.0;0.0;0.0;0.0;0.0;0.0;0.0;0.0;0.0;0.0;0.0;0.0;0.0;0.0;0.0;0.0;0.0;0.0;0.0;0.0;0.0;0.0;0.0;0.0;0.0;0.0;0.0;0.0
2025-01-20;Wolves;3;17;3;67;53;Chelsea;2;4;9;19;4;7;0.37;0.63;333;0.78;14;8;2;4;0;0;6;0.0;1.0;1.0;0.0;1.0;1.0;1.0;1.0;0.0;1.0;1.0;3;0.0331578947368421;0.1428571428571428;260;0.0538461538461538;702.7027027027027;0.6666666666666666;16.216216216216218;-10;-0.26;3;-2;6;0.027027027027027;0.1111111111111111;0.37;6.0;1;0;1;0;0;1;1;0;0.1111111111111111;0.25;0.003003003003003;9.0;1.0;1.0;0.0;0.0;0.0;1.0;0.0;0.0;0.0;0.0;0.0;0.0;0.0;0.0;0.0;0.0;0.0;0.0;0.0;0.0;0.0;0.0;0.0;0.0;0.0;0.0;0.0;0.0;0.0;0.0;0.0;0.0;0.0;0.0;0.0;0.0;0.0;0.0;0.0;0.0
2025-01-15;Wolves;3;17;0;67;60;Newcastle;2;0;13;17;7;5;0.39;0.61;380;0.77;13;10;2;0;0;0;2;0.0;1.0;1.0;0.0;0.0;1.0;1.0;1.0;0.0;0.0;1.0;4;0.0358823529411764;0.1538461538461538;293;0.0443686006825938;751.2820512820513;0.1538461538461538;5.128205128205128;-4;-0.2199999999999999;-2;2;3;0.0342105263157894;0.0;0.0;0.0;0;0;0;0;0;1;1;0;0.0;0.0;0.0;0.0;1.0;1.0;0.0;0.0;0.0;0.0;1.0;1.0;1.0;0.0;0.0;0.0;0.0;0.0;0.0;0.0;0.0;0.0;0.0;0.0;0.0;0.0;0.0;0.0;0.0;0.0;0.0;0.0;0.0;0.0;0.0;0.0;0.0;0.0;0.0;0.0;0.0;0.0;0.0;0.0
2025-01-11;Wolves;15;6;6;67;828;Bristol City;0;1;12;6;6;3;0.48;0.52;474;0.84;12;15;0;1;0;0;2;0.0;1.0;1.0;0.0;0.0;1.0;1.0;1.0;0.0;0.0;1.0;1;0.0866666666666666;0.0;398;0.0301507537688442;829.1666666666667;0.1666666666666666;4.166666666666667;6;-0.04;1;-1;-3;0.0253164556962025;0.1666666666666666;0.24;1.0;2;0;2;1;0;0;1;0;0.1666666666666666;0.3333333333333333;0.0042194092827004;6.0;0.0;1.0;0.0;1.0;0.0;0.0;1.0;1.0;1.0;0.0;0.0;0.0;0.0;0.0;0.0;0.0;0.0;0.0;0.0;0.0;0.0;0.0;0.0;0.0;0.0;0.0;0.0;0.0;0.0;0.0;0.0;0.0;0.0;0.0;0.0;0.0;0.0;0.0;0.0;0.0
2025-01-06;Wolves;3;17;3;67;55;Nottingham Forest;1;2;13;11;6;3;0.61;0.39;549;0.84;10;8;1;2;0;0;5;0.0;1.0;0.0;0.0;0.0;1.0;0.0;1.0;0.0;0.0;1.0;3;0.0354545454545454;0.1;461;0.0216919739696312;755.7377049180328;0.3846153846153846;8.19672131147541;2;0.2199999999999999;2;-1;2;0.02367941712204;0.0;0.0;0.0;0;0;0;0;0;1;0;1;0.0;0.0;0.0;0.0;1.0;1.0;0.0;0.0;0.0;0.0;1.0;1.0;1.0;1.0;1.0;0.0;0.0;0.0;0.0;0.0;0.0;0.0;0.0;0.0;0.0;0.0;0.0;0.0;0.0;0.0;0.0;0.0;0.0;0.0;0.0;0.0;0.0;0.0;0.0;0.0;0.0;0.0;0.0;0.0
2024-12-29;Wolves;3;17;3;67;56;Tottenham;2;1;11;13;3;3;0.53;0.47;457;0.8;10;9;2;1;0;0;5;0.0;1.0;0.0;0.0;1.0;1.0;1.0;1.0;0.0;1.0;0.0;5;0.0361538461538461;0.2;366;0.0273224043715847;690.566037735849;0.4545454545454545;9.433962264150942;-2;0.06;0;1;1;0.024070021881838;0.1818181818181818;0.265;2.5;1;1;2;0;1;0;1;0;0.1818181818181818;0.6666666666666666;0.0043763676148796;5.5;1.0;1.0;1.0;0.0;0.0;0.0;0.0;0.0;1.0;0.0;0.0;1.0;0.0;0.0;0.0;0.0;0.0;0.0;0.0;0.0;0.0;0.0;0.0;0.0;0.0;0.0;0.0;0.0;0.0;0.0;0.0;0.0;0.0;0.0;0.0;0.0;0.0;0.0;0.0;0.0
2024-12-26;Wolves;3;17;17;67;62;Manchester United;2;3;7;11;4;4;0.51;0.49;474;0.83;12;12;2;2;0;1;4;0.0;1.0;0.0;1.0;1.0;1.0;1.0;1.0;0.0;1.0;1.0;4;0.0445454545454545;0.1666666666666666;393;0.0305343511450381;770.5882352941177;0.5714285714285714;7.84313725490196;-4;0.02;0;-1;0;0.0147679324894514;0.2857142857142857;0.255;2.0;0;2;2;1;0;0;0;1;0.2857142857142857;0.5;0.0042194092827004;3.5;1.0;1.0;0.0;0.0;0.0;0.0;1.0;0.0;0.0;0.0;0.0;0.0;0.0;0.0;0.0;0.0;0.0;0.0;0.0;0.0;0.0;0.0;0.0;0.0;0.0;0.0;0.0;0.0;0.0;0.0;0.0;0.0;0.0;0.0;0.0;0.0;0.0;0.0;0.0;0.0
2024-12-22;Wolves;3;17;3;67;63;Leicester City;0;2;8;9;4;5;0.46;0.54;479;0.83;16;15;0;2;0;0;1;0.0;1.0;0.0;1.0;1.0;1.0;1.0;0.0;0.0;1.0;1.0;6;0.06;0.0;398;0.0402010050251256;865.2173913043478;0.125;2.1739130434782608;-1;-0.08;-5;-2;1;0.0167014613778705;0.375;0.1533333333333333;0.3333333333333333;3;0;3;1;0;0;1;0;0.375;0.75;0.0062630480167014;2.6666666666666665;1.0;1.0;0.0;0.0;0.0;0.0;1.0;1.0;0.0;0.0;0.0;0.0;0.0;0.0;0.0;0.0;0.0;0.0;0.0;0.0;0.0;0.0;0.0;0.0;0.0;0.0;0.0;0.0;0.0;0.0;0.0;0.0;0.0;0.0;0.0;0.0;0.0;0.0;0.0;0.0
2024-12-14;Wolves;3;17;3;67;66;Ipswich;1;3;16;10;6;5;0.55;0.45;499;0.83;13;9;0;3;1;0;7;0.0;1.0;0.0;1.0;1.0;0.0;1.0;1.0;0.0;1.0;1.0;3;0.045;0.0769230769230769;414;0.0314009661835748;752.7272727272726;0.4375;12.727272727272728;6;0.1;4;-2;4;0.032064128256513;0.0625;0.55;7.0;0;1;1;0;0;1;0;1;0.0625;0.1666666666666666;0.002004008016032;16.0;0.0;1.0;1.0;1.0;0.0;0.0;0.0;0.0;0.0;0.0;0.0;0.0;1.0;0.0;0.0;0.0;0.0;0.0;0.0;0.0;0.0;0.0;0.0;0.0;0.0;0.0;0.0;0.0;0.0;0.0;0.0;0.0;0.0;0.0;0.0;0.0;0.0;0.0;0.0;0.0
2024-12-09;Wolves;3;17;3;67;61;West Ham;4;5;19;19;5;4;0.46;0.54;377;0.76;17;12;4;5;0;0;0;0.0;1.0;0.0;1.0;1.0;1.0;1.0;1.0;0.0;1.0;1.0;11;0.0284210526315789;0.2352941176470588;287;0.0592334494773519;623.9130434782609;0.0;0.0;0;-0.08;-11;-1;5;0.0503978779840848;0.0526315789473684;0.46;0.0;0;1;1;0;0;1;1;0;0.0526315789473684;0.2;0.0026525198938992;19.0;0.0;1.0;0.0;1.0;0.0;0.0;0.0;0.0;0.0;0.0;0.0;0.0;1.0;0.0;0.0;0.0;0.0;0.0;0.0;0.0;0.0;0.0;0.0;0.0;0.0;0.0;0.0;0.0;0.0;0.0;0.0;0.0;0.0;0.0;0.0;0.0;0.0;0.0;0.0;0.0
2024-12-04;Wolves;3;17;3;67;64;Everton;0;2;6;13;2;4;0.57;0.43;473;0.8;8;10;0;2;0;0;4;0.0;1.0;0.0;0.0;0.0;1.0;1.0;1.0;0.0;1.0;1.0;3;0.033076923076923;0.0;378;0.0211640211640211;663.1578947368422;0.6666666666666666;7.017543859649123;-7;0.1399999999999999;1;-2;-2;0.0126849894291754;0.0;0.0;0.0;0;0;0;0;0;1;1;0;0.0;0.0;0.0;0.0;1.0;1.0;0.0;0.0;0.0;0.0;1.0;0.0;0.0;0.0;0.0;1.0;1.0;0.0;0.0;0.0;0.0;0.0;0.0;0.0;0.0;0.0;0.0;0.0;0.0;0.0;0.0;0.0;0.0;0.0;0.0;0.0;0.0;0.0;0.0;0.0;0.0;0.0;0.0;0.0
2024-11-30;Wolves;3;3;3;67;59;Bournemouth;5;1;10;12;3;8;0.61;0.39;520;0.84;13;11;5;1;0;0;3;0.0;0.0;0.0;1.0;1.0;1.0;1.0;1.0;0.0;1.0;1.0;4;0.0325;0.3846153846153846;437;0.0297482837528604;716.3934426229508;0.3;4.918032786885246;-2;0.2199999999999999;-1;4;2;0.0192307692307692;0.2;0.305;1.5;1;1;2;0;0;1;0;1;0.2;0.6666666666666666;0.0038461538461538;5.0;1.0;0.0;1.0;0.0;0.0;0.0;0.0;1.0;0.0;0.0;0.0;0.0;1.0;0.0;0.0;0.0;0.0;0.0;0.0;0.0;0.0;0.0;0.0;0.0;0.0;0.0;0.0;0.0;0.0;0.0;0.0;0.0;0.0;0.0;0.0;0.0;0.0;0.0;0.0;0.0
2024-11-23;Wolves;3;17;3;67;58;Fulham;0;3;10;10;5;3;0.4;0.6;392;0.82;14;14;0;3;0;0;2;0.0;0.0;0.0;1.0;1.0;1.0;1.0;1.0;0.0;1.0;1.0;7;0.06;0.0;321;0.043613707165109;802.5;0.2;5.0;0;-0.1999999999999999;-5;-3;0;0.0255102040816326;0.4;0.1;0.5;1;3;4;1;0;0;1;0;0.4;0.8;0.010204081632653;2.5;1.0;0.0;1.0;0.0;0.0;0.0;0.0;1.0;0.0;0.0;0.0;0.0;1.0;0.0;0.0;0.0;0.0;0.0;0.0;0.0;0.0;0.0;0.0;0.0;0.0;0.0;0.0;0.0;0.0;0.0;0.0;0.0;0.0;0.0;0.0;0.0;0.0;0.0;0.0;0.0
2024-11-09;Wolves;3;3;9;67;68;Southampton;1;4;8;9;4;0;0.28;0.72;278;0.76;14;12;1;4;0;0;1;0.0;1.0;0.0;1.0;1.0;1.0;0.0;1.0;0.0;1.0;1.0;9;0.08;0.0714285714285714;211;0.0663507109004739;753.5714285714286;0.125;3.571428571428571;-1;-0.4399999999999999;-8;-3;2;0.0287769784172661;0.25;0.14;0.5;1;1;2;1;0;0;0;1;0.25;0.5;0.0071942446043165;4.0;1.0;0.0;0.0;0.0;0.0;1.0;0.0;0.0;0.0;0.0;0.0;1.0;1.0;0.0;0.0;0.0;0.0;0.0;0.0;0.0;0.0;0.0;0.0;0.0;0.0;0.0;0.0;0.0;0.0;0.0;0.0;0.0;0.0;0.0;0.0;0.0;0.0;0.0;0.0;0.0
2024-11-02;Wolves;3;17;17;67;65;Crystal Palace;1;2;11;19;6;7;0.57;0.43;484;0.8;7;9;1;2;0;0;3;0.0;1.0;0.0;1.0;1.0;1.0;0.0;1.0;0.0;1.0;1.0;6;0.0226315789473684;0.1428571428571428;387;0.0180878552971576;678.9473684210527;0.2727272727272727;5.2631578947368425;-8;0.1399999999999999;-3;-1;-2;0.0227272727272727;0.1818181818181818;0.285;1.5;0;2;2;0;1;0;0;1;0.1818181818181818;0.3333333333333333;0.0041322314049586;5.5;1.0;0.0;0.0;0.0;0.0;1.0;0.0;0.0;0.0;0.0;1.0;1.0;0.0;0.0;0.0;0.0;0.0;0.0;0.0;0.0;0.0;0.0;0.0;0.0;0.0;0.0;0.0;0.0;0.0;0.0;0.0;0.0;0.0;0.0;0.0;0.0;0.0;0.0;0.0;0.0
2024-10-26;Wolves;3;17;1;67;54;Brighton;3;3;14;19;7;6;0.48;0.52;438;0.82;10;12;3;3;0;0;6;0.0;1.0;0.0;1.0;1.0;1.0;0.0;1.0;0.0;1.0;1.0;9;0.0273684210526315;0.3;359;0.0278551532033426;747.9166666666667;0.4285714285714285;12.5;-5;-0.04;-3;0;-2;0.0319634703196347;0.1428571428571428;0.24;3.0;0;2;2;0;1;0;1;0;0.1428571428571428;0.2857142857142857;0.0045662100456621;7.0;1.0;0.0;0.0;0.0;0.0;0.0;0.0;0.0;0.0;0.0;1.0;1.0;1.0;0.0;0.0;0.0;0.0;0.0;0.0;0.0;0.0;0.0;0.0;0.0;0.0;0.0;0.0;0.0;0.0;0.0;0.0;0.0;0.0;0.0;0.0;0.0;0.0;0.0;0.0;0.0
2024-10-20;Wolves;3;2;7;67;3;Manchester City;4;1;3;22;2;7;0.22;0.78;216;0.66;8;5;4;1;0;0;1;0.0;1.0;0.0;1.0;1.0;1.0;1.0;1.0;0.0;1.0;1.0;18;0.0354545454545454;0.5;143;0.0559440559440559;650.0;0.3333333333333333;4.545454545454546;-19;-0.56;-17;3;3;0.0138888888888888;0.3333333333333333;0.22;1.0;1;0;1;0;0;1;0;1;0.3333333333333333;0.5;0.0046296296296296;3.0;1.0;0.0;0.0;0.0;0.0;0.0;0.0;0.0;0.0;0.0;0.0;1.0;1.0;0.0;0.0;0.0;0.0;0.0;0.0;0.0;0.0;0.0;0.0;0.0;0.0;0.0;0.0;0.0;0.0;0.0;0.0;0.0;0.0;0.0;0.0;0.0;0.0;0.0;0.0;0.0
2024-10-05;Wolves;3;7;3;67;57;Brentford;3;2;17;19;6;12;0.56;0.44;478;0.78;10;9;3;2;0;0;3;0.0;0.0;0.0;1.0;1.0;1.0;1.0;1.0;0.0;1.0;1.0;10;0.0231578947368421;0.3;373;0.0268096514745308;666.0714285714286;0.1764705882352941;5.357142857142857;-2;0.12;-7;1;1;0.0355648535564853;0.1764705882352941;0.1866666666666666;1.0;2;1;3;0;0;1;1;0;0.1764705882352941;0.5;0.006276150627615;5.666666666666667;0.0;0.0;0.0;1.0;0.0;0.0;0.0;0.0;0.0;0.0;0.0;1.0;1.0;1.0;0.0;0.0;0.0;0.0;0.0;0.0;0.0;0.0;0.0;0.0;0.0;0.0;0.0;0.0;0.0;0.0;0.0;0.0;0.0;0.0;0.0;0.0;0.0;0.0;0.0;0.0
2024-09-28;Wolves;3;7;3;67;2;Liverpool;2;3;8;10;3;6;0.44;0.56;426;0.83;16;8;2;3;0;0;2;0.0;1.0;0.0;1.0;1.0;1.0;1.0;1.0;0.0;1.0;1.0;10;0.056;0.125;354;0.0451977401129943;804.5454545454545;0.25;4.545454545454546;-2;-0.12;-8;-1;8;0.0187793427230046;0.125;0.44;2.0;0;1;1;0;0;1;0;1;0.125;0.3333333333333333;0.0023474178403755;8.0;0.0;0.0;1.0;1.0;0.0;0.0;0.0;0.0;0.0;0.0;0.0;0.0;1.0;0.0;0.0;0.0;0.0;0.0;0.0;0.0;0.0;0.0;0.0;0.0;0.0;0.0;0.0;0.0;0.0;0.0;0.0;0.0;0.0;0.0;0.0;0.0;0.0;0.0;0.0;0.0
2024-09-21;Wolves;3;7;3;67;1;Aston Villa;6;3;10;9;4;4;0.47;0.53;398;0.85;16;11;6;3;0;0;5;0.0;0.0;0.0;0.0;1.0;1.0;1.0;1.0;0.0;1.0;1.0;6;0.0588888888888888;0.375;338;0.0473372781065088;719.1489361702128;0.5;10.638297872340424;1;-0.06;-1;3;5;0.0251256281407035;0.1;0.47;5.0;1;0;1;0;0;1;1;0;0.1;0.25;0.0025125628140703;10.0;0.0;0.0;1.0;1.0;0.0;0.0;0.0;0.0;0.0;0.0;0.0;1.0;1.0;0.0;1.0;0.0;0.0;0.0;0.0;0.0;0.0;0.0;0.0;0.0;0.0;0.0;0.0;0.0;0.0;0.0;0.0;0.0;0.0;0.0;0.0;0.0;0.0;0.0;0.0;0.0
2024-09-18;Wolves;14;3;1;67;54;Brighton;2;5;9;13;5;9;0.45;0.55;440;0.79;11;11;2;5;0;0;1;0.0;1.0;0.0;0.0;0.0;1.0;0.0;0.0;0.0;0.0;0.0;2;0.0423076923076923;0.1818181818181818;348;0.0316091954022988;773.3333333333333;0.1111111111111111;2.2222222222222223;-4;-0.1;-1;-3;0;0.0204545454545454;0.2222222222222222;0.225;0.5;1;1;2;0;0;1;1;0;0.2222222222222222;0.4;0.0045454545454545;4.5;1.0;1.0;0.0;0.0;0.0;1.0;1.0;1.0;1.0;1.0;1.0;0.0;0.0;0.0;0.0;1.0;0.0;0.0;0.0;0.0;0.0;0.0;0.0;0.0;0.0;0.0;0.0;0.0;0.0;0.0;0.0;0.0;0.0;0.0;0.0;0.0;0.0;0.0;0.0;0.0
2024-09-15;Wolves;3;8;0;67;60;Newcastle;3;3;12;14;5;6;0.48;0.52;433;0.83;17;6;3;3;0;0;4;0.0;0.0;0.0;0.0;1.0;1.0;1.0;1.0;0.0;1.0;1.0;7;0.0371428571428571;0.1764705882352941;359;0.0473537604456824;747.9166666666667;0.3333333333333333;8.333333333333334;-2;-0.04;-3;0;11;0.0277136258660508;0.0833333333333333;0.48;4.0;1;0;1;0;0;1;0;1;0.0833333333333333;0.2;0.0023094688221709;12.0;0.0;0.0;1.0;1.0;0.0;0.0;0.0;0.0;0.0;0.0;0.0;1.0;1.0;0.0;1.0;0.0;0.0;0.0;0.0;0.0;0.0;0.0;0.0;0.0;0.0;0.0;0.0;0.0;0.0;0.0;0.0;0.0;0.0;0.0;0.0;0.0;0.0;0.0;0.0;0.0
2024-08-31;Wolves;3;8;3;67;55;Nottingham Forest;4;3;11;16;3;5;0.48;0.52;359;0.77;18;15;4;3;0;0;3;0.0;0.0;0.0;1.0;1.0;1.0;0.0;1.0;0.0;1.0;1.0;7;0.0325;0.2222222222222222;276;0.0652173913043478;575.0;0.2727272727272727;6.25;-5;-0.04;-4;1;3;0.0306406685236768;0.0909090909090909;0.48;3.0;1;0;1;0;1;0;1;0;0.0909090909090909;0.3333333333333333;0.0027855153203342;11.0;0.0;0.0;1.0;1.0;0.0;0.0;0.0;0.0;0.0;0.0;0.0;1.0;1.0;0.0;1.0;0.0;0.0;0.0;0.0;0.0;0.0;0.0;0.0;0.0;0.0;0.0;0.0;0.0;0.0;0.0;0.0;0.0;0.0;0.0;0.0;0.0;0.0;0.0;0.0;0.0
2024-08-28;Wolves;14;3;8;67;819;Burnley;0;1;17;3;6;0;0.51;0.49;502;0.88;13;11;0;1;0;0;4;1.0;1.0;0.0;0.0;0.0;0.0;0.0;1.0;0.0;0.0;0.0;0;0.1633333333333333;0.0;442;0.0294117647058823;866.6666666666666;0.2352941176470588;7.84313725490196;14;0.02;4;-1;2;0.0338645418326693;0.1176470588235294;0.255;2.0;1;1;2;1;0;0;0;1;0.1176470588235294;0.3333333333333333;0.0039840637450199;8.5;0.0;0.0;0.0;0.0;0.0;1.0;1.0;0.0;0.0;1.0;1.0;1.0;0.0;0.0;0.0;0.0;1.0;1.0;1.0;0.0;0.0;0.0;0.0;0.0;0.0;0.0;0.0;0.0;0.0;0.0;0.0;0.0;0.0;0.0;0.0;0.0;0.0;0.0;0.0;0.0
2024-08-25;Wolves;3;3;3;67;53;Chelsea;2;3;12;14;4;8;0.39;0.61;320;0.79;13;13;2;3;0;0;5;0.0;0.0;0.0;1.0;0.0;1.0;0.0;1.0;0.0;1.0;1.0;5;0.0435714285714285;0.1538461538461538;253;0.0513833992094861;648.7179487179487;0.4166666666666667;12.82051282051282;-2;-0.2199999999999999;0;-1;0;0.0375;0.1666666666666666;0.195;2.5;2;0;2;0;0;1;0;1;0.1666666666666666;0.5;0.00625;6.0;1.0;1.0;1.0;0.0;0.0;0.0;0.0;0.0;1.0;0.0;0.0;0.0;1.0;0.0;1.0;0.0;0.0;0.0;0.0;0.0;0.0;0.0;0.0;0.0;0.0;0.0;0.0;0.0;0.0;0.0;0.0;0.0;0.0;0.0;0.0;0.0;0.0;0.0;0.0;0.0
2024-08-17;Wolves;3;3;0;67;9;Arsenal;2;2;9;18;3;6;0.47;0.53;375;0.81;14;17;2;2;0;0;2;0.0;0.0;0.0;1.0;0.0;1.0;0.0;1.0;0.0;0.0;1.0;8;0.0294444444444444;0.1428571428571428;304;0.0460526315789473;646.8085106382979;0.2222222222222222;4.25531914893617;-9;-0.06;-6;0;-3;0.024;0.0;0.0;0.0;0;0;0;0;0;1;1;0;0.0;0.0;0.0;0.0;1.0;1.0;1.0;0.0;0.0;0.0;0.0;1.0;1.0;0.0;0.0;0.0;1.0;0.0;1.0;0.0;0.0;0.0;0.0;0.0;0.0;0.0;0.0;0.0;0.0;0.0;0.0;0.0;0.0;0.0;0.0;0.0;0.0;0.0;0.0;0.0;0.0;0.0;0.0;0.0
2024-07-31;Wolves;6;23;17;67;65;Crystal Palace;0;2;11;9;6;4;0.65;0.35;580;0.87;10;14;0;2;0;0;3;1.0;1.0;0.0;0.0;0.0;0.0;0.0;0.0;0.0;0.0;0.0;3;0.0388888888888888;0.0;505;0.0198019801980198;776.9230769230769;0.2727272727272727;4.615384615384615;2;0.3;0;-2;-4;0.0189655172413793;0.0909090909090909;0.65;3.0;0;1;1;0;0;1;1;0;0.0909090909090909;0.1666666666666666;0.0017241379310344;11.0;0.0;0.0;1.0;0.0;0.0;0.0;1.0;1.0;0.0;1.0;1.0;1.0;0.0;0.0;0.0;0.0;0.0;0.0;0.0;1.0;1.0;1.0;0.0;0.0;0.0;0.0;0.0;0.0;0.0;0.0;0.0;0.0;0.0;0.0;0.0;0.0;0.0;0.0;0.0;0.0
2024-05-19;Wolves;3;23;0;67;2;Liverpool;2;1;4;36;3;14;0.32;0.68;303;0.76;10;14;1;1;1;0;2;0.0;1.0;0.0;1.0;1.0;1.0;0.0;1.0;0.0;1.0;0.0;10;0.0188888888888888;0.2;230;0.0434782608695652;718.75;0.5;6.25;-32;-0.36;-8;1;-4;0.0132013201320132;0.0;0.0;0.0;0;0;0;0;0;1;1;0;0.0;0.0;0.0;0.0;1.0;0.0;1.0;0.0;0.0;0.0;0.0;0.0;1.0;0.0;0.0;0.0;1.0;0.0;0.0;0.0;0.0;0.0;0.0;0.0;0.0;0.0;1.0;0.0;0.0;0.0;0.0;0.0;0.0;0.0;0.0;0.0;0.0;0.0;0.0;0.0;0.0;0.0;0.0;0.0
2024-05-11;Wolves;3;23;17;67;65;Crystal Palace;3;3;14;13;8;3;0.62;0.38;545;0.82;13;12;3;2;0;1;8;1.0;0.0;0.0;1.0;1.0;1.0;0.0;1.0;0.0;1.0;0.0;3;0.0292307692307692;0.2307692307692307;447;0.029082774049217;720.9677419354839;0.5714285714285714;12.903225806451614;1;0.24;5;0;1;0.0256880733944954;0.0714285714285714;0.62;8.0;0;1;1;0;0;1;0;1;0.0714285714285714;0.125;0.0018348623853211;14.0;0.0;1.0;0.0;0.0;0.0;0.0;0.0;0.0;1.0;0.0;0.0;0.0;1.0;0.0;0.0;0.0;1.0;0.0;0.0;0.0;0.0;0.0;1.0;0.0;0.0;0.0;0.0;0.0;0.0;0.0;0.0;0.0;0.0;0.0;0.0;0.0;0.0;0.0;0.0;0.0
2024-05-04;Wolves;3;2;3;67;3;Manchester City;4;0;2;20;1;12;0.42;0.58;454;0.84;17;4;4;0;0;0;0;0.0;0.0;0.0;1.0;1.0;1.0;0.0;1.0;0.0;1.0;0.0;6;0.0289999999999999;0.2352941176470588;381;0.0446194225721784;907.1428571428572;0.0;0.0;-18;-0.1599999999999999;-6;4;13;0.0044052863436123;0.5;0.42;0.0;0;1;1;0;0;1;1;0;0.5;1.0;0.0022026431718061;2.0;1.0;0.0;0.0;0.0;0.0;0.0;0.0;0.0;1.0;0.0;0.0;0.0;1.0;0.0;0.0;0.0;1.0;0.0;0.0;1.0;0.0;0.0;1.0;0.0;0.0;0.0;0.0;0.0;0.0;0.0;0.0;0.0;0.0;0.0;0.0;0.0;0.0;0.0;0.0;0.0
2024-04-27;Wolves;3;23;17;67;832;Luton;3;1;13;9;5;6;0.58;0.42;613;0.87;14;14;3;1;0;0;4;0.0;0.0;0.0;1.0;1.0;1.0;0.0;1.0;0.0;1.0;0.0;4;0.0466666666666666;0.2142857142857142;533;0.0262664165103189;918.9655172413794;0.3076923076923077;6.896551724137932;4;0.1599999999999999;0;2;0;0.0212071778140293;0.1538461538461538;0.29;2.0;1;1;2;1;0;0;0;1;0.1538461538461538;0.4;0.0032626427406199;6.5;1.0;1.0;0.0;0.0;0.0;0.0;0.0;0.0;1.0;0.0;0.0;0.0;1.0;0.0;0.0;0.0;1.0;0.0;0.0;0.0;0.0;0.0;1.0;0.0;0.0;0.0;0.0;0.0;0.0;0.0;0.0;0.0;0.0;0.0;0.0;0.0;0.0;0.0;0.0;0.0
2024-04-24;Wolves;3;7;3;67;59;Bournemouth;4;2;15;21;4;6;0.63;0.37;535;0.81;10;17;4;1;0;1;8;0.0;1.0;0.0;1.0;1.0;1.0;0.0;1.0;0.0;0.0;0.0;12;0.0176190476190476;0.4;433;0.023094688221709;687.3015873015873;0.5333333333333333;12.698412698412698;-6;0.26;-4;2;-7;0.02803738317757;0.0;0.0;0.0;0;0;0;0;0;1;0;1;0.0;0.0;0.0;0.0;1.0;0.0;0.0;0.0;0.0;1.0;0.0;0.0;1.0;0.0;1.0;0.0;1.0;0.0;0.0;0.0;0.0;0.0;0.0;0.0;0.0;0.0;1.0;0.0;0.0;0.0;0.0;0.0;0.0;0.0;0.0;0.0;0.0;0.0;0.0;0.0;0.0;0.0;0.0;0.0
2024-04-20;Wolves;3;1;0;67;9;Arsenal;3;2;5;24;3;9;0.46;0.54;465;0.81;14;9;3;2;0;0;1;0.0;1.0;0.0;1.0;0.0;1.0;0.0;0.0;0.0;0.0;0.0;2;0.0225;0.2142857142857142;377;0.0371352785145888;819.5652173913043;0.2;2.1739130434782608;-19;-0.08;-1;1;5;0.010752688172043;0.0;0.0;0.0;0;0;0;0;0;1;0;1;0.0;0.0;0.0;0.0;1.0;1.0;0.0;0.0;0.0;0.0;0.0;0.0;1.0;0.0;1.0;0.0;0.0;0.0;0.0;0.0;1.0;0.0;0.0;1.0;0.0;1.0;1.0;0.0;0.0;0.0;0.0;0.0;0.0;0.0;0.0;0.0;0.0;0.0;0.0;0.0;0.0;0.0;0.0;0.0
2024-04-13;Wolves;3;29;3;67;55;Nottingham Forest;3;2;11;18;4;9;0.54;0.46;525;0.86;10;15;3;2;0;0;1;0.0;1.0;0.0;1.0;1.0;1.0;0.0;0.0;0.0;1.0;0.0;10;0.0255555555555555;0.3;452;0.0221238938053097;837.037037037037;0.0909090909090909;1.851851851851852;-7;0.08;-9;1;-5;0.0209523809523809;0.1818181818181818;0.27;0.5;1;1;2;0;1;0;1;0;0.1818181818181818;0.5;0.0038095238095238;5.5;1.0;1.0;0.0;0.0;0.0;1.0;0.0;0.0;0.0;0.0;1.0;0.0;1.0;0.0;0.0;0.0;0.0;0.0;0.0;0.0;0.0;0.0;1.0;0.0;0.0;0.0;0.0;0.0;0.0;0.0;0.0;0.0;0.0;0.0;0.0;0.0;0.0;0.0;0.0;0.0
2024-04-06;Wolves;3;17;3;67;61;West Ham;5;2;14;11;7;4;0.59;0.41;595;0.87;15;7;5;2;0;0;4;0.0;1.0;0.0;1.0;1.0;1.0;0.0;1.0;0.0;0.0;0.0;4;0.0372727272727272;0.3333333333333333;518;0.0289575289575289;877.9661016949153;0.2857142857142857;6.779661016949153;3;0.18;0;3;8;0.0235294117647058;0.0714285714285714;0.59;4.0;1;0;1;0;0;1;0;1;0.0714285714285714;0.1428571428571428;0.0016806722689075;14.0;1.0;1.0;0.0;0.0;0.0;1.0;0.0;0.0;0.0;0.0;1.0;0.0;1.0;0.0;0.0;0.0;0.0;0.0;0.0;0.0;0.0;0.0;1.0;0.0;0.0;0.0;0.0;0.0;0.0;0.0;0.0;0.0;0.0;0.0;0.0;0.0;0.0;0.0;0.0;0.0
2024-04-02;Wolves;3;8;1;67;819;Burnley;2;0;8;13;2;6;0.49;0.51;468;0.84;12;10;2;0;0;0;4;0.0;0.0;0.0;1.0;1.0;1.0;0.0;1.0;0.0;0.0;0.0;7;0.0392307692307692;0.1666666666666666;393;0.0305343511450381;802.0408163265306;0.5;8.16326530612245;-5;-0.02;-3;2;2;0.017094017094017;0.125;0.49;4.0;1;0;1;0;1;0;1;0;0.125;0.5;0.0021367521367521;8.0;1.0;1.0;0.0;0.0;0.0;1.0;0.0;0.0;0.0;0.0;0.0;0.0;1.0;0.0;0.0;0.0;0.0;0.0;0.0;1.0;0.0;0.0;1.0;1.0;0.0;0.0;0.0;0.0;0.0;0.0;0.0;0.0;0.0;0.0;0.0;0.0;0.0;0.0;0.0;0.0
2024-03-30;Wolves;3;17;1;67;1;Aston Villa;4;3;13;11;3;5;0.52;0.48;439;0.87;19;11;4;3;0;0;4;0.0;1.0;0.0;1.0;1.0;1.0;0.0;1.0;0.0;0.0;0.0;5;0.0436363636363636;0.2105263157894736;382;0.0497382198952879;734.6153846153846;0.3076923076923077;7.692307692307692;2;0.04;-1;1;8;0.0296127562642369;0.0;0.0;0.0;0;0;0;0;0;1;1;0;0.0;0.0;0.0;0.0;1.0;0.0;0.0;0.0;0.0;1.0;0.0;0.0;0.0;0.0;1.0;0.0;1.0;0.0;0.0;0.0;0.0;0.0;0.0;0.0;0.0;0.0;1.0;1.0;0.0;0.0;0.0;0.0;0.0;0.0;0.0;0.0;0.0;0.0;0.0;0.0;0.0;0.0;0.0;0.0
2024-03-16;Wolves;15;6;3;67;833;Coventry City;2;1;17;24;5;12;0.59;0.41;541;0.84;11;9;2;1;0;0;7;0.0;1.0;0.0;1.0;1.0;1.0;0.0;1.0;0.0;0.0;0.0;4;0.0170833333333333;0.1818181818181818;454;0.0242290748898678;769.4915254237288;0.4117647058823529;11.864406779661016;-7;0.18;3;1;2;0.0314232902033271;0.1176470588235294;0.295;3.5;0;2;2;0;0;1;0;1;0.1176470588235294;0.4;0.0036968576709796;8.5;1.0;0.0;0.0;0.0;0.0;1.0;0.0;0.0;0.0;0.0;1.0;0.0;1.0;0.0;0.0;0.0;0.0;0.0;0.0;0.0;0.0;0.0;1.0;0.0;1.0;0.0;0.0;0.0;0.0;0.0;0.0;0.0;0.0;0.0;0.0;0.0;0.0;0.0;0.0;0.0
2024-03-09;Wolves;3;3;3;67;58;Fulham;2;2;8;23;3;7;0.47;0.53;451;0.84;7;11;2;2;0;0;3;0.0;1.0;0.0;0.0;1.0;1.0;0.0;1.0;0.0;0.0;0.0;4;0.0230434782608695;0.2857142857142857;379;0.0184696569920844;806.3829787234043;0.375;6.382978723404256;-15;-0.06;-1;0;-4;0.0177383592017738;0.25;0.235;1.5;0;2;2;1;0;0;0;1;0.25;0.6666666666666666;0.0044345898004434;4.0;1.0;0.0;1.0;0.0;0.0;1.0;0.0;0.0;0.0;0.0;0.0;0.0;1.0;0.0;0.0;0.0;0.0;0.0;0.0;0.0;0.0;0.0;1.0;0.0;1.0;1.0;0.0;0.0;0.0;0.0;0.0;0.0;0.0;0.0;0.0;0.0;0.0;0.0;0.0;0.0
2024-03-02;Wolves;3;17;0;67;60;Newcastle;1;0;12;14;3;7;0.56;0.44;564;0.85;11;8;1;0;0;0;5;0.0;0.0;0.0;1.0;1.0;0.0;0.0;1.0;0.0;0.0;0.0;3;0.0314285714285714;0.0909090909090909;479;0.022964509394572;855.3571428571428;0.4166666666666667;8.928571428571427;-2;0.12;2;1;3;0.0212765957446808;0.0;0.0;0.0;0;0;0;0;0;1;1;0;0.0;0.0;0.0;0.0;1.0;0.0;1.0;0.0;0.0;1.0;0.0;0.0;0.0;0.0;1.0;1.0;1.0;0.0;0.0;0.0;0.0;0.0;0.0;0.0;0.0;0.0;1.0;0.0;0.0;1.0;0.0;0.0;0.0;0.0;0.0;0.0;0.0;0.0;0.0;0.0;0.0;0.0;0.0;0.0
2024-02-28;Wolves;15;2;17;67;54;Brighton;3;2;9;18;2;2;0.28;0.72;266;0.72;15;7;3;2;0;0;3;0.0;1.0;0.0;1.0;0.0;1.0;0.0;1.0;0.0;0.0;0.0;7;0.04;0.2;192;0.078125;685.7142857142857;0.3333333333333333;10.714285714285714;-9;-0.4399999999999999;-4;1;8;0.0338345864661654;0.1111111111111111;0.28;3.0;1;0;1;1;0;0;0;1;0.1111111111111111;0.5;0.0037593984962406;9.0;1.0;1.0;1.0;0.0;0.0;0.0;0.0;0.0;1.0;0.0;1.0;0.0;1.0;0.0;0.0;0.0;0.0;0.0;0.0;0.0;0.0;0.0;1.0;0.0;0.0;0.0;0.0;0.0;0.0;0.0;0.0;0.0;0.0;0.0;0.0;0.0;0.0;0.0;0.0;0.0
2024-02-25;Wolves;3;17;2;67;818;Sheffield United;2;1;13;12;2;4;0.64;0.36;608;0.87;8;4;2;1;0;0;5;0.0;0.0;0.0;1.0;1.0;1.0;0.0;1.0;0.0;0.0;0.0;6;0.03;0.25;529;0.0151228733459357;826.5625;0.3846153846153846;7.8125;1;0.28;-1;1;4;0.0213815789473684;0.0769230769230769;0.64;5.0;1;0;1;1;0;0;0;1;0.0769230769230769;0.5;0.0016447368421052;13.0;1.0;0.0;0.0;0.0;0.0;1.0;0.0;0.0;1.0;0.0;0.0;1.0;1.0;0.0;0.0;0.0;0.0;0.0;0.0;0.0;0.0;0.0;1.0;0.0;0.0;1.0;0.0;0.0;0.0;0.0;0.0;0.0;0.0;0.0;0.0;0.0;0.0;0.0;0.0;0.0
2024-02-17;Wolves;3;17;3;67;56;Tottenham;1;0;12;15;7;4;0.28;0.72;300;0.71;13;8;1;0;0;0;4;0.0;0.0;0.0;1.0;1.0;1.0;0.0;1.0;0.0;0.0;0.0;10;0.048;0.0769230769230769;213;0.0610328638497652;760.7142857142857;0.3333333333333333;14.285714285714285;-3;-0.4399999999999999;-6;1;5;0.04;0.1666666666666666;0.14;2.0;1;1;2;1;0;0;1;0;0.1666666666666666;0.2857142857142857;0.0066666666666666;6.0;1.0;0.0;0.0;0.0;0.0;1.0;0.0;0.0;1.0;0.0;0.0;1.0;1.0;0.0;0.0;0.0;0.0;0.0;0.0;0.0;0.0;0.0;1.0;0.0;0.0;1.0;0.0;0.0;0.0;0.0;0.0;0.0;0.0;0.0;0.0;0.0;0.0;0.0;0.0;0.0
2024-02-10;Wolves;3;17;2;67;57;Brentford;2;3;17;9;5;6;0.72;0.28;651;0.86;11;9;2;3;0;0;7;0.0;0.0;0.0;1.0;1.0;1.0;0.0;1.0;0.0;1.0;0.0;4;0.0311111111111111;0.1818181818181818;560;0.0196428571428571;777.7777777777778;0.4117647058823529;9.722222222222223;8;0.4399999999999999;3;-1;2;0.0261136712749615;0.0;0.0;0.0;0;0;0;0;0;1;0;1;0.0;0.0;0.0;0.0;1.0;0.0;0.0;0.0;0.0;1.0;0.0;0.0;0.0;0.0;0.0;1.0;1.0;0.0;0.0;0.0;0.0;0.0;0.0;0.0;0.0;0.0;1.0;0.0;0.0;1.0;0.0;0.0;0.0;0.0;0.0;0.0;0.0;0.0;0.0;0.0;0.0;0.0;0.0;0.0
2024-02-04;Wolves;3;17;3;67;53;Chelsea;2;3;14;15;7;6;0.35;0.65;356;0.79;11;15;2;3;0;0;1;0.0;0.0;0.0;1.0;1.0;1.0;0.0;1.0;0.0;1.0;0.0;10;0.0433333333333333;0.1818181818181818;281;0.0391459074733096;802.8571428571429;0.0714285714285714;2.857142857142857;-1;-0.3;-9;-1;-4;0.0393258426966292;0.2857142857142857;0.0875;0.25;2;2;4;1;0;0;1;0;0.2857142857142857;0.5714285714285714;0.0112359550561797;3.5;1.0;0.0;0.0;0.0;0.0;1.0;0.0;0.0;0.0;0.0;0.0;1.0;1.0;0.0;0.0;0.0;0.0;0.0;0.0;0.0;0.0;0.0;1.0;0.0;0.0;1.0;0.0;0.0;0.0;0.0;0.0;0.0;0.0;0.0;0.0;0.0;0.0;0.0;0.0;0.0
2024-02-01;Wolves;3;17;3;67;62;Manchester United;2;5;16;21;7;8;0.54;0.46;511;0.87;10;10;2;5;0;0;4;0.0;0.0;0.0;1.0;1.0;0.0;0.0;0.0;0.0;1.0;0.0;5;0.0219047619047619;0.2;445;0.0224719101123595;824.074074074074;0.25;7.4074074074074066;-5;0.08;-1;-3;0;0.0313111545988258;0.1875;0.18;1.3333333333333333;0;3;3;0;0;1;0;1;0.1875;0.4285714285714285;0.0058708414872798;5.333333333333333;1.0;1.0;1.0;0.0;0.0;0.0;0.0;0.0;0.0;0.0;1.0;1.0;1.0;0.0;0.0;0.0;0.0;0.0;0.0;0.0;0.0;0.0;1.0;0.0;0.0;1.0;0.0;0.0;0.0;0.0;0.0;0.0;0.0;0.0;0.0;0.0;0.0;0.0;0.0;0.0
2024-01-28;Wolves;15;17;7;67;823;Albion;0;2;8;12;4;4;0.48;0.52;446;0.84;8;11;0;2;0;0;7;0.0;0.0;0.0;1.0;1.0;0.0;0.0;0.0;0.0;1.0;0.0;8;0.0433333333333333;0.0;375;0.0213333333333333;781.25;0.875;14.583333333333334;-4;-0.04;-1;-2;-3;0.0179372197309417;0.25;0.24;3.5;1;1;2;1;0;0;1;0;0.25;0.5;0.0044843049327354;4.0;1.0;1.0;1.0;0.0;0.0;0.0;0.0;0.0;0.0;0.0;1.0;1.0;1.0;0.0;0.0;0.0;0.0;0.0;0.0;0.0;0.0;0.0;1.0;0.0;0.0;1.0;0.0;0.0;0.0;0.0;0.0;0.0;0.0;0.0;0.0;0.0;0.0;0.0;0.0;0.0
2024-01-22;Wolves;3;17;0;67;54;Brighton;4;1;8;11;3;4;0.28;0.72;312;0.76;13;10;4;1;0;0;2;0.0;0.0;0.0;1.0;1.0;0.0;0.0;0.0;0.0;1.0;0.0;8;0.0654545454545454;0.3076923076923077;237;0.0548523206751054;846.4285714285713;0.25;7.142857142857142;-3;-0.4399999999999999;-6;3;3;0.0256410256410256;0.0;0.0;0.0;0;0;0;0;1;0;1;0;0.0;0.0;0.0;0.0;1.0;1.0;0.0;0.0;0.0;1.0;0.0;0.0;0.0;0.0;1.0;1.0;1.0;0.0;0.0;0.0;0.0;0.0;0.0;0.0;0.0;0.0;1.0;0.0;0.0;1.0;0.0;0.0;0.0;0.0;0.0;0.0;0.0;0.0;0.0;0.0;0.0;0.0;0.0;0.0
2024-01-05;Wolves;15;17;2;67;57;Brentford;3;3;7;14;1;3;0.26;0.74;216;0.7;12;8;2;3;1;0;7;0.0;1.0;0.0;1.0;1.0;1.0;0.0;0.0;0.0;1.0;0.0;4;0.0528571428571428;0.25;151;0.0794701986754966;580.7692307692307;1.0;26.923076923076923;-7;-0.48;3;0;4;0.0324074074074074;0.1428571428571428;0.26;7.0;0;1;1;0;1;0;1;0;0.1428571428571428;1.0;0.0046296296296296;7.0;1.0;1.0;1.0;0.0;0.0;1.0;0.0;0.0;0.0;0.0;1.0;0.0;0.0;0.0;0.0;0.0;0.0;0.0;0.0;0.0;0.0;0.0;1.0;0.0;0.0;0.0;0.0;0.0;0.0;0.0;0.0;0.0;0.0;0.0;0.0;0.0;0.0;0.0;0.0;0.0
2023-12-30;Wolves;3;17;9;67;64;Everton;2;3;12;10;6;0;0.53;0.47;512;0.81;9;14;2;3;0;0;5;0.0;0.0;0.0;1.0;1.0;1.0;0.0;1.0;0.0;1.0;0.0;2;0.047;0.2222222222222222;415;0.0216867469879518;783.0188679245283;0.4166666666666667;9.433962264150942;2;0.06;3;-1;-5;0.0234375;0.25;0.1766666666666666;1.6666666666666667;1;2;3;1;0;0;0;1;0.25;0.5;0.005859375;4.0;1.0;0.0;0.0;0.0;0.0;1.0;0.0;0.0;1.0;0.0;1.0;1.0;0.0;0.0;0.0;0.0;0.0;0.0;0.0;0.0;0.0;0.0;1.0;0.0;0.0;0.0;0.0;0.0;0.0;0.0;0.0;0.0;0.0;0.0;0.0;0.0;0.0;0.0;0.0;0.0
2023-12-27;Wolves;3;17;0;67;57;Brentford;1;1;11;14;5;4;0.39;0.61;410;0.74;14;5;1;1;0;0;2;0.0;1.0;0.0;1.0;1.0;1.0;0.0;1.0;0.0;1.0;0.0;8;0.0435714285714285;0.0714285714285714;303;0.0462046204620462;776.9230769230769;0.1818181818181818;5.128205128205128;-3;-0.2199999999999999;-6;0;9;0.0268292682926829;0.3636363636363636;0.0975;0.5;3;1;4;1;0;0;1;0;0.3636363636363636;0.8;0.0097560975609756;2.75;1.0;0.0;0.0;0.0;0.0;1.0;0.0;0.0;1.0;0.0;0.0;0.0;1.0;0.0;0.0;0.0;0.0;0.0;0.0;0.0;0.0;0.0;1.0;0.0;0.0;0.0;0.0;0.0;0.0;0.0;0.0;0.0;0.0;0.0;0.0;0.0;0.0;0.0;0.0;0.0
2023-12-24;Wolves;3;17;3;67;53;Chelsea;3;6;14;16;6;5;0.31;0.69;266;0.66;11;9;3;6;0;0;10;0.0;0.0;0.0;1.0;1.0;1.0;0.0;1.0;0.0;1.0;0.0;6;0.043125;0.2727272727272727;176;0.0625;567.741935483871;0.7142857142857143;32.25806451612903;-2;-0.3799999999999999;4;-3;2;0.0526315789473684;0.1428571428571428;0.155;5.0;0;2;2;1;0;0;0;1;0.1428571428571428;0.3333333333333333;0.0075187969924812;7.0;1.0;0.0;0.0;0.0;0.0;1.0;0.0;0.0;1.0;0.0;0.0;1.0;1.0;0.0;0.0;0.0;0.0;0.0;0.0;0.0;0.0;0.0;1.0;0.0;0.0;0.0;0.0;0.0;0.0;0.0;0.0;0.0;0.0;0.0;0.0;0.0;0.0;0.0;0.0;0.0
2023-12-17;Wolves;3;6;3;67;61;West Ham;1;3;14;13;3;4;0.56;0.44;541;0.84;15;12;1;3;0;0;5;1.0;0.0;0.0;1.0;1.0;1.0;0.0;0.0;0.0;1.0;0.0;6;0.0338461538461538;0.0666666666666666;454;0.0330396475770925;810.7142857142857;0.3571428571428571;8.928571428571427;1;0.12;-1;-2;3;0.0258780036968576;0.0;0.0;0.0;0;0;0;0;0;1;1;0;0.0;0.0;0.0;0.0;0.0;0.0;1.0;0.0;0.0;1.0;0.0;0.0;1.0;0.0;0.0;1.0;1.0;0.0;0.0;0.0;0.0;0.0;0.0;0.0;0.0;0.0;1.0;0.0;0.0;0.0;0.0;0.0;0.0;0.0;0.0;0.0;0.0;0.0;0.0;0.0;0.0;0.0;0.0;0.0
2023-12-09;Wolves;3;6;2;67;55;Nottingham Forest;0;1;10;8;4;2;0.69;0.31;655;0.84;9;11;0;1;0;0;4;0.0;0.0;0.0;1.0;1.0;1.0;0.0;0.0;0.0;1.0;0.0;3;0.03875;0.0;550;0.0163636363636363;797.1014492753624;0.4;5.797101449275363;2;0.3799999999999999;1;-1;-2;0.015267175572519;0.1;0.69;4.0;1;0;1;0;1;0;0;1;0.1;0.25;0.0015267175572519;10.0;1.0;0.0;0.0;0.0;0.0;1.0;0.0;0.0;1.0;0.0;0.0;1.0;1.0;0.0;0.0;0.0;0.0;0.0;0.0;1.0;0.0;0.0;1.0;0.0;0.0;0.0;0.0;0.0;0.0;0.0;0.0;0.0;0.0;0.0;0.0;0.0;0.0;0.0;0.0;0.0
2023-12-05;Wolves;3;6;1;67;819;Burnley;2;4;7;12;4;3;0.52;0.48;467;0.79;11;15;2;4;0;0;5;1.0;0.0;0.0;1.0;1.0;1.0;0.0;0.0;0.0;1.0;0.0;8;0.04;0.1818181818181818;369;0.029810298102981;709.6153846153846;0.7142857142857143;9.615384615384617;-5;0.04;-3;-2;-4;0.0149892933618843;0.1428571428571428;0.52;5.0;1;0;1;1;0;0;0;1;0.1428571428571428;0.25;0.0021413276231263;7.0;0.0;0.0;0.0;0.0;0.0;1.0;0.0;0.0;1.0;0.0;0.0;1.0;1.0;0.0;0.0;0.0;0.0;0.0;0.0;1.0;0.0;0.0;1.0;0.0;0.0;0.0;0.0;0.0;0.0;0.0;0.0;0.0;0.0;0.0;0.0;0.0;0.0;0.0;0.0;0.0
2023-12-02;Wolves;3;2;0;67;9;Arsenal;2;1;6;19;3;6;0.43;0.57;478;0.79;10;10;2;1;0;0;0;0.0;0.0;0.0;1.0;1.0;0.0;0.0;0.0;0.0;1.0;0.0;4;0.03;0.2;378;0.0264550264550264;879.0697674418604;0.0;0.0;-13;-0.1399999999999999;-4;1;0;0.0125523012552301;0.1666666666666666;0.43;0.0;0;1;1;0;0;1;1;0;0.1666666666666666;0.3333333333333333;0.002092050209205;6.0;1.0;0.0;1.0;0.0;0.0;0.0;0.0;0.0;1.0;0.0;1.0;1.0;0.0;0.0;0.0;0.0;1.0;0.0;0.0;1.0;0.0;0.0;1.0;0.0;0.0;0.0;0.0;0.0;0.0;0.0;0.0;0.0;0.0;0.0;0.0;0.0;0.0;0.0;0.0;0.0
2023-11-27;Wolves;3;2;3;67;58;Fulham;2;2;10;12;6;6;0.4;0.6;432;0.75;13;13;2;2;0;0;2;0.0;1.0;0.0;1.0;1.0;1.0;0.0;1.0;0.0;1.0;0.0;6;0.0499999999999999;0.1538461538461538;324;0.0401234567901234;810.0;0.2;5.0;-2;-0.1999999999999999;-4;0;0;0.0231481481481481;0.2;0.2;1.0;1;1;2;0;0;1;1;0;0.2;0.3333333333333333;0.0046296296296296;5.0;1.0;0.0;1.0;0.0;0.0;0.0;0.0;0.0;1.0;0.0;0.0;0.0;1.0;0.0;0.0;0.0;0.0;0.0;0.0;0.0;0.0;0.0;1.0;0.0;0.0;0.0;0.0;0.0;0.0;0.0;0.0;0.0;0.0;0.0;0.0;0.0;0.0;0.0;0.0;0.0
2023-11-11;Wolves;3;2;0;67;56;Tottenham;4;3;17;6;4;2;0.41;0.59;430;0.84;19;15;4;3;0;0;11;0.0;0.0;0.0;1.0;1.0;1.0;0.0;1.0;0.0;1.0;0.0;3;0.0983333333333333;0.2105263157894736;361;0.0526315789473684;880.4878048780488;0.6470588235294118;26.82926829268293;11;-0.18;8;1;4;0.0395348837209302;0.1176470588235294;0.205;5.5;0;2;2;1;0;0;0;1;0.1176470588235294;0.5;0.0046511627906976;8.5;1.0;0.0;1.0;0.0;0.0;0.0;0.0;0.0;1.0;0.0;0.0;1.0;1.0;0.0;0.0;0.0;0.0;0.0;0.0;0.0;0.0;0.0;1.0;0.0;0.0;0.0;0.0;0.0;0.0;0.0;0.0;0.0;0.0;0.0;0.0;0.0;0.0;0.0;0.0;0.0
2023-11-04;Wolves;3;8;29;67;818;Sheffield United;3;2;10;11;3;2;0.62;0.38;501;0.81;10;13;3;2;0;0;4;0.0;0.0;0.0;1.0;1.0;0.0;0.0;1.0;0.0;1.0;0.0;4;0.0345454545454545;0.3;406;0.0246305418719211;654.8387096774194;0.4;6.451612903225807;-1;0.24;0;1;-3;0.0199600798403193;0.1;0.62;4.0;0;1;1;0;0;1;1;0;0.1;0.3333333333333333;0.0019960079840319;10.0;1.0;0.0;0.0;0.0;0.0;0.0;0.0;0.0;1.0;0.0;1.0;1.0;1.0;0.0;0.0;0.0;0.0;0.0;0.0;0.0;0.0;0.0;1.0;0.0;0.0;0.0;1.0;0.0;0.0;0.0;0.0;0.0;0.0;0.0;0.0;0.0;0.0;0.0;0.0;0.0
2023-10-28;Wolves;3;1;0;67;60;Newcastle;1;4;11;13;6;5;0.43;0.57;393;0.81;13;15;1;4;0;0;8;0.0;0.0;0.0;1.0;1.0;0.0;0.0;1.0;0.0;1.0;0.0;7;0.0438461538461538;0.0769230769230769;318;0.040880503144654;739.5348837209302;0.7272727272727273;18.6046511627907;-2;-0.1399999999999999;1;-3;-2;0.0279898218829516;0.1818181818181818;0.215;4.0;1;1;2;0;1;0;0;1;0.1818181818181818;0.3333333333333333;0.005089058524173;5.5;1.0;0.0;0.0;0.0;0.0;0.0;0.0;0.0;1.0;0.0;0.0;1.0;1.0;0.0;0.0;0.0;1.0;0.0;0.0;0.0;0.0;0.0;1.0;0.0;0.0;1.0;0.0;0.0;0.0;0.0;0.0;0.0;0.0;0.0;0.0;0.0;0.0;0.0;0.0;0.0
2023-10-21;Wolves;3;6;3;67;59;Bournemouth;6;3;21;7;7;4;0.67;0.33;598;0.85;10;15;6;2;0;1;12;0.0;0.0;0.0;1.0;0.0;1.0;0.0;1.0;0.0;1.0;0.0;3;0.0471428571428571;0.6;508;0.0196850393700787;758.2089552238806;0.5714285714285714;17.91044776119403;14;0.34;9;3;-5;0.0351170568561872;0.0952380952380952;0.335;6.0;0;2;2;1;0;0;1;0;0.0952380952380952;0.2857142857142857;0.0033444816053511;10.5;1.0;1.0;0.0;0.0;0.0;0.0;0.0;0.0;1.0;0.0;0.0;1.0;0.0;0.0;0.0;0.0;1.0;0.0;0.0;0.0;0.0;0.0;1.0;0.0;0.0;1.0;0.0;0.0;0.0;0.0;0.0;0.0;0.0;0.0;0.0;0.0;0.0;0.0;0.0;0.0
2023-10-08;Wolves;3;6;1;67;1;Aston Villa;4;2;8;18;3;4;0.46;0.54;358;0.79;19;9;3;2;1;0;2;0.0;0.0;0.0;1.0;1.0;1.0;0.0;1.0;0.0;1.0;0.0;10;0.03;0.2105263157894736;283;0.0671378091872791;615.2173913043478;0.25;4.3478260869565215;-10;-0.08;-8;2;10;0.0223463687150838;0.125;0.46;2.0;0;1;1;0;1;0;0;1;0.125;0.3333333333333333;0.0027932960893854;8.0;1.0;0.0;0.0;0.0;0.0;0.0;0.0;0.0;1.0;0.0;0.0;1.0;1.0;0.0;0.0;0.0;0.0;0.0;0.0;0.0;0.0;0.0;1.0;0.0;0.0;1.0;0.0;0.0;0.0;0.0;0.0;0.0;0.0;0.0;0.0;0.0;0.0;0.0;0.0;0.0
2023-09-30;Wolves;3;6;3;67;3;Manchester City;6;5;3;23;1;8;0.31;0.69;282;0.76;18;12;6;5;0;0;0;0.0;0.0;0.0;1.0;1.0;1.0;0.0;1.0;0.0;1.0;0.0;6;0.03;0.3333333333333333;214;0.0841121495327102;690.3225806451613;0.0;0.0;-20;-0.3799999999999999;-6;1;6;0.0106382978723404;0.6666666666666666;0.155;0.0;1;1;2;1;0;0;0;1;0.6666666666666666;2.0;0.0070921985815602;1.5;1.0;0.0;0.0;0.0;0.0;0.0;0.0;0.0;1.0;0.0;0.0;1.0;1.0;0.0;0.0;0.0;0.0;0.0;0.0;0.0;0.0;0.0;1.0;0.0;0.0;1.0;0.0;0.0;0.0;0.0;0.0;0.0;0.0;0.0;0.0;0.0;0.0;0.0;0.0;0.0
2023-09-26;Wolves;14;6;3;67;66;Ipswich;3;3;13;15;3;6;0.57;0.43;498;0.83;14;12;3;3;0;0;8;1.0;1.0;0.0;1.0;0.0;0.0;0.0;0.0;0.0;0.0;0.0;7;0.0286666666666666;0.2142857142857142;413;0.0338983050847457;724.561403508772;0.6153846153846154;14.035087719298248;-2;0.1399999999999999;1;0;2;0.0261044176706827;0.1538461538461538;0.285;4.0;2;0;2;0;0;1;1;0;0.1538461538461538;0.6666666666666666;0.0040160642570281;6.5;0.0;1.0;0.0;0.0;0.0;1.0;0.0;0.0;1.0;0.0;1.0;0.0;0.0;0.0;0.0;0.0;1.0;0.0;0.0;1.0;0.0;0.0;0.0;0.0;0.0;0.0;1.0;1.0;0.0;0.0;0.0;0.0;0.0;0.0;0.0;0.0;0.0;0.0;0.0;0.0
2023-09-23;Wolves;3;3;6;67;832;Luton;3;0;3;20;3;4;0.43;0.57;359;0.73;17;12;2;0;1;0;1;0.0;0.0;0.0;0.0;1.0;1.0;0.0;1.0;0.0;1.0;0.0;10;0.0284999999999999;0.1764705882352941;262;0.0648854961832061;609.3023255813954;0.3333333333333333;2.3255813953488373;-17;-0.1399999999999999;-9;3;5;0.0083565459610027;0.3333333333333333;0.43;1.0;0;1;1;0;1;0;1;0;0.3333333333333333;0.3333333333333333;0.0027855153203342;3.0;1.0;0.0;1.0;0.0;0.0;0.0;0.0;0.0;1.0;0.0;0.0;1.0;1.0;0.0;0.0;0.0;0.0;0.0;0.0;0.0;0.0;0.0;1.0;0.0;0.0;1.0;0.0;0.0;0.0;0.0;0.0;0.0;0.0;0.0;0.0;0.0;0.0;0.0;0.0;0.0
2023-09-16;Wolves;3;3;0;67;2;Liverpool;1;3;11;16;2;6;0.34;0.66;367;0.8;10;4;1;3;0;0;4;0.0;0.0;0.0;0.0;1.0;1.0;0.0;1.0;0.0;1.0;0.0;4;0.04125;0.1;294;0.0340136054421768;864.7058823529411;0.3636363636363636;11.76470588235294;-5;-0.32;0;-2;6;0.0299727520435967;0.0909090909090909;0.34;4.0;1;0;1;0;0;1;0;1;0.0909090909090909;0.5;0.0027247956403269;11.0;1.0;0.0;1.0;0.0;0.0;0.0;0.0;0.0;1.0;0.0;0.0;1.0;1.0;0.0;0.0;0.0;0.0;0.0;0.0;0.0;0.0;0.0;1.0;0.0;0.0;1.0;0.0;0.0;0.0;0.0;0.0;0.0;0.0;0.0;0.0;0.0;0.0;0.0;0.0;0.0
2023-09-03;Wolves;3;1;0;67;65;Crystal Palace;3;1;12;16;4;11;0.58;0.42;519;0.83;12;12;3;1;0;0;2;0.0;0.0;0.0;0.0;1.0;1.0;0.0;1.0;0.0;1.0;0.0;4;0.02625;0.25;431;0.0278422273781902;743.1034482758621;0.1666666666666666;3.4482758620689657;-4;0.1599999999999999;-2;2;0;0.0231213872832369;0.1666666666666666;0.29;1.0;0;2;2;0;0;1;1;0;0.1666666666666666;0.5;0.0038535645472061;6.0;1.0;0.0;0.0;0.0;0.0;1.0;0.0;0.0;0.0;0.0;0.0;1.0;1.0;0.0;0.0;0.0;0.0;0.0;0.0;0.0;0.0;0.0;1.0;0.0;0.0;1.0;0.0;0.0;1.0;0.0;0.0;0.0;0.0;0.0;0.0;0.0;0.0;0.0;0.0;0.0
2023-08-29;Wolves;14;2;2;67;258;Blackpool;1;1;13;12;9;0;0.73;0.27;852;0.88;7;10;1;1;0;0;3;1.0;0.0;0.0;1.0;0.0;0.0;0.0;1.0;0.0;0.0;0.0;4;0.0225;0.1428571428571428;750;0.0093333333333333;1027.3972602739727;0.2307692307692307;4.109589041095891;1;0.4599999999999999;-1;0;-3;0.0152582159624413;0.3846153846153846;0.146;0.6;2;3;5;1;0;0;0;1;0.3846153846153846;0.5555555555555556;0.0058685446009389;2.6;0.0;1.0;0.0;0.0;0.0;1.0;0.0;0.0;0.0;0.0;0.0;0.0;0.0;0.0;0.0;0.0;1.0;0.0;0.0;0.0;0.0;0.0;1.0;0.0;0.0;0.0;1.0;1.0;1.0;1.0;0.0;0.0;0.0;0.0;0.0;0.0;0.0;0.0;0.0;0.0
2023-08-26;Wolves;3;8;7;67;64;Everton;4;3;11;15;2;7;0.54;0.46;472;0.83;14;10;4;3;0;0;0;0.0;0.0;0.0;0.0;1.0;1.0;0.0;0.0;0.0;1.0;0.0;7;0.0306666666666666;0.2857142857142857;392;0.0357142857142857;725.9259259259259;0.0;0.0;-4;0.08;-7;1;4;0.0233050847457627;0.0909090909090909;0.54;0.0;0;1;1;1;0;0;1;0;0.0909090909090909;0.5;0.0021186440677966;11.0;1.0;0.0;0.0;0.0;0.0;0.0;0.0;0.0;1.0;0.0;0.0;1.0;1.0;0.0;0.0;0.0;0.0;0.0;0.0;1.0;0.0;0.0;1.0;0.0;0.0;1.0;0.0;0.0;1.0;0.0;0.0;0.0;0.0;0.0;0.0;0.0;0.0;0.0;0.0;0.0
2023-08-19;Wolves;3;8;3;67;54;Brighton;4;6;16;16;5;8;0.46;0.54;462;0.84;14;11;3;6;1;0;5;0.0;0.0;0.0;0.0;1.0;1.0;0.0;1.0;0.0;1.0;0.0;3;0.03375;0.2857142857142857;388;0.0360824742268041;843.4782608695651;0.3125;10.869565217391305;0;-0.08;2;-2;3;0.0346320346320346;0.0625;0.46;5.0;0;1;1;0;0;1;0;1;0.0625;0.2;0.0021645021645021;16.0;1.0;0.0;0.0;0.0;0.0;0.0;0.0;0.0;0.0;0.0;0.0;1.0;1.0;0.0;0.0;0.0;0.0;0.0;0.0;0.0;0.0;0.0;1.0;0.0;0.0;1.0;0.0;0.0;1.0;0.0;1.0;0.0;0.0;0.0;0.0;0.0;0.0;0.0;0.0;0.0
2023-08-14;Wolves;3;1;7;67;62;Manchester United;3;2;23;15;6;3;0.49;0.51;439;0.8;10;15;3;2;0;0;7;0.0;0.0;0.0;0.0;1.0;1.0;0.0;1.0;0.0;1.0;0.0;8;0.034;0.3;351;0.0284900284900284;716.3265306122449;0.3043478260869565;14.285714285714286;8;-0.02;-1;1;-5;0.0523917995444191;0.0;0.0;0.0;0;0;0;0;0;1;1;0;0.0;0.0;0.0;0.0;1.0;0.0;0.0;0.0;0.0;1.0;0.0;0.0;0.0;0.0;0.0;1.0;1.0;0.0;0.0;0.0;0.0;0.0;0.0;0.0;0.0;0.0;1.0;0.0;0.0;1.0;0.0;0.0;0.0;0.0;1.0;0.0;0.0;0.0;0.0;0.0;0.0;0.0;0.0;0.0
2023-05-28;Wolves;3;0;0;67;9;Arsenal;0;0;6;14;0;8;0.49;0.51;432;0.87;11;8;0;0;0;0;4;0.0;0.0;0.0;0.0;1.0;1.0;0.0;0.0;0.0;0.0;0.0;8;0.0364285714285714;0.0;376;0.0292553191489361;767.3469387755102;0.6666666666666666;8.16326530612245;-8;-0.02;-4;0;3;0.0138888888888888;0.0;0.0;0.0;0;0;0;0;0;1;1;0;0.0;0.0;0.0;0.0;1.0;0.0;0.0;0.0;0.0;0.0;0.0;0.0;1.0;0.0;0.0;0.0;1.0;0.0;0.0;0.0;0.0;0.0;0.0;1.0;0.0;0.0;1.0;0.0;0.0;0.0;0.0;0.0;0.0;0.0;1.0;1.0;1.0;1.0;0.0;0.0;0.0;0.0;0.0;0.0
2023-05-20;Wolves;3;1;7;67;64;Everton;5;1;13;19;5;4;0.54;0.46;451;0.78;18;10;5;1;0;0;1;1.0;0.0;0.0;1.0;1.0;1.0;0.0;0.0;0.0;0.0;0.0;7;0.0242105263157894;0.2777777777777778;352;0.0511363636363636;651.8518518518518;0.0769230769230769;1.851851851851852;-6;0.08;-6;4;8;0.0288248337028824;0.0769230769230769;0.54;1.0;1;0;1;0;1;0;0;1;0.0769230769230769;0.2;0.0022172949002217;13.0;0.0;0.0;0.0;0.0;0.0;1.0;0.0;0.0;1.0;0.0;0.0;1.0;0.0;0.0;0.0;0.0;0.0;1.0;0.0;0.0;0.0;0.0;0.0;0.0;0.0;0.0;0.0;0.0;0.0;0.0;0.0;1.0;1.0;0.0;1.0;0.0;0.0;0.0;0.0;0.0
2023-05-13;Wolves;3;1;3;67;62;Manchester United;2;3;5;27;0;9;0.52;0.48;469;0.8;9;9;2;3;0;0;7;1.0;0.0;0.0;1.0;1.0;0.0;0.0;0.0;0.0;1.0;0.0;11;0.0177777777777777;0.2222222222222222;375;0.024;721.1538461538461;1.4;13.461538461538462;-22;0.04;-4;-1;0;0.0106609808102345;0.0;0.0;0.0;0;0;0;0;0;1;1;0;0.0;0.0;0.0;0.0;0.0;0.0;0.0;0.0;0.0;0.0;0.0;0.0;0.0;0.0;0.0;1.0;1.0;0.0;0.0;0.0;0.0;0.0;0.0;0.0;0.0;0.0;1.0;0.0;0.0;1.0;0.0;0.0;0.0;0.0;1.0;0.0;0.0;0.0;1.0;1.0;0.0;0.0;0.0;0.0
2023-05-06;Wolves;3;1;1;67;1;Aston Villa;3;3;6;16;2;3;0.38;0.62;264;0.73;20;9;3;3;0;0;5;0.0;0.0;0.0;1.0;1.0;0.0;0.0;0.0;0.0;1.0;0.0;6;0.03875;0.15;193;0.1036269430051813;507.89473684210526;0.8333333333333334;13.157894736842104;-10;-0.24;-1;0;11;0.0227272727272727;0.1666666666666666;0.38;5.0;1;0;1;1;0;0;0;1;0.1666666666666666;0.5;0.0037878787878787;6.0;1.0;0.0;0.0;0.0;0.0;0.0;0.0;0.0;0.0;0.0;0.0;1.0;1.0;0.0;0.0;0.0;0.0;0.0;0.0;0.0;0.0;0.0;1.0;0.0;0.0;1.0;0.0;0.0;0.0;0.0;1.0;0.0;0.0;0.0;1.0;1.0;0.0;0.0;0.0;0.0
2023-04-29;Wolves;3;1;3;67;54;Brighton;1;1;10;22;2;8;0.42;0.58;381;0.81;11;14;1;1;0;0;5;0.0;0.0;0.0;0.0;1.0;1.0;0.0;0.0;0.0;0.0;0.0;2;0.0263636363636363;0.0909090909090909;309;0.0355987055016181;735.7142857142858;0.5;11.904761904761903;-12;-0.1599999999999999;3;0;-3;0.0262467191601049;0.0;0.0;0.0;0;0;0;0;0;1;1;0;0.0;0.0;0.0;0.0;1.0;0.0;0.0;0.0;0.0;0.0;0.0;0.0;0.0;0.0;0.0;1.0;1.0;0.0;0.0;0.0;0.0;0.0;0.0;1.0;0.0;0.0;1.0;0.0;0.0;1.0;0.0;0.0;0.0;0.0;1.0;0.0;0.0;0.0;1.0;1.0;0.0;0.0;0.0;0.0
2023-04-25;Wolves;3;1;0;67;65;Crystal Palace;5;4;9;14;3;4;0.41;0.59;320;0.73;13;14;5;4;0;0;6;0.0;0.0;0.0;0.0;1.0;0.0;0.0;0.0;0.0;1.0;0.0;11;0.0421428571428571;0.3846153846153846;234;0.0555555555555555;570.7317073170732;0.6666666666666666;14.634146341463415;-5;-0.18;-5;1;-1;0.028125;0.2222222222222222;0.205;3.0;1;1;2;1;0;0;0;1;0.2222222222222222;0.6666666666666666;0.00625;4.5;1.0;0.0;0.0;0.0;0.0;0.0;0.0;0.0;1.0;0.0;0.0;1.0;1.0;0.0;0.0;0.0;0.0;0.0;0.0;1.0;0.0;0.0;1.0;0.0;0.0;0.0;0.0;0.0;0.0;0.0;1.0;0.0;0.0;0.0;1.0;1.0;0.0;0.0;0.0;0.0
2023-04-22;Wolves;3;1;3;67;63;Leicester City;3;1;16;15;3;8;0.59;0.41;497;0.81;16;17;3;1;0;0;7;0.0;0.0;0.0;1.0;1.0;1.0;0.0;0.0;0.0;1.0;0.0;1;0.0273333333333333;0.1875;403;0.0397022332506203;683.0508474576271;0.4375;11.864406779661016;1;0.18;6;2;-1;0.0321931589537223;0.0625;0.59;7.0;1;0;1;0;0;1;1;0;0.0625;0.3333333333333333;0.0020120724346076;16.0;1.0;0.0;0.0;0.0;0.0;1.0;0.0;0.0;0.0;0.0;0.0;1.0;1.0;0.0;0.0;0.0;0.0;0.0;0.0;0.0;0.0;0.0;1.0;0.0;0.0;0.0;0.0;0.0;0.0;0.0;1.0;0.0;0.0;0.0;0.0;1.0;0.0;0.0;0.0;0.0
2023-04-15;Wolves;3;1;0;67;57;Brentford;1;1;11;10;9;3;0.51;0.49;453;0.79;12;8;1;1;0;0;5;0.0;0.0;0.0;1.0;1.0;1.0;0.0;0.0;0.0;1.0;0.0;2;0.049;0.0833333333333333;358;0.0335195530726257;701.9607843137255;0.4545454545454545;9.803921568627452;1;0.02;3;0;4;0.0242825607064017;0.1818181818181818;0.255;2.5;1;1;2;1;0;0;0;1;0.1818181818181818;0.2222222222222222;0.0044150110375275;5.5;1.0;0.0;0.0;0.0;0.0;1.0;0.0;0.0;0.0;0.0;0.0;1.0;1.0;0.0;0.0;0.0;0.0;0.0;0.0;0.0;0.0;0.0;1.0;0.0;0.0;0.0;0.0;0.0;0.0;0.0;1.0;0.0;0.0;0.0;0.0;1.0;0.0;0.0;0.0;0.0
2023-04-08;Wolves;3;1;0;67;53;Chelsea;2;5;9;13;4;1;0.37;0.63;314;0.74;14;10;2;5;0;0;8;0.0;0.0;0.0;1.0;1.0;1.0;0.0;0.0;0.0;1.0;0.0;8;0.0484615384615384;0.1428571428571428;232;0.0603448275862069;627.0270270270271;0.8888888888888888;21.62162162162162;-4;-0.26;0;-3;4;0.0286624203821656;0.1111111111111111;0.37;8.0;1;0;1;1;0;0;0;1;0.1111111111111111;0.25;0.0031847133757961;9.0;1.0;0.0;0.0;0.0;0.0;0.0;0.0;0.0;0.0;0.0;0.0;1.0;1.0;0.0;0.0;0.0;0.0;1.0;0.0;0.0;0.0;0.0;1.0;0.0;0.0;0.0;0.0;0.0;0.0;0.0;1.0;0.0;0.0;0.0;0.0;1.0;0.0;0.0;0.0;0.0
2023-04-01;Wolves;3;3;20;67;55;Nottingham Forest;5;3;8;17;1;7;0.73;0.27;636;0.85;13;14;5;3;0;0;3;0.0;0.0;0.0;1.0;1.0;0.0;0.0;0.0;0.0;1.0;0.0;4;0.0158823529411764;0.3846153846153846;541;0.0240295748613678;741.0958904109589;0.375;4.109589041095891;-9;0.4599999999999999;-1;2;-1;0.0125786163522012;0.125;0.73;3.0;0;1;1;0;1;0;1;0;0.125;1.0;0.0015723270440251;8.0;1.0;0.0;0.0;0.0;0.0;0.0;0.0;0.0;0.0;0.0;0.0;1.0;1.0;0.0;0.0;0.0;0.0;0.0;0.0;0.0;0.0;0.0;1.0;0.0;0.0;0.0;0.0;0.0;0.0;0.0;1.0;0.0;1.0;0.0;1.0;0.0;1.0;0.0;0.0;0.0
2023-03-18;Wolves;3;0;3;67;817;Leeds;5;5;23;11;8;4;0.66;0.34;580;0.83;15;9;3;5;2;0;5;0.0;0.0;0.0;0.0;1.0;1.0;0.0;0.0;0.0;0.0;0.0;4;0.0309090909090909;0.3333333333333333;481;0.0311850311850311;728.7878787878788;0.217391304347826;7.575757575757575;12;0.32;1;0;6;0.0396551724137931;0.0869565217391304;0.33;2.5;0;2;2;0;0;1;0;1;0.0869565217391304;0.25;0.0034482758620689;11.5;1.0;0.0;0.0;0.0;0.0;0.0;0.0;0.0;0.0;0.0;0.0;1.0;1.0;0.0;0.0;0.0;0.0;1.0;0.0;0.0;0.0;0.0;1.0;0.0;0.0;1.0;0.0;1.0;0.0;0.0;0.0;0.0;0.0;1.0;1.0;0.0;0.0;0.0;0.0;0.0
2023-03-12;Wolves;3;3;0;67;60;Newcastle;2;1;7;19;4;8;0.58;0.42;425;0.81;10;11;2;1;0;0;3;0.0;0.0;0.0;0.0;1.0;0.0;0.0;0.0;0.0;0.0;0.0;10;0.0221052631578947;0.2;344;0.0290697674418604;593.1034482758621;0.4285714285714285;5.172413793103448;-12;0.1599999999999999;-7;1;-1;0.0164705882352941;0.1428571428571428;0.58;3.0;0;1;1;0;0;1;1;0;0.1428571428571428;0.25;0.0023529411764705;7.0;1.0;0.0;0.0;0.0;0.0;0.0;0.0;0.0;0.0;0.0;0.0;1.0;1.0;0.0;0.0;0.0;0.0;1.0;0.0;0.0;0.0;0.0;1.0;0.0;0.0;0.0;0.0;1.0;0.0;0.0;0.0;0.0;1.0;1.0;1.0;0.0;1.0;0.0;0.0;0.0
2023-03-04;Wolves;3;3;17;67;56;Tottenham;1;1;8;21;5;6;0.46;0.54;421;0.81;11;18;1;1;0;0;4;0.0;0.0;0.0;0.0;1.0;0.0;0.0;0.0;0.0;0.0;0.0;8;0.0257142857142857;0.0909090909090909;341;0.032258064516129;741.3043478260869;0.5;8.695652173913043;-13;-0.08;-4;0;-7;0.0190023752969121;0.125;0.46;4.0;0;1;1;1;0;0;0;1;0.125;0.2;0.002375296912114;8.0;1.0;0.0;0.0;0.0;0.0;1.0;0.0;0.0;0.0;0.0;0.0;1.0;1.0;0.0;0.0;0.0;0.0;0.0;0.0;0.0;0.0;0.0;1.0;0.0;0.0;1.0;0.0;1.0;0.0;0.0;1.0;0.0;0.0;0.0;1.0;1.0;0.0;0.0;0.0;0.0
2023-02-24;Wolves;3;1;3;67;58;Fulham;0;2;8;10;2;5;0.49;0.51;442;0.76;17;12;0;2;0;0;3;0.0;0.0;0.0;0.0;1.0;0.0;0.0;0.0;0.0;1.0;0.0;3;0.051;0.0;336;0.050595238095238;685.7142857142858;0.375;6.122448979591836;-2;-0.02;0;-2;5;0.0180995475113122;0.125;0.49;3.0;1;0;1;0;1;0;1;0;0.125;0.5;0.002262443438914;8.0;1.0;0.0;0.0;0.0;0.0;1.0;0.0;0.0;0.0;0.0;0.0;1.0;1.0;0.0;0.0;0.0;0.0;0.0;0.0;1.0;0.0;0.0;1.0;0.0;0.0;0.0;0.0;0.0;0.0;0.0;1.0;0.0;0.0;1.0;1.0;0.0;0.0;0.0;0.0;0.0
2023-02-18;Wolves;3;3;3;67;59;Bournemouth;3;3;15;5;4;1;0.69;0.31;616;0.84;12;10;3;3;0;0;12;0.0;0.0;0.0;0.0;1.0;0.0;0.0;0.0;0.0;1.0;0.0;2;0.062;0.25;517;0.02321083172147;749.2753623188406;0.8;17.39130434782609;10;0.3799999999999999;10;0;2;0.0243506493506493;0.0;0.0;0.0;0;0;0;0;0;1;0;1;0.0;0.0;0.0;0.0;1.0;0.0;0.0;0.0;0.0;1.0;0.0;0.0;0.0;0.0;0.0;1.0;0.0;0.0;0.0;0.0;0.0;0.0;0.0;1.0;0.0;0.0;1.0;0.0;0.0;0.0;0.0;0.0;0.0;0.0;1.0;0.0;1.0;0.0;1.0;0.0;1.0;0.0;0.0;0.0
2023-02-11;Wolves;3;3;4;67;68;Southampton;4;2;11;17;2;2;0.6;0.4;492;0.8;14;12;3;2;1;0;2;0.0;0.0;0.0;0.0;1.0;0.0;0.0;1.0;0.0;1.0;0.0;5;0.0235294117647058;0.2857142857142857;394;0.0355329949238578;656.6666666666667;0.1818181818181818;3.333333333333333;-6;0.1999999999999999;-3;2;2;0.0223577235772357;0.1818181818181818;0.3;1.0;0;2;2;1;0;0;1;0;0.1818181818181818;1.0;0.0040650406504065;5.5;1.0;0.0;0.0;0.0;0.0;1.0;0.0;0.0;0.0;0.0;0.0;1.0;1.0;0.0;0.0;0.0;0.0;0.0;0.0;0.0;0.0;0.0;1.0;0.0;0.0;0.0;0.0;0.0;0.0;0.0;1.0;0.0;0.0;0.0;1.0;0.0;1.0;0.0;0.0;0.0
2023-02-04;Wolves;3;1;0;67;2;Liverpool;1;1;12;22;6;4;0.41;0.59;407;0.74;9;7;1;1;0;0;2;0.0;0.0;0.0;0.0;1.0;0.0;0.0;1.0;0.0;1.0;0.0;7;0.0268181818181818;0.1111111111111111;301;0.0299003322259136;734.1463414634147;0.1666666666666666;4.878048780487805;-10;-0.18;-5;0;2;0.0294840294840294;0.25;0.1366666666666666;0.6666666666666666;2;1;3;1;0;0;0;1;0.25;0.5;0.0073710073710073;4.0;1.0;0.0;0.0;0.0;0.0;1.0;0.0;0.0;1.0;0.0;0.0;1.0;1.0;0.0;0.0;0.0;0.0;0.0;0.0;0.0;0.0;0.0;1.0;0.0;0.0;0.0;0.0;0.0;0.0;0.0;1.0;0.0;0.0;0.0;1.0;0.0;0.0;0.0;0.0;0.0
2023-01-22;Wolves;3;0;31;67;3;Manchester City;2;1;10;13;1;7;0.44;0.56;478;0.85;10;10;2;1;0;0;7;0.0;0.0;0.0;0.0;1.0;0.0;0.0;0.0;0.0;0.0;0.0;5;0.043076923076923;0.2;406;0.0246305418719211;922.7272727272727;0.7;15.909090909090908;-3;-0.12;2;1;0;0.0209205020920502;0.0;0.0;0.0;0;0;0;0;0;1;1;0;0.0;0.0;0.0;0.0;1.0;0.0;0.0;0.0;0.0;0.0;0.0;0.0;1.0;0.0;0.0;0.0;1.0;0.0;0.0;0.0;0.0;0.0;0.0;1.0;0.0;0.0;1.0;0.0;0.0;0.0;0.0;0.0;0.0;0.0;1.0;1.0;1.0;1.0;1.0;0.0;0.0;0.0;0.0;0.0
2023-01-14;Wolves;3;3;0;67;61;West Ham;0;2;17;16;4;4;0.59;0.41;548;0.83;10;7;0;2;0;0;4;0.0;0.0;0.0;0.0;1.0;0.0;0.0;0.0;0.0;1.0;0.0;3;0.025625;0.0;455;0.0219780219780219;771.1864406779662;0.2352941176470588;6.779661016949153;1;0.18;1;-2;3;0.0310218978102189;0.0588235294117647;0.59;4.0;0;1;1;1;0;0;0;1;0.0588235294117647;0.25;0.0018248175182481;17.0;1.0;0.0;0.0;0.0;0.0;0.0;0.0;0.0;1.0;0.0;0.0;0.0;0.0;0.0;0.0;0.0;0.0;1.0;0.0;1.0;0.0;0.0;1.0;0.0;0.0;0.0;0.0;0.0;0.0;0.0;1.0;1.0;0.0;0.0;1.0;0.0;1.0;0.0;0.0;0.0
2023-01-11;Wolves;14;6;28;67;55;Nottingham Forest;4;2;10;7;5;2;0.66;0.34;602;0.84;11;15;4;2;0;0;4;0.0;0.0;0.0;1.0;1.0;0.0;0.0;1.0;0.0;0.0;0.0;6;0.0485714285714285;0.3636363636363636;506;0.0217391304347826;766.6666666666666;0.4;6.0606060606060606;3;0.32;-2;2;-4;0.0166112956810631;0.1;0.66;4.0;0;1;1;0;1;0;1;0;0.1;0.2;0.0016611295681063;10.0;1.0;0.0;0.0;0.0;0.0;0.0;1.0;0.0;1.0;0.0;0.0;0.0;0.0;0.0;0.0;0.0;0.0;0.0;0.0;0.0;0.0;0.0;1.0;0.0;0.0;0.0;0.0;1.0;0.0;0.0;1.0;0.0;0.0;1.0;0.0;0.0;1.0;0.0;0.0;0.0
2023-01-07;Wolves;15;1;0;67;2;Liverpool;1;0;11;10;5;3;0.35;0.65;334;0.76;6;9;1;0;0;0;3;0.0;0.0;0.0;1.0;0.0;0.0;0.0;1.0;0.0;0.0;0.0;4;0.065;0.1666666666666666;254;0.0236220472440944;725.7142857142858;0.2727272727272727;8.571428571428571;1;-0.3;-1;1;-3;0.0329341317365269;0.1818181818181818;0.175;1.5;1;1;2;0;1;0;1;0;0.1818181818181818;0.4;0.0059880239520958;5.5;0.0;0.0;0.0;0.0;0.0;0.0;1.0;0.0;0.0;0.0;0.0;0.0;0.0;0.0;0.0;0.0;0.0;0.0;0.0;0.0;0.0;0.0;0.0;0.0;0.0;0.0;0.0;1.0;0.0;1.0;0.0;1.0;1.0;1.0;1.0;0.0;0.0;1.0;1.0;0.0
2023-01-04;Wolves;3;3;1;67;1;Aston Villa;3;1;10;13;3;4;0.44;0.56;383;0.83;12;6;3;1;0;0;8;0.0;0.0;0.0;0.0;1.0;0.0;0.0;0.0;0.0;0.0;0.0;7;0.043076923076923;0.25;318;0.0377358490566037;722.7272727272727;0.8;18.181818181818183;-3;-0.12;1;2;6;0.0261096605744125;0.1;0.44;8.0;1;0;1;0;1;0;1;0;0.1;0.3333333333333333;0.0026109660574412;10.0;1.0;0.0;0.0;0.0;0.0;0.0;0.0;0.0;1.0;0.0;0.0;0.0;0.0;0.0;0.0;0.0;0.0;1.0;0.0;1.0;0.0;0.0;1.0;0.0;0.0;0.0;0.0;0.0;0.0;0.0;1.0;1.0;0.0;0.0;1.0;1.0;1.0;0.0;0.0;0.0
2022-12-31;Wolves;3;3;3;67;62;Manchester United;1;3;10;16;3;6;0.45;0.55;394;0.76;11;11;1;3;0;0;7;0.0;0.0;0.0;0.0;1.0;0.0;0.0;0.0;0.0;0.0;0.0;5;0.034375;0.0909090909090909;299;0.0367892976588628;664.4444444444445;0.7;15.555555555555555;-6;-0.1;2;-2;0;0.0253807106598984;0.0;0.0;0.0;0;0;0;0;0;1;0;1;0.0;0.0;0.0;0.0;1.0;0.0;0.0;0.0;0.0;0.0;0.0;0.0;1.0;0.0;0.0;0.0;0.0;0.0;0.0;0.0;0.0;1.0;0.0;1.0;0.0;0.0;1.0;0.0;0.0;0.0;0.0;0.0;0.0;0.0;1.0;1.0;0.0;0.0;1.0;1.0;1.0;0.0;0.0;0.0
2022-12-26;Wolves;3;0;0;67;64;Everton;6;1;7;12;4;6;0.41;0.59;363;0.75;22;9;6;1;0;0;2;0.0;0.0;0.0;0.0;1.0;0.0;0.0;0.0;0.0;0.0;0.0;2;0.0491666666666666;0.2727272727272727;272;0.0808823529411764;663.4146341463415;0.2857142857142857;4.878048780487805;-5;-0.18;0;5;13;0.0192837465564738;0.2857142857142857;0.205;1.0;1;1;2;1;0;0;1;0;0.2857142857142857;0.5;0.0055096418732782;3.5;1.0;0.0;0.0;0.0;0.0;0.0;0.0;0.0;1.0;0.0;0.0;0.0;0.0;0.0;0.0;0.0;0.0;1.0;0.0;1.0;0.0;0.0;1.0;0.0;0.0;0.0;0.0;0.0;0.0;1.0;0.0;1.0;0.0;0.0;1.0;1.0;1.0;0.0;0.0;0.0
2022-12-20;Wolves;14;0;9;67;-1;Gillingham;0;0;25;5;6;1;0.8;0.2;734;0.9;10;7;0;0;0;0;8;0.0;0.0;0.0;0.0;1.0;0.0;0.0;0.0;0.0;0.0;0.0;2;0.04;0.0;661;0.0151285930408472;826.25;0.32;10.0;20;0.6000000000000001;6;0;3;0.0340599455040872;0.08;0.4;4.0;0;2;2;1;0;0;0;1;0.08;0.3333333333333333;0.0027247956403269;12.5;1.0;0.0;0.0;0.0;0.0;0.0;1.0;0.0;0.0;0.0;0.0;0.0;0.0;0.0;0.0;0.0;0.0;1.0;0.0;1.0;0.0;0.0;1.0;0.0;0.0;0.0;0.0;0.0;0.0;1.0;0.0;1.0;0.0;0.0;1.0;1.0;1.0;0.0;0.0;0.0
2022-11-12;Wolves;3;4;0;67;9;Arsenal;3;2;11;14;2;4;0.37;0.63;348;0.79;5;6;3;2;0;0;6;0.0;0.0;0.0;1.0;1.0;0.0;0.0;0.0;0.0;0.0;0.0;4;0.045;0.6;275;0.0181818181818181;743.2432432432432;0.5454545454545454;16.216216216216218;-3;-0.26;2;1;-1;0.0316091954022988;0.0;0.0;0.0;0;0;0;0;0;1;0;1;0.0;0.0;0.0;0.0;1.0;0.0;0.0;0.0;0.0;0.0;1.0;0.0;0.0;0.0;0.0;0.0;0.0;0.0;0.0;0.0;1.0;0.0;0.0;1.0;0.0;0.0;1.0;0.0;0.0;0.0;0.0;0.0;0.0;0.0;0.0;1.0;1.0;0.0;1.0;0.0;1.0;0.0;0.0;0.0
2022-11-09;Wolves;14;3;3;67;817;Leeds;0;0;12;10;5;7;0.48;0.52;359;0.74;9;9;0;0;0;0;7;0.0;0.0;0.0;0.0;0.0;0.0;0.0;1.0;0.0;0.0;0.0;8;0.052;0.0;266;0.0338345864661654;554.1666666666667;0.5833333333333334;14.583333333333334;2;-0.04;-1;0;0;0.0334261838440111;0.0833333333333333;0.48;7.0;0;1;1;1;0;0;0;1;0.0833333333333333;0.2;0.0027855153203342;12.0;0.0;0.0;0.0;0.0;0.0;0.0;1.0;0.0;1.0;0.0;0.0;0.0;0.0;0.0;0.0;0.0;0.0;0.0;0.0;0.0;0.0;0.0;1.0;0.0;0.0;0.0;0.0;1.0;0.0;1.0;0.0;1.0;1.0;0.0;1.0;0.0;0.0;1.0;0.0;1.0
2022-11-05;Wolves;3;0;3;67;54;Brighton;3;0;8;19;5;8;0.28;0.72;256;0.75;15;11;2;0;1;0;4;0.0;0.0;0.0;0.0;1.0;0.0;0.0;0.0;0.0;0.0;0.0;9;0.0378947368421052;0.2;192;0.078125;685.7142857142857;0.5;14.285714285714285;-11;-0.4399999999999999;-5;3;4;0.03125;0.25;0.14;2.0;2;0;2;0;0;1;0;1;0.25;0.4;0.0078125;4.0;1.0;0.0;0.0;0.0;0.0;0.0;1.0;0.0;1.0;0.0;0.0;0.0;0.0;0.0;0.0;0.0;1.0;1.0;0.0;1.0;0.0;0.0;1.0;0.0;0.0;0.0;0.0;0.0;0.0;0.0;0.0;1.0;0.0;0.0;1.0;0.0;1.0;0.0;0.0;0.0
